desc: I1 cache:         16384 B, 64 B, 4-way associative
desc: D1 cache:         16384 B, 64 B, 4-way associative
desc: LL cache:         262144 B, 64 B, 8-way associative
cmd: python3 rrt_star_3d.py
events: Ir I1mr ILmr Dr D1mr DLmr Dw D1mw DLmw 
fl=/build/glibc-FcXrgv/glibc-2.31/csu/../csu/libc-start.c
fn=(below main)
137 12 1 1 0 0 0 12 0 0
141 5 0 0 1 0 0 1 0 0
237 1 0 0 0 0 0 0 0 0
238 3 1 1 0 0 0 0 0 0
260 5 0 0 2 0 0 0 0 0
263 1 0 0 0 0 0 0 0 0
264 6 0 0 4 0 0 0 0 0
268 4 1 1 2 0 0 0 0 0
283 1 0 0 0 0 0 0 0 0
295 2 0 0 0 0 0 0 0 0
296 1 0 0 0 0 0 0 0 0
298 1 0 0 0 0 0 0 0 0
301 2 0 0 1 1 0 0 0 0
302 2 0 0 1 1 0 2 0 0
305 2 0 0 0 0 0 1 0 0
308 7 1 1 5 0 0 0 0 0
342 1 1 1 0 0 0 0 0 0
fl=/build/glibc-FcXrgv/glibc-2.31/csu/../sysdeps/aarch64/crti.S
fn=call_weak_fn
63 3 3 3 0 0 0 0 0 0
64 3 0 0 3 3 0 0 0 0
65 3 0 0 0 0 0 0 0 0
68 3 2 2 0 0 0 0 0 0
fl=/build/glibc-FcXrgv/glibc-2.31/csu/errno-loc.c
fn=__errno_location
26 801 153 39 267 17 0 0 0 0
27 534 0 0 0 0 0 0 0 0
fl=/build/glibc-FcXrgv/glibc-2.31/csu/init-first.c
fn=_init
52 5 1 1 0 0 0 4 0 0
55 5 1 1 1 1 0 1 1 0
62 8 1 1 4 2 0 0 0 0
67 2 0 0 0 0 0 1 1 1
68 2 0 0 0 0 0 1 0 0
69 3 0 0 1 1 0 1 1 0
77 3 0 0 0 0 0 0 0 0
80 1 0 0 0 0 0 0 0 0
85 2 0 0 4 0 0 0 0 0
fl=/build/glibc-FcXrgv/glibc-2.31/ctype/ctype-info.c
fn=__ctype_init
31 9 2 2 4 2 0 1 0 0
33 5 0 0 3 2 0 1 0 0
35 5 0 0 2 1 0 1 0 0
36 1 0 0 0 0 0 0 0 0
fl=/build/glibc-FcXrgv/glibc-2.31/debug/fprintf_chk.c
fn=__fprintf_chk
25 20 1 1 2 0 0 17 0 0
28 2 0 0 0 0 0 0 0 0
32 7 1 1 0 0 0 5 0 0
33 7 1 1 4 0 0 4 0 0
37 8 1 1 5 0 0 0 0 0
fl=/build/glibc-FcXrgv/glibc-2.31/debug/realpath_chk.c
fn=__realpath_chk
28 2 1 1 0 0 0 0 0 0
31 1 0 0 0 0 0 0 0 0
fl=/build/glibc-FcXrgv/glibc-2.31/debug/vsnprintf_chk.c
fn=__vsnprintf_chk
26 4 1 1 0 0 0 4 0 0
27 4 0 0 0 0 0 0 0 0
32 8 0 0 0 0 0 0 0 0
34 14 1 1 8 1 0 8 0 0
35 4 0 0 4 0 0 0 0 0
fl=/build/glibc-FcXrgv/glibc-2.31/debug/wcsncpy_chk.c
fn=__wcsncpy_chk
26 8 1 1 0 0 0 0 0 0
31 4 0 0 0 0 0 0 0 0
fl=/build/glibc-FcXrgv/glibc-2.31/dirent/../sysdeps/posix/closedir.c
fn=closedir
31 21 0 0 0 0 0 21 0 0
34 7 7 4 0 0 0 0 0 0
44 7 0 0 7 0 0 0 0 0
50 7 0 0 0 0 0 0 0 0
52 14 0 0 0 0 0 0 0 0
53 14 0 0 21 0 0 0 0 0
fl=/build/glibc-FcXrgv/glibc-2.31/dirent/../sysdeps/posix/opendir.c
fn=__alloc_dir
98 42 14 8 0 0 0 42 2 0
101 14 0 0 0 0 0 0 0 0
109 7 0 0 0 0 0 0 0 0
113 14 0 0 0 0 0 0 0 0
114 56 7 4 7 0 0 0 0 0
118 14 0 0 0 0 0 0 0 0
119 7 0 0 0 0 0 0 0 0
139 7 0 0 0 0 0 14 2 2
142 7 0 0 0 0 0 14 0 0
144 7 0 0 0 0 0 14 0 0
145 7 0 0 0 0 0 7 0 0
148 35 0 0 42 0 0 0 0 0
fn=opendir
39 14 7 4 7 0 0 0 0 0
88 14 0 0 0 0 0 14 0 0
92 28 0 0 0 0 0 0 0 0
93 7 0 0 14 0 0 0 0 0
fn=opendir_tail
51 63 7 4 14 0 0 35 0 0
52 7 0 0 0 0 0 0 0 0
59 49 7 4 0 0 0 7 0 0
61 28 0 0 7 0 0 0 0 0
69 42 0 0 7 0 0 0 0 0
70 63 7 5 49 0 0 0 0 0
fl=/build/glibc-FcXrgv/glibc-2.31/dirent/../sysdeps/posix/readdir.c
fn=readdir
39 3052 7 3 0 0 0 3924 0 0
41 1744 7 3 872 0 0 0 0 0
44 2616 0 0 0 0 0 0 0 0
51 1744 8 4 436 0 0 0 0 0
65 1364 0 0 464 0 0 0 0 0
66 28 0 0 0 0 0 0 0 0
71 7 0 0 0 0 0 0 0 0
76 7 0 0 0 0 0 7 0 0
77 7 0 0 0 0 0 0 0 0
80 35 7 4 0 0 0 7 0 0
86 429 0 0 0 0 0 0 0 0
89 429 0 0 429 86 79 0 0 0
102 429 0 0 0 0 0 0 0 0
105 858 0 0 429 0 0 858 0 0
111 858 0 0 429 17 13 0 0 0
114 2180 0 0 0 0 0 0 0 0
118 3052 7 6 3924 0 0 0 0 0
fl=/build/glibc-FcXrgv/glibc-2.31/dirent/../sysdeps/unix/sysv/linux/getdents64.c
fn=__getdents
32 112 7 4 0 0 0 0 0 0
33 14 0 0 0 0 0 0 0 0
fl=/build/glibc-FcXrgv/glibc-2.31/dlfcn/dlerror.c
fn=check_free
194 9 1 1 2 1 1 5 0 0
195 2 0 0 1 1 1 0 0 0
213 9 1 1 7 0 0 0 0 0
fn=fini
220 4 1 1 0 0 0 0 0 0
fl=/build/glibc-FcXrgv/glibc-2.31/dlfcn/dlfcn.c
fn=init
29 2 1 1 0 0 0 1 1 0
30 2 0 0 0 0 0 1 0 0
31 1 1 1 0 0 0 0 0 0
fl=/build/glibc-FcXrgv/glibc-2.31/elf/../elf/dl-sysdep.c
fn=_dl_sysdep_start
89 8 2 2 0 0 0 11 2 2
90 2 0 0 1 0 0 0 0 0
91 1 0 0 0 0 0 0 0 0
113 2 0 0 0 0 0 1 0 0
114 44 1 1 15 2 2 4 4 4
117 3 0 0 0 0 0 1 0 0
118 1 0 0 0 0 0 1 1 1
120 86 3 3 28 6 6 7 0 0
121 192 3 3 0 0 0 0 0 0
124 1 0 0 1 0 0 0 0 0
125 1 0 0 0 0 0 0 0 0
127 1 0 0 1 0 0 0 0 0
128 1 0 0 0 0 0 0 0 0
130 1 0 0 1 0 0 0 0 0
131 2 0 0 0 0 0 0 0 0
133 1 0 0 1 0 0 0 0 0
134 2 0 0 0 0 0 0 0 0
154 1 0 0 1 0 0 0 0 0
155 2 0 0 0 0 0 0 0 0
157 1 0 0 1 0 0 0 0 0
158 2 0 0 0 0 0 0 0 0
160 1 0 0 1 0 0 0 0 0
161 1 0 0 0 0 0 0 0 0
166 1 1 1 1 0 0 0 0 0
167 2 0 0 0 0 0 0 0 0
182 1 0 0 1 0 0 0 0 0
183 2 0 0 0 0 0 0 0 0
223 1 1 1 0 0 0 0 0 0
234 3 1 1 1 0 0 0 0 0
235 2 0 0 0 0 0 1 0 0
237 6 0 0 0 0 0 0 0 0
249 3 0 0 1 0 0 0 0 0
252 6 1 1 1 0 0 0 0 0
254 8 1 1 12 3 0 0 0 0
fn=_dl_sysdep_start_cleanup
259 1 1 1 0 0 0 0 0 0
fl=/build/glibc-FcXrgv/glibc-2.31/elf/../include/scratch_buffer.h
fn=_dl_map_object_deps
77 3 0 0 0 0 0 1 0 0
78 2 0 0 0 0 0 2 1 1
85 5 0 0 2 0 0 0 0 0
131 32 0 0 8 0 0 0 0 0
fl=/build/glibc-FcXrgv/glibc-2.31/elf/../misc/sbrk.c
fn=sbrk
32 5 1 1 0 0 0 5 0 0
40 6 0 0 2 1 1 0 0 0
44 2 0 0 0 0 0 0 0 0
60 5 1 1 5 0 0 0 0 0
fl=/build/glibc-FcXrgv/glibc-2.31/elf/../sysdeps/aarch64/dl-irel.h
fn=_dl_fixup
37 10 0 0 0 0 0 5 0 0
38 116 3 3 5 2 1 0 0 0
39 10 0 0 5 4 2 10 0 0
40 25 0 0 0 0 0 0 0 0
fn=_dl_relocate_object
37 4 0 0 0 0 0 2 0 0
38 6 1 1 2 0 0 0 0 0
39 4 0 0 2 1 0 4 0 0
40 8 0 0 2 0 0 0 0 0
fn=_dl_start
38 3 1 1 0 0 0 0 0 0
fl=/build/glibc-FcXrgv/glibc-2.31/elf/../sysdeps/aarch64/dl-machine.h
fn=_dl_fixup
223 106 39 16 0 0 0 106 5 0
fn=_dl_relocate_object
70 50 0 0 10 0 0 0 0 0
76 18 0 0 18 8 0 0 0 0
77 18 0 0 9 9 9 0 0 0
81 9 0 0 0 0 0 9 0 0
89 18 0 0 9 0 0 0 0 0
104 27 1 1 9 9 0 9 0 0
250 160 0 0 0 0 0 0 0 0
252 320 0 0 0 0 0 0 0 0
254 160 0 0 0 0 0 0 0 0
259 5827 6 6 1312 157 102 859 9 0
260 1242 5 5 534 0 0 0 0 0
263 411 1 1 0 0 0 0 0 0
268 1252 4 4 0 0 0 0 0 0
271 5 0 0 5 0 0 0 0 0
274 20 0 0 10 1 0 0 0 0
275 30 0 0 5 0 0 0 0 0
284 30 1 1 5 0 0 0 0 0
287 5 0 0 0 0 0 0 0 0
296 408 1 1 136 17 15 136 22 4
297 136 0 0 0 0 0 0 0 0
307 80 1 1 0 0 0 30 0 0
320 92 1 1 0 0 0 18 2 0
328 27 0 0 0 0 0 0 0 0
351 38 0 0 19 0 0 0 0 0
353 76 0 0 19 2 0 0 0 0
354 38 0 0 0 0 0 19 3 1
355 76 0 0 38 2 2 0 0 0
367 14 1 1 0 0 0 0 0 0
380 6596 0 0 3298 625 619 1649 307 292
390 711 0 0 0 0 0 0 0 0
391 711 0 0 1422 266 266 0 0 0
393 1422 1 1 0 0 0 0 0 0
395 1418 0 0 709 2 0 0 0 0
398 2127 2 2 709 87 86 709 0 0
399 709 0 0 0 0 0 0 0 0
427 4 0 0 0 0 0 0 0 0
445 4 1 1 0 0 0 0 0 0
447 6 1 1 4 0 0 0 0 0
448 4 0 0 2 0 0 0 0 0
450 4 0 0 0 0 0 2 0 0
fn=_dl_start
46 1 0 0 0 0 0 0 0 0
61 4 1 1 1 1 1 0 0 0
250 12 0 0 0 0 0 0 0 0
252 24 0 0 0 0 0 0 0 0
254 12 0 0 0 0 0 0 0 0
260 120 1 1 48 10 10 0 0 0
263 24 0 0 0 0 0 0 0 0
268 84 0 0 0 0 0 0 0 0
296 36 1 1 12 1 1 12 1 1
297 12 0 0 0 0 0 0 0 0
328 6 0 0 0 0 0 5 0 0
380 208 1 1 104 20 20 52 26 26
fn=_dl_sysdep_start
204 5 0 0 2 1 1 0 0 0
fl=/build/glibc-FcXrgv/glibc-2.31/elf/../sysdeps/aarch64/dl-trampoline.S
fn=_dl_runtime_resolve
48 106 37 21 0 0 0 212 9 4
53 106 0 0 0 0 0 212 1 1
57 106 0 0 0 0 0 212 6 3
61 106 0 0 0 0 0 212 0 0
65 106 0 0 0 0 0 212 1 0
69 106 0 0 0 0 0 212 7 5
73 106 0 0 0 0 0 212 1 0
77 106 0 0 0 0 0 212 2 1
81 106 31 16 0 0 0 212 0 0
86 106 0 0 106 0 0 0 0 0
89 106 0 0 106 0 0 0 0 0
91 106 0 0 0 0 0 0 0 0
92 106 0 0 0 0 0 0 0 0
93 106 0 0 0 0 0 0 0 0
94 106 0 0 0 0 0 0 0 0
95 106 0 0 0 0 0 0 0 0
98 106 0 0 0 0 0 0 0 0
101 106 0 0 0 0 0 0 0 0
104 106 0 0 212 0 0 0 0 0
105 106 0 0 212 0 0 0 0 0
106 106 0 0 212 0 0 0 0 0
107 106 0 0 212 0 0 0 0 0
108 106 0 0 212 0 0 0 0 0
109 106 0 0 212 0 0 0 0 0
110 106 32 11 212 1 0 0 0 0
111 106 0 0 212 0 0 0 0 0
112 106 0 0 212 0 0 0 0 0
115 106 0 0 212 1 0 0 0 0
119 106 0 0 0 0 0 0 0 0
fl=/build/glibc-FcXrgv/glibc-2.31/elf/../sysdeps/generic/dl-cache.h
fn=_dl_load_cache_lookup
153 4 0 0 0 0 0 0 0 0
fl=/build/glibc-FcXrgv/glibc-2.31/elf/../sysdeps/generic/ldsodefs.h
fn=_dl_fini
1208 4 1 1 0 0 0 1 0 0
fn=_dl_new_object
1208 82 0 0 0 0 0 0 0 0
fn=_dl_relocate_object
126 438 2 2 146 0 0 0 0 0
fn=do_lookup_x
126 678 0 0 226 0 0 0 0 0
fl=/build/glibc-FcXrgv/glibc-2.31/elf/../sysdeps/posix/dl-fileid.h
fn=_dl_map_object_from_fd
37 40 1 1 0 0 0 0 0 0
40 16 0 0 8 0 0 8 0 0
41 16 0 0 8 0 0 8 0 0
49 228 1 1 78 21 1 0 0 0
fl=/build/glibc-FcXrgv/glibc-2.31/elf/../sysdeps/unix/sysv/linux/aarch64/cpu-features.c
fn=_dl_sysdep_start
63 5 1 1 1 0 0 0 0 0
64 1 0 0 0 0 0 0 0 0
72 4 1 1 1 0 0 0 0 0
78 2 0 0 0 0 0 1 0 0
82 1 0 0 0 0 0 0 0 0
84 1 0 0 0 0 0 0 0 0
fl=/build/glibc-FcXrgv/glibc-2.31/elf/../sysdeps/unix/sysv/linux/dl-osinfo.h
fn=dl_main
64 1 0 0 0 0 0 0 0 0
fl=/build/glibc-FcXrgv/glibc-2.31/elf/../sysdeps/unix/sysv/linux/dl-sysdep.c
fn=_dl_discover_osversion
46 4 1 1 0 0 0 4 2 2
48 3 1 1 1 0 0 0 0 0
88 4 0 0 0 0 0 0 0 0
103 1 0 0 0 0 0 0 0 0
107 1 0 0 0 0 0 0 0 0
108 1 0 0 0 0 0 0 0 0
110 15 0 0 3 1 1 0 0 0
112 3 0 0 0 0 0 0 0 0
114 25 1 1 5 0 0 0 0 0
116 2 0 0 0 0 0 0 0 0
117 2 0 0 0 0 0 0 0 0
120 3 0 0 0 0 0 0 0 0
122 3 0 0 0 0 0 0 0 0
124 13 1 1 0 0 0 0 0 0
129 2 0 0 0 0 0 0 0 0
133 4 1 1 4 0 0 0 0 0
fn=_dl_sysdep_start
36 2 0 0 0 0 0 0 0 0
fl=/build/glibc-FcXrgv/glibc-2.31/elf/../sysdeps/unix/sysv/linux/dl-vdso-setup.h
fn=dl_main
30 5 2 2 0 0 0 2 0 0
33 2 0 0 0 0 0 1 0 0
45 2 1 1 0 0 0 1 0 0
fl=/build/glibc-FcXrgv/glibc-2.31/elf/../sysdeps/unix/sysv/linux/dl-vdso.h
fn=dl_main
40 2 1 1 1 0 0 0 0 0
41 1 0 0 0 0 0 0 0 0
55 2 0 0 0 0 0 0 0 0
fl=/build/glibc-FcXrgv/glibc-2.31/elf/../sysdeps/unix/sysv/linux/generic/brk.c
fn=brk
33 1 1 1 0 0 0 0 0 0
36 4 0 0 0 0 0 1 1 1
37 2 0 0 0 0 0 0 0 0
43 1 0 0 0 0 0 0 0 0
44 1 0 0 0 0 0 0 0 0
fl=/build/glibc-FcXrgv/glibc-2.31/elf/./dl-load.h
fn=_dl_map_object_from_fd
90 16 0 0 0 0 0 0 0 0
91 32 1 1 16 0 0 8 0 0
93 32 0 0 16 1 1 0 0 0
94 24 7 2 12 0 0 0 0 0
95 30 0 0 12 0 0 0 0 0
96 18 0 0 6 0 0 0 0 0
98 24 0 0 0 0 0 6 0 0
fl=/build/glibc-FcXrgv/glibc-2.31/elf/./dl-map-segments.h
fn=_dl_map_object_from_fd
50 16 0 0 8 1 0 0 0 0
51 16 0 0 0 0 0 0 0 0
56 96 8 1 16 0 0 32 0 0
60 56 8 1 48 0 0 0 0 0
63 16 0 0 0 0 0 8 0 0
64 16 0 0 0 0 0 8 0 0
66 8 0 0 0 0 0 0 0 0
73 120 8 1 48 0 0 32 0 0
80 24 0 0 8 0 0 8 0 0
82 8 0 0 0 0 0 0 0 0
90 64 0 0 0 0 0 0 0 0
92 32 0 0 24 0 0 0 0 0
94 128 1 1 56 0 0 40 0 0
104 48 0 0 32 0 0 0 0 0
110 16 0 0 8 0 0 0 0 0
111 8 0 0 0 0 0 0 0 0
112 48 1 1 8 0 0 0 0 0
113 8 0 0 0 0 0 0 0 0
115 16 0 0 0 0 0 0 0 0
120 16 0 0 0 0 0 0 0 0
123 8 0 0 0 0 0 0 0 0
131 72 0 0 0 0 0 56 0 0
132 40 0 0 56 0 0 0 0 0
137 16 0 0 0 0 0 0 0 0
141 18 1 1 0 0 0 8 0 0
144 8 0 0 8 0 0 0 0 0
149 16 2 1 0 0 0 0 0 0
fl=/build/glibc-FcXrgv/glibc-2.31/elf/./setup-vdso.h
fn=dl_main
24 3 1 1 1 0 0 0 0 0
fl=/build/glibc-FcXrgv/glibc-2.31/elf/dl-addr.c
fn=_dl_addr
30 1 0 0 1 0 0 0 0 0
31 2 0 0 1 0 0 2 1 0
34 2 0 0 1 1 0 0 0 0
38 1 1 1 1 0 0 0 0 0
39 1 0 0 2 0 0 0 0 0
40 1 0 0 1 0 0 0 0 0
42 2 0 0 2 1 0 0 0 0
44 1 0 0 0 0 0 0 0 0
45 2 0 0 1 1 0 0 0 0
49 3035 0 0 1 0 0 0 0 0
51 1014 0 0 1012 64 18 0 0 0
52 1011 0 0 0 0 0 0 0 0
54 2745 1 1 915 0 0 0 0 0
60 2284 1 1 0 0 0 0 0 0
61 11420 0 0 2284 496 454 0 0 0
63 6841 0 0 0 0 0 0 0 0
64 9088 0 0 2272 0 0 0 0 0
65 15359 1 1 5207 360 328 0 0 0
70 4568 0 0 2284 144 77 0 0 0
100 1 0 0 0 0 0 0 0 0
101 1 0 0 0 0 0 1 1 0
102 1 0 0 0 0 0 0 0 0
105 1 1 1 0 0 0 0 0 0
118 2 0 0 0 0 0 2 1 0
126 9 2 2 0 0 0 8 0 0
128 1 0 0 0 0 0 0 0 0
131 5 0 0 2 2 0 0 0 0
133 2 0 0 0 0 0 0 0 0
135 1 0 0 0 0 0 0 0 0
138 1 0 0 0 0 0 0 0 0
141 4 1 1 2 2 0 0 0 0
144 6 0 0 8 1 0 0 0 0
fl=/build/glibc-FcXrgv/glibc-2.31/elf/dl-cache.c
fn=_dl_cache_libcmp
142 572 1 1 286 0 0 0 0 0
144 1953 1 1 279 34 27 0 0 0
146 14 1 1 0 0 0 0 0 0
152 7 0 0 0 0 0 0 0 0
153 14 0 0 0 0 0 0 0 0
154 35 0 0 7 0 0 0 0 0
156 35 1 1 7 0 0 0 0 0
158 14 0 0 0 0 0 0 0 0
164 544 0 0 0 0 0 0 0 0
166 544 0 0 0 0 0 0 0 0
167 42 0 0 0 0 0 0 0 0
170 230 0 0 0 0 0 0 0 0
171 230 0 0 0 0 0 0 0 0
174 14 0 0 7 0 0 0 0 0
175 49 0 0 0 0 0 0 0 0
fn=_dl_load_cache_lookup
187 49 1 1 0 0 0 49 1 1
195 21 1 1 7 0 0 0 0 0
198 28 0 0 7 0 0 0 0 0
201 6 2 2 0 0 0 0 0 0
209 5 0 0 1 0 0 0 0 0
210 19 1 1 3 1 1 0 0 0
213 1 0 0 1 0 0 0 0 0
218 2 1 1 0 0 0 1 0 0
219 2 0 0 0 0 0 1 0 0
264 12 0 0 0 0 0 0 0 0
270 35 0 0 14 0 0 0 0 0
279 7 0 0 0 0 0 0 0 0
285 35 1 1 7 0 0 0 0 0
293 21 0 0 7 0 0 0 0 0
294 14 0 0 0 0 0 0 0 0
308 1039 23 5 105 32 21 0 0 0
324 14 0 0 7 0 0 0 0 0
328 7 0 0 0 0 0 0 0 0
336 98 7 1 0 0 0 7 0 0
337 28 7 1 0 0 0 0 0 0
338 7 0 0 0 0 0 0 0 0
339 49 3 1 49 0 0 0 0 0
fn=_dl_unload_cache
348 3 1 1 0 0 0 3 0 0
349 5 1 1 1 1 0 0 0 0
351 3 0 0 1 0 0 0 0 0
352 1 0 0 0 0 0 1 0 0
354 3 0 0 3 0 0 0 0 0
fl=/build/glibc-FcXrgv/glibc-2.31/elf/dl-debug.c
fn=_dl_debug_initialize
46 10 2 1 0 0 0 0 0 0
49 10 0 0 0 0 0 0 0 0
50 20 2 1 10 3 0 0 0 0
54 29 2 0 10 1 0 0 0 0
57 2 0 0 0 0 0 1 0 0
58 2 0 0 0 0 0 1 0 0
59 6 1 1 1 0 0 0 0 0
60 3 0 0 0 0 0 2 0 0
64 10 0 0 0 0 0 0 0 0
fn=_dl_debug_state
74 2 0 0 0 0 0 0 0 0
fl=/build/glibc-FcXrgv/glibc-2.31/elf/dl-deps.c
fn=_dl_map_object_deps
144 2 0 0 0 0 0 2 1 1
145 1 0 0 0 0 0 0 0 0
146 7 0 0 0 0 0 4 0 0
152 9 2 2 3 0 0 2 0 0
159 11 1 1 0 0 0 15 3 3
160 15 2 2 0 0 0 1 1 1
176 12 0 0 1 0 0 2 1 1
177 1 0 0 1 0 0 0 0 0
180 2 0 0 1 0 0 1 0 0
198 3 1 1 1 0 0 1 0 0
199 2 0 0 0 0 0 0 0 0
200 3 0 0 0 0 0 2 0 0
202 9 0 0 9 0 0 0 0 0
206 10 0 0 0 0 0 0 0 0
209 39 0 0 19 0 0 10 0 0
213 20 0 0 10 5 0 0 0 0
214 68 1 1 29 3 0 0 0 0
217 16 0 0 0 0 0 0 0 0
221 16 0 0 8 0 0 0 0 0
224 28 1 1 14 6 0 0 0 0
226 24 0 0 16 6 0 8 0 0
231 8 0 0 0 0 0 8 0 0
232 8 0 0 0 0 0 8 0 0
233 16 0 0 8 0 0 8 0 0
234 16 0 0 8 0 0 8 0 0
237 478 1 1 243 50 0 8 0 0
238 438 1 1 0 0 0 0 0 0
244 168 8 1 42 4 0 0 0 0
246 21 0 0 0 0 0 21 0 0
248 105 1 1 0 0 0 0 0 0
249 42 0 0 21 0 0 0 0 0
258 21 2 1 21 0 0 0 0 0
260 63 0 0 21 0 0 0 0 0
265 24 0 0 0 0 0 8 0 0
269 8 0 0 0 0 0 8 0 0
270 8 0 0 0 0 0 16 0 0
271 16 0 0 8 4 0 8 1 0
273 24 0 0 8 0 0 8 0 0
275 40 7 1 8 0 0 16 0 0
279 21 0 0 0 0 0 0 0 0
280 26 0 0 0 0 0 13 0 0
282 990 1 1 0 0 0 0 0 0
303 18 0 0 0 0 0 0 0 0
433 10 0 0 0 0 0 0 0 0
435 16 0 0 0 0 0 8 0 0
438 40 0 0 0 0 0 0 0 0
439 8 1 1 0 0 0 0 0 0
445 8 0 0 0 0 0 8 0 0
446 32 0 0 0 0 0 0 0 0
447 40 0 0 0 0 0 0 0 0
449 8 0 0 0 0 0 0 0 0
450 8 0 0 0 0 0 8 0 0
451 24 0 0 8 0 0 8 0 0
455 30 0 0 20 1 0 0 0 0
457 30 1 1 20 0 0 10 0 0
458 28 0 0 9 0 0 0 0 0
464 6 1 1 2 0 0 0 0 0
465 4 1 1 1 0 0 1 0 0
468 4 0 0 2 0 0 1 0 0
479 6 1 1 1 0 0 0 0 0
481 1 0 0 0 0 0 0 0 0
486 4 0 0 1 0 0 1 0 0
487 3 0 0 1 0 0 1 0 0
489 21 0 0 10 0 0 0 0 0
491 30 0 0 20 0 0 0 0 0
495 30 0 0 10 0 0 10 3 3
499 30 1 1 10 1 0 10 0 0
502 3 0 0 1 0 0 0 0 0
553 4 0 0 2 0 0 0 0 0
555 10 1 1 2 0 0 3 0 0
590 4 1 1 1 0 0 0 0 0
594 5 0 0 1 0 0 0 0 0
597 1 0 0 0 0 0 1 0 0
598 1 1 1 0 0 0 0 0 0
599 1 0 0 0 0 0 1 0 0
600 5 0 0 2 0 0 1 0 0
608 2 1 1 1 0 0 0 0 0
611 1 0 0 0 0 0 0 0 0
614 9 0 0 12 2 0 0 0 0
fn=openaux
61 84 1 1 0 0 0 63 3 2
64 197 0 0 105 0 0 21 4 0
65 21 0 0 21 1 0 0 0 0
69 63 0 0 63 0 0 0 0 0
fl=/build/glibc-FcXrgv/glibc-2.31/elf/dl-environ.c
fn=_dl_next_ld_env_entry
28 3 0 0 0 0 0 0 0 0
29 3 1 1 3 0 0 0 0 0
32 29 0 0 14 0 0 0 0 0
34 39 1 1 13 0 0 0 0 0
35 15 0 0 5 0 0 0 0 0
37 2 0 0 0 0 0 0 0 0
40 4 0 0 0 0 0 2 0 0
49 3 0 0 0 0 0 0 0 0
fl=/build/glibc-FcXrgv/glibc-2.31/elf/dl-error-skeleton.c
fn=_dl_catch_error
225 9 2 2 0 0 0 5 0 0
227 2 0 0 0 0 0 0 0 0
228 1 0 0 0 0 0 1 0 0
229 2 0 0 2 0 0 1 0 0
230 4 0 0 1 0 0 1 0 0
232 4 0 0 5 0 0 0 0 0
fn=_dl_catch_exception
175 176 2 2 22 0 0 176 4 4
178 22 0 0 0 0 0 0 0 0
199 22 0 0 22 0 0 0 0 0
200 44 0 0 0 0 0 44 0 0
203 44 0 0 0 0 0 22 0 0
206 110 0 0 0 0 0 0 0 0
208 44 0 0 44 0 0 0 0 0
209 66 1 1 44 0 0 22 0 0
210 44 0 0 0 0 0 66 5 0
219 88 0 0 88 0 0 0 0 0
fn=_dl_receive_error
238 5 1 0 0 0 0 6 2 0
239 3 0 0 1 0 0 0 0 0
240 1 0 0 1 0 0 0 0 0
243 1 0 0 0 0 0 1 0 0
244 1 0 0 0 0 0 1 0 0
246 2 1 1 0 0 0 0 0 0
248 1 0 0 0 0 0 1 0 0
249 1 0 0 0 0 0 1 0 0
250 4 1 1 6 1 0 0 0 0
fl=/build/glibc-FcXrgv/glibc-2.31/elf/dl-fini.c
fn=_dl_fini
30 8 1 1 0 0 0 12 0 0
47 6 0 0 0 0 0 1 0 0
50 11 0 0 1 1 1 0 0 0
53 3 1 1 1 1 1 0 0 0
55 1 0 0 1 1 1 0 0 0
58 1 0 0 0 0 0 0 0 0
60 6 0 0 3 0 0 0 0 0
65 2 0 0 0 0 0 1 0 0
68 13 1 1 0 0 0 1 0 0
73 22 1 1 10 1 1 0 0 0
75 30 0 0 10 7 6 0 0 0
77 20 0 0 0 0 0 0 0 0
79 10 0 0 0 0 0 10 0 0
80 10 0 0 0 0 0 10 8 8
81 10 0 0 0 0 0 0 0 0
85 30 0 0 10 7 6 10 0 0
87 5 1 1 0 0 0 0 0 0
88 5 0 0 0 0 0 0 0 0
94 8 3 3 0 0 0 0 0 0
104 3 0 0 1 0 0 0 0 0
109 24 0 0 1 1 0 0 0 0
111 10 0 0 10 0 0 0 0 0
113 20 0 0 10 3 0 0 0 0
116 20 0 0 0 0 0 10 0 0
119 20 0 0 10 10 9 0 0 0
120 4 1 1 2 2 2 0 0 0
123 24 1 1 8 0 0 0 0 0
134 24 0 0 16 2 1 0 0 0
135 8 0 0 8 1 1 0 0 0
136 16 0 0 8 7 7 0 0 0
137 59 1 1 0 0 0 0 0 0
138 18 0 0 9 7 7 0 0 0
142 16 0 0 8 7 7 0 0 0
143 32 0 0 16 7 7 0 0 0
149 60 0 0 20 1 1 0 0 0
168 40 1 1 10 0 0 10 0 0
174 6 0 0 2 0 0 0 0 0
180 2 0 0 1 0 0 0 0 0
187 8 0 0 12 0 0 0 0 0
fl=/build/glibc-FcXrgv/glibc-2.31/elf/dl-hwcaps.c
fn=_dl_important_hwcaps
42 12 2 2 0 0 0 16 1 1
43 6 0 0 1 0 0 0 0 0
45 3 1 1 1 0 0 0 0 0
46 2 0 0 0 0 0 0 0 0
55 2 0 0 0 0 0 0 0 0
65 4 1 1 1 0 0 0 0 0
148 13 2 2 0 0 0 1 1 1
149 1 0 0 0 0 0 0 0 0
185 2 0 0 0 0 0 0 0 0
193 2 0 0 1 0 0 0 0 0
195 1 0 0 0 0 0 1 0 0
196 2 0 0 1 0 0 1 0 0
197 2 0 0 0 0 0 0 0 0
200 2 0 0 0 0 0 0 0 0
201 2 1 1 0 0 0 2 0 0
204 2 0 0 0 0 0 0 0 0
207 3 0 0 1 0 0 0 0 0
211 8 1 1 1 0 0 2 0 0
212 2 0 0 0 0 0 0 0 0
221 2 1 1 0 0 0 0 0 0
230 6 1 1 1 0 0 2 0 0
231 4 1 1 0 0 0 0 0 0
232 1 0 0 0 0 0 0 0 0
252 2 1 1 0 0 0 0 0 0
263 7 0 0 0 0 0 3 0 0
266 5 0 0 0 0 0 2 0 0
268 4 0 0 2 0 0 1 0 0
269 4 0 0 1 0 0 1 0 0
282 1 0 0 0 0 0 0 0 0
289 1 1 1 0 0 0 0 0 0
294 18 0 0 5 0 0 0 0 0
295 8 0 0 0 0 0 4 0 0
299 9 0 0 0 0 0 0 0 0
302 10 1 1 0 0 0 0 0 0
303 28 0 0 0 0 0 0 0 0
304 24 0 0 8 0 0 4 0 0
306 4 1 1 0 0 0 0 0 0
309 3 0 0 1 0 0 0 0 0
310 1 0 0 0 0 0 0 0 0
311 5 0 0 1 0 0 0 0 0
324 11 2 2 4 0 0 2 0 0
327 4 0 0 0 0 0 0 0 0
330 3 0 0 2 0 0 1 0 0
333 9 1 1 12 0 0 0 0 0
fl=/build/glibc-FcXrgv/glibc-2.31/elf/dl-init.c
fn=_dl_init
30 42 1 1 11 4 0 0 0 0
79 10 1 1 0 0 0 9 1 1
80 1 0 0 1 0 0 0 0 0
81 1 0 0 1 1 0 0 0 0
84 4 1 1 1 0 0 0 0 0
87 3 0 0 0 0 0 1 0 0
92 3 0 0 0 0 0 0 0 0
117 1 0 0 1 0 0 0 0 0
118 24 1 1 0 0 0 0 0 0
119 50 0 0 20 2 0 0 0 0
125 6 0 0 9 0 0 0 0 0
fn=call_init.part.0
28 90 1 1 0 0 0 70 1 0
36 30 0 0 10 0 0 10 0 0
39 30 0 0 20 13 0 0 0 0
40 3 0 0 0 0 0 0 0 0
44 18 1 1 9 9 0 0 0 0
45 2 0 0 1 1 0 0 0 0
49 27 0 0 9 0 0 0 0 0
58 56 0 0 16 8 0 0 0 0
62 16 0 0 8 8 0 0 0 0
68 27 0 0 18 6 0 0 0 0
70 27 1 1 18 2 0 0 0 0
71 69 0 0 0 0 0 0 0 0
72 60 0 0 12 9 0 0 0 0
74 50 1 1 70 0 0 0 0 0
fl=/build/glibc-FcXrgv/glibc-2.31/elf/dl-load.c
fn=_dl_dst_count
231 69 1 1 0 0 0 92 3 3
234 46 0 0 0 0 0 0 0 0
237 23 0 0 0 0 0 0 0 0
238 23 1 1 0 0 0 0 0 0
257 92 0 0 92 0 0 0 0 0
fn=_dl_init_paths
681 7 1 1 0 0 0 8 0 0
694 10 1 1 2 0 0 1 0 0
698 1 0 0 0 0 0 1 0 0
699 2 0 0 0 0 0 0 0 0
700 1 0 0 0 0 0 0 0 0
707 4 0 0 0 0 0 0 0 0
708 4 0 0 1 0 0 0 0 0
711 4 1 1 0 0 0 1 0 0
713 1 0 0 0 0 0 0 0 0
719 1 0 0 0 0 0 1 0 0
720 7 0 0 0 0 0 1 0 0
728 3 0 0 0 0 0 3 0 0
730 3 0 0 0 0 0 0 0 0
731 4 0 0 0 0 0 8 4 4
733 2 0 0 0 0 0 0 0 0
734 10 1 1 3 1 1 8 1 1
735 13 0 0 0 0 0 0 0 0
738 15 0 0 3 1 1 0 0 0
739 56 0 0 0 0 0 0 0 0
740 16 0 0 0 0 0 16 1 1
742 17 1 1 0 0 0 4 0 0
748 3 1 1 0 0 0 1 0 0
749 1 0 0 0 0 0 1 0 0
753 1 0 0 1 0 0 0 0 0
754 1 0 0 0 0 0 0 0 0
756 4 0 0 1 0 0 0 0 0
758 2 0 0 1 0 0 0 0 0
775 2 0 0 0 0 0 1 0 0
777 2 1 1 1 0 0 0 0 0
791 2 2 2 0 0 0 1 0 0
796 3 1 1 1 0 0 0 0 0
798 18 0 0 0 0 0 1 0 0
802 1 0 0 0 0 0 0 0 0
803 32 0 0 15 0 0 0 0 0
804 70 1 1 0 0 0 0 0 0
807 2 0 0 0 0 0 1 0 0
808 2 0 0 0 0 0 0 0 0
809 1 0 0 0 0 0 0 0 0
815 8 1 1 0 0 0 0 0 0
818 3 0 0 2 0 0 0 0 0
824 2 0 0 0 0 0 1 0 0
828 6 1 1 8 0 0 0 0 0
fn=_dl_map_object
659 63 2 2 21 0 0 0 0 0
1927 176 1 1 0 0 0 264 5 5
1929 8 0 0 0 0 0 8 0 0
1935 44 0 0 0 0 0 0 0 0
1936 154 1 1 22 5 1 0 0 0
1939 338 0 0 92 0 0 0 0 0
1944 420 6 1 84 3 0 0 0 0
1946 336 0 0 0 0 0 0 0 0
1950 140 0 0 70 0 0 0 0 0
1951 140 0 0 70 3 0 0 0 0
1954 35 0 0 35 5 0 0 0 0
1955 70 0 0 70 26 0 0 0 0
1956 140 1 1 0 0 0 0 0 0
1972 48 1 1 8 0 0 8 1 1
1982 16 0 0 8 0 0 0 0 0
2016 8 0 0 0 0 0 8 2 2
2018 32 0 0 0 0 0 0 0 0
2022 28 1 1 0 0 0 7 0 0
2024 14 0 0 7 0 0 0 0 0
2031 21 1 1 7 0 0 0 0 0
2035 49 2 2 7 0 0 21 0 0
2040 14 0 0 7 0 0 0 0 0
2041 7 0 0 0 0 0 0 0 0
2043 49 0 0 0 0 0 21 0 0
2055 14 7 1 7 0 0 0 0 0
2056 49 0 0 21 0 0 0 0 0
2057 7 0 0 0 0 0 0 0 0
2066 42 7 1 7 0 0 7 0 0
2067 105 1 1 14 0 0 7 0 0
2073 21 0 0 0 0 0 0 0 0
2074 7 0 0 0 0 0 0 0 0
2082 7 1 1 0 0 0 7 0 0
2096 7 0 0 0 0 0 0 0 0
2098 21 0 0 7 0 0 0 0 0
2102 21 1 1 0 0 0 0 0 0
2104 7 0 0 0 0 0 0 0 0
2108 7 0 0 0 0 0 0 0 0
2116 21 0 0 7 0 0 0 0 0
2139 49 0 0 0 0 0 0 0 0
2143 14 0 0 0 0 0 0 0 0
2144 7 0 0 0 0 0 7 0 0
2161 14 0 0 7 0 0 0 0 0
2167 1 0 0 0 0 0 1 0 0
2168 3 0 0 0 0 0 0 0 0
2169 1 1 1 0 0 0 0 0 0
2170 2 0 0 0 0 0 0 0 0
2174 7 0 0 0 0 0 0 0 0
2177 2 0 0 0 0 0 0 0 0
2189 24 1 1 8 0 0 0 0 0
2191 28 0 0 0 0 0 0 0 0
2235 24 0 0 8 1 0 8 0 0
2236 96 1 1 16 0 0 16 0 0
2238 198 0 0 264 0 0 0 0 0
fn=_dl_map_object_from_fd
866 136 3 3 8 0 0 104 2 2
876 32 0 0 0 0 0 0 0 0
877 8 1 1 0 0 0 8 0 0
883 24 0 0 0 0 0 8 0 0
901 152 1 1 52 3 0 8 0 0
902 88 0 0 44 1 0 0 0 0
920 8 1 1 0 0 0 0 0 0
944 24 0 0 0 0 0 8 0 0
954 24 0 0 8 0 0 0 0 0
961 16 0 0 8 0 0 0 0 0
994 16 0 0 0 0 0 0 0 0
997 64 0 0 0 0 0 0 0 0
998 8 0 0 0 0 0 0 0 0
1009 16 0 0 0 0 0 8 7 7
1010 16 0 0 8 0 0 8 0 0
1011 16 0 0 8 0 0 8 0 0
1013 16 0 0 0 0 0 0 0 0
1014 40 1 1 24 0 0 0 0 0
1015 16 0 0 0 0 0 8 0 0
1030 8 0 0 0 0 0 0 0 0
1032 8 0 0 0 0 0 0 0 0
1034 104 1 1 8 0 0 8 3 3
1035 8 0 0 0 0 0 0 0 0
1036 8 0 0 0 0 0 0 0 0
1042 231 4 2 8 0 0 0 0 0
1043 543 9 2 61 1 1 0 0 0
1049 16 0 0 8 0 0 0 0 0
1054 16 0 0 8 0 0 8 0 0
1055 32 0 0 8 0 0 8 0 0
1060 4 0 0 2 0 0 2 0 0
1061 2 0 0 0 0 0 0 0 0
1066 80 1 1 24 0 0 0 0 0
1071 80 0 0 32 0 0 0 0 0
1079 48 0 0 0 0 0 0 0 0
1080 56 7 1 0 0 0 16 7 4
1081 96 1 1 16 0 0 0 0 0
1082 16 0 0 0 0 0 32 0 0
1083 48 0 0 16 0 0 16 0 0
1084 32 0 0 0 0 0 16 4 1
1088 40 0 0 8 0 0 0 0 0
1089 24 0 0 0 0 0 0 0 0
1093 48 0 0 0 0 0 16 0 0
1094 80 1 1 16 0 0 0 0 0
1104 16 0 0 0 0 0 0 0 0
1107 2 1 1 1 0 0 0 0 0
1111 1 0 0 0 0 0 1 1 1
1112 2 0 0 1 1 1 1 0 0
1116 5 0 0 0 0 0 1 0 0
1117 2 0 0 1 0 0 1 0 0
1120 1 0 0 0 0 0 1 0 0
1125 5 1 1 2 0 0 0 0 0
1126 32 0 0 8 3 0 8 0 0
1132 8 0 0 0 0 0 0 0 0
1140 8 0 0 8 0 0 0 0 0
1141 8 0 0 0 0 0 0 0 0
1144 16 0 0 8 0 0 8 1 1
1145 16 0 0 8 0 0 8 0 0
1157 8 0 0 0 0 0 0 0 0
1170 24 0 0 8 0 0 0 0 0
1180 64 0 0 16 0 0 24 1 1
1192 24 1 1 8 0 0 0 0 0
1201 24 1 1 8 0 0 8 0 0
1208 24 0 0 0 0 0 0 0 0
1210 32 8 1 8 0 0 0 0 0
1229 16 0 0 8 0 0 0 0 0
1248 24 0 0 8 0 0 8 0 0
1250 40 0 0 16 7 0 0 0 0
1298 16 0 0 8 7 7 0 0 0
1299 3 0 0 1 0 0 1 0 0
1302 24 1 1 0 0 0 0 0 0
1311 24 0 0 8 0 0 0 0 0
1313 32 0 0 16 0 0 8 0 0
1315 24 0 0 8 0 0 0 0 0
1331 16 1 1 0 0 0 0 0 0
1335 8 0 0 0 0 0 0 0 0
1336 16 0 0 8 0 0 0 0 0
1353 16 0 0 8 0 0 0 0 0
1354 6 0 0 2 0 0 2 1 0
1357 24 0 0 16 0 0 16 0 0
1362 16 0 0 8 0 0 0 0 0
1372 32 1 1 8 0 0 0 0 0
1381 16 0 0 8 0 0 0 0 0
1382 4 0 0 1 0 0 0 0 0
1387 2 0 0 0 0 0 1 0 0
1394 24 0 0 0 0 0 0 0 0
1398 32 1 1 8 0 0 0 0 0
1417 72 0 0 96 0 0 0 0 0
fn=expand_dynamic_string_token
378 12 2 2 0 0 0 12 0 0
388 4 0 0 0 0 0 0 0 0
391 2 0 0 0 0 0 0 0 0
392 4 0 0 0 0 0 0 0 0
403 6 0 0 12 0 0 0 0 0
fn=fillin_rpath
447 14 2 2 0 0 0 15 0 0
449 1 0 0 0 0 0 0 0 0
451 10 1 1 0 0 0 0 0 0
458 2 0 0 1 0 0 0 0 0
460 4 1 1 0 0 0 0 0 0
464 1 0 0 0 0 0 0 0 0
469 2 0 0 0 0 0 0 0 0
470 1 0 0 0 0 0 0 0 0
477 6 0 0 1 0 0 0 0 0
482 5 1 1 0 0 0 1 0 0
486 15 1 1 6 0 0 0 0 0
487 12 0 0 4 0 0 0 0 0
505 4 1 1 1 0 0 1 0 0
509 15 1 1 3 0 0 5 0 0
511 2 0 0 2 0 0 0 0 0
515 1 0 0 0 0 0 1 1 1
516 1 0 0 0 0 0 0 0 0
517 5 0 0 0 0 0 2 0 0
518 1 0 0 0 0 0 1 0 0
520 5 1 1 2 0 0 0 0 0
526 5 0 0 1 0 0 0 0 0
527 15 0 0 0 0 0 0 0 0
528 4 0 0 0 0 0 4 0 0
530 2 1 1 1 0 0 1 0 0
531 2 0 0 1 0 0 0 0 0
536 2 0 0 0 0 0 1 0 0
538 1 0 0 0 0 0 1 0 0
539 2 0 0 1 0 0 1 0 0
542 3 0 0 0 0 0 1 0 0
544 2 1 1 0 0 0 0 0 0
548 1 0 0 0 0 0 1 0 0
551 8 0 0 12 0 0 0 0 0
fn=open_path
1443 21 0 0 0 0 0 7 0 0
1779 91 14 2 0 0 0 126 4 4
1780 14 0 0 7 0 0 7 0 0
1783 7 0 0 0 0 0 7 0 0
1784 14 0 0 7 0 0 7 0 0
1786 7 0 0 0 0 0 0 0 0
1789 7 0 0 0 0 0 0 0 0
1791 154 8 2 21 0 0 7 1 1
1798 7 0 0 0 0 0 0 0 0
1803 21 0 0 7 0 0 0 0 0
1810 28 0 0 14 3 0 0 0 0
1811 195 6 2 35 0 0 4 0 0
1814 84 0 0 28 0 0 0 0 0
1818 110 0 0 40 1 0 0 0 0
1821 20 1 1 0 0 0 10 0 0
1824 30 0 0 10 0 0 0 0 0
1827 80 0 0 30 0 0 0 0 0
1829 20 0 0 10 0 0 0 0 0
1831 8 1 1 0 0 0 0 0 0
1836 16 1 1 0 0 0 0 0 0
1837 36 1 1 12 0 0 0 0 0
1843 16 2 2 4 0 0 4 0 0
1845 20 0 0 4 0 0 0 0 0
1846 2 0 0 1 0 0 0 0 0
1848 12 0 0 0 0 0 0 0 0
1855 18 0 0 0 0 0 0 0 0
1857 24 0 0 0 0 0 0 0 0
1858 21 0 0 0 0 0 7 0 0
1865 14 0 0 0 0 0 7 0 0
1875 80 1 1 0 0 0 0 0 0
1896 42 1 1 7 0 0 0 0 0
1901 21 0 0 7 0 0 7 0 0
1903 28 0 0 14 0 0 7 0 0
1906 7 1 1 0 0 0 0 0 0
1920 63 0 0 84 0 0 0 0 0
fn=open_verify.isra.0.constprop.0
1466 234 9 2 0 0 0 216 5 2
1505 108 0 0 18 0 0 0 0 0
1518 10 0 0 0 0 0 0 0 0
1536 72 0 0 0 0 0 0 0 0
1538 36 0 0 0 0 0 0 0 0
1543 8 0 0 0 0 0 0 0 0
1549 24 8 1 0 0 0 8 0 0
1550 16 0 0 0 0 0 8 0 0
1555 40 0 0 0 0 0 0 0 0
1557 24 0 0 8 0 0 0 0 0
1559 16 0 0 0 0 0 8 0 0
1561 16 0 0 0 0 0 0 0 0
1567 16 1 1 0 0 0 0 0 0
1583 212 3 3 64 3 1 0 0 0
1657 24 0 0 8 1 1 0 0 0
1662 24 1 1 8 0 0 0 0 0
1664 40 0 0 8 0 0 0 0 0
1670 24 0 0 8 0 0 0 0 0
1676 16 0 0 8 0 0 0 0 0
1677 32 2 1 8 0 0 0 0 0
1678 8 0 0 0 0 0 0 0 0
1698 248 0 0 40 0 0 0 0 0
1699 159 1 1 53 9 9 0 0 0
1700 32 0 0 8 2 2 0 0 0
1704 40 0 0 16 0 0 0 0 0
1705 8 0 0 0 0 0 0 0 0
1729 91 3 3 31 4 4 0 0 0
1731 8 0 0 0 0 0 0 0 0
1732 80 0 0 24 0 0 0 0 0
1735 24 0 0 0 0 0 0 0 0
1740 5 0 0 0 0 0 0 0 0
1741 5 0 0 0 0 0 0 0 0
1744 5 0 0 0 0 0 0 0 0
1747 10 1 1 5 0 0 0 0 0
1748 10 0 0 5 0 0 0 0 0
1749 5 0 0 5 0 0 0 0 0
1750 10 0 0 5 0 0 0 0 0
1751 25 0 0 5 0 0 0 0 0
1761 24 2 1 0 0 0 0 0 0
1765 162 1 1 216 0 0 0 0 0
fl=/build/glibc-FcXrgv/glibc-2.31/elf/dl-lookup.c
fn=_dl_lookup_symbol_x
581 498 0 0 0 0 0 0 0 0
582 7101 44 16 3426 230 189 0 0 0
583 6354 0 0 0 0 0 0 0 0
841 3984 77 30 0 0 0 3486 74 21
843 498 0 0 0 0 0 249 18 4
844 249 0 0 0 0 0 498 4 0
847 1245 0 0 249 34 15 249 0 0
851 467 0 0 0 0 0 0 0 0
853 1245 42 15 498 0 0 249 0 0
854 996 0 0 747 58 18 0 0 0
860 341 0 0 46 30 0 0 0 0
861 3214 43 16 475 14 0 996 18 9
866 498 0 0 249 0 0 0 0 0
868 115 1 1 23 1 0 0 0 0
885 23 0 0 0 0 0 23 0 0
886 46 1 1 0 0 0 0 0 0
890 1582 0 0 452 1 0 0 0 0
930 1130 40 13 226 0 0 0 0 0
944 452 0 0 226 67 16 0 0 0
945 3 2 2 0 0 0 1 0 0
947 904 0 0 226 0 0 0 0 0
952 452 0 0 226 0 0 226 0 0
954 2241 39 17 2988 0 0 0 0 0
fn=_dl_setup_hash
964 20 1 1 10 0 0 0 0 0
966 10 0 0 10 0 0 0 0 0
968 20 0 0 10 10 10 10 1 1
970 10 0 0 20 1 1 0 0 0
972 30 0 0 0 0 0 0 0 0
973 10 0 0 0 0 0 10 0 0
974 30 2 1 10 0 0 10 0 0
976 10 0 0 0 0 0 10 0 0
977 20 0 0 0 0 0 0 0 0
979 10 0 0 0 0 0 10 0 0
980 10 0 0 0 0 0 0 0 0
981 30 0 0 0 0 0 10 0 0
986 10 0 0 0 0 0 0 0 0
fn=check_match
75 3016 33 15 696 21 11 1624 60 19
78 1160 33 14 232 161 92 0 0 0
83 6 1 0 0 0 0 0 0 0
91 1392 0 0 0 0 0 0 0 0
94 1277 32 12 165 0 0 0 0 0
98 226 1 1 226 9 0 0 0 0
99 226 0 0 0 0 0 0 0 0
101 218 0 0 0 0 0 0 0 0
120 218 0 0 218 126 79 0 0 0
121 1962 0 0 654 67 17 0 0 0
122 872 35 16 436 3 0 0 0 0
149 8 0 0 0 0 0 0 0 0
151 32 0 0 8 6 5 0 0 0
152 24 0 0 0 0 0 0 0 0
155 2 1 1 0 0 0 0 0 0
156 12 0 0 6 0 0 2 0 0
158 6 0 0 2 0 0 2 0 0
160 226 33 15 0 0 0 0 0 0
167 1160 0 0 1624 0 0 0 0 0
fn=do_lookup_x
294 2688 36 15 1120 0 0 0 0 0
318 231 6 3 105 0 0 0 0 0
368 3735 62 34 747 0 0 4233 123 48
369 249 0 0 249 4 0 0 0 0
374 249 0 0 0 0 0 0 0 0
375 996 0 0 249 0 0 249 0 0
379 2046 36 15 2046 306 62 0 0 0
382 2046 0 0 0 0 0 0 0 0
386 2112 0 0 22 1 0 0 0 0
390 2036 0 0 1018 223 40 0 0 0
394 3054 0 0 1018 31 14 0 0 0
395 996 0 0 0 0 0 249 0 0
400 2036 0 0 1018 145 14 0 0 0
404 1018 0 0 0 0 0 1018 0 0
405 1018 0 0 0 0 0 1018 0 0
408 2036 0 0 3054 235 29 0 0 0
409 1018 33 16 1018 338 30 0 0 0
412 1018 0 0 1018 0 0 0 0 0
413 1018 0 0 0 0 0 0 0 0
415 1018 0 0 1018 681 196 0 0 0
416 498 0 0 0 0 0 249 0 0
417 3054 0 0 2036 0 0 0 0 0
420 2036 0 0 1018 0 0 0 0 0
423 4072 0 0 0 0 0 0 0 0
426 514 0 0 514 212 124 0 0 0
427 771 43 15 0 0 0 0 0 0
428 257 0 0 0 0 0 0 0 0
430 3920 34 14 735 0 0 1225 1 0
433 2515 32 19 503 231 152 0 0 0
435 464 0 0 232 0 0 0 0 0
436 3016 33 20 696 0 0 696 26 9
437 464 0 0 0 0 0 0 0 0
440 248 0 0 8 0 0 0 0 0
443 558 0 0 0 0 0 0 0 0
474 65 6 3 23 0 0 0 0 0
476 2 0 0 0 0 0 0 0 0
482 452 36 15 226 0 0 0 0 0
498 1743 31 17 0 0 0 249 0 0
533 452 32 14 0 0 0 0 0 0
536 1616 0 0 226 0 0 0 0 0
540 144 23 11 48 24 10 0 0 0
552 226 0 0 226 0 0 0 0 0
553 226 0 0 0 0 0 452 0 0
554 226 0 0 0 0 0 0 0 0
571 2391 0 0 0 0 0 0 0 0
574 23 0 0 0 0 0 0 0 0
575 1992 0 0 2988 1 0 0 0 0
fl=/build/glibc-FcXrgv/glibc-2.31/elf/dl-minimal.c
fn=calloc
92 20 9 1 0 0 0 0 0 0
96 20 0 0 0 0 0 0 0 0
99 20 0 0 0 0 0 0 0 0
100 80 1 1 0 0 0 0 0 0
103 20 0 0 0 0 0 0 0 0
fn=free
109 27 0 0 0 0 0 36 0 0
111 45 0 0 9 0 0 0 0 0
118 27 1 1 36 0 0 0 0 0
fn=malloc
49 208 1 1 0 0 0 208 3 2
50 258 0 0 103 0 0 0 0 0
55 6 0 0 2 0 0 1 0 0
56 4 1 1 1 0 0 0 0 0
57 2 0 0 0 0 0 0 0 0
61 156 0 0 0 0 0 52 0 0
62 52 0 0 0 0 0 0 0 0
64 303 2 1 0 0 0 0 0 0
69 15 0 0 3 1 0 0 0 0
70 9 0 0 0 0 0 0 0 0
72 6 0 0 0 0 0 3 0 0
73 24 0 0 0 0 0 0 0 0
75 6 0 0 0 0 0 0 0 0
77 12 0 0 3 0 0 0 0 0
79 14 0 0 3 0 0 3 0 0
82 104 15 1 0 0 0 104 0 0
85 156 0 0 208 0 0 0 0 0
fn=strsep
265 4 1 1 2 1 1 0 0 0
267 4 0 0 2 0 0 0 0 0
268 2 0 0 0 0 0 0 0 0
272 74 1 1 15 0 0 0 0 0
277 56 0 0 0 0 0 0 0 0
279 56 0 0 28 0 0 0 0 0
290 1 0 0 0 0 0 1 0 0
293 1 0 0 0 0 0 0 0 0
294 2 0 0 0 0 0 0 0 0
fl=/build/glibc-FcXrgv/glibc-2.31/elf/dl-misc.c
fn=_dl_name_match_p
282 1080 2 2 0 0 0 864 2 1
283 648 0 0 216 2 0 0 0 0
284 34 0 0 0 0 0 0 0 0
286 216 0 0 216 2 0 0 0 0
288 428 0 0 0 0 0 0 0 0
289 984 0 0 246 15 0 0 0 0
292 212 0 0 212 0 0 0 0 0
294 182 1 1 0 0 0 0 0 0
295 648 0 0 864 0 0 0 0 0
fn=_dl_sysdep_read_whole_file
44 6 1 1 0 0 0 5 0 0
47 2 0 0 0 0 0 0 0 0
48 1 0 0 0 0 0 0 0 0
50 6 1 1 0 0 0 0 0 0
52 2 0 0 1 0 0 1 0 0
55 1 0 0 0 0 0 0 0 0
57 8 1 1 0 0 0 0 0 0
68 2 0 0 0 0 0 0 0 0
71 5 0 0 5 0 0 0 0 0
fl=/build/glibc-FcXrgv/glibc-2.31/elf/dl-object.c
fn=_dl_add_to_namespace_list
31 63 9 1 0 0 0 63 0 0
33 54 9 1 9 0 0 0 0 0
35 63 0 0 9 0 0 0 0 0
38 132 0 0 44 2 0 0 0 0
40 8 0 0 0 0 0 8 0 0
42 8 0 0 0 0 0 8 0 0
45 2 0 0 0 0 0 1 0 0
46 72 1 1 9 0 0 9 0 0
47 18 0 0 9 3 0 9 0 0
48 18 0 0 0 0 0 9 0 0
50 36 0 0 9 0 0 0 0 0
51 36 0 0 63 0 0 0 0 0
fn=_dl_new_object
59 108 10 2 0 0 0 108 4 4
62 27 0 0 0 0 0 9 0 0
64 1 1 1 0 0 0 0 0 0
65 1 0 0 0 0 0 0 0 0
69 6 0 0 0 0 0 0 0 0
74 2 0 0 0 0 0 0 0 0
77 80 8 0 8 0 0 0 0 0
89 36 1 1 0 0 0 9 0 0
92 9 0 0 0 0 0 0 0 0
95 9 0 0 0 0 0 9 9 9
96 27 0 0 0 0 0 9 9 9
99 18 1 1 0 0 0 18 1 1
100 9 0 0 0 0 0 0 0 0
101 45 0 0 9 0 0 9 7 7
103 27 0 0 9 0 0 9 0 0
116 18 0 0 9 0 0 0 0 0
122 27 0 0 0 0 0 0 0 0
124 27 2 1 9 9 9 9 0 0
127 36 0 0 9 1 1 9 0 0
128 26 3 1 8 0 0 9 9 9
129 9 0 0 0 0 0 9 0 0
133 18 0 0 0 0 0 9 0 0
136 51 1 1 1 0 0 0 0 0
138 16 0 0 0 0 0 16 5 5
146 18 0 0 0 0 0 9 7 7
147 18 1 1 0 0 0 9 9 9
150 1 1 1 0 0 0 0 0 0
152 54 2 0 9 0 0 0 0 0
154 32 0 0 0 0 0 8 1 1
157 10 0 0 0 0 0 0 0 0
161 24 0 0 8 0 0 0 0 0
165 32 0 0 0 0 0 0 0 0
167 2 0 0 0 0 0 0 0 0
173 1 0 0 0 0 0 1 1 1
176 18 1 1 0 0 0 9 0 0
186 9 0 0 0 0 0 0 0 0
188 32 0 0 0 0 0 0 0 0
192 24 0 0 0 0 0 0 0 0
196 24 1 0 0 0 0 0 0 0
197 8 0 0 0 0 0 0 0 0
205 8 0 0 0 0 0 0 0 0
209 8 0 0 0 0 0 0 0 0
222 16 0 0 0 0 0 0 0 0
242 24 1 1 0 0 0 0 0 0
247 122 0 0 0 0 0 0 0 0
248 366 0 0 122 0 0 0 0 0
250 16 0 0 0 0 0 0 0 0
253 8 0 0 0 0 0 8 0 0
256 8 0 0 0 0 0 8 0 0
260 72 0 0 108 0 0 0 0 0
fl=/build/glibc-FcXrgv/glibc-2.31/elf/dl-open.c
fn=_dl_find_dso_for_object
201 5 1 1 0 0 0 6 0 0
205 7 1 1 1 0 0 1 0 0
206 6 1 1 3 2 0 0 0 0
207 18 0 0 6 1 0 0 0 0
208 2 0 0 1 0 0 0 0 0
211 3 1 1 1 1 0 0 0 0
215 6 0 0 7 0 0 0 0 0
fl=/build/glibc-FcXrgv/glibc-2.31/elf/dl-profstub.c
fn=_dl_mcount_wrapper_check
37 167 0 0 0 0 0 0 0 0
38 668 37 10 334 30 7 0 0 0
39 167 0 0 0 0 0 0 0 0
fl=/build/glibc-FcXrgv/glibc-2.31/elf/dl-reloc.c
fn=_dl_protect_relro
309 50 1 1 10 0 0 40 1 0
310 70 0 0 30 7 0 0 0 0
313 30 1 1 10 0 0 0 0 0
317 20 0 0 0 0 0 0 0 0
318 40 0 0 0 0 0 0 0 0
324 30 0 0 30 0 0 0 0 0
fn=_dl_relocate_object
148 120 2 2 0 0 0 130 0 0
158 10 0 0 0 0 0 0 0 0
159 40 0 0 0 0 0 20 0 0
163 10 0 0 0 0 0 0 0 0
164 60 0 0 10 4 0 10 0 0
170 20 0 0 10 0 0 0 0 0
176 20 0 0 10 0 0 0 0 0
177 10 1 1 10 10 0 0 0 0
178 30 0 0 0 0 0 0 0 0
180 30 1 1 10 1 0 0 0 0
187 30 0 0 10 7 0 10 0 0
227 30 0 0 20 5 0 10 0 0
255 421 2 2 199 48 2 87 0 0
258 20 1 1 10 0 0 0 0 0
282 30 0 0 10 1 0 10 0 0
285 20 0 0 10 10 0 0 0 0
302 20 0 0 10 5 0 0 0 0
303 20 1 1 0 0 0 0 0 0
304 80 0 0 120 6 0 0 0 0
fl=/build/glibc-FcXrgv/glibc-2.31/elf/dl-runtime.c
fn=_dl_fixup
66 318 40 16 0 0 0 424 14 3
68 106 0 0 212 79 33 0 0 0
69 106 0 0 106 0 0 0 0 0
72 318 44 17 212 120 37 0 0 0
73 636 0 0 212 64 25 106 0 0
75 318 0 0 212 147 80 0 0 0
80 212 0 0 0 0 0 0 0 0
84 318 0 0 106 103 94 0 0 0
86 210 0 0 0 0 0 0 0 0
88 318 41 14 106 56 18 106 0 0
92 210 0 0 210 147 81 0 0 0
93 420 0 0 105 44 17 0 0 0
94 105 0 0 105 50 25 0 0 0
101 106 0 0 0 0 0 0 0 0
102 424 38 13 106 20 3 0 0 0
112 954 0 0 212 48 17 0 0 0
116 212 0 0 106 0 0 0 0 0
126 1272 39 15 530 0 0 0 0 0
141 424 0 0 106 0 0 0 0 0
145 318 0 0 106 16 5 0 0 0
149 424 0 0 424 0 0 0 0 0
fl=/build/glibc-FcXrgv/glibc-2.31/elf/dl-sort-maps.c
fn=_dl_sort_maps
28 18 4 4 0 0 0 26 0 0
30 4 0 0 0 0 0 0 0 0
33 4 0 0 0 0 0 2 0 0
34 38 4 4 4 0 0 2 0 0
35 22 0 0 0 0 0 6 0 0
39 120 0 0 20 0 0 40 0 0
40 80 2 2 20 0 0 20 0 0
42 20 0 0 0 0 0 0 0 0
46 60 1 1 20 0 0 0 0 0
54 450 2 2 56 0 0 0 0 0
56 152 0 0 152 9 8 0 0 0
57 76 0 0 0 0 0 0 0 0
59 428 2 2 214 7 7 0 0 0
60 586 0 0 0 0 0 0 0 0
65 12 0 0 0 0 0 6 0 0
66 2 0 0 0 0 0 0 0 0
67 4 2 2 4 0 0 2 0 0
69 4 0 0 2 0 0 0 0 0
77 12 0 0 4 0 0 0 0 0
84 8 0 0 2 0 0 0 0 0
85 4 1 1 2 0 0 2 0 0
87 2 0 0 0 0 0 0 0 0
90 148 1 1 37 0 0 0 0 0
115 90 0 0 20 0 0 0 0 0
118 144 2 2 16 0 0 0 0 0
122 16 0 0 24 0 0 0 0 0
fl=/build/glibc-FcXrgv/glibc-2.31/elf/dl-tls.c
fn=_dl_add_to_slotinfo
887 8 2 2 0 0 0 7 0 0
893 1 0 0 1 0 0 0 0 0
896 3 0 0 1 1 0 0 0 0
901 3 1 1 1 0 0 0 0 0
942 1 0 0 0 0 0 0 0 0
944 1 0 0 0 0 0 2 1 0
945 4 0 0 1 0 0 0 0 0
947 5 0 0 7 0 0 0 0 0
fn=_dl_allocate_tls_init
437 4 1 1 0 0 0 4 2 0
438 1 0 0 0 0 0 0 0 0
442 2 0 0 1 1 0 2 0 0
444 1 0 0 0 0 0 0 0 0
445 1 0 0 0 0 0 0 0 0
448 9 1 1 2 1 0 6 0 0
460 2 0 0 1 0 0 0 0 0
465 12 1 1 1 1 0 0 0 0
471 6 1 1 0 0 0 0 0 0
474 1 0 0 1 1 0 0 0 0
475 1 0 0 0 0 0 0 0 0
481 5 0 0 2 0 0 0 0 0
482 2 0 0 0 0 0 0 0 0
484 5 1 1 1 1 0 1 1 1
485 1 0 0 0 0 0 1 0 0
487 2 0 0 0 0 0 0 0 0
488 2 0 0 1 1 0 0 0 0
491 2 0 0 0 0 0 0 0 0
492 4 0 0 2 0 0 0 0 0
497 1 0 0 0 0 0 0 0 0
504 1 0 0 0 0 0 1 0 0
507 9 0 0 5 0 0 0 0 0
521 5 1 1 8 0 0 1 0 0
524 4 0 0 4 0 0 0 0 0
fn=_dl_allocate_tls_storage
332 4 2 2 0 0 0 5 0 0
345 3 0 0 1 0 0 0 0 0
346 4 0 0 1 0 0 0 0 0
347 1 0 0 0 0 0 0 0 0
367 5 0 0 0 0 0 0 0 0
374 4 0 0 0 0 0 0 0 0
379 2 0 0 0 0 0 1 1 1
381 3 1 1 0 0 0 0 0 0
382 1 0 0 0 0 0 0 0 0
385 5 0 0 5 0 0 0 0 0
fn=_dl_count_modids
113 4 1 1 1 0 0 0 0 0
114 1 0 0 1 1 1 0 0 0
129 1 0 0 0 0 0 0 0 0
fn=_dl_determine_tlsoffset
135 2 0 0 0 0 0 2 0 0
136 1 0 0 0 0 0 0 0 0
137 1 0 0 0 0 0 0 0 0
138 1 0 0 0 0 0 0 0 0
141 4 2 2 1 0 0 0 0 0
144 2 0 0 1 0 0 0 0 0
225 1 0 0 0 0 0 0 0 0
227 9 1 1 2 1 1 0 0 0
229 4 1 1 1 0 0 0 0 0
231 3 0 0 1 0 0 0 0 0
232 2 0 0 1 0 0 0 0 0
234 2 0 0 0 0 0 0 0 0
236 5 0 0 1 0 0 0 0 0
250 4 1 1 0 0 0 0 0 0
251 1 0 0 0 0 0 0 0 0
252 3 0 0 0 0 0 0 0 0
254 2 0 0 0 0 0 1 0 0
255 1 0 0 0 0 0 0 0 0
258 3 0 0 0 0 0 0 0 0
261 1 0 0 0 0 0 0 0 0
264 2 0 0 0 0 0 1 0 0
265 1 0 0 0 0 0 1 0 0
272 1 0 0 0 0 0 1 0 0
273 2 0 0 2 0 0 0 0 0
fn=_dl_get_tls_static_info
309 4 0 0 1 1 0 1 1 1
310 2 0 0 1 0 0 1 0 0
311 1 0 0 0 0 0 0 0 0
fn=_dl_next_tls_modid
51 5 1 1 2 0 0 0 0 0
99 3 0 0 0 0 0 1 0 0
103 1 0 0 0 0 0 0 0 0
fn=allocate_dtv
278 4 1 1 0 0 0 4 0 0
285 3 1 1 1 0 0 0 0 0
286 3 0 0 0 0 0 0 0 0
287 1 0 0 0 0 0 0 0 0
290 3 0 0 0 0 0 1 1 1
296 1 0 0 0 0 0 1 0 0
302 3 0 0 4 0 0 0 0 0
fl=/build/glibc-FcXrgv/glibc-2.31/elf/dl-tunables.c
fn=__GI___tunables_init
67 42 1 1 14 0 0 0 0 0
70 26 0 0 0 0 0 0 0 0
73 709 1 1 116 6 6 0 0 0
77 13 0 0 0 0 0 0 0 0
82 39 0 0 0 0 0 0 0 0
278 3 0 0 1 0 0 0 0 0
287 8 2 2 0 0 0 12 2 2
310 1092 1 1 0 0 0 0 0 0
316 1092 0 0 546 0 0 0 0 0
328 65 0 0 13 0 0 0 0 0
362 7 0 0 12 0 0 0 0 0
fn=__tunable_get_val
371 219 9 2 22 11 3 0 0 0
380 26 0 0 22 3 1 4 1 0
390 18 2 1 0 0 0 18 0 0
391 18 0 0 0 0 0 0 0 0
397 220 1 1 22 3 1 0 0 0
399 22 0 0 0 0 0 0 0 0
fl=/build/glibc-FcXrgv/glibc-2.31/elf/dl-tunables.h
fn=__GI___tunables_init
119 799 0 0 268 9 9 0 0 0
120 454 1 1 0 0 0 0 0 0
fl=/build/glibc-FcXrgv/glibc-2.31/elf/dl-version.c
fn=_dl_check_all_versions
362 3 1 1 0 0 0 4 1 0
364 5 0 0 0 0 0 2 0 0
366 22 0 0 10 0 0 0 0 0
367 10 0 0 10 3 0 0 0 0
368 80 1 1 0 0 0 0 0 0
371 5 0 0 6 1 0 0 0 0
fn=_dl_check_map_versions
37 272 1 1 40 0 0 0 0 0
38 112 0 0 112 0 0 0 0 0
39 528 1 1 0 0 0 0 0 0
57 66 0 0 66 5 0 0 0 0
65 99 1 1 33 0 0 0 0 0
66 60 0 0 0 0 0 20 0 0
71 66 0 0 33 4 0 0 0 0
87 33 0 0 33 11 0 0 0 0
88 33 0 0 0 0 0 0 0 0
90 66 0 0 33 2 0 0 0 0
95 453 1 1 151 13 13 0 0 0
109 453 0 0 151 4 4 0 0 0
111 33 1 1 33 0 0 0 0 0
114 165 0 0 33 0 0 0 0 0
121 236 0 0 118 3 3 0 0 0
125 118 0 0 0 0 0 0 0 0
143 8 0 0 0 0 0 0 0 0
156 50 2 2 0 0 0 60 2 0
157 10 0 0 0 0 0 10 0 0
165 10 0 0 0 0 0 0 0 0
171 20 0 0 10 2 0 0 0 0
173 20 0 0 10 3 0 10 1 0
175 20 0 0 10 2 1 10 0 0
176 20 0 0 10 1 0 10 0 0
178 10 0 0 0 0 0 0 0 0
181 64 1 1 16 3 0 72 0 0
185 24 0 0 8 7 7 0 0 0
199 12 0 0 0 0 0 0 0 0
201 80 0 0 60 1 1 0 0 0
209 40 0 0 20 0 0 0 0 0
214 120 0 0 40 3 3 20 0 0
218 335 1 1 234 1 0 8 0 0
220 33 0 0 33 9 9 0 0 0
222 79 0 0 33 0 0 33 0 0
225 132 0 0 33 0 0 0 0 0
228 86 0 0 33 0 0 0 0 0
233 13 0 0 0 0 0 0 0 0
237 60 1 1 40 0 0 0 0 0
242 24 0 0 0 0 0 12 0 0
251 53 1 1 74 0 0 0 0 0
254 35 0 0 21 2 0 0 0 0
257 208 0 0 52 10 7 0 0 0
260 104 0 0 52 3 2 0 0 0
264 45 0 0 0 0 0 0 0 0
268 9 1 1 0 0 0 0 0 0
273 9 0 0 0 0 0 9 7 0
274 45 1 1 0 0 0 0 0 0
275 9 0 0 0 0 0 0 0 0
285 9 1 1 0 0 0 9 0 0
288 27 0 0 18 14 0 9 1 0
290 18 0 0 9 0 0 0 0 0
293 40 0 0 24 0 0 0 0 0
295 12 1 1 0 0 0 0 0 0
297 60 0 0 20 0 0 0 0 0
300 66 0 0 33 0 0 0 0 0
302 66 0 0 0 0 0 0 0 0
304 107 1 1 33 0 0 0 0 0
305 66 0 0 0 0 0 66 15 15
306 99 0 0 33 0 0 33 3 3
307 99 0 0 33 0 0 33 0 0
310 66 0 0 33 0 0 0 0 0
315 13 0 0 0 0 0 0 0 0
318 40 0 0 20 0 0 0 0 0
323 12 0 0 0 0 0 0 0 0
328 18 0 0 9 0 0 0 0 0
331 35 0 0 21 0 0 0 0 0
335 45 0 0 90 0 0 0 0 0
337 104 0 0 52 0 0 0 0 0
341 45 0 0 45 0 0 0 0 0
342 187 0 0 0 0 0 45 14 14
343 135 0 0 45 0 0 45 0 0
344 45 0 0 0 0 0 45 4 4
347 104 1 1 52 0 0 0 0 0
351 45 0 0 0 0 0 0 0 0
357 40 0 0 50 0 0 0 0 0
fl=/build/glibc-FcXrgv/glibc-2.31/elf/do-rel.h
fn=_dl_relocate_object
46 20 0 0 0 0 0 0 0 0
47 20 0 0 0 0 0 0 0 0
48 20 0 0 20 2 0 0 0 0
58 20 0 0 0 0 0 0 0 0
61 2151 0 0 0 0 0 0 0 0
83 11 0 0 11 2 0 0 0 0
84 11 1 1 11 0 0 0 0 0
86 22 0 0 0 0 0 0 0 0
98 44 1 1 0 0 0 0 0 0
108 11 0 0 1 1 1 0 0 0
111 4973 1 1 0 0 0 0 0 0
118 22 0 0 11 10 0 0 0 0
121 10 0 0 10 2 0 0 0 0
124 494 1 1 9 0 0 0 0 0
136 465 1 1 465 110 80 0 0 0
137 620 0 0 0 0 0 155 2 0
138 569 0 0 155 4 0 0 0 0
139 155 0 0 0 0 0 0 0 0
160 25 0 0 1 0 0 2 0 0
170 30 1 1 10 1 1 5 0 0
171 5 0 0 0 0 0 0 0 0
fn=_dl_start
83 1 0 0 1 0 0 0 0 0
84 1 0 0 1 0 0 0 0 0
111 159 0 0 0 0 0 0 0 0
116 2 0 0 1 0 0 0 0 0
124 42 0 0 6 0 0 0 0 0
136 24 1 1 24 3 3 0 0 0
137 24 0 0 0 0 0 0 0 0
139 12 0 0 0 0 0 0 0 0
fl=/build/glibc-FcXrgv/glibc-2.31/elf/get-dynamic-info.h
fn=_dl_map_object_from_fd
42 8 0 0 0 0 0 0 0 0
46 8 0 0 0 0 0 0 0 0
48 434 0 0 217 60 60 0 0 0
50 418 0 0 0 0 0 0 0 0
52 102 0 0 0 0 0 0 0 0
53 67 0 0 0 0 0 0 0 0
60 24 0 0 0 0 0 0 0 0
63 161 0 0 0 0 0 0 0 0
64 145 0 0 0 0 0 43 15 15
65 32 0 0 0 0 0 0 0 0
67 8 0 0 0 0 0 0 0 0
68 40 0 0 0 0 0 0 0 0
69 16 0 0 0 0 0 0 0 0
71 40 1 1 0 0 0 0 0 0
72 24 1 1 0 0 0 0 0 0
73 332 1 1 0 0 0 166 32 32
81 8 1 1 0 0 0 0 0 0
101 31 0 0 13 0 0 5 0 0
102 40 0 0 16 0 0 8 0 0
103 40 1 1 16 0 0 8 0 0
104 40 0 0 16 0 0 8 0 0
106 40 0 0 16 0 0 8 0 0
111 40 0 0 16 0 0 8 0 0
112 37 2 1 15 1 1 7 0 0
113 40 0 0 16 0 0 8 0 0
118 16 0 0 8 0 0 0 0 0
123 24 0 0 8 0 0 0 0 0
130 16 8 1 8 0 0 0 0 0
131 32 0 0 16 0 0 0 0 0
149 16 0 0 8 0 0 0 0 0
163 16 0 0 8 0 0 0 0 0
165 6 2 1 2 0 0 2 0 0
166 2 0 0 0 0 0 0 0 0
167 2 0 0 0 0 0 1 0 0
175 6 0 0 2 0 0 0 0 0
180 2 0 0 0 0 0 0 0 0
183 16 6 0 8 0 0 0 0 0
fn=_dl_start
33 1 0 0 0 0 0 0 0 0
48 42 0 0 21 6 6 0 0 0
50 40 1 1 0 0 0 0 0 0
52 10 0 0 0 0 0 0 0 0
53 7 0 0 0 0 0 0 0 0
60 3 0 0 0 0 0 0 0 0
63 16 1 1 0 0 0 0 0 0
64 14 0 0 0 0 0 4 0 0
65 4 1 1 0 0 0 0 0 0
67 1 0 0 0 0 0 0 0 0
68 5 1 1 0 0 0 0 0 0
69 2 0 0 0 0 0 0 0 0
71 5 0 0 0 0 0 0 0 0
72 3 0 0 0 0 0 0 0 0
73 18 1 1 0 0 0 16 0 0
81 1 0 0 0 0 0 0 0 0
101 5 0 0 2 0 0 1 0 0
102 5 1 1 2 0 0 1 0 0
103 5 0 0 2 0 0 1 0 0
104 5 0 0 2 0 0 1 0 0
106 5 1 1 2 0 0 1 0 0
111 5 0 0 2 0 0 1 0 0
112 5 0 0 2 0 0 1 0 0
113 5 0 0 2 0 0 1 0 0
118 2 1 1 1 0 0 0 0 0
123 3 0 0 1 0 0 0 0 0
130 2 0 0 1 0 0 0 0 0
131 4 0 0 2 0 0 0 0 0
139 2 0 0 1 0 0 0 0 0
142 2 1 1 1 0 0 0 0 0
146 2 0 0 1 0 0 0 0 0
147 2 0 0 1 0 0 0 0 0
fn=dl_main
33 1 0 0 1 0 0 0 0 0
42 1 0 0 0 0 0 0 0 0
46 1 0 0 0 0 0 0 0 0
48 62 1 1 31 8 8 0 0 0
50 60 0 0 0 0 0 0 0 0
52 8 0 0 0 0 0 0 0 0
53 6 0 0 0 0 0 0 0 0
60 3 1 1 0 0 0 0 0 0
63 13 1 1 0 0 0 0 0 0
64 11 1 1 0 0 0 3 2 2
65 4 1 1 0 0 0 0 0 0
67 1 0 0 0 0 0 0 0 0
68 5 0 0 0 0 0 0 0 0
69 2 0 0 0 0 0 0 0 0
71 5 1 1 0 0 0 0 0 0
72 3 0 0 0 0 0 0 0 0
73 28 0 0 0 0 0 27 3 3
81 2 0 0 1 0 0 0 0 0
118 2 1 1 1 0 0 0 0 0
123 3 0 0 1 0 0 0 0 0
130 2 0 0 1 0 0 0 0 0
131 4 1 1 2 0 0 0 0 0
149 2 0 0 1 1 1 0 0 0
163 2 0 0 1 0 0 0 0 0
183 2 1 1 1 0 0 0 0 0
fl=/build/glibc-FcXrgv/glibc-2.31/elf/rtld.c
fn=_dl_start
462 2 0 0 0 0 0 1 1 1
463 9 1 1 0 0 0 7 2 2
496 166 0 0 0 0 0 0 0 0
497 1 0 0 0 0 0 0 0 0
499 83 0 0 0 0 0 83 12 12
504 1 0 0 0 0 0 1 1 1
507 1 0 0 0 0 0 1 0 0
518 1 0 0 0 0 0 0 0 0
523 23 1 1 9 0 0 2 0 0
525 3 0 0 1 1 1 1 0 0
541 3 0 0 1 0 0 0 0 0
550 5 1 0 6 2 0 0 0 0
fn=_dl_start_final
412 6 2 2 0 0 0 6 1 1
423 4 0 0 1 0 0 1 1 1
424 2 0 0 1 0 0 1 1 1
425 4 0 0 0 0 0 0 0 0
427 4 0 0 2 1 1 2 1 1
428 3 1 1 1 1 1 1 0 0
430 3 0 0 0 0 0 0 0 0
431 2 0 0 0 0 0 1 0 0
432 3 1 1 0 0 0 1 0 0
433 3 0 0 0 0 0 1 1 1
434 3 0 0 0 0 0 1 0 0
443 2 0 0 0 0 0 1 0 0
449 4 0 0 0 0 0 0 0 0
451 3 1 0 1 0 0 0 0 0
459 4 0 0 6 0 0 0 0 0
fn=dl_main
817 2 0 0 1 1 0 0 0 0
821 3 0 0 1 1 0 1 0 0
830 4 0 0 3 2 0 1 0 0
835 1 0 0 0 0 0 1 0 0
1090 14 2 2 0 0 0 16 3 3
1096 3 0 0 0 0 0 0 0 0
1099 1 0 0 0 0 0 0 0 0
1102 5 0 0 0 0 0 1 0 0
1106 3 0 0 0 0 0 1 1 1
1107 3 1 1 0 0 0 1 0 0
1112 3 0 0 0 0 0 1 0 0
1122 6 1 1 2 0 0 0 0 0
1330 10 1 1 0 0 0 1 0 0
1332 1 0 0 0 0 0 0 0 0
1333 1 0 0 0 0 0 1 1 1
1334 2 0 0 1 0 0 1 0 0
1335 3 1 1 2 0 0 1 0 0
1339 2 0 0 0 0 0 0 0 0
1340 3 0 0 1 0 0 0 0 0
1361 1 0 0 0 0 0 1 0 0
1362 1 0 0 0 0 0 1 0 0
1364 2 1 1 0 0 0 1 0 0
1366 3 0 0 1 0 0 1 0 0
1369 32 0 0 1 0 0 0 0 0
1370 75 4 4 9 5 5 0 0 0
1374 3 1 1 1 0 0 1 0 0
1375 1 0 0 0 0 0 0 0 0
1379 4 0 0 2 0 0 1 0 0
1380 1 0 0 0 0 0 0 0 0
1388 4 0 0 0 0 0 1 0 0
1389 3 0 0 2 1 1 0 0 0
1391 1 0 0 0 0 0 1 0 0
1398 2 0 0 1 0 0 0 0 0
1410 1 1 1 0 0 0 0 0 0
1416 1 0 0 0 0 0 0 0 0
1424 4 0 0 2 0 0 0 0 0
1425 8 0 0 3 1 1 0 0 0
1426 6 0 0 2 0 0 0 0 0
1427 1 1 1 0 0 0 1 0 0
1430 6 0 0 2 1 1 0 0 0
1431 4 0 0 0 0 0 0 0 0
1432 4 0 0 0 0 0 2 0 0
1433 6 0 0 2 0 0 0 0 0
1434 3 0 0 0 0 0 1 0 0
1456 2 0 0 0 0 0 0 0 0
1461 3 0 0 1 0 0 1 0 0
1462 1 0 0 0 0 0 0 0 0
1465 2 0 0 1 0 0 1 0 0
1466 2 0 0 1 0 0 1 0 0
1478 2 0 0 1 1 1 0 0 0
1481 1 0 0 0 0 0 0 0 0
1483 1 0 0 0 0 0 0 0 0
1485 3 1 1 1 0 0 0 0 0
1498 3 0 0 1 0 0 0 0 0
1499 5 0 0 2 0 0 0 0 0
1500 1 0 0 1 0 0 0 0 0
1501 3 0 0 2 0 0 0 0 0
1504 4 1 1 0 0 0 1 0 0
1506 1 0 0 0 0 0 1 1 1
1507 2 0 0 0 0 0 1 0 0
1509 2 0 0 1 0 0 0 0 0
1510 1 0 0 0 0 0 1 0 0
1514 3 0 0 1 0 0 0 0 0
1516 1 0 0 0 0 0 0 0 0
1521 2 0 0 0 0 0 0 0 0
1524 3 0 0 1 0 0 0 0 0
1549 10 1 1 1 0 0 1 0 0
1554 5 1 1 1 0 0 1 0 0
1557 6 0 0 1 0 0 1 0 0
1559 1 0 0 0 0 0 1 0 0
1564 2 0 0 1 0 0 0 0 0
1567 4 1 1 2 0 0 1 0 0
1568 5 0 0 1 0 0 1 0 0
1569 2 0 0 0 0 0 1 0 0
1570 1 0 0 0 0 0 1 0 0
1571 3 0 0 1 0 0 1 0 0
1572 3 0 0 1 0 0 1 0 0
1577 4 1 1 1 0 0 0 0 0
1578 4 1 1 1 0 0 1 0 0
1595 5 1 1 1 1 1 0 0 0
1596 3 0 0 1 0 0 0 0 0
1598 2 0 0 1 0 0 0 0 0
1600 2 1 1 0 0 0 1 0 0
1601 3 0 0 1 0 0 1 0 0
1605 2 0 0 0 0 0 0 0 0
1606 1 0 0 0 0 0 0 0 0
1607 9 0 0 1 1 1 0 0 0
1609 3 0 0 1 0 0 1 1 1
1610 2 0 0 1 0 0 1 0 0
1615 3 1 1 1 1 1 0 0 0
1620 2 0 0 0 0 0 1 0 0
1621 5 0 0 1 0 0 0 0 0
1622 4 0 0 2 0 0 1 0 0
1640 2 0 0 0 0 0 1 0 0
1648 2 1 1 1 0 0 0 0 0
1651 2 0 0 1 0 0 1 0 0
1655 3 0 0 1 0 0 0 0 0
1660 3 0 0 1 0 0 1 0 0
1661 1 0 0 0 0 0 0 0 0
1662 1 0 0 0 0 0 0 0 0
1666 3 1 1 1 0 0 0 0 0
1682 3 0 0 2 0 0 0 0 0
1684 1 0 0 0 0 0 0 0 0
1686 4 0 0 2 0 0 0 0 0
1690 6 1 1 0 0 0 0 0 0
1694 4 0 0 2 0 0 0 0 0
1709 6 1 1 0 0 0 0 0 0
1785 3 0 0 2 0 0 0 0 0
1789 14 2 2 0 0 0 1 1 0
1790 1 1 1 0 0 0 0 0 0
1793 3 0 0 0 0 0 1 0 0
1794 1 0 0 1 0 0 0 0 0
1795 1 0 0 0 0 0 0 0 0
1796 2 0 0 0 0 0 0 0 0
1805 8 0 0 1 0 0 0 0 0
1810 32 0 0 1 0 0 0 0 0
1811 43 1 1 21 0 0 10 0 0
1814 4 0 0 2 0 0 1 0 0
1815 2 0 0 1 0 0 0 0 0
1816 1 1 1 0 0 0 1 0 0
1818 26 0 0 0 0 0 0 0 0
1819 40 0 0 10 0 0 0 0 0
1829 3 1 1 0 0 0 1 1 0
1831 4 0 0 1 0 0 1 0 0
1832 2 1 1 1 1 0 0 0 0
1834 3 0 0 0 0 0 1 0 0
1836 3 0 0 0 0 0 0 0 0
1838 3 0 0 1 0 0 0 0 0
1839 1 0 0 1 0 0 0 0 0
1852 2 1 1 0 0 0 0 0 0
1853 2 0 0 0 0 0 1 0 0
1854 3 0 0 1 0 0 0 0 0
1865 4 0 0 1 0 0 1 1 1
1866 1 0 0 0 0 0 1 0 0
1867 7 1 1 0 0 0 0 0 0
1877 3 0 0 1 0 0 1 1 0
1878 2 0 0 1 0 0 0 0 0
1879 3 1 1 0 0 0 1 0 0
1881 2 1 1 1 0 0 0 0 0
1886 2 0 0 1 0 0 0 0 0
2116 2 1 1 1 1 0 0 0 0
2172 2 1 1 0 0 0 1 0 0
2176 4 0 0 2 1 0 2 0 0
2182 2 0 0 1 0 0 1 1 0
2185 1 0 0 0 0 0 0 0 0
2217 3 1 1 1 0 0 0 0 0
2239 5 1 1 1 0 0 0 0 0
2242 3 0 0 1 0 0 1 0 0
2246 2 0 0 1 0 0 0 0 0
2247 31 0 0 0 0 0 0 0 0
2249 20 1 1 20 3 0 0 0 0
2254 20 0 0 20 8 0 0 0 0
2256 13 1 1 1 1 0 0 0 0
2258 2 1 1 0 0 0 1 0 0
2259 1 0 0 1 0 0 0 0 0
2262 30 0 0 10 1 0 10 0 0
2264 35 0 0 10 2 0 2 0 0
2265 63 0 0 18 8 0 0 0 0
2269 23 0 0 11 2 0 0 0 0
2270 4 0 0 0 0 0 0 0 0
2278 3 0 0 1 1 0 0 0 0
2280 1 0 0 0 0 0 0 0 0
2283 5 0 0 2 2 0 0 0 0
2285 4 1 1 1 0 0 1 0 0
2292 3 0 0 1 0 0 0 0 0
2295 3 0 0 1 1 0 0 0 0
2304 6 0 0 2 1 0 0 0 0
2306 4 1 1 1 0 0 0 0 0
2319 3 0 0 1 1 0 1 0 0
2320 6 0 0 1 1 0 0 0 0
2330 1 0 0 0 0 0 0 0 0
2334 3 0 0 1 0 0 0 0 0
2355 4 0 0 0 0 0 0 0 0
2356 1 0 0 0 0 0 1 0 0
2357 1 0 0 0 0 0 0 0 0
2358 1 0 0 0 0 0 0 0 0
2362 1 0 0 0 0 0 0 0 0
2367 9 1 1 12 2 2 0 0 0
2533 3 0 0 1 0 0 1 1 1
2535 1 0 0 0 0 0 1 0 0
2536 1 0 0 0 0 0 0 0 0
2540 7 0 0 1 0 0 1 0 0
2542 9 0 0 3 0 0 0 0 0
2544 2 0 0 0 0 0 0 0 0
2546 86 1 1 21 0 0 0 0 0
2547 19 0 0 0 0 0 0 0 0
2549 4 0 0 0 0 0 0 0 0
2555 13 3 3 0 0 0 0 0 0
2576 5 1 1 1 0 0 0 0 0
2583 11 2 2 2 0 0 0 0 0
2585 3 0 0 0 0 0 1 0 0
2586 1 0 0 0 0 0 0 0 0
2631 2 1 1 1 0 0 0 0 0
2632 12 1 1 2 0 0 0 0 0
2634 3 0 0 0 0 0 1 0 0
2635 1 0 0 0 0 0 0 0 0
2639 7 2 2 0 0 0 1 0 0
2667 4 0 0 0 0 0 0 0 0
2674 8 0 0 0 0 0 0 0 0
2704 4 1 1 1 0 0 0 0 0
2736 5 0 0 1 0 0 0 0 0
fn=do_preload
768 7 1 1 0 0 0 6 0 0
774 1 0 0 0 0 0 2 0 0
775 1 0 0 0 0 0 1 0 0
776 2 0 0 0 0 0 1 0 0
778 3 0 0 1 0 0 0 0 0
780 7 1 1 0 0 0 0 0 0
781 2 1 0 1 0 0 0 0 0
789 3 0 0 1 0 0 0 0 0
795 4 0 0 6 0 0 0 0 0
fn=dso_name_valid_for_suid
167 4 1 1 0 0 0 4 0 0
168 3 0 0 1 0 0 0 0 0
176 3 0 0 1 0 0 0 0 0
177 4 0 0 4 0 0 0 0 0
fn=handle_preload_list
858 7 1 1 0 0 0 6 2 2
859 4 1 1 0 0 0 2 0 0
863 5 0 0 2 0 0 0 0 0
866 8 0 0 0 0 0 1 0 0
867 3 1 1 0 0 0 0 0 0
869 4 1 1 0 0 0 0 0 0
870 2 0 0 0 0 0 1 0 0
876 1 0 0 0 0 0 0 0 0
877 4 0 0 1 0 0 0 0 0
880 2 0 0 0 0 0 0 0 0
881 6 0 0 0 0 0 0 0 0
884 9 0 0 9 0 0 0 0 0
fn=init_tls
699 4 1 1 0 0 0 5 0 0
701 4 0 0 1 0 0 1 0 0
705 2 1 1 1 0 0 0 0 0
711 1 0 0 0 0 0 0 0 0
714 1 0 0 0 0 0 1 0 0
715 3 0 0 0 0 0 0 0 0
716 1 0 0 0 0 0 0 0 0
720 1 0 0 0 0 0 0 0 0
721 1 0 0 0 0 0 1 0 0
722 1 0 0 0 0 0 1 0 0
726 2 0 0 1 1 1 0 0 0
727 2 0 0 0 0 0 0 0 0
728 12 1 1 1 0 0 0 0 0
729 10 0 0 10 0 0 0 0 0
730 30 0 0 10 9 0 0 0 0
734 4 0 0 0 0 0 1 0 0
736 1 0 0 0 0 0 0 0 0
738 2 0 0 0 0 0 0 0 0
741 1 0 0 0 0 0 0 0 0
748 1 1 1 0 0 0 0 0 0
749 1 0 0 0 0 0 0 0 0
755 3 0 0 1 0 0 1 0 0
758 1 0 0 0 0 0 0 0 0
761 3 0 0 0 0 0 1 0 0
764 4 0 0 5 0 0 0 0 0
fn=map_doit
606 4 2 2 0 0 0 3 1 1
608 3 0 0 1 0 0 0 0 0
609 6 1 0 2 0 0 1 0 0
611 3 0 0 3 0 0 0 0 0
fn=rtld_lock_default_lock_recursive
802 27 1 1 9 6 1 9 0 0
803 9 0 0 0 0 0 0 0 0
fn=rtld_lock_default_unlock_recursive
808 27 0 0 9 0 0 9 0 0
809 9 0 0 0 0 0 0 0 0
fn=version_check_doit
639 4 2 2 0 0 0 3 0 0
641 6 0 0 2 0 0 0 0 0
645 3 0 0 3 0 0 0 0 0
fl=/build/glibc-FcXrgv/glibc-2.31/iconv/../iconv/loop.c
fn=__gconv_transform_ascii_internal
301 264 0 0 0 0 0 0 0 0
309 356 0 0 0 0 0 0 0 0
322 480 0 0 0 0 0 0 0 0
323 174 0 0 0 0 0 0 0 0
336 1610 3 3 302 0 0 46 0 0
340 132 1 1 0 0 0 132 0 0
fn=__gconv_transform_internal_utf8
301 5 0 0 0 0 0 0 0 0
303 5 0 0 0 0 0 10 0 0
309 66 0 0 0 0 0 0 0 0
314 46 0 0 0 0 0 0 0 0
315 23 0 0 0 0 0 0 0 0
322 46 4 2 0 0 0 0 0 0
336 237 0 0 69 0 0 79 0 0
340 5 0 0 0 0 0 5 0 0
fn=__gconv_transform_utf8_internal
301 60 0 0 0 0 0 0 0 0
309 1464 0 0 0 0 0 0 0 0
322 1464 0 0 0 0 0 0 0 0
323 702 15 5 0 0 0 0 0 0
336 4944 15 5 702 0 0 702 22 9
340 30 15 5 0 0 0 30 0 0
fl=/build/glibc-FcXrgv/glibc-2.31/iconv/../iconv/skeleton.c
fn=__gconv_transform_ascii_internal
399 2244 2 2 264 0 0 1452 0 0
400 132 0 0 0 0 0 0 0 0
401 132 0 0 0 0 0 0 0 0
402 132 0 0 0 0 0 0 0 0
405 264 0 0 132 0 0 0 0 0
417 132 1 1 0 0 0 0 0 0
513 528 0 0 132 0 0 264 0 0
514 132 0 0 132 0 0 0 0 0
518 132 0 0 0 0 0 132 0 0
519 660 0 0 0 0 0 132 0 0
602 132 0 0 132 0 0 0 0 0
609 396 1 1 132 0 0 0 0 0
647 132 0 0 0 0 0 0 0 0
654 396 0 0 264 0 0 132 0 0
658 132 0 0 0 0 0 0 0 0
661 132 0 0 0 0 0 132 0 0
665 528 1 1 264 0 0 132 0 0
667 264 0 0 264 0 0 0 0 0
676 264 0 0 0 0 0 132 0 0
813 1848 1 1 1716 0 0 0 0 0
fn=__gconv_transform_internal_utf8
399 95 9 6 10 0 0 70 7 1
400 5 0 0 0 0 0 0 0 0
401 5 0 0 0 0 0 0 0 0
402 5 0 0 0 0 0 0 0 0
405 10 0 0 5 0 0 0 0 0
417 5 0 0 0 0 0 0 0 0
511 5 0 0 5 0 0 0 0 0
513 15 2 2 5 0 0 0 0 0
514 5 0 0 5 0 0 0 0 0
518 5 0 0 0 0 0 5 0 0
519 20 0 0 0 0 0 5 0 0
556 5 0 0 0 0 0 0 0 0
559 20 8 4 10 0 0 0 0 0
647 10 0 0 5 0 0 0 0 0
654 15 4 2 10 0 0 5 0 0
658 5 0 0 0 0 0 0 0 0
661 5 0 0 0 0 0 5 0 0
665 35 3 2 10 0 0 5 0 0
676 35 4 2 0 0 0 15 0 0
789 15 0 0 0 0 0 0 0 0
813 75 7 4 75 0 0 0 0 0
fn=__gconv_transform_utf8_internal
399 540 30 13 60 0 0 390 28 3
400 30 0 0 0 0 0 0 0 0
401 30 0 0 0 0 0 0 0 0
402 30 0 0 0 0 0 0 0 0
405 60 0 0 30 0 0 0 0 0
417 30 15 5 0 0 0 0 0 0
511 30 0 0 30 0 0 0 0 0
513 90 0 0 30 0 0 0 0 0
514 30 0 0 30 0 0 0 0 0
518 30 0 0 0 0 0 60 4 0
519 90 0 0 0 0 0 0 0 0
556 30 0 0 0 0 0 0 0 0
559 120 30 11 60 0 0 0 0 0
647 30 0 0 0 0 0 0 0 0
654 90 0 0 60 0 0 30 0 0
658 30 0 0 0 0 0 0 0 0
661 30 0 0 0 0 0 30 0 0
665 120 15 6 60 0 0 30 0 0
667 30 0 0 0 0 0 0 0 0
676 90 0 0 0 0 0 30 0 0
789 90 15 5 0 0 0 0 0 0
813 450 30 8 450 0 0 0 0 0
fl=/build/glibc-FcXrgv/glibc-2.31/iconv/../sysdeps/unix/sysv/linux/not-cancel.h
fn=__gconv_load_cache
60 2 0 0 0 0 0 0 0 0
fl=/build/glibc-FcXrgv/glibc-2.31/iconv/gconv_builtin.c
fn=__gconv_get_builtin_trans
63 40 2 2 9 3 0 12 0 0
66 29 0 0 0 0 0 0 0 0
67 33 0 0 0 0 0 0 0 0
72 10 1 1 2 0 0 2 0 0
73 4 0 0 2 0 0 2 0 0
75 2 0 0 0 0 0 4 0 0
77 2 0 0 0 0 0 4 0 0
79 2 0 0 2 0 0 0 0 0
80 4 0 0 2 0 0 4 0 0
81 2 0 0 2 0 0 0 0 0
82 4 1 1 2 0 0 4 0 0
85 2 0 0 0 0 0 2 0 0
86 8 0 0 12 0 0 0 0 0
fl=/build/glibc-FcXrgv/glibc-2.31/iconv/gconv_cache.c
fn=__gconv_compare_alias_cache
228 48 3 2 12 0 0 30 0 0
232 18 0 0 6 0 0 0 0 0
235 42 0 0 0 0 0 12 0 0
236 24 6 1 0 0 0 0 0 0
239 30 6 1 24 0 0 6 0 0
242 54 0 0 42 0 0 0 0 0
fn=__gconv_load_cache
49 8 1 1 2 0 0 5 0 0
56 5 0 0 0 0 0 1 0 0
57 1 0 0 0 0 0 0 0 0
61 6 1 1 0 0 0 0 0 0
62 2 0 0 0 0 0 0 0 0
67 5 0 0 0 0 0 0 0 0
70 4 1 1 1 0 0 2 0 0
78 3 0 0 0 0 0 1 0 0
80 7 0 0 0 0 0 1 0 0
81 2 0 0 0 0 0 0 0 0
113 2 0 0 1 0 0 0 0 0
114 5 1 1 1 1 1 0 0 0
115 4 0 0 2 0 0 0 0 0
116 3 0 0 1 0 0 0 0 0
117 2 0 0 1 0 0 0 0 0
118 2 1 1 0 0 0 0 0 0
119 1 0 0 0 0 0 0 0 0
121 3 0 0 1 0 0 0 0 0
122 4 0 0 3 0 0 0 0 0
139 1 0 0 0 0 0 0 0 0
140 9 1 1 7 0 0 0 0 0
fn=__gconv_lookup_cache
248 20 2 1 4 0 0 18 0 0
258 6 0 0 2 0 0 0 0 0
263 12 0 0 4 1 0 2 0 0
264 2 0 0 0 0 0 0 0 0
265 12 0 0 2 0 0 8 0 0
267 6 1 1 0 0 0 0 0 0
268 20 0 0 6 0 0 0 0 0
271 4 1 1 0 0 0 0 0 0
273 10 1 1 0 0 0 0 0 0
274 18 1 1 6 0 0 0 0 0
277 6 0 0 0 0 0 2 0 0
280 4 0 0 2 0 0 0 0 0
284 6 0 0 0 0 0 0 0 0
359 4 1 1 1 1 1 0 0 0
360 7 0 0 4 0 0 0 0 0
366 9 1 1 0 0 0 3 0 0
367 5 2 2 3 0 0 0 0 0
370 2 0 0 0 0 0 2 0 0
371 5 0 0 0 0 0 2 0 0
376 2 0 0 1 0 0 0 0 0
377 4 0 0 1 0 0 2 0 0
379 2 0 0 0 0 0 1 0 0
380 1 0 0 0 0 0 1 1 1
383 5 1 1 2 0 0 0 0 0
399 6 0 0 1 0 0 1 0 0
402 3 0 0 1 0 0 1 0 0
406 5 0 0 5 0 0 0 0 0
410 1 0 0 0 0 0 0 0 0
411 3 0 0 1 0 0 2 0 0
413 2 0 0 0 0 0 1 1 1
414 1 0 0 0 0 0 1 1 1
417 7 1 1 4 0 0 0 0 0
435 3 0 0 0 0 0 0 0 0
438 6 0 0 5 0 0 1 0 0
442 24 0 0 22 0 0 0 0 0
fn=find_module_idx
145 144 11 2 0 0 0 192 0 0
154 48 0 0 16 0 0 0 0 0
155 16 0 0 16 2 0 0 0 0
157 16 0 0 16 0 0 0 0 0
159 16 0 0 0 0 0 0 0 0
160 64 0 0 16 0 0 0 0 0
161 64 7 1 0 0 0 0 0 0
163 48 0 0 32 0 0 0 0 0
164 144 7 1 32 8 4 0 0 0
165 64 0 0 0 0 0 0 0 0
166 160 0 0 0 0 0 0 0 0
168 32 0 0 16 0 0 16 0 0
172 32 0 0 0 0 0 0 0 0
173 64 0 0 0 0 0 0 0 0
177 112 3 1 192 0 0 0 0 0
fl=/build/glibc-FcXrgv/glibc-2.31/iconv/gconv_conf.c
fn=__gconv_load_conf
618 128 10 2 32 0 0 0 0 0
fn=__gconv_read_conf
539 13 2 2 2 0 0 13 0 0
542 6 0 0 2 0 0 3 0 0
546 2 0 0 0 0 0 0 0 0
549 1 0 0 0 0 0 1 0 0
604 15 1 1 15 0 0 0 0 0
fl=/build/glibc-FcXrgv/glibc-2.31/iconv/gconv_db.c
fn=__gconv_compare_alias
704 66 2 1 12 0 0 42 0 0
708 6 0 0 0 0 0 0 0 0
710 36 2 1 6 0 0 0 0 0
715 60 0 0 54 0 0 0 0 0
fn=__gconv_find_transform
722 32 1 1 4 0 0 22 0 0
728 2 0 0 0 0 0 0 0 0
731 14 1 1 0 0 0 0 0 0
733 14 1 1 0 0 0 0 0 0
734 4 0 0 0 0 0 0 0 0
737 12 1 1 0 0 0 0 0 0
779 26 2 2 26 0 0 0 0 0
fl=/build/glibc-FcXrgv/glibc-2.31/intl/../include/../locale/localeinfo.h
fn=__dcigettext
206 96 16 6 16 16 3 0 0 0
fl=/build/glibc-FcXrgv/glibc-2.31/intl/../string/argz.h
fn=_nl_make_l10nflist
136 10 0 0 0 0 0 0 0 0
138 18 0 0 0 0 0 5 0 0
139 20 0 0 0 0 0 0 0 0
141 15 0 0 5 0 0 0 0 0
144 15 1 1 0 0 0 0 0 0
fl=/build/glibc-FcXrgv/glibc-2.31/intl/dcgettext.c
fn=dcgettext
47 80 32 8 0 0 0 0 0 0
fl=/build/glibc-FcXrgv/glibc-2.31/intl/dcigettext.c
fn=__dcigettext
485 256 32 11 32 0 0 256 35 1
494 16 0 0 0 0 0 16 0 0
508 16 0 0 0 0 0 0 0 0
512 80 16 6 0 0 0 0 0 0
521 96 0 0 32 0 0 48 4 0
525 224 16 5 64 16 4 0 0 0
528 176 16 4 48 0 0 16 0 0
534 64 16 5 16 16 7 0 0 0
544 16 0 0 0 0 0 16 0 0
545 16 0 0 0 0 0 16 0 0
546 16 0 0 0 0 0 16 0 0
547 16 0 0 0 0 0 16 2 0
551 48 0 0 0 0 0 16 0 0
560 16 0 0 0 0 0 16 0 0
567 192 16 4 80 0 0 0 0 0
569 128 0 0 16 0 0 16 0 0
571 160 16 6 64 0 0 0 0 0
573 32 0 0 16 0 0 0 0 0
601 80 16 4 32 21 4 0 0 0
616 48 16 5 0 0 0 0 0 0
650 80 0 0 0 0 0 16 0 0
651 288 32 12 0 0 0 48 0 0
655 176 0 0 16 0 0 32 0 0
660 256 32 10 0 0 0 16 0 0
669 48 0 0 16 0 0 0 0 0
671 16 0 0 0 0 0 0 0 0
683 64 16 5 16 0 0 0 0 0
684 16 0 0 0 0 0 16 0 0
685 16 0 0 0 0 0 16 0 0
689 96 0 0 48 32 10 16 0 0
696 80 16 5 32 0 0 0 0 0
697 32 16 6 0 0 0 0 0 0
709 80 0 0 0 0 0 16 0 0
716 16 0 0 0 0 0 0 0 0
833 32 16 7 16 0 0 0 0 0
835 208 16 5 80 0 0 0 0 0
837 128 0 0 48 0 0 0 0 0
852 48 0 0 48 0 0 16 0 0
856 80 16 4 32 0 0 0 0 0
857 256 16 4 240 0 0 0 0 0
1539 48 0 0 0 0 0 0 0 0
1568 80 16 8 32 15 5 0 0 0
fl=/build/glibc-FcXrgv/glibc-2.31/intl/explodename.c
fn=_nl_explode_name
46 120 6 1 12 0 0 6 0 0
47 12 0 0 0 0 0 0 0 0
58 30 1 1 0 0 0 30 0 0
62 6 0 0 0 0 0 6 0 0
63 6 0 0 0 0 0 6 0 0
64 6 1 1 0 0 0 6 0 0
65 6 0 0 0 0 0 6 0 0
69 12 0 0 0 0 0 0 0 0
70 6 0 0 0 0 0 6 0 0
73 18 0 0 6 0 0 0 0 0
91 12 0 0 0 0 0 0 0 0
94 18 6 1 0 0 0 18 0 0
95 12 0 0 0 0 0 6 0 0
97 156 3 1 36 0 0 6 0 0
98 30 0 0 0 0 0 0 0 0
102 12 0 0 0 0 0 0 0 0
104 42 6 1 6 0 0 18 0 0
106 6 0 0 0 0 0 0 0 0
108 30 0 0 12 0 0 0 0 0
111 42 6 1 30 0 0 0 0 0
116 12 0 0 0 0 0 0 0 0
126 12 2 1 6 0 0 0 0 0
129 18 0 0 12 0 0 0 0 0
130 18 6 1 0 0 0 0 0 0
133 30 0 0 30 0 0 0 0 0
fl=/build/glibc-FcXrgv/glibc-2.31/intl/hash-string.c
fn=__hash_string
38 276 3 1 130 1 1 0 0 0
41 342 3 1 0 0 0 0 0 0
42 98 0 0 0 0 0 0 0 0
46 294 0 0 0 0 0 0 0 0
50 16 0 0 0 0 0 0 0 0
fl=/build/glibc-FcXrgv/glibc-2.31/intl/l10nflist.c
fn=_nl_make_l10nflist
73 28 1 1 0 0 0 0 0 0
74 108 1 1 0 0 0 0 0 0
76 24 0 0 0 0 0 0 0 0
77 24 0 0 0 0 0 0 0 0
78 12 0 0 0 0 0 0 0 0
79 12 1 1 0 0 0 0 0 0
96 36 0 0 0 0 0 0 0 0
98 24 0 0 0 0 0 0 0 0
100 12 0 0 0 0 0 0 0 0
101 24 2 1 0 0 0 0 0 0
102 24 0 0 0 0 0 0 0 0
157 180 3 2 0 0 0 168 0 0
166 48 1 1 0 0 0 0 0 0
167 48 0 0 0 0 0 0 0 0
169 36 2 1 0 0 0 0 0 0
171 84 0 0 8 0 0 12 0 0
173 84 2 1 8 0 0 12 0 0
175 60 0 0 0 0 0 12 0 0
176 36 0 0 12 0 0 0 0 0
178 12 0 0 0 0 0 0 0 0
185 48 0 0 0 0 0 24 0 0
188 36 0 0 0 0 0 12 0 0
189 36 0 0 0 0 0 0 0 0
191 12 0 0 0 0 0 0 0 0
194 1 0 0 0 0 0 0 0 0
196 36 3 1 12 0 0 0 0 0
198 16 4 1 0 0 0 8 0 0
199 40 4 1 8 0 0 0 0 0
201 24 0 0 12 0 0 0 0 0
203 16 0 0 0 0 0 8 0 0
204 40 0 0 8 0 0 0 0 0
206 24 0 0 12 0 0 0 0 0
212 24 0 0 0 0 0 12 0 0
213 36 0 0 12 0 0 0 0 0
217 12 0 0 0 0 0 0 0 0
218 90 3 1 40 4 1 12 0 0
219 52 0 0 26 2 0 0 0 0
221 52 0 0 0 0 0 0 0 0
222 52 0 0 0 0 0 0 0 0
225 35 0 0 0 0 0 0 0 0
235 10 0 0 5 0 0 0 0 0
237 16 0 0 0 0 0 0 0 0
238 8 0 0 16 0 0 0 0 0
242 20 1 1 0 0 0 0 0 0
245 4 0 0 0 0 0 0 0 0
251 12 0 0 0 0 0 4 0 0
255 4 0 0 0 0 0 4 0 0
256 20 2 2 0 0 0 0 0 0
257 4 1 1 0 0 0 0 0 0
258 4 0 0 0 0 0 4 0 0
260 4 0 0 0 0 0 0 0 0
262 6 0 0 3 0 0 3 0 0
263 9 0 0 3 0 0 3 0 0
267 2 0 0 1 0 0 1 0 0
268 1 0 0 0 0 0 1 0 0
275 12 0 0 0 0 0 0 0 0
276 30 1 1 0 0 0 0 0 0
277 12 0 0 0 0 0 0 0 0
280 5 1 1 0 0 0 0 0 0
284 5 0 0 0 0 0 0 0 0
285 94 1 1 40 0 0 28 0 0
290 24 0 0 4 0 0 0 0 0
300 8 0 0 0 0 0 4 0 0
302 4 0 0 8 0 0 0 0 0
303 96 1 1 120 0 0 0 0 0
fn=_nl_normalize_codeset
311 24 2 1 0 0 0 24 0 0
312 12 0 0 0 0 0 0 0 0
313 12 0 0 0 0 0 0 0 0
323 180 0 0 0 0 0 48 0 0
324 300 2 1 132 9 3 0 0 0
326 108 0 0 0 0 0 0 0 0
328 60 0 0 0 0 0 0 0 0
329 96 0 0 0 0 0 0 0 0
332 48 1 1 0 0 0 0 0 0
334 12 0 0 0 0 0 0 0 0
341 204 0 0 48 0 0 0 0 0
342 240 0 0 120 0 0 0 0 0
343 216 0 0 48 3 2 36 0 0
344 108 1 1 0 0 0 0 0 0
345 24 0 0 0 0 0 12 0 0
347 12 0 0 0 0 0 12 0 0
351 24 0 0 24 0 0 0 0 0
fl=/build/glibc-FcXrgv/glibc-2.31/intl/localealias.c
fn=_nl_expand_alias
150 42 2 1 0 0 0 60 0 0
153 6 0 0 0 0 0 0 0 0
156 48 0 0 0 0 0 0 0 0
158 18 6 1 6 0 0 0 0 0
159 4 1 1 0 0 0 1 0 0
167 31 0 0 13 0 0 0 0 0
185 22 4 1 7 1 1 0 0 0
189 5 1 1 0 0 0 0 0 0
190 7 0 0 0 0 0 0 0 0
193 52 1 1 17 1 1 0 0 0
194 17 0 0 0 0 0 0 0 0
195 17 0 0 0 0 0 0 0 0
197 2 0 0 0 0 0 0 0 0
198 3 1 1 0 0 0 1 0 0
203 42 0 0 0 0 0 0 0 0
206 42 1 0 60 0 0 0 0 0
407 6 0 0 0 0 0 0 0 0
fn=read_alias_file
211 13 2 2 2 0 0 13 0 0
217 13 0 0 0 0 0 1 0 0
219 10 1 1 2 1 1 2 0 0
229 5 0 0 0 0 0 0 0 0
234 1 0 0 0 0 0 0 0 0
235 2 1 1 0 0 0 0 0 0
381 16 2 2 15 0 0 0 0 0
fl=/build/glibc-FcXrgv/glibc-2.31/io/../sysdeps/posix/isatty.c
fn=isatty
24 168 21 14 42 11 0 84 0 0
27 84 21 16 0 0 0 0 0 0
28 168 0 0 105 0 0 0 0 0
fl=/build/glibc-FcXrgv/glibc-2.31/io/../sysdeps/unix/syscall-template.S
fn=dup
78 12 3 1 0 0 0 0 0 0
79 3 3 1 0 0 0 0 0 0
fl=/build/glibc-FcXrgv/glibc-2.31/io/../sysdeps/unix/sysv/linux/access.c
fn=access
25 1 1 1 0 0 0 0 0 0
29 10 0 0 0 0 0 1 0 0
31 1 0 0 0 0 0 0 0 0
fl=/build/glibc-FcXrgv/glibc-2.31/io/../sysdeps/unix/sysv/linux/close.c
fn=close
26 54 36 32 0 0 0 72 0 0
27 198 0 0 18 15 0 0 0 0
28 72 0 0 72 0 0 0 0 0
fl=/build/glibc-FcXrgv/glibc-2.31/io/../sysdeps/unix/sysv/linux/close_nocancel.c
fn=__GI___close_nocancel
26 45 2 2 0 0 0 0 0 0
27 9 0 0 0 0 0 0 0 0
fn=__close_nocancel
26 50 9 5 0 0 0 0 0 0
27 10 0 0 0 0 0 0 0 0
fl=/build/glibc-FcXrgv/glibc-2.31/io/../sysdeps/unix/sysv/linux/fcntl64.c
fn=fcntl
38 9 2 2 2 0 0 6 0 0
42 8 0 0 0 0 0 5 0 0
48 3 0 0 0 0 0 0 0 0
51 3 1 1 0 0 0 0 0 0
52 10 1 1 7 0 0 0 0 0
fl=/build/glibc-FcXrgv/glibc-2.31/io/../sysdeps/unix/sysv/linux/fcntl_nocancel.c
fn=__fcntl64_nocancel_adjusted
51 8 2 2 2 0 0 3 0 0
52 2 0 0 0 0 0 0 0 0
64 5 0 0 0 0 0 0 0 0
65 8 0 0 5 0 0 0 0 0
fl=/build/glibc-FcXrgv/glibc-2.31/io/../sysdeps/unix/sysv/linux/generic/lxstat.c
fn=_lxstat
35 1 1 1 0 0 0 0 0 0
36 12 1 1 1 0 0 1 0 0
40 1 0 0 0 0 0 0 0 0
fl=/build/glibc-FcXrgv/glibc-2.31/io/../sysdeps/unix/sysv/linux/generic/readlink.c
fn=readlink
28 6 2 2 0 0 0 0 0 0
29 33 2 2 2 2 0 2 2 0
30 3 0 0 0 0 0 0 0 0
fl=/build/glibc-FcXrgv/glibc-2.31/io/../sysdeps/unix/sysv/linux/generic/xstat.c
fn=_xstat
35 93 80 26 0 0 0 0 0 0
36 690 13 4 20 3 0 23 15 2
40 93 0 0 0 0 0 0 0 0
fl=/build/glibc-FcXrgv/glibc-2.31/io/../sysdeps/unix/sysv/linux/getcwd.c
fn=getcwd
47 12 1 1 2 0 0 9 0 0
53 1 0 0 0 0 0 0 0 0
64 3 1 1 0 0 0 0 0 0
78 5 1 1 0 0 0 0 0 0
79 9 0 0 2 1 1 0 0 0
82 1 1 1 0 0 0 0 0 0
86 3 1 1 0 0 0 0 0 0
129 12 1 1 11 0 0 0 0 0
fl=/build/glibc-FcXrgv/glibc-2.31/io/../sysdeps/unix/sysv/linux/lseek64.c
fn=lseek
36 222 55 32 3 0 0 3 3 0
38 34 0 0 0 0 0 0 0 0
fl=/build/glibc-FcXrgv/glibc-2.31/io/../sysdeps/unix/sysv/linux/open64.c
fn=open
37 216 18 17 36 22 2 126 0 0
40 108 18 15 0 0 0 0 0 0
48 195 2 2 21 11 3 3 1 0
50 198 18 13 144 0 0 0 0 0
fl=/build/glibc-FcXrgv/glibc-2.31/io/../sysdeps/unix/sysv/linux/open64_nocancel.c
fn=__open_nocancel
34 196 12 7 24 10 1 67 3 2
37 186 9 6 0 0 0 0 0 0
45 209 4 4 2 0 0 12 0 0
47 134 0 0 60 0 0 0 0 0
fl=/build/glibc-FcXrgv/glibc-2.31/io/../sysdeps/unix/sysv/linux/read.c
fn=read
25 150 15 15 0 0 0 180 0 0
26 300 15 15 30 1 0 0 0 0
27 150 0 0 180 0 0 0 0 0
fl=/build/glibc-FcXrgv/glibc-2.31/io/../sysdeps/unix/sysv/linux/read_nocancel.c
fn=__read_nocancel
26 50 17 3 0 0 0 0 0 0
27 10 0 0 0 0 0 0 0 0
fl=/build/glibc-FcXrgv/glibc-2.31/io/../sysdeps/unix/sysv/linux/wordsize-64/fxstat.c
fn=_fxstat
33 108 29 23 0 0 0 0 0 0
34 54 28 25 0 0 0 0 0 0
35 270 1 1 0 0 0 0 0 0
39 54 0 0 0 0 0 0 0 0
fl=/build/glibc-FcXrgv/glibc-2.31/io/../sysdeps/unix/sysv/linux/write.c
fn=write
25 5 1 1 0 0 0 6 1 0
26 10 1 1 1 0 0 0 0 0
27 5 0 0 6 0 0 0 0 0
fl=/build/glibc-FcXrgv/glibc-2.31/libio/../libio/libioP.h
fn=_IO_seekoff_unlocked
941 10 1 1 0 0 0 0 0 0
943 2 0 0 0 0 0 0 0 0
944 4 0 0 0 0 0 0 0 0
fn=ftello
884 1 1 1 0 0 0 0 0 0
fl=/build/glibc-FcXrgv/glibc-2.31/libio/filedoalloc.c
fn=_IO_file_doallocate
78 10 1 1 2 0 0 7 0 0
84 8 1 1 3 1 1 0 0 0
86 4 1 1 1 0 0 0 0 0
97 5 0 0 1 0 0 0 0 0
98 1 1 1 0 0 0 0 0 0
101 3 0 0 0 0 0 0 0 0
102 1 0 0 0 0 0 0 0 0
104 4 0 0 0 0 0 0 0 0
105 1 0 0 0 0 0 0 0 0
106 10 0 0 9 0 0 0 0 0
fl=/build/glibc-FcXrgv/glibc-2.31/libio/fileno.c
fn=fileno
35 32 12 8 16 12 12 0 0 0
42 8 0 0 0 0 0 0 0 0
fl=/build/glibc-FcXrgv/glibc-2.31/libio/fileops.c
fn=_IO_do_write@@GLIBC_2.17
426 2 1 1 0 0 0 0 0 0
427 1 0 0 0 0 0 0 0 0
fn=_IO_file_close
1168 2 1 1 1 0 0 0 0 0
fn=_IO_file_close_it@@GLIBC_2.17
129 3 1 1 0 0 0 4 0 0
131 3 0 0 1 0 0 0 0 0
134 2 0 0 0 0 0 0 0 0
135 5 1 1 1 0 0 1 0 0
138 1 0 0 0 0 0 0 0 0
140 2 0 0 0 0 0 0 0 0
142 1 0 0 1 0 0 0 0 0
143 7 0 0 2 1 0 0 0 0
146 3 0 0 1 0 0 0 0 0
154 5 1 1 0 0 0 0 0 0
155 1 0 0 0 0 0 2 0 0
156 2 0 0 0 0 0 4 0 0
158 2 1 1 0 0 0 0 0 0
159 3 0 0 0 0 0 1 0 0
160 2 0 0 0 0 0 1 0 0
161 3 0 0 1 0 0 1 0 0
163 2 0 0 0 0 0 0 0 0
164 4 0 0 4 0 0 0 0 0
fn=_IO_file_finish@@GLIBC_2.17
169 4 1 1 0 0 0 4 0 0
170 3 0 0 1 0 0 0 0 0
176 3 1 1 0 0 0 0 0 0
177 2 0 0 4 0 0 0 0 0
fn=_IO_file_fopen@@GLIBC_2.17
214 50 10 6 10 0 0 35 0 0
215 10 0 0 0 0 0 0 0 0
223 15 0 0 5 0 0 0 0 0
224 8 0 0 0 0 0 0 0 0
225 25 4 3 5 2 2 0 0 0
228 5 0 0 0 0 0 0 0 0
229 5 5 3 0 0 0 0 0 0
238 5 0 0 0 0 0 0 0 0
246 10 2 2 0 0 0 0 0 0
248 80 8 6 10 0 0 0 0 0
268 6 2 2 2 0 0 2 0 0
269 2 0 0 0 0 0 0 0 0
271 2 0 0 0 0 0 0 0 0
272 6 0 0 2 0 0 2 0 0
273 2 0 0 0 0 0 0 0 0
281 25 3 1 0 0 0 0 0 0
284 5 0 0 0 0 0 0 0 0
287 4 0 0 0 0 0 0 0 0
288 1 0 0 0 0 0 0 0 0
357 55 4 3 45 0 0 0 0 0
fn=_IO_file_open
183 45 9 6 0 0 0 25 0 0
185 10 0 0 5 0 0 0 0 0
186 6 0 0 0 0 0 0 0 0
189 6 0 0 0 0 0 0 0 0
190 5 0 0 0 0 0 0 0 0
191 4 0 0 0 0 0 0 0 0
192 1 0 0 0 0 0 1 0 0
193 7 0 0 1 0 0 1 0 0
196 3 1 1 0 0 0 0 0 0
206 2 1 1 0 0 0 0 0 0
207 1 0 0 0 0 0 0 0 0
208 20 0 0 25 0 0 0 0 0
fn=_IO_file_overflow@@GLIBC_2.17
732 4 1 1 0 0 0 4 0 0
733 2 0 0 1 0 0 0 0 0
740 3 0 0 1 0 0 0 0 0
743 1 1 1 0 0 0 0 0 0
745 2 1 1 0 0 0 0 0 0
746 5 1 1 2 0 0 3 0 0
755 1 0 0 0 0 0 0 0 0
764 4 0 0 2 0 0 0 0 0
767 1 0 0 0 0 0 2 0 0
768 1 0 0 0 0 0 2 0 0
769 1 0 0 0 0 0 1 0 0
771 2 0 0 0 0 0 1 0 0
772 6 1 1 1 0 0 0 0 0
773 1 0 0 0 0 0 1 0 0
775 2 0 0 0 0 0 0 0 0
776 4 0 0 1 0 0 0 0 0
788 2 0 0 4 0 0 0 0 0
fn=_IO_file_read
1133 2 1 1 0 0 0 0 0 0
1134 6 1 1 4 0 0 0 0 0
fn=_IO_file_seek
1141 2 1 1 1 0 0 0 0 0
fn=_IO_file_seekoff@@GLIBC_2.17
847 2 0 0 1 0 0 0 0 0
849 1 0 0 2 0 0 0 0 0
851 1 0 0 1 0 0 0 0 0
856 3 0 0 0 0 0 0 0 0
866 3 1 1 1 0 0 0 0 0
867 3 0 0 2 0 0 0 0 0
880 2 1 1 0 0 0 0 0 0
890 2 0 0 0 0 0 0 0 0
901 20 1 1 4 0 0 14 0 0
909 4 1 1 0 0 0 2 0 0
914 1 0 0 0 0 0 0 0 0
915 6 0 0 4 0 0 2 0 0
918 5 1 1 1 0 0 0 0 0
930 2 0 0 1 0 0 0 0 0
943 2 1 1 0 0 0 0 0 0
947 3 1 1 2 0 0 0 0 0
949 3 0 0 1 0 0 0 0 0
1023 6 1 1 0 0 0 0 0 0
1035 2 1 1 0 0 0 0 0 0
1036 6 1 1 2 0 0 0 0 0
1037 2 0 0 0 0 0 0 0 0
1039 5 0 0 5 0 0 1 0 0
1040 1 0 0 0 0 0 1 0 0
1041 2 0 0 1 0 0 2 0 0
1042 2 0 0 0 0 0 4 0 0
1055 20 1 1 18 0 0 0 0 0
fn=_IO_file_stat
1147 1 1 1 0 0 0 0 0 0
1148 4 0 0 1 0 0 0 0 0
fn=_IO_file_sync@@GLIBC_2.17
793 8 1 1 0 0 0 8 0 0
798 6 1 1 4 1 1 0 0 0
800 2 0 0 4 0 0 0 0 0
801 4 0 0 0 0 0 0 0 0
812 6 1 1 0 0 0 2 0 0
816 6 0 0 8 0 0 0 0 0
fn=_IO_file_underflow@@GLIBC_2.17
462 8 1 1 0 0 0 8 0 0
466 4 0 0 2 0 0 0 0 0
469 2 0 0 0 0 0 0 0 0
475 6 1 1 4 0 0 0 0 0
478 10 0 0 2 0 0 12 0 0
490 6 0 0 0 0 0 0 0 0
506 4 0 0 0 0 0 0 0 0
512 2 0 0 2 0 0 0 0 0
513 2 0 0 0 0 0 4 0 0
514 2 0 0 0 0 0 4 0 0
515 2 0 0 0 0 0 4 0 0
517 12 1 1 6 0 0 0 0 0
519 4 0 0 0 0 0 0 0 0
526 6 0 0 2 0 0 2 0 0
535 6 0 0 2 0 0 0 0 0
536 2 0 0 0 0 0 1 0 0
537 10 1 1 16 0 0 0 0 0
538 6 0 0 8 0 0 0 0 0
fn=_IO_file_write@@GLIBC_2.17
1174 4 1 1 0 0 0 4 0 0
1176 10 1 1 2 0 0 2 0 0
1181 5 0 0 2 0 0 0 0 0
1182 1 0 0 0 0 0 0 0 0
1187 1 0 0 0 0 0 0 0 0
1188 1 0 0 0 0 0 0 0 0
1191 2 0 0 1 0 0 0 0 0
1194 3 1 1 4 0 0 0 0 0
fn=_IO_file_xsgetn
1273 108 1 1 0 0 0 108 0 0
1280 24 1 1 12 0 0 0 0 0
1283 2 1 1 1 0 0 0 0 0
1288 3 0 0 0 0 0 0 0 0
1291 26 1 1 0 0 0 0 0 0
1293 28 0 0 28 0 0 0 0 0
1294 28 1 1 0 0 0 0 0 0
1296 36 0 0 0 0 0 0 0 0
1297 48 1 1 12 0 0 12 0 0
1302 2 0 0 0 0 0 0 0 0
1310 4 0 0 2 0 0 0 0 0
1319 4 0 0 2 0 0 0 0 0
1320 8 0 0 2 0 0 0 0 0
1322 8 1 1 0 0 0 0 0 0
1361 72 0 0 108 0 0 0 0 0
fn=_IO_file_xsputn@@GLIBC_2.17
1198 3 1 1 0 0 0 4 1 0
1204 2 0 0 0 0 0 0 0 0
1205 1 0 0 0 0 0 0 0 0
1211 10 1 1 2 1 1 3 0 0
1228 3 0 0 1 0 0 0 0 0
1232 1 1 1 0 0 0 0 0 0
1244 7 0 0 2 0 0 0 0 0
1250 3 1 1 2 0 0 0 0 0
1251 2 0 0 0 0 0 0 0 0
1253 1 0 0 0 0 0 0 0 0
1255 4 1 1 0 0 0 0 0 0
1256 1 0 0 0 0 0 0 0 0
1257 2 0 0 0 0 0 0 0 0
1264 1 0 0 0 0 0 0 0 0
1268 6 0 0 7 0 0 0 0 0
fn=_IO_new_file_init_internal
107 20 9 6 0 0 0 20 0 0
111 10 0 0 0 0 0 5 0 0
112 20 0 0 5 0 0 5 0 0
114 5 0 0 0 0 0 0 0 0
115 5 0 0 0 0 0 5 0 0
116 15 0 0 20 0 0 0 0 0
fn=new_do_write
432 15 1 1 1 0 0 8 0 0
434 2 1 1 1 0 0 0 0 0
441 4 1 1 2 0 0 0 0 0
449 6 0 0 1 1 1 0 0 0
450 4 0 0 1 0 0 0 0 0
452 2 1 1 1 0 0 2 0 0
453 2 0 0 0 0 0 3 0 0
454 1 0 0 0 0 0 1 0 0
455 4 0 0 1 0 0 0 0 0
456 3 0 0 1 0 0 0 0 0
458 6 0 0 8 0 0 0 0 0
fl=/build/glibc-FcXrgv/glibc-2.31/libio/fseek.c
fn=fseek
32 8 2 2 0 0 0 7 0 0
35 2 0 0 1 0 0 0 0 0
36 7 1 1 0 0 0 0 0 0
39 6 0 0 7 0 0 0 0 0
fl=/build/glibc-FcXrgv/glibc-2.31/libio/ftello.c
fn=ftello
38 5 1 1 0 0 0 5 0 0
41 2 1 1 1 0 0 0 0 0
42 6 1 1 0 0 0 0 0 0
43 3 0 0 1 0 0 0 0 0
49 2 1 1 0 0 0 0 0 0
61 5 0 0 5 0 0 0 0 0
fl=/build/glibc-FcXrgv/glibc-2.31/libio/genops.c
fn=_IO_cleanup
786 14 1 1 4 0 0 0 0 0
787 19 1 1 2 0 0 2 0 0
790 10 0 0 4 0 0 2 0 0
799 9 0 0 3 0 0 0 0 0
801 4 0 0 2 0 0 0 0 0
831 5 1 1 5 0 0 0 0 0
838 6 0 0 0 0 0 3 0 0
842 10 1 1 0 0 0 2 0 0
843 10 1 1 3 0 0 0 0 0
863 10 2 2 2 1 0 9 0 0
866 3 0 0 0 0 0 0 0 0
878 12 0 0 11 0 0 0 0 0
fn=_IO_default_finish
54 2 0 0 1 0 0 0 0 0
601 4 1 1 0 0 0 3 0 0
603 2 1 1 1 0 0 0 0 0
609 2 0 0 1 0 0 0 0 0
612 2 0 0 1 0 0 0 0 0
624 3 1 1 3 0 0 0 0 0
fn=_IO_default_xsputn
371 180 2 2 0 0 0 162 3 2
374 27 2 2 0 0 0 0 0 0
375 9 2 2 0 0 0 0 0 0
379 70 4 4 36 0 0 0 0 0
381 18 0 0 0 0 0 0 0 0
382 36 0 0 0 0 0 0 0 0
384 36 0 0 0 0 0 0 0 0
386 8 0 0 0 0 0 2 0 0
387 2 0 0 0 0 0 0 0 0
389 16 0 0 0 0 0 0 0 0
393 318 0 0 0 0 0 0 0 0
394 212 0 0 106 0 0 106 2 1
395 48 0 0 0 0 0 16 0 0
397 36 0 0 0 0 0 0 0 0
399 18 0 0 0 0 0 0 0 0
403 18 2 2 0 0 0 0 0 0
404 117 0 0 162 0 0 0 0 0
fn=_IO_doallocbuf
330 1 0 0 0 0 0 0 0 0
333 1 0 0 0 0 0 2 0 0
337 2 1 1 0 0 0 1 0 0
343 8 2 2 0 0 0 8 1 0
344 4 0 0 2 0 0 0 0 0
346 9 2 2 3 0 0 2 0 0
347 6 0 0 2 1 1 0 0 0
349 2 1 1 0 0 0 0 0 0
350 8 1 1 10 0 0 0 0 0
fn=_IO_flush_all_lockp
686 12 2 2 2 0 0 11 0 0
687 2 0 0 0 0 0 0 0 0
691 14 1 1 4 1 1 0 0 0
692 19 1 1 2 1 0 2 0 0
695 12 1 1 7 4 2 0 0 0
697 6 1 1 0 0 0 3 0 0
698 3 0 0 0 0 0 0 0 0
701 18 2 2 9 5 2 0 0 0
709 3 1 1 0 0 0 0 0 0
711 6 0 0 0 0 0 3 0 0
715 9 1 1 0 0 0 2 0 0
716 10 0 0 3 0 0 0 0 0
720 13 0 0 13 0 0 0 0 0
fn=_IO_link_in
87 60 8 6 12 0 0 42 0 0
88 12 0 0 6 0 0 0 0 0
90 10 0 0 0 0 0 5 0 0
92 75 5 3 20 3 1 10 0 0
93 95 4 3 10 0 0 10 0 0
94 5 0 0 0 0 0 5 0 0
95 80 9 6 25 0 0 10 0 0
97 20 0 0 10 4 2 5 0 0
98 5 0 0 0 0 0 5 0 0
100 50 0 0 5 0 0 10 0 0
101 10 5 3 0 0 0 5 0 0
102 50 5 3 5 0 0 10 0 0
103 50 5 3 15 0 0 0 0 0
106 65 0 0 64 0 0 0 0 0
fn=_IO_no_init
563 56 5 4 0 0 0 42 0 0
564 7 5 4 0 0 0 0 0 0
565 7 0 0 0 0 0 7 0 0
566 7 0 0 0 0 0 0 0 0
568 5 0 0 0 0 0 5 0 0
570 5 0 0 0 0 0 10 0 0
573 5 0 0 0 0 0 10 0 0
574 5 0 0 0 0 0 10 4 3
576 5 0 0 0 0 0 10 0 0
578 5 0 0 0 0 0 10 0 0
579 5 0 0 0 0 0 5 4 3
581 5 0 0 0 0 0 5 3 2
586 4 1 1 0 0 0 2 0 0
587 7 0 0 0 0 0 7 0 0
588 28 0 0 42 0 0 0 0 0
fn=_IO_old_init
532 21 0 0 0 0 0 7 1 1
534 14 6 4 7 5 4 0 0 0
535 28 0 0 0 0 0 7 0 0
537 7 0 0 0 0 0 14 4 3
540 7 0 0 0 0 0 14 0 0
541 7 0 0 0 0 0 14 0 0
543 7 0 0 0 0 0 14 0 0
544 7 0 0 0 0 0 7 0 0
547 7 0 0 0 0 0 14 0 0
549 7 0 0 0 0 0 14 0 0
550 7 0 0 0 0 0 7 0 0
555 14 0 0 7 0 0 0 0 0
556 5 0 0 0 0 0 10 4 3
558 7 0 0 0 0 0 0 0 0
fn=_IO_setb
329 36 2 2 4 0 0 24 0 0
330 9 0 0 4 0 0 0 0 0
331 3 0 0 1 0 0 0 0 0
333 4 0 0 0 0 0 8 0 0
335 20 1 1 0 0 0 4 0 0
338 16 0 0 24 0 0 0 0 0
fn=_IO_sgetn
409 36 1 1 0 0 0 36 0 0
411 48 1 1 24 1 1 0 0 0
412 24 0 0 36 0 0 0 0 0
fn=_IO_switch_to_get_mode
164 8 2 2 0 0 0 8 0 0
165 8 0 0 4 0 0 0 0 0
168 4 1 1 2 0 0 0 0 0
172 4 0 0 2 0 0 2 0 0
173 6 0 0 2 0 0 0 0 0
176 2 0 0 0 0 0 2 0 0
178 4 0 0 0 0 0 4 0 0
180 4 1 1 0 0 0 2 0 0
181 2 0 0 0 0 0 0 0 0
182 6 0 0 8 0 0 0 0 0
fn=_IO_un_link
54 17 0 0 6 0 0 0 0 0
82 1 0 0 0 0 0 0 0 0
fn=_IO_unsave_markers
962 4 1 1 2 0 0 0 0 0
967 4 0 0 2 0 0 0 0 0
969 2 0 0 0 0 0 0 0 0
fn=__GI__IO_un_link.part.0
52 55 9 6 10 0 0 45 0 0
58 70 4 3 20 1 0 0 0 0
59 95 4 3 10 0 0 10 0 0
60 5 0 0 0 0 0 5 0 0
61 75 3 2 21 0 0 8 0 0
63 19 1 1 9 0 0 0 0 0
65 15 6 4 5 0 0 0 0 0
66 5 4 3 0 0 0 5 0 0
74 10 0 0 0 0 0 5 0 0
76 46 6 4 8 0 0 8 0 0
77 10 1 1 0 0 0 5 0 0
78 50 3 2 5 0 0 10 0 0
79 50 4 3 15 0 0 0 0 0
82 55 0 0 55 0 0 0 0 0
fn=__underflow
269 8 1 1 0 0 0 8 0 0
270 8 1 1 2 0 0 1 0 0
275 4 0 0 2 0 0 0 0 0
278 6 0 0 4 0 0 0 0 0
280 4 1 1 2 0 0 0 0 0
286 4 0 0 2 0 0 0 0 0
291 4 1 1 2 0 0 0 0 0
293 10 0 0 4 0 0 0 0 0
294 4 0 0 8 0 0 0 0 0
fl=/build/glibc-FcXrgv/glibc-2.31/libio/iofclose.c
fn=fclose@@GLIBC_2.17
34 6 1 1 0 0 0 7 0 0
48 2 0 0 1 0 0 0 0 0
49 1 1 1 0 0 0 0 0 0
51 2 0 0 1 0 0 0 0 0
52 2 1 1 0 0 0 0 0 0
53 6 1 1 1 0 0 0 0 0
57 5 1 1 2 0 0 0 0 0
58 3 0 0 1 0 0 0 0 0
71 2 0 0 1 0 0 0 0 0
76 6 0 0 7 0 0 0 0 0
fl=/build/glibc-FcXrgv/glibc-2.31/libio/iofflush.c
fn=fflush
32 10 0 0 0 0 0 10 0 0
33 2 1 1 0 0 0 0 0 0
39 36 1 1 10 6 6 4 0 0
40 12 0 0 4 3 3 0 0 0
44 10 0 0 10 0 0 0 0 0
fl=/build/glibc-FcXrgv/glibc-2.31/libio/iofopen.c
fn=__fopen_internal
37 2 1 1 1 0 0 0 0 0
57 40 5 3 0 0 0 35 0 0
65 10 0 0 0 0 0 0 0 0
67 5 0 0 0 0 0 0 0 0
70 10 0 0 0 0 0 5 4 3
72 40 5 3 0 0 0 0 0 0
73 15 0 0 0 0 0 5 0 0
74 10 0 0 0 0 0 0 0 0
75 30 0 0 0 0 0 0 0 0
78 8 4 2 0 0 0 0 0 0
79 8 0 0 0 0 0 0 0 0
80 4 0 0 0 0 0 0 0 0
81 30 1 1 35 0 0 0 0 0
fn=fopen@@GLIBC_2.17
86 10 5 3 0 0 0 0 0 0
fl=/build/glibc-FcXrgv/glibc-2.31/libio/iofread_u.c
fn=fread_unlocked
34 36 1 1 0 0 0 48 0 0
35 12 0 0 0 0 0 0 0 0
38 12 0 0 0 0 0 0 0 0
40 72 1 1 0 0 0 12 0 0
41 48 0 0 12 0 0 0 0 0
42 60 0 0 48 0 0 0 0 0
fl=/build/glibc-FcXrgv/glibc-2.31/libio/ioseekoff.c
fn=_IO_seekoff_unlocked
33 18 1 1 0 0 0 14 0 0
34 4 1 1 0 0 0 0 0 0
43 7 1 1 2 0 0 0 0 0
59 16 0 0 4 0 0 0 0 0
60 8 0 0 14 0 0 0 0 0
fl=/build/glibc-FcXrgv/glibc-2.31/libio/libioP.h
fn=_IO_cleanup
941 7 1 1 0 0 0 2 0 0
fn=_IO_default_xsputn
941 90 0 0 0 0 0 0 0 0
fn=_IO_doallocbuf
941 5 0 0 0 0 0 0 0 0
943 1 0 0 0 0 0 0 0 0
944 2 1 1 0 0 0 0 0 0
fn=_IO_file_close_it@@GLIBC_2.17
941 5 0 0 0 0 0 0 0 0
943 1 0 0 0 0 0 0 0 0
944 2 1 1 0 0 0 0 0 0
fn=_IO_file_doallocate
941 5 0 0 0 0 0 0 0 0
943 1 0 0 0 0 0 0 0 0
944 2 0 0 0 0 0 0 0 0
fn=_IO_file_seekoff@@GLIBC_2.17
943 1 0 0 0 0 0 0 0 0
944 2 0 0 0 0 0 0 0 0
fn=_IO_file_underflow@@GLIBC_2.17
885 12 2 2 0 0 0 0 0 0
943 2 0 0 0 0 0 0 0 0
944 4 0 0 0 0 0 0 0 0
fn=_IO_file_xsgetn
941 60 0 0 0 0 0 0 0 0
fn=_IO_file_xsputn@@GLIBC_2.17
941 5 0 0 0 0 0 0 0 0
943 1 0 0 0 0 0 0 0 0
944 2 0 0 0 0 0 0 0 0
fn=_IO_flush_all_lockp
941 6 0 0 0 0 0 2 0 0
fn=_IO_sgetn
941 60 0 0 0 0 0 0 0 0
943 12 0 0 0 0 0 0 0 0
944 24 0 0 0 0 0 0 0 0
fn=__underflow
941 10 0 0 0 0 0 0 0 0
943 2 0 0 0 0 0 0 0 0
944 4 0 0 0 0 0 0 0 0
fn=fclose@@GLIBC_2.17
857 10 1 1 3 1 1 0 0 0
863 2 0 0 0 0 0 0 0 0
884 1 1 1 0 0 0 0 0 0
885 5 0 0 2 0 0 1 0 0
941 5 0 0 0 0 0 0 0 0
943 1 0 0 0 0 0 0 0 0
944 2 0 0 0 0 0 0 0 0
fn=fflush
884 4 0 0 2 0 0 0 0 0
885 20 1 1 4 0 0 4 0 0
941 10 1 1 0 0 0 0 0 0
943 2 0 0 0 0 0 0 0 0
944 4 0 0 0 0 0 0 0 0
fn=fseek
884 2 1 1 1 0 0 0 0 0
fn=new_do_write
944 2 0 0 0 0 0 0 0 0
fl=/build/glibc-FcXrgv/glibc-2.31/libio/strops.c
fn=_IO_str_init_static_internal
36 14 1 1 0 0 0 12 0 0
40 2 0 0 0 0 0 0 0 0
42 2 1 1 0 0 0 0 0 0
43 4 0 0 0 0 0 0 0 0
46 10 1 1 0 0 0 0 0 0
48 2 0 0 0 0 0 4 0 0
50 2 0 0 0 0 0 2 0 0
51 2 0 0 0 0 0 0 0 0
54 2 0 0 0 0 0 4 0 0
55 2 0 0 0 0 0 2 0 0
64 2 0 0 0 0 0 2 0 0
65 8 0 0 12 0 0 0 0 0
fl=/build/glibc-FcXrgv/glibc-2.31/libio/vsnprintf.c
fn=__vsnprintf_internal
95 28 2 2 4 2 0 20 0 0
99 2 0 0 0 0 0 2 0 0
104 8 0 0 0 0 0 0 0 0
110 12 0 0 0 0 0 0 0 0
111 6 0 0 0 0 0 2 0 0
112 2 0 0 0 0 0 2 2 2
113 10 1 1 0 0 0 0 0 0
114 18 0 0 8 0 0 8 0 0
116 8 1 1 2 0 0 0 0 0
117 4 0 0 2 0 0 2 0 0
119 24 0 0 24 0 0 0 0 0
fl=/build/glibc-FcXrgv/glibc-2.31/libio/vtables.c
fn=check_stdfiles_vtables
84 7 1 1 2 2 0 0 0 0
85 5 1 1 2 1 0 0 0 0
86 5 0 0 2 1 0 0 0 0
88 1 0 0 0 0 0 0 0 0
fl=/build/glibc-FcXrgv/glibc-2.31/locale/../iconv/gconv_charset.h
fn=_nl_find_locale
59 12 0 0 0 0 0 0 0 0
61 162 0 0 78 0 0 0 0 0
63 150 1 1 12 0 0 0 0 0
64 672 7 2 60 0 0 0 0 0
65 240 0 0 60 7 4 60 0 0
75 120 8 2 0 0 0 0 0 0
76 72 6 1 0 0 0 24 0 0
78 12 0 0 0 0 0 12 0 0
86 480 3 1 192 1 1 96 0 0
fl=/build/glibc-FcXrgv/glibc-2.31/locale/../sysdeps/unix/sysv/linux/not-cancel.h
fn=_nl_load_locale
60 2 0 0 0 0 0 0 0 0
fl=/build/glibc-FcXrgv/glibc-2.31/locale/findlocale.c
fn=_nl_find_locale
66 166 0 0 12 0 0 0 0 0
75 18 2 1 0 0 0 0 0 0
78 12 0 0 0 0 0 0 0 0
82 42 0 0 0 0 0 0 0 0
85 12 0 0 0 0 0 0 0 0
87 6 0 0 0 0 0 0 0 0
88 54 2 1 18 0 0 0 0 0
96 30 0 0 0 0 0 0 0 0
104 954 5 2 106 0 0 636 0 0
107 106 0 0 53 0 0 53 0 0
115 106 0 0 53 0 0 0 0 0
119 200 2 1 0 0 0 50 0 0
121 150 4 1 0 0 0 50 0 0
123 184 0 0 0 0 0 46 0 0
124 4 0 0 4 0 0 0 0 0
125 230 0 0 0 0 0 46 0 0
132 216 0 0 0 0 0 0 0 0
133 30 0 0 0 0 0 0 0 0
137 94 0 0 0 0 0 47 0 0
138 188 0 0 47 2 0 0 0 0
146 12 0 0 6 0 0 6 0 0
150 6 0 0 0 0 0 0 0 0
153 24 1 0 0 0 0 0 0 0
154 6 0 0 0 0 0 0 0 0
159 18 1 1 6 0 0 6 0 0
160 6 0 0 0 0 0 0 0 0
168 12 6 1 0 0 0 0 0 0
169 6 0 0 0 0 0 0 0 0
179 18 0 0 6 0 0 6 0 0
182 102 5 2 0 0 0 6 0 0
197 42 0 0 0 0 0 0 0 0
199 12 2 1 0 0 0 0 0 0
205 90 1 1 30 0 0 18 0 0
211 6 0 0 0 0 0 0 0 0
215 14 1 1 5 0 0 3 0 0
220 1 0 0 0 0 0 0 0 0
226 6 0 0 0 0 0 0 0 0
227 18 6 1 6 0 0 0 0 0
229 12 0 0 6 0 0 0 0 0
232 12 0 0 6 0 0 0 0 0
235 24 0 0 6 0 0 0 0 0
237 12 6 1 6 0 0 0 0 0
238 3 0 0 0 0 0 0 0 0
239 36 6 1 12 0 0 0 0 0
244 6 0 0 0 0 0 6 0 0
257 12 0 0 6 0 0 0 0 0
281 18 0 0 12 3 1 0 0 0
282 12 1 1 0 0 0 0 0 0
283 6 0 0 0 0 0 0 0 0
286 96 1 1 0 0 0 6 0 0
289 96 8 2 0 0 0 6 0 0
292 24 0 0 6 0 0 0 0 0
302 12 0 0 6 0 0 0 0 0
306 4 0 0 1 0 0 0 0 0
307 1 0 0 0 0 0 0 0 0
308 23 0 0 7 0 0 0 0 0
309 6 0 0 0 0 0 0 0 0
311 3 0 0 0 0 0 1 0 0
315 12 0 0 6 0 0 0 0 0
320 18 0 0 6 0 0 0 0 0
322 3 0 0 0 0 0 1 0 0
325 795 3 2 742 0 0 0 0 0
fl=/build/glibc-FcXrgv/glibc-2.31/locale/lc-ctype.c
fn=_nl_postload_ctype
38 27 0 0 9 0 0 0 0 0
57 9 0 0 0 0 0 0 0 0
58 9 0 0 0 0 0 18 0 0
59 18 0 0 9 0 0 0 0 0
60 9 0 0 0 0 0 9 0 0
61 18 3 1 18 2 0 0 0 0
65 54 2 1 18 1 0 0 0 0
67 27 0 0 9 2 0 9 0 0
69 27 0 0 9 0 0 9 0 0
71 27 0 0 9 0 0 9 0 0
110 9 0 0 0 0 0 0 0 0
fl=/build/glibc-FcXrgv/glibc-2.31/locale/loadarchive.c
fn=_nl_load_locale_from_archive
134 90 3 2 12 0 0 84 0 0
135 6 0 0 6 0 0 0 0 0
153 12 0 0 0 0 0 0 0 0
159 24 0 0 6 1 0 0 0 0
169 18 3 1 0 0 0 0 0 0
170 30 0 0 6 0 0 0 0 0
172 30 2 1 0 0 0 0 0 0
173 30 2 1 0 0 0 0 0 0
174 6 0 0 0 0 0 0 0 0
175 12 0 0 0 0 0 0 0 0
176 24 0 0 0 0 0 0 0 0
181 18 0 0 0 0 0 0 0 0
182 18 2 1 0 0 0 0 0 0
183 90 4 1 0 0 0 6 0 0
184 54 0 0 0 0 0 0 0 0
189 18 0 0 0 0 0 0 0 0
194 24 2 1 6 0 0 0 0 0
202 2 1 1 0 0 0 1 0 0
205 5 0 0 0 0 0 0 0 0
206 2 0 0 0 0 0 0 0 0
265 10 0 0 5 0 0 0 0 0
499 90 3 1 90 1 0 0 0 0
fl=/build/glibc-FcXrgv/glibc-2.31/locale/loadlocale.c
fn=_nl_intern_locale_data
69 7 1 1 0 0 0 6 0 0
79 2 1 1 0 0 0 0 0 0
80 12 1 1 1 1 1 0 0 0
87 9 0 0 2 1 1 2 0 0
89 2 0 0 0 0 0 0 0 0
90 1 0 0 0 0 0 0 0 0
98 2 1 1 0 0 0 0 0 0
99 1 0 0 0 0 0 0 0 0
100 1 0 0 0 0 0 0 0 0
104 1 0 0 0 0 0 2 0 0
105 1 0 0 0 0 0 2 1 1
107 1 0 0 0 0 0 1 0 0
109 1 0 0 0 0 0 1 0 0
110 271 0 0 2 0 0 0 0 0
112 178 0 0 89 5 5 0 0 0
113 178 1 1 0 0 0 0 0 0
124 890 1 1 0 0 0 0 0 0
144 89 1 1 0 0 0 0 0 0
148 264 0 0 0 0 0 0 0 0
151 347 1 1 172 8 8 0 0 0
152 139 0 0 0 0 0 69 7 7
155 40 0 0 0 0 0 0 0 0
157 80 0 0 20 6 6 20 3 3
163 4 1 1 6 0 0 0 0 0
fn=_nl_load_locale
167 15 2 2 2 0 0 13 0 0
175 2 0 0 0 0 0 1 0 0
176 1 0 0 0 0 0 1 0 0
178 3 0 0 1 0 0 0 0 0
179 1 0 0 0 0 0 0 0 0
183 7 1 1 0 0 0 0 0 0
189 4 0 0 1 0 0 0 0 0
214 4 0 0 2 0 0 0 0 0
224 8 1 1 1 0 0 0 0 0
226 2 0 0 0 0 0 0 0 0
263 1 0 0 0 0 0 0 0 0
267 4 0 0 1 0 0 0 0 0
268 2 1 1 0 0 0 0 0 0
279 1 0 0 0 0 0 1 0 0
280 1 0 0 0 0 0 1 0 0
282 1 0 0 0 0 0 1 0 0
283 14 1 1 15 0 0 0 0 0
fl=/build/glibc-FcXrgv/glibc-2.31/locale/localeinfo.h
fn=_nl_find_locale
206 286 2 1 56 2 1 0 0 0
fn=new_composite_name
206 84 0 0 72 0 0 0 0 0
fl=/build/glibc-FcXrgv/glibc-2.31/locale/localename.c
fn=__current_locale_name
25 160 16 4 64 10 4 0 0 0
26 64 0 0 32 16 5 0 0 0
fl=/build/glibc-FcXrgv/glibc-2.31/locale/nl_langinfo.c
fn=nl_langinfo
31 15 2 1 6 0 0 0 0 0
fl=/build/glibc-FcXrgv/glibc-2.31/locale/nl_langinfo_l.c
fn=nl_langinfo_l
32 3 0 0 0 0 0 0 0 0
33 3 0 0 0 0 0 0 0 0
36 9 0 0 0 0 0 0 0 0
42 9 3 1 0 0 0 0 0 0
58 3 0 0 3 0 0 0 0 0
61 9 0 0 3 0 0 0 0 0
66 6 0 0 3 1 0 0 0 0
67 3 0 0 0 0 0 0 0 0
fl=/build/glibc-FcXrgv/glibc-2.31/locale/setlocale.c
fn=new_composite_name
139 108 17 2 0 0 0 99 0 0
144 9 0 0 0 0 0 0 0 0
146 531 0 0 0 0 0 0 0 0
147 234 0 0 0 0 0 0 0 0
150 312 3 0 48 0 0 0 0 0
151 203 5 1 60 5 0 0 0 0
152 324 8 1 0 0 0 0 0 0
153 441 0 0 108 0 0 0 0 0
154 276 0 0 48 0 0 0 0 0
158 9 0 0 0 0 0 0 0 0
161 21 0 0 3 0 0 0 0 0
170 18 6 0 0 0 0 0 0 0
171 12 3 1 0 0 0 0 0 0
174 288 0 0 0 0 0 0 0 0
175 156 0 0 0 0 0 0 0 0
179 216 0 0 36 0 0 0 0 0
180 129 1 1 36 0 0 0 0 0
181 144 1 1 0 0 0 0 0 0
182 84 0 0 0 0 0 72 0 0
183 216 0 0 0 0 0 0 0 0
184 144 0 0 0 0 0 72 0 0
186 6 0 0 0 0 0 6 0 0
188 72 1 1 99 0 0 0 0 0
fn=setlocale
195 205 4 2 62 4 0 0 0 0
198 58 4 0 2 0 0 4 0 0
199 8 0 0 0 0 0 0 0 0
201 30 0 0 0 0 0 14 0 0
210 106 0 0 48 0 0 53 3 0
211 168 0 0 53 5 1 0 0 0
212 9 0 0 0 0 0 0 0 0
218 195 5 2 30 1 0 180 0 0
225 30 0 0 0 0 0 0 0 0
226 15 0 0 15 0 0 0 0 0
230 15 0 0 0 0 0 0 0 0
231 30 1 1 6 2 0 0 0 0
234 144 0 0 36 3 0 27 0 0
236 72 4 2 9 0 0 0 0 0
250 9 0 0 0 0 0 18 0 0
252 27 0 0 0 0 0 0 0 0
253 9 0 0 0 0 0 0 0 0
265 39 0 0 9 0 0 0 0 0
277 192 0 0 0 0 0 0 0 0
278 104 2 1 0 0 0 0 0 0
279 96 0 0 0 0 0 48 1 0
281 20 0 0 0 0 0 4 0 0
334 104 1 0 0 0 0 0 0 0
335 252 4 2 0 0 0 0 0 0
337 288 6 1 96 0 0 48 0 0
341 48 0 0 0 0 0 0 0 0
355 144 0 0 48 18 6 0 0 0
359 256 0 0 96 0 0 4 0 0
361 33 3 1 6 3 0 7 0 0
363 4 2 0 2 0 0 2 0 0
366 3 0 0 0 0 0 1 0 0
367 1 0 0 0 0 0 0 0 0
375 16 1 1 0 0 0 0 0 0
376 16 1 1 0 0 0 0 0 0
379 240 0 0 0 0 0 0 0 0
380 104 0 0 0 0 0 0 0 0
382 96 0 0 0 0 0 0 0 0
383 96 3 1 48 0 0 0 0 0
389 24 0 0 8 1 0 4 0 0
398 44 2 1 16 0 0 0 0 0
401 8 0 0 4 0 0 0 0 0
402 8 0 0 4 0 0 0 0 0
404 8 0 0 8 0 0 0 0 0
409 5 0 0 0 0 0 5 0 0
414 30 0 0 15 0 0 0 0 0
416 5 0 0 0 0 0 0 0 0
424 15 1 1 5 1 0 0 0 0
425 2 0 0 0 0 0 1 0 0
429 25 0 0 5 0 0 0 0 0
431 6 0 0 0 0 0 3 0 0
432 3 0 0 0 0 0 0 0 0
437 20 5 1 5 0 0 0 0 0
438 5 0 0 0 0 0 0 0 0
452 5 0 0 5 0 0 0 0 0
457 25 3 1 10 2 1 5 0 0
461 55 0 0 20 0 0 0 0 0
464 10 3 1 5 1 0 0 0 0
466 15 0 0 15 0 0 0 0 0
468 195 3 2 195 0 0 0 0 0
fl=/build/glibc-FcXrgv/glibc-2.31/malloc/alloc_buffer_alloc_array.c
fn=__libc_alloc_buffer_alloc_array
25 6 1 1 0 0 0 0 0 0
26 6 0 0 6 0 0 0 0 0
28 24 0 0 0 0 0 0 0 0
30 24 0 0 0 0 0 0 0 0
32 6 0 0 0 0 0 0 0 0
33 12 0 0 0 0 0 0 0 0
34 30 1 1 0 0 0 0 0 0
35 18 0 0 6 0 0 0 0 0
37 6 0 0 0 0 0 6 0 0
38 6 0 0 0 0 0 0 0 0
45 6 0 0 0 0 0 0 0 0
fl=/build/glibc-FcXrgv/glibc-2.31/malloc/arena.c
fn=malloc_hook_ini
291 4 0 0 1 1 1 0 0 0
fn=ptmalloc_init.part.0
289 9 1 1 2 0 0 6 0 0
294 3 0 0 0 0 0 1 0 0
302 3 1 1 1 1 0 0 0 0
303 7 1 1 0 0 0 0 0 0
304 4 0 0 2 0 0 0 0 0
308 6 1 1 1 1 0 1 1 0
310 1 0 0 0 0 0 0 0 0
313 6 0 0 1 1 0 0 0 0
314 5 0 0 1 1 0 0 0 0
315 5 1 1 1 1 0 0 0 0
316 5 0 0 1 1 0 0 0 0
317 5 0 0 1 1 0 0 0 0
318 5 1 1 1 1 0 0 0 0
319 5 0 0 1 0 0 0 0 0
320 5 0 0 1 0 0 0 0 0
322 5 1 1 1 1 0 0 0 0
323 5 0 0 1 0 0 0 0 0
324 5 0 0 1 0 0 0 0 0
327 5 1 1 1 0 0 0 0 0
396 3 0 0 2 2 1 0 0 0
397 1 0 0 0 0 0 0 0 0
400 3 0 0 0 0 0 1 1 0
401 10 0 0 8 1 0 0 0 0
fn=realloc_hook_ini
291 3 1 1 1 0 0 0 0 0
fn=sysmalloc
536 4 0 0 0 0 0 0 0 0
fl=/build/glibc-FcXrgv/glibc-2.31/malloc/hooks.c
fn=malloc_hook_ini
29 4 1 1 0 0 0 3 0 0
30 3 1 1 1 0 0 1 0 0
32 2 0 0 0 0 0 0 0 0
33 2 0 0 3 1 0 0 0 0
fn=realloc_hook_ini
37 5 1 1 0 0 0 4 0 0
38 3 0 0 1 1 0 1 0 0
39 3 0 0 1 0 0 1 0 0
41 3 0 0 0 0 0 0 0 0
42 2 0 0 4 0 0 0 0 0
fl=/build/glibc-FcXrgv/glibc-2.31/malloc/malloc.c
fn=_int_free
1635 362 59 19 0 0 0 0 0 0
1875 1086 0 0 362 0 0 0 0 0
2924 1530 212 25 0 0 0 1530 0 0
2926 765 0 0 765 231 50 0 0 0
2927 765 0 0 0 0 0 765 0 0
2928 1530 222 20 0 0 0 765 0 0
4155 13524 437 67 2254 700 25 10143 116 21
4165 3381 0 0 1127 0 0 2254 13 1
4171 3381 0 0 0 0 0 0 0 0
4172 2254 0 0 0 0 0 0 0 0
4176 3381 0 0 0 0 0 0 0 0
4183 2254 0 0 0 0 0 0 0 0
4184 13524 229 29 3381 201 4 0 0 0
4187 936 0 0 0 0 0 0 0 0
4193 2808 163 19 936 43 29 0 0 0
4206 5616 0 0 1872 271 32 0 0 0
4209 765 0 0 0 0 0 0 0 0
4220 1086 0 0 362 123 4 0 0 0
4231 324 0 0 81 18 15 0 0 0
4233 324 34 16 81 13 1 0 0 0
4254 243 0 0 0 0 0 81 34 7
4255 81 0 0 0 0 0 0 0 0
4259 162 0 0 81 5 3 0 0 0
4261 324 0 0 81 12 1 0 0 0
4265 162 19 0 0 0 0 0 0 0
4267 81 0 0 0 0 0 81 0 0
4268 81 0 0 0 0 0 81 0 0
4286 324 0 0 0 0 0 0 0 0
4287 33 8 1 11 6 1 0 0 0
4295 562 104 15 281 0 0 0 0 0
4298 1405 0 0 281 85 3 281 0 0
4301 1124 0 0 0 0 0 0 0 0
4304 281 130 36 0 0 0 0 0 0
4308 843 0 0 281 120 14 0 0 0
4311 1124 0 0 281 118 6 0 0 0
4313 843 107 33 281 135 13 0 0 0
4316 562 0 0 281 108 55 0 0 0
4319 281 0 0 0 0 0 0 0 0
4320 562 0 0 0 0 0 0 0 0
4321 843 0 0 281 84 3 0 0 0
4327 562 120 43 281 0 0 0 0 0
4328 76 0 0 76 0 0 0 0 0
4329 76 0 0 0 0 0 0 0 0
4330 76 0 0 0 0 0 0 0 0
4331 304 0 0 76 35 8 0 0 0
4333 152 0 0 0 0 0 0 0 0
4336 843 0 0 281 0 0 0 0 0
4338 524 0 0 262 179 92 0 0 0
4341 262 132 39 0 0 0 0 0 0
4342 132 33 17 0 0 0 0 0 0
4343 132 0 0 0 0 0 0 0 0
4345 588 0 0 196 0 0 196 0 0
4353 262 0 0 0 0 0 0 0 0
4354 262 0 0 262 67 3 0 0 0
4355 786 0 0 262 50 3 0 0 0
4358 262 0 0 0 0 0 524 17 12
4359 524 0 0 0 0 0 0 0 0
4362 452 97 36 0 0 0 452 16 4
4364 262 0 0 0 0 0 262 0 0
4365 262 0 0 0 0 0 262 0 0
4367 524 0 0 0 0 0 262 0 0
4368 262 96 24 0 0 0 262 0 0
4379 19 18 14 0 0 0 0 0 0
4380 38 0 0 0 0 0 19 0 0
4381 38 17 11 0 0 0 19 0 0
4398 843 17 2 0 0 0 0 0 0
4399 27 9 8 9 0 0 0 0 0
4402 36 0 0 0 0 0 0 0 0
4404 54 8 7 27 9 6 0 0 0
4405 18 0 0 0 0 0 0 0 0
4406 6 0 0 2 0 0 0 0 0
4418 562 0 0 281 0 0 0 0 0
4428 13524 393 38 14651 0 0 0 0 0
fn=_int_malloc
1208 1130 0 0 0 0 0 1130 0 0
1210 5085 636 51 0 0 0 3390 163 8
1635 1123 0 0 0 0 0 0 0 0
1868 3955 6 0 5085 0 0 0 0 0
2924 11 0 0 0 0 0 11 0 0
2926 33 3 3 11 2 1 11 0 0
2927 11 0 0 0 0 0 11 0 0
2928 33 0 0 0 0 0 11 0 0
2929 11 0 0 0 0 0 0 0 0
3513 1695 217 33 0 0 0 2260 329 15
3553 565 0 0 0 0 0 0 0 0
3577 1716 359 19 565 349 12 0 0 0
3579 7 5 1 0 0 0 0 0 0
3582 76 0 0 76 19 2 0 0 0
3584 1460 197 25 0 0 0 0 0 0
3608 276 18 6 0 0 0 0 0 0
3612 1998 170 8 0 0 0 666 55 4
3635 978 0 0 0 0 0 0 0 0
3637 333 0 0 0 0 0 333 0 0
3638 692 180 36 0 0 0 0 0 0
3640 3702 0 0 346 276 89 1332 0 0
3642 13 0 0 13 12 9 0 0 0
3643 39 0 0 13 3 2 0 0 0
3645 52 0 0 13 10 7 13 0 0
3646 13 0 0 0 0 0 13 0 0
3647 13 13 8 0 0 0 13 0 0
3649 52 0 0 0 0 0 0 0 0
3655 26 0 0 0 0 0 0 0 0
3656 169 13 8 39 0 0 0 0 0
3661 109 0 0 13 0 0 0 0 0
3662 69 0 0 23 0 0 0 0 0
3664 11 0 0 0 0 0 0 0 0
3666 11 0 0 11 0 0 0 0 0
3667 44 3 2 11 4 2 11 0 0
3668 61 3 3 13 0 0 0 0 0
3670 11 0 0 0 0 0 11 0 0
3671 11 0 0 0 0 0 11 8 7
3697 5078 188 38 0 0 0 1614 47 1
3698 657 152 26 219 159 23 0 0 0
3699 117 0 0 52 0 0 52 0 0
3716 1654 0 0 0 0 0 0 0 0
3717 1104 0 0 0 0 0 0 0 0
3718 4414 376 24 1655 17 0 0 0 0
3722 2208 0 0 0 0 0 2208 0 0
3727 309 0 0 0 0 0 0 0 0
3728 2874 0 0 855 322 7 0 0 0
3730 396 0 0 396 71 5 0 0 0
3731 792 0 0 396 205 12 0 0 0
3732 396 0 0 0 0 0 0 0 0
3734 792 0 0 0 0 0 0 0 0
3735 1188 0 0 396 191 2 0 0 0
3737 396 0 0 396 246 17 0 0 0
3738 1188 214 31 0 0 0 0 0 0
3740 1584 0 0 396 0 0 0 0 0
3742 1188 0 0 396 31 4 0 0 0
3743 1188 0 0 396 0 0 0 0 0
3745 396 0 0 0 0 0 0 0 0
3756 1188 0 0 0 0 0 0 0 0
3757 516 128 23 172 0 0 0 0 0
3758 236 0 0 0 0 0 0 0 0
3759 309 0 0 0 0 0 0 0 0
3762 87 0 0 0 0 0 0 0 0
3763 87 0 0 0 0 0 0 0 0
3764 87 0 0 0 0 0 174 0 0
3765 87 0 0 0 0 0 87 0 0
3766 87 0 0 0 0 0 174 86 65
3767 174 0 0 0 0 0 0 0 0
3770 74 0 0 0 0 0 148 16 14
3773 609 79 15 0 0 0 87 0 0
3775 174 0 0 0 0 0 87 23 14
3776 87 0 0 0 0 0 87 0 0
3779 87 0 0 0 0 0 0 0 0
3787 309 167 34 0 0 0 309 0 0
3788 309 0 0 0 0 0 309 0 0
3792 618 0 0 0 0 0 0 0 0
3794 12 0 0 0 0 0 6 0 0
3795 1674 285 17 6 0 0 552 0 0
3800 12 0 0 0 0 0 0 0 0
3801 927 0 0 309 0 0 0 0 0
3821 606 0 0 0 0 0 0 0 0
3823 220 0 0 0 0 0 0 0 0
3824 440 0 0 0 0 0 0 0 0
3825 110 0 0 110 57 42 0 0 0
3829 1798 272 60 0 0 0 0 0 0
3830 772 37 8 0 0 0 0 0 0
3831 193 0 0 193 175 67 0 0 0
3834 386 0 0 0 0 0 0 0 0
3837 2 0 0 0 0 0 0 0 0
3839 6 0 0 4 0 0 0 0 0
3840 4 0 0 0 0 0 0 0 0
3847 2 0 0 1 0 0 2 0 0
3848 4 0 0 0 0 0 2 0 0
3852 2 0 0 1 0 0 0 0 0
3853 2 1 1 0 0 0 0 0 0
3859 1 0 0 0 0 0 0 0 0
3866 2 0 0 1 0 0 2 0 0
3867 4 0 0 2 0 0 0 0 0
3869 1 0 0 0 0 0 1 0 0
3870 3 0 0 1 0 0 1 0 0
3872 1 0 0 1 0 0 0 0 0
3873 5 1 1 1 0 0 0 0 0
3878 764 181 57 0 0 0 382 33 2
3881 1515 0 0 303 57 12 303 0 0
3882 303 0 0 0 0 0 606 0 0
3884 303 0 0 0 0 0 303 73 47
3885 303 0 0 0 0 0 303 0 0
3890 606 144 22 0 0 0 0 0 0
3891 303 0 0 0 0 0 0 0 0
3892 3201 0 0 618 0 0 0 0 0
3900 1218 351 46 0 0 0 0 0 0
3917 918 124 15 0 0 0 0 0 0
3919 852 120 16 213 0 0 0 0 0
3922 852 0 0 213 194 99 0 0 0
3923 9 0 0 3 1 0 0 0 0
3927 8 0 0 2 0 0 0 0 0
3929 2 2 2 2 0 0 0 0 0
3933 6 2 2 2 0 0 0 0 0
3938 2 0 0 0 0 0 0 0 0
3939 4 0 0 0 0 0 0 0 0
3942 4 0 0 0 0 0 0 0 0
3990 914 123 5 457 0 0 0 0 0
3991 1371 0 0 0 0 0 0 0 0
3992 457 0 0 0 0 0 0 0 0
3993 1371 182 25 457 154 5 0 0 0
3994 1371 0 0 0 0 0 0 0 0
3999 2425 0 0 0 0 0 0 0 0
4003 2568 200 11 0 0 0 0 0 0
4006 2368 0 0 592 67 0 0 0 0
4008 648 121 15 0 0 0 0 0 0
4009 324 0 0 0 0 0 0 0 0
4013 5804 0 0 0 0 0 0 0 0
4015 2552 0 0 0 0 0 0 0 0
4016 2552 0 0 0 0 0 0 0 0
4017 2552 0 0 0 0 0 0 0 0
4021 350 0 0 350 166 43 0 0 0
4024 700 105 18 0 0 0 0 0 0
4026 471 0 0 0 0 0 157 0 0
4027 157 0 0 0 0 0 0 0 0
4028 157 0 0 0 0 0 0 0 0
4033 386 159 22 193 73 25 0 0 0
4036 386 0 0 0 0 0 0 0 0
4038 193 0 0 0 0 0 0 0 0
4041 386 0 0 0 0 0 0 0 0
4044 386 161 17 0 0 0 0 0 0
4046 52 8 7 13 0 0 13 0 0
4047 52 0 0 0 0 0 0 0 0
4054 182 0 0 0 0 0 0 0 0
4059 182 0 0 182 0 0 0 0 0
4060 546 0 0 182 0 0 0 0 0
4062 182 0 0 0 0 0 364 177 94
4064 182 0 0 0 0 0 182 0 0
4065 182 0 0 0 0 0 182 0 0
4068 364 0 0 0 0 0 0 0 0
4069 83 0 0 0 0 0 83 0 0
4070 364 0 0 0 0 0 0 0 0
4073 244 0 0 0 0 0 244 27 15
4075 1274 125 29 0 0 0 182 0 0
4077 364 0 0 0 0 0 182 49 27
4078 364 0 0 0 0 0 182 0 0
4081 208 0 0 0 0 0 0 0 0
4103 264 0 0 264 125 12 0 0 0
4104 528 0 0 264 136 14 0 0 0
4106 792 123 12 264 0 0 0 0 0
4109 792 0 0 0 0 0 0 0 0
4111 259 0 0 0 0 0 0 0 0
4112 259 0 0 0 0 0 0 0 0
4113 259 0 0 0 0 0 259 0 0
4114 1813 299 55 0 0 0 259 0 0
4116 518 0 0 0 0 0 259 253 237
4119 259 0 0 0 0 0 0 0 0
4126 20 0 0 5 0 0 10 0 0
4141 20 5 5 0 0 0 0 0 0
4142 5 0 0 0 0 0 0 0 0
4147 2260 0 0 2260 0 0 0 0 0
fn=_int_realloc
4540 1155 81 16 0 0 0 1485 21 5
4551 495 0 0 165 0 0 0 0 0
4552 660 0 0 165 0 0 0 0 0
4558 330 0 0 0 0 0 0 0 0
4560 165 80 18 0 0 0 0 0 0
4561 495 0 0 165 31 18 0 0 0
4563 660 0 0 0 0 0 0 0 0
4566 330 0 0 0 0 0 0 0 0
4576 357 15 7 97 54 1 0 0 0
4577 33 23 1 0 0 0 0 0 0
4578 33 0 0 0 0 0 0 0 0
4580 297 0 0 0 0 0 33 0 0
4581 66 0 0 0 0 0 33 0 0
4582 99 27 7 0 0 0 33 33 33
4584 66 0 0 0 0 0 0 0 0
4588 64 0 0 0 0 0 0 0 0
4589 194 0 0 64 32 10 0 0 0
4590 33 12 6 0 0 0 0 0 0
4594 180 0 0 30 0 0 0 0 0
4600 136 17 3 0 0 0 0 0 0
4601 34 0 0 0 0 0 0 0 0
4604 34 0 0 0 0 0 0 0 0
4610 68 0 0 0 0 0 0 0 0
4617 102 26 7 0 0 0 0 0 0
4618 136 0 0 0 0 0 0 0 0
4620 34 0 0 0 0 0 0 0 0
4629 98 54 19 0 0 0 0 0 0
4631 196 0 0 0 0 0 0 0 0
4633 414 56 16 0 0 0 20 0 0
4634 60 0 0 20 0 0 20 0 0
4638 78 0 0 0 0 0 0 0 0
4639 390 45 6 0 0 0 78 0 0
4640 156 0 0 0 0 0 78 31 22
4643 234 0 0 78 0 0 78 0 0
4644 312 36 6 0 0 0 0 0 0
4648 98 0 0 0 0 0 0 0 0
4649 1155 63 16 1485 0 0 0 0 0
fn=calloc
3366 12 4 4 0 0 0 16 0 0
3376 24 4 4 0 0 0 0 0 0
3384 12 0 0 8 8 0 0 0 0
3385 4 0 0 0 0 0 0 0 0
3394 32 4 4 8 4 0 16 0 0
3396 12 0 0 4 2 0 0 0 0
3406 12 0 0 4 4 0 0 0 0
3407 12 0 0 4 4 0 0 0 0
3428 16 0 0 0 0 0 0 0 0
3430 36 8 8 4 0 0 0 0 0
3433 8 0 0 4 0 0 0 0 0
3450 4 0 0 0 0 0 0 0 0
3453 8 0 0 4 0 0 0 0 0
3455 2 0 0 4 0 0 0 0 0
3461 4 0 0 0 0 0 0 0 0
3464 16 0 0 0 0 0 0 0 0
3475 4 0 0 0 0 0 0 0 0
3477 8 0 0 0 0 0 0 0 0
3479 8 4 4 0 0 0 0 0 0
3480 18 3 2 12 0 0 0 0 0
3485 1 0 0 0 0 0 2 0 0
3486 1 0 0 0 0 0 1 0 0
3487 2 0 0 0 0 0 0 0 0
3490 1 0 0 0 0 0 2 0 0
3491 2 0 0 0 0 0 0 0 0
3505 16 0 0 16 0 0 0 0 0
fn=free
3087 2414 281 19 0 0 0 2414 30 8
3092 3621 0 0 2414 447 20 0 0 0
3093 1207 0 0 0 0 0 0 0 0
3099 3621 0 0 0 0 0 1207 3 0
3102 1015 276 21 0 0 0 0 0 0
3104 2030 0 0 1015 245 161 0 0 0
3122 6090 0 0 2030 324 7 0 0 0
3124 3045 0 0 0 0 0 0 0 0
3125 3237 599 73 1207 0 0 0 0 0
3126 1399 0 0 2414 0 0 0 0 0
fn=malloc
1208 2334 0 0 0 0 0 2334 0 0
1210 4668 0 0 0 0 0 1167 0 0
2936 1282 0 0 641 183 39 0 0 0
2937 1282 209 24 641 254 99 641 0 0
2938 1282 0 0 0 0 0 641 0 0
2939 641 0 0 0 0 0 641 0 0
2978 3 2 2 1 0 0 0 0 0
3023 2336 459 49 0 0 0 2336 112 7
3031 3504 490 42 2336 847 11 0 0 0
3032 1168 0 0 0 0 0 0 0 0
3033 4 1 1 0 0 0 0 0 0
3037 2334 0 0 0 0 0 2334 1 0
3044 10503 489 28 2334 838 17 0 0 0
3047 4668 0 0 1167 414 4 0 0 0
3048 975 358 15 1 0 0 0 0 0
3049 1946 0 0 973 452 76 0 0 0
3051 1282 0 0 641 0 0 0 0 0
3056 1578 0 0 526 296 8 0 0 0
3058 3156 0 0 0 0 0 0 0 0
3059 3155 313 3 1052 3 3 0 0 0
3082 5836 145 2 7004 0 0 0 0 0
fn=malloc_consolidate
4441 91 13 13 0 0 0 130 3 0
4456 26 0 0 0 0 0 13 0 0
4458 13 0 0 0 0 0 0 0 0
4469 13 13 13 0 0 0 0 0 0
4471 520 0 0 0 0 0 0 0 0
4472 130 0 0 0 0 0 0 0 0
4475 98 13 13 49 37 16 0 0 0
4476 245 0 0 0 0 0 0 0 0
4481 49 0 0 49 11 3 0 0 0
4484 49 0 0 0 0 0 0 0 0
4485 49 0 0 0 0 0 0 0 0
4486 98 13 13 49 18 5 0 0 0
4488 49 0 0 0 0 0 0 0 0
4489 3 0 0 3 0 0 0 0 0
4490 3 0 0 0 0 0 0 0 0
4491 3 0 0 0 0 0 0 0 0
4492 12 0 0 3 3 3 0 0 0
4494 6 0 0 0 0 0 0 0 0
4497 147 0 0 49 7 2 0 0 0
4498 98 0 0 49 31 19 0 0 0
4500 49 13 13 0 0 0 0 0 0
4501 11 0 0 0 0 0 0 0 0
4502 33 6 6 0 0 0 0 0 0
4504 114 0 0 38 0 0 38 0 0
4506 49 0 0 49 8 0 0 0 0
4507 49 0 0 0 0 0 49 0 0
4508 49 0 0 0 0 0 49 3 1
4510 98 0 0 0 0 0 0 0 0
4512 1 0 0 0 0 0 2 0 0
4515 49 0 0 0 0 0 0 0 0
4516 49 0 0 0 0 0 49 0 0
4517 49 0 0 0 0 0 98 0 0
4518 98 0 0 0 0 0 49 0 0
4527 79 0 0 0 0 0 0 0 0
4530 390 0 0 0 0 0 0 0 0
4531 78 0 0 130 0 0 0 0 0
fn=malloc_init_state
1795 258 1 1 0 0 0 0 0 0
1798 254 0 0 0 0 0 254 32 32
1802 4 0 0 0 0 0 0 0 0
1806 3 1 1 0 0 0 1 1 0
1807 2 0 0 0 0 0 1 1 0
1809 1 0 0 0 0 0 1 1 1
1810 1 0 0 0 0 0 0 0 0
fn=realloc
1208 165 0 0 0 0 0 0 0 0
1210 825 0 0 0 0 0 0 0 0
3131 338 73 22 0 0 0 338 1 1
3138 507 0 0 338 182 22 0 0 0
3139 169 0 0 0 0 0 0 0 0
3140 4 1 1 0 0 0 0 0 0
3143 1176 0 0 0 0 0 672 0 0
3150 168 0 0 0 0 0 0 0 0
3151 12 1 0 12 0 0 0 0 0
3154 165 65 18 0 0 0 0 0 0
3156 660 0 0 165 45 5 495 0 0
3158 165 0 0 0 0 0 0 0 0
3159 165 0 0 0 0 0 0 0 0
3162 990 140 54 330 72 0 0 0 0
3163 660 71 25 0 0 0 0 0 0
3172 495 0 0 0 0 0 0 0 0
3173 330 0 0 0 0 0 0 0 0
3183 165 61 23 0 0 0 0 0 0
3224 660 0 0 165 72 0 0 0 0
3226 990 0 0 0 0 0 0 0 0
3227 1980 104 18 660 0 0 0 0 0
3254 829 0 0 998 0 0 0 0 0
fn=sysmalloc
2255 30 5 5 0 0 0 40 3 0
2275 15 0 0 10 8 5 0 0 0
2286 10 0 0 0 0 0 10 0 0
2287 38 5 5 5 5 5 12 0 0
2288 3 1 1 2 0 0 0 0 0
2302 24 0 0 0 0 0 4 0 0
2308 4 1 1 0 0 0 1 0 0
2310 7 1 1 0 0 0 0 0 0
2312 4 0 0 2 0 0 0 0 0
2327 4 1 1 0 0 0 2 0 0
2343 2 0 0 0 0 0 2 1 1
2348 6 0 0 0 0 0 0 0 0
2349 10 1 1 1 0 0 0 0 0
2352 5 0 0 0 0 0 0 0 0
2353 10 1 1 1 0 0 0 0 0
2368 4 0 0 4 0 0 0 0 0
2369 8 4 4 4 0 0 0 0 0
2370 4 0 0 0 0 0 0 0 0
2379 27 0 0 0 0 0 0 0 0
2385 12 0 0 0 0 0 0 0 0
2388 16 0 0 0 0 0 0 0 0
2441 4 4 4 0 0 0 0 0 0
2449 32 4 4 8 0 0 0 0 0
2460 8 4 4 0 0 0 0 0 0
2468 8 0 0 0 0 0 0 0 0
2470 28 0 0 8 4 3 8 0 0
2471 4 0 0 0 0 0 0 0 0
2474 8 4 4 8 0 0 0 0 0
2477 12 0 0 8 2 0 0 0 0
2478 4 0 0 0 0 0 0 0 0
2524 31 0 0 8 0 0 0 0 0
2525 3 1 1 0 0 0 1 0 0
2526 8 0 0 0 0 0 4 0 0
2532 12 0 0 0 0 0 0 0 0
2533 15 0 0 3 0 0 3 0 0
2535 5 1 1 1 0 0 0 0 0
2569 1 0 0 0 0 0 0 0 0
2575 2 1 1 0 0 0 0 0 0
2597 2 0 0 0 0 0 0 0 0
2598 5 0 0 0 0 0 0 0 0
2600 1 0 0 0 0 0 0 0 0
2601 6 0 0 2 0 0 0 0 0
2613 1 0 0 0 0 0 0 0 0
2621 3 0 0 2 0 0 0 0 0
2622 1 0 0 0 0 0 0 0 0
2623 3 2 2 0 0 0 0 0 0
2660 2 1 1 0 0 0 1 0 0
2661 4 1 1 0 0 0 1 1 1
2662 3 0 0 1 0 0 1 0 0
2673 1 0 0 0 0 0 0 0 0
2705 12 4 4 4 0 0 0 0 0
2706 4 0 0 0 0 0 4 0 0
2711 8 0 0 4 0 0 0 0 0
2714 8 4 4 0 0 0 0 0 0
2716 4 0 0 0 0 0 0 0 0
2717 12 0 0 0 0 0 0 0 0
2718 8 0 0 0 0 0 4 0 0
2719 12 0 0 0 0 0 4 0 0
2720 8 0 0 0 0 0 4 4 4
2722 12 0 0 16 0 0 0 0 0
2728 31 4 4 42 0 0 0 0 0
fn=systrim.isra.0.constprop.0
2741 8 2 2 0 0 0 12 0 0
2751 4 0 0 2 2 0 0 0 0
2752 10 2 2 4 0 0 0 0 0
2754 2 0 0 0 0 0 0 0 0
2755 4 0 0 0 0 0 0 0 0
2756 2 2 2 0 0 0 0 0 0
2759 6 0 0 2 2 1 0 0 0
2761 4 0 0 0 0 0 0 0 0
2805 8 0 0 12 0 0 0 0 0
fn=tcache_init.part.0
2972 4 1 1 0 0 0 6 0 0
2981 10 1 1 2 0 0 0 0 0
2982 4 0 0 0 0 0 0 0 0
2983 1 0 0 0 0 0 0 0 0
2991 5 0 0 0 0 0 0 0 0
3000 2 1 1 0 0 0 1 0 0
3001 4 0 0 0 0 0 0 0 0
3004 3 0 0 6 0 0 0 0 0
fn=unlink_chunk.isra.0
1451 762 192 31 0 0 0 762 45 3
1453 1905 0 0 762 71 23 0 0 0
1457 381 0 0 762 49 15 0 0 0
1459 2286 0 0 762 184 63 0 0 0
1462 381 0 0 0 0 0 381 0 0
1463 381 203 34 0 0 0 381 0 0
1464 1354 0 0 296 29 2 0 0 0
1466 573 0 0 191 0 0 0 0 0
1467 764 0 0 382 0 0 0 0 0
1470 382 0 0 191 0 0 0 0 0
1484 191 0 0 0 0 0 191 0 0
1485 382 0 0 191 0 0 191 0 0
1488 762 253 31 762 0 0 0 0 0
fl=/build/glibc-FcXrgv/glibc-2.31/malloc/morecore.c
fn=__default_morecore
46 10 4 4 0 0 0 10 0 0
47 5 0 0 0 0 0 0 0 0
49 5 0 0 0 0 0 0 0 0
52 15 4 4 10 0 0 0 0 0
fl=/build/glibc-FcXrgv/glibc-2.31/malloc/scratch_buffer_set_array_size.c
fn=__libc_scratch_buffer_set_array_size
30 32 1 1 0 0 0 32 0 0
31 8 0 0 0 0 0 0 0 0
34 8 0 0 0 0 0 0 0 0
35 24 0 0 0 0 0 0 0 0
45 24 0 0 8 0 0 0 0 0
46 8 0 0 0 0 0 0 0 0
63 24 1 1 32 0 0 0 0 0
fl=/build/glibc-FcXrgv/glibc-2.31/math/../sysdeps/ieee754/dbl-64/wordsize-64/s_modf.c
fn=modf
32 15 0 0 0 0 0 0 0 0
35 15 15 13 0 0 0 0 0 0
36 30 0 0 0 0 0 0 0 0
37 30 15 15 0 0 0 0 0 0
38 15 0 0 0 0 0 0 0 0
43 30 0 0 0 0 0 0 0 0
44 30 0 0 0 0 0 0 0 0
45 15 0 0 0 0 0 15 0 0
47 30 0 0 0 0 0 0 0 0
62 15 0 0 0 0 0 0 0 0
fl=/build/glibc-FcXrgv/glibc-2.31/misc/../sysdeps/unix/syscall-template.S
fn=mprotect
78 72 1 1 0 0 0 0 0 0
79 18 0 0 0 0 0 0 0 0
fn=munmap
78 80 7 4 0 0 0 0 0 0
79 20 7 3 0 0 0 0 0 0
fn=sysinfo
78 4 1 1 0 0 0 0 0 0
79 1 0 0 0 0 0 0 0 0
fl=/build/glibc-FcXrgv/glibc-2.31/misc/../sysdeps/unix/sysv/linux/generic/brk.c
fn=brk
33 5 4 4 0 0 0 0 0 0
36 25 0 0 5 0 0 5 0 0
37 10 0 0 0 0 0 0 0 0
43 5 0 0 0 0 0 0 0 0
44 5 0 0 0 0 0 0 0 0
fl=/build/glibc-FcXrgv/glibc-2.31/misc/../sysdeps/unix/sysv/linux/getclktck.c
fn=__getclktck
30 5 2 2 2 2 0 0 0 0
31 2 0 0 0 0 0 0 0 0
fl=/build/glibc-FcXrgv/glibc-2.31/misc/../sysdeps/unix/sysv/linux/getpagesize.c
fn=getpagesize
28 32 3 2 16 4 2 0 0 0
30 8 0 0 0 0 0 0 0 0
fl=/build/glibc-FcXrgv/glibc-2.31/misc/../sysdeps/unix/sysv/linux/getsysstats.c
fn=get_phys_pages
319 8 1 1 2 0 0 4 0 0
322 2 0 0 0 0 0 0 0 0
323 8 1 1 4 0 0 0 0 0
324 2 0 0 3 0 0 0 0 0
fn=sysinfo_mempages
295 5 1 1 0 0 0 4 0 0
296 2 1 1 0 0 0 0 0 0
298 3 0 0 0 0 0 0 0 0
303 1 0 0 0 0 0 0 0 0
304 26 0 0 0 0 0 0 0 0
306 12 0 0 0 0 0 0 0 0
307 12 0 0 0 0 0 0 0 0
310 3 1 1 4 0 0 0 0 0
fl=/build/glibc-FcXrgv/glibc-2.31/misc/../sysdeps/unix/sysv/linux/mmap64.c
fn=mmap
51 98 13 8 0 0 0 0 0 0
59 343 0 0 0 0 0 0 0 0
61 49 0 0 0 0 0 0 0 0
fl=/build/glibc-FcXrgv/glibc-2.31/misc/getauxval.c
fn=getauxval
31 6 2 2 0 0 0 0 0 0
32 8 2 2 5 1 0 0 0 0
48 3 1 1 0 0 0 0 0 0
fl=/build/glibc-FcXrgv/glibc-2.31/misc/init-misc.c
fn=__init_misc
30 4 0 0 0 0 0 4 0 0
31 3 2 2 1 1 0 0 0 0
33 3 0 0 0 0 0 0 0 0
37 4 0 0 1 1 0 0 0 0
38 5 0 0 2 1 0 2 1 0
40 3 0 0 4 0 0 0 0 0
fl=/build/glibc-FcXrgv/glibc-2.31/misc/sbrk.c
fn=sbrk
32 25 4 4 0 0 0 25 0 0
40 32 4 4 14 9 8 0 0 0
41 6 1 1 2 0 0 0 0 0
44 10 0 0 0 0 0 0 0 0
48 16 0 0 0 0 0 0 0 0
56 12 7 7 0 0 0 0 0 0
60 25 0 0 25 0 0 0 0 0
fl=/build/glibc-FcXrgv/glibc-2.31/misc/tsearch.c
fn=tfind
373 54 17 5 0 0 0 72 3 0
377 18 0 0 0 0 0 0 0 0
378 17 0 0 0 0 0 0 0 0
383 125 18 6 18 15 6 18 0 0
388 3 0 0 1 0 0 0 0 0
389 2 0 0 0 0 0 0 0 0
392 2 0 0 0 0 0 0 0 0
395 90 17 5 90 0 0 0 0 0
fn=tsearch
292 4 1 1 0 0 0 5 0 0
303 1 0 0 0 0 0 0 0 0
307 2 0 0 1 0 0 2 0 0
308 7 1 1 0 0 0 6 0 0
326 4 1 1 0 0 0 0 0 0
338 3 1 1 0 0 0 0 0 0
339 1 0 0 0 0 0 0 0 0
350 4 0 0 1 0 0 1 0 0
353 2 0 0 0 0 0 2 0 0
354 1 0 0 0 0 0 1 0 0
356 2 0 0 0 0 0 0 0 0
363 8 1 1 12 0 0 0 0 0
fl=/build/glibc-FcXrgv/glibc-2.31/nptl/../include/list.h
fn=__pthread_initialize_minimal
44 1 0 0 0 0 0 0 0 0
45 1 0 0 0 0 0 2 0 0
46 1 0 0 0 0 0 1 0 0
47 1 0 0 0 0 0 0 0 0
48 1 0 0 0 0 0 1 0 0
fl=/build/glibc-FcXrgv/glibc-2.31/nptl/../malloc/dynarray-skeleton.c
fn=__register_atfork
196 1 0 0 0 0 0 0 0 0
197 2 0 0 0 0 0 2 0 0
318 2 1 1 1 0 0 0 0 0
320 2 0 0 0 0 0 1 0 0
364 1 0 0 0 0 0 0 0 0
fn=__unregister_atfork
250 14 0 0 7 0 0 0 0 0
fl=/build/glibc-FcXrgv/glibc-2.31/nptl/../sysdeps/nptl/futex-internal.h
fn=__pthread_once_slow
364 8 0 0 0 0 0 0 0 0
fn=pthread_rwlock_rdlock
368 48 0 0 0 0 0 0 0 0
fn=sem_post@@GLIBC_2.17
368 249 0 0 0 0 0 0 0 0
fl=/build/glibc-FcXrgv/glibc-2.31/nptl/../sysdeps/unix/sysv/linux/pthread-pids.h
fn=__pthread_initialize_minimal
29 7 0 0 0 0 0 1 1 0
fl=/build/glibc-FcXrgv/glibc-2.31/nptl/../sysdeps/unix/sysv/linux/sigaction.c
fn=__libc_sigaction
43 16 1 1 4 0 0 6 1 0
48 2 0 0 0 0 0 0 0 0
50 4 0 0 2 0 0 0 0 0
51 34 2 2 32 0 0 32 2 2
52 6 0 0 2 0 0 4 0 0
53 2 0 0 0 0 0 0 0 0
58 20 0 0 0 0 0 0 0 0
62 6 1 1 0 0 0 0 0 0
70 16 2 2 10 0 0 0 0 0
fl=/build/glibc-FcXrgv/glibc-2.31/nptl/alloca_cutoff.c
fn=__libc_alloca_cutoff
28 30 5 4 3 3 1 0 0 0
35 6 0 0 0 0 0 0 0 0
fl=/build/glibc-FcXrgv/glibc-2.31/nptl/cleanup_compat.c
fn=_pthread_cleanup_pop
41 1 0 0 0 0 0 0 0 0
43 3 0 0 1 0 0 1 0 0
47 1 0 0 0 0 0 0 0 0
49 1 0 0 0 0 0 0 0 0
fn=_pthread_cleanup_push
27 1 1 1 0 0 0 0 0 0
30 1 0 0 0 0 0 2 0 0
31 3 1 1 1 0 0 1 0 0
33 1 0 0 0 0 0 1 0 0
34 1 0 0 0 0 0 0 0 0
fl=/build/glibc-FcXrgv/glibc-2.31/nptl/cleanup_defer_compat.c
fn=_pthread_cleanup_pop_restore
62 78 15 8 0 0 0 78 0 0
63 13 0 0 0 0 0 0 0 0
65 39 0 0 13 0 0 13 0 0
68 26 0 0 13 0 0 0 0 0
91 13 0 0 0 0 0 0 0 0
93 52 0 0 78 0 0 0 0 0
fn=_pthread_cleanup_push_defer
25 65 7 4 0 0 0 78 0 0
26 13 0 0 0 0 0 0 0 0
28 13 0 0 0 0 0 13 0 0
29 13 0 0 0 0 0 13 0 0
30 52 0 0 13 3 1 13 0 0
32 13 0 0 13 5 2 0 0 0
35 26 0 0 0 0 0 0 0 0
50 13 8 4 0 0 0 13 0 0
52 13 0 0 0 0 0 0 0 0
54 13 0 0 0 0 0 13 0 0
55 52 0 0 78 0 0 0 0 0
fl=/build/glibc-FcXrgv/glibc-2.31/nptl/forward.c
fn=pthread_cond_init@@GLIBC_2.17
99 22 2 2 8 1 0 0 0 0
fn=pthread_cond_signal@@GLIBC_2.17
110 14531 117 8 5284 139 12 0 0 0
fn=pthread_condattr_init
71 11 2 2 4 2 0 0 0 0
fn=pthread_mutex_init
156 22 2 2 8 3 0 0 0 0
fn=pthread_mutex_lock
160 21802 101 16 7928 476 68 0 0 0
fn=pthread_mutex_unlock
162 21802 103 19 7928 0 0 0 0 0
fl=/build/glibc-FcXrgv/glibc-2.31/nptl/libc_pthread_init.c
fn=__libc_pthread_init
43 4 1 1 0 0 0 3 0 0
45 2 0 0 0 0 0 1 1 1
48 5 1 1 0 0 0 0 0 0
67 127 0 0 0 0 0 0 0 0
70 89 0 0 44 7 0 0 0 0
71 43 0 0 0 0 0 42 6 6
73 3 0 0 0 0 0 1 0 0
77 1 0 0 0 0 0 0 0 0
79 4 0 0 3 0 0 0 0 0
fl=/build/glibc-FcXrgv/glibc-2.31/nptl/nptl-init.c
fn=__pthread_initialize_minimal
244 9 2 2 2 2 0 7 2 2
246 1 0 0 0 0 0 0 0 0
248 2 0 0 0 0 0 1 1 0
249 2 0 0 0 0 0 1 1 0
254 1 0 0 0 0 0 0 0 0
256 1 0 0 0 0 0 2 0 0
258 2 0 0 0 0 0 1 0 0
262 4 1 1 0 0 0 0 0 0
272 4 0 0 2 2 0 1 1 0
275 3 0 0 0 0 0 1 1 1
276 1 0 0 0 0 0 0 0 0
280 5 1 1 1 1 0 1 0 0
283 49 0 0 0 0 0 16 2 2
288 3 0 0 0 0 0 1 0 0
289 2 0 0 0 0 0 1 0 0
290 4 0 0 0 0 0 0 0 0
293 3 1 1 0 0 0 1 0 0
294 3 0 0 0 0 0 1 0 0
295 4 0 0 0 0 0 0 0 0
301 3 0 0 1 0 0 1 0 0
304 6 1 1 0 0 0 0 0 0
311 4 0 0 0 0 0 0 0 0
314 4 0 0 1 0 0 0 0 0
316 2 1 1 0 0 0 1 0 0
318 6 0 0 1 0 0 1 0 0
323 5 0 0 0 0 0 0 0 0
324 3 0 0 1 0 0 0 0 0
328 3 0 0 0 0 0 0 0 0
335 3 0 0 2 0 0 0 0 0
336 3 1 1 1 0 0 0 0 0
341 7 0 0 0 0 0 1 0 0
342 7 1 1 0 0 0 0 0 0
343 4 0 0 1 0 0 1 1 1
344 1 0 0 0 0 0 1 0 0
345 6 0 0 0 0 0 0 0 0
350 5 1 1 2 0 0 1 1 0
351 3 0 0 1 0 0 1 0 0
352 1 0 0 1 1 0 0 0 0
353 1 0 0 0 0 0 1 0 0
354 2 0 0 0 0 0 0 0 0
355 1 0 0 0 0 0 0 0 0
357 4 1 1 1 0 0 1 0 0
360 3 0 0 0 0 0 1 0 0
362 3 0 0 0 0 0 1 0 0
366 2 0 0 0 0 0 1 0 0
368 7 0 0 0 0 0 0 0 0
372 3 1 1 0 0 0 1 0 0
375 1 0 0 0 0 0 0 0 0
377 10 0 0 9 0 0 0 0 0
fl=/build/glibc-FcXrgv/glibc-2.31/nptl/pthread_cond_init.c
fn=pthread_cond_init@@GLIBC_2.17
33 6 1 1 0 0 0 12 0 0
39 6 0 0 2 0 0 0 0 0
45 2 0 0 0 0 0 0 0 0
46 6 0 0 2 0 0 2 0 0
48 2 0 0 0 0 0 0 0 0
51 4 0 0 0 0 0 0 0 0
fl=/build/glibc-FcXrgv/glibc-2.31/nptl/pthread_cond_signal.c
fn=pthread_cond_signal@@GLIBC_2.17
36 5284 136 14 0 0 0 5284 67 15
37 1321 0 0 0 0 0 0 0 0
42 2642 0 0 1321 111 15 0 0 0
43 2642 138 11 0 0 0 0 0 0
97 5284 141 21 5284 0 0 0 0 0
fl=/build/glibc-FcXrgv/glibc-2.31/nptl/pthread_condattr_init.c
fn=pthread_condattr_init
25 1 1 1 0 0 0 0 0 0
32 1 0 0 0 0 0 1 1 1
35 2 0 0 0 0 0 0 0 0
fl=/build/glibc-FcXrgv/glibc-2.31/nptl/pthread_condattr_setclock.c
fn=pthread_condattr_setclock
29 1 1 1 0 0 0 0 0 0
31 2 0 0 0 0 0 0 0 0
34 1 0 0 0 0 0 0 0 0
41 3 1 1 1 0 0 1 0 0
42 1 0 0 0 0 0 0 0 0
44 1 0 0 0 0 0 0 0 0
45 1 0 0 0 0 0 0 0 0
fl=/build/glibc-FcXrgv/glibc-2.31/nptl/pthread_getspecific.c
fn=pthread_getspecific
25 1 1 1 0 0 0 0 0 0
30 2 0 0 0 0 0 0 0 0
31 4 1 1 0 0 0 0 0 0
55 1 0 0 1 0 0 0 0 0
56 1 0 0 0 0 0 0 0 0
65 1 0 0 0 0 0 0 0 0
fl=/build/glibc-FcXrgv/glibc-2.31/nptl/pthread_key_create.c
fn=pthread_key_create
26 9 2 2 0 0 0 8 0 0
28 1 0 0 0 0 0 0 0 0
30 1 0 0 1 1 1 0 0 0
32 4 0 0 0 0 0 0 0 0
34 6 1 1 0 0 0 0 0 0
38 3 0 0 0 0 0 1 0 0
41 1 0 0 0 0 0 1 0 0
44 1 0 0 0 0 0 0 0 0
49 5 0 0 8 0 0 0 0 0
fl=/build/glibc-FcXrgv/glibc-2.31/nptl/pthread_key_delete.c
fn=pthread_key_delete
26 3 0 0 0 0 0 3 0 0
29 2 1 1 0 0 0 0 0 0
31 5 1 1 1 1 1 0 0 0
33 1 0 0 0 0 0 0 0 0
34 6 0 0 0 0 0 0 0 0
37 1 0 0 0 0 0 0 0 0
41 3 1 1 3 0 0 0 0 0
fl=/build/glibc-FcXrgv/glibc-2.31/nptl/pthread_mutex_conf.c
fn=__pthread_tunables_init
42 8 1 1 2 1 0 4 0 0
43 5 0 0 0 0 0 0 0 0
45 8 1 1 5 1 0 0 0 0
fl=/build/glibc-FcXrgv/glibc-2.31/nptl/pthread_mutex_init.c
fn=pthread_mutex_init
53 22 2 2 4 2 0 14 0 0
65 2 0 0 0 0 0 0 0 0
89 6 0 0 0 0 0 12 2 2
92 2 1 1 0 0 0 0 0 0
134 2 0 0 0 0 0 0 0 0
140 4 1 1 0 0 0 2 0 0
149 2 0 0 0 0 0 0 0 0
151 2 0 0 0 0 0 0 0 0
152 20 1 1 18 0 0 0 0 0
fl=/build/glibc-FcXrgv/glibc-2.31/nptl/pthread_mutex_lock.c
fn=pthread_mutex_lock
64 5952 125 14 0 0 0 7936 8 0
67 7936 113 15 1984 105 13 0 0 0
69 1984 0 0 0 0 0 0 0 0
71 3968 0 0 0 0 0 0 0 0
75 5952 0 0 0 0 0 3968 0 0
80 9910 0 0 0 0 0 0 0 0
81 7928 115 12 1982 0 0 0 0 0
95 8 4 4 2 0 0 0 0 0
99 4 0 0 0 0 0 0 0 0
102 8 0 0 4 2 1 0 0 0
115 8 0 0 0 0 0 0 0 0
117 4 0 0 2 0 0 0 0 0
118 6 2 2 0 0 0 2 0 0
159 1984 0 0 1984 115 14 0 0 0
161 5952 0 0 1984 0 0 3968 0 0
164 1984 0 0 0 0 0 0 0 0
166 1984 0 0 0 0 0 0 0 0
167 7936 0 0 11904 0 0 0 0 0
fl=/build/glibc-FcXrgv/glibc-2.31/nptl/pthread_mutex_unlock.c
fn=__pthread_mutex_unlock_usercnt
38 5952 112 18 0 0 0 7936 1 0
41 7936 0 0 1984 1 0 0 0 0
42 3968 0 0 0 0 0 0 0 0
47 5952 0 0 0 0 0 0 0 0
52 3968 0 0 0 0 0 3968 0 0
53 1984 144 16 0 0 0 0 0 0
55 7936 148 29 1984 0 0 1984 0 0
58 11904 0 0 1984 0 0 0 0 0
60 1984 0 0 0 0 0 0 0 0
62 1984 0 0 1984 0 0 0 0 0
64 4 2 2 0 0 0 0 0 0
70 8 2 2 2 0 0 0 0 0
74 12 2 2 4 1 0 0 0 0
77 10 0 0 2 0 0 2 0 0
94 7936 0 0 7936 0 0 0 0 0
fn=pthread_mutex_unlock
357 3968 165 32 0 0 0 0 0 0
fl=/build/glibc-FcXrgv/glibc-2.31/nptl/pthread_once.c
fn=__pthread_once_slow
68 14 2 2 2 1 0 10 0 0
76 1 0 0 1 0 0 0 0 0
80 1 0 0 0 0 0 0 0 0
88 3 1 1 1 1 0 0 0 0
92 7 1 1 0 0 0 0 0 0
96 1 0 0 0 0 0 0 0 0
101 3 0 0 0 0 0 0 0 0
114 6 1 1 0 0 0 0 0 0
116 1 0 0 0 0 0 0 0 0
118 3 1 1 0 0 0 0 0 0
124 2 0 0 0 0 0 1 0 0
132 13 0 0 12 0 0 0 0 0
fn=pthread_once
139 8 4 1 8 2 1 0 0 0
140 8 0 0 0 0 0 0 0 0
143 1 0 0 0 0 0 0 0 0
144 14 0 0 0 0 0 0 0 0
fl=/build/glibc-FcXrgv/glibc-2.31/nptl/pthread_rwlock_common.c
fn=pthread_rwlock_rdlock
299 336 16 5 96 43 16 0 0 0
311 144 0 0 48 15 4 0 0 0
353 144 0 0 0 0 0 0 0 0
355 48 0 0 0 0 0 0 0 0
370 48 0 0 0 0 0 0 0 0
390 48 0 0 0 0 0 0 0 0
395 2 0 0 0 0 0 0 0 0
396 1 1 1 0 0 0 0 0 0
402 7 0 0 0 0 0 0 0 0
413 5 1 1 0 0 0 0 0 0
fn=pthread_rwlock_unlock
221 174 16 4 0 0 0 0 0 0
227 48 0 0 48 0 0 0 0 0
232 48 0 0 48 0 0 0 0 0
236 48 0 0 0 0 0 0 0 0
240 96 0 0 0 0 0 0 0 0
243 144 16 4 0 0 0 0 0 0
244 96 0 0 0 0 0 0 0 0
254 384 0 0 0 0 0 0 0 0
259 48 0 0 0 0 0 0 0 0
275 96 16 4 0 0 0 0 0 0
529 10 4 1 10 0 0 0 0 0
531 10 0 0 0 0 0 10 0 0
535 40 0 0 0 0 0 0 0 0
536 10 0 0 0 0 0 0 0 0
538 20 0 0 10 2 1 0 0 0
559 10 0 0 10 0 0 0 0 0
561 100 3 1 0 0 0 0 0 0
569 20 0 0 0 0 0 0 0 0
582 10 0 0 0 0 0 0 0 0
fn=pthread_rwlock_wrlock
604 70 9 1 20 5 1 0 0 0
623 70 0 0 0 0 0 40 0 0
625 20 0 0 0 0 0 0 0 0
720 1 1 1 0 0 0 0 0 0
779 20 0 0 0 0 0 10 0 0
784 10 0 0 0 0 0 0 0 0
789 1 0 0 0 0 0 0 0 0
790 4 0 0 0 0 0 0 0 0
796 12 1 1 0 0 0 0 0 0
803 3 0 0 0 0 0 1 0 0
948 20 8 0 10 0 0 10 0 0
950 30 0 0 40 0 0 0 0 0
fl=/build/glibc-FcXrgv/glibc-2.31/nptl/pthread_rwlock_rdlock.c
fn=pthread_rwlock_rdlock
24 192 16 4 0 0 0 192 12 0
25 48 0 0 0 0 0 0 0 0
28 48 0 0 0 0 0 0 0 0
30 144 16 7 192 0 0 0 0 0
fl=/build/glibc-FcXrgv/glibc-2.31/nptl/pthread_rwlock_unlock.c
fn=pthread_rwlock_unlock
31 348 25 5 0 0 0 464 2 0
32 58 0 0 0 0 0 0 0 0
39 290 0 0 116 0 0 0 0 0
40 116 0 0 0 0 0 0 0 0
45 348 18 2 464 0 0 0 0 0
fl=/build/glibc-FcXrgv/glibc-2.31/nptl/pthread_rwlock_wrlock.c
fn=pthread_rwlock_wrlock
24 50 8 1 0 0 0 60 0 0
25 10 0 0 0 0 0 0 0 0
28 10 0 0 0 0 0 0 0 0
30 40 9 1 60 0 0 0 0 0
fl=/build/glibc-FcXrgv/glibc-2.31/nptl/pthread_self.c
fn=pthread_self
25 614 345 17 0 0 0 0 0 0
26 1228 0 0 0 0 0 0 0 0
fl=/build/glibc-FcXrgv/glibc-2.31/nptl/pthread_setspecific.c
fn=pthread_setspecific
26 6 2 2 0 0 0 6 0 0
33 1 0 0 0 0 0 0 0 0
37 2 0 0 0 0 0 0 0 0
40 6 0 0 1 0 0 0 0 0
42 1 0 0 0 0 0 0 0 0
44 2 0 0 0 0 0 0 0 0
47 1 0 0 0 0 0 0 0 0
48 3 1 1 0 0 0 1 1 0
88 1 0 0 0 0 0 2 0 0
90 1 0 0 0 0 0 0 0 0
91 4 0 0 6 0 0 0 0 0
fl=/build/glibc-FcXrgv/glibc-2.31/nptl/pthread_testcancel.c
fn=pthread_testcancel
25 27 4 4 0 0 0 36 1 1
26 63 0 0 9 5 2 0 0 0
27 27 0 0 36 0 0 0 0 0
fl=/build/glibc-FcXrgv/glibc-2.31/nptl/register-atfork.c
fn=__register_atfork
39 9 1 1 0 0 0 8 0 0
40 7 1 1 0 0 0 0 0 0
42 3 0 0 1 1 1 0 0 0
45 3 0 0 0 0 0 1 0 0
49 1 0 0 0 0 0 0 0 0
52 1 0 0 0 0 0 2 1 1
54 1 0 0 0 0 0 2 0 0
58 6 0 0 0 0 0 0 0 0
60 1 0 0 0 0 0 0 0 0
61 6 1 1 8 0 0 0 0 0
fn=__unregister_atfork
68 56 0 0 0 0 0 0 0 0
71 21 1 1 7 1 1 0 0 0
79 35 1 1 0 0 0 35 0 0
80 49 1 1 0 0 0 0 0 0
82 14 0 0 7 0 0 0 0 0
106 42 1 1 0 0 0 0 0 0
107 28 0 0 35 0 0 0 0 0
fl=/build/glibc-FcXrgv/glibc-2.31/nptl/sem_destroy.c
fn=sem_destroy@@GLIBC_2.17
31 154 46 31 0 0 0 0 0 0
fl=/build/glibc-FcXrgv/glibc-2.31/nptl/sem_init.c
fn=sem_init@@GLIBC_2.17
29 78 49 37 0 0 0 0 0 0
33 78 0 0 0 0 0 0 0 0
51 156 0 0 0 0 0 78 0 0
59 78 0 0 0 0 0 78 0 0
60 234 0 0 0 0 0 0 0 0
62 78 0 0 0 0 0 0 0 0
63 78 0 0 0 0 0 0 0 0
fl=/build/glibc-FcXrgv/glibc-2.31/nptl/sem_post.c
fn=sem_post@@GLIBC_2.17
34 1245 227 37 0 0 0 1494 2 1
36 249 0 0 249 68 1 0 0 0
44 249 0 0 249 0 0 0 0 0
47 747 0 0 0 0 0 0 0 0
53 1743 227 40 0 0 0 0 0 0
56 498 0 0 0 0 0 0 0 0
78 996 0 0 1494 0 0 0 0 0
fl=/build/glibc-FcXrgv/glibc-2.31/nptl/sem_wait.c
fn=sem_trywait@@GLIBC_2.17
74 960 204 37 0 0 0 960 0 0
78 240 0 0 0 0 0 0 0 0
81 720 209 36 960 0 0 0 0 0
fn=sem_wait@@GLIBC_2.17
25 36 5 4 0 0 0 36 0 0
37 9 0 0 0 0 0 0 0 0
44 36 0 0 36 0 0 0 0 0
fl=/build/glibc-FcXrgv/glibc-2.31/nptl/sem_waitcommon.c
fn=sem_trywait@@GLIBC_2.17
137 240 0 0 240 162 38 0 0 0
140 240 0 0 0 0 0 0 0 0
142 1680 0 0 0 0 0 0 0 0
fn=sem_wait@@GLIBC_2.17
137 9 0 0 9 5 3 0 0 0
140 9 5 4 0 0 0 0 0 0
142 54 0 0 0 0 0 0 0 0
fl=/build/glibc-FcXrgv/glibc-2.31/posix/../sysdeps/posix/sysconf.c
fn=sysconf
54 18 7 3 0 0 0 0 0 0
77 3 2 1 0 0 0 0 0 0
215 21 3 2 0 0 0 0 0 0
634 2 1 1 0 0 0 0 0 0
fl=/build/glibc-FcXrgv/glibc-2.31/posix/../sysdeps/unix/syscall-template.S
fn=getegid
59 2 1 1 0 0 0 0 0 0
60 1 0 0 0 0 0 0 0 0
fn=geteuid
59 2 1 1 0 0 0 0 0 0
60 1 0 0 0 0 0 0 0 0
fn=getgid
59 2 0 0 0 0 0 0 0 0
60 1 0 0 0 0 0 0 0 0
fn=getuid
59 2 0 0 0 0 0 0 0 0
60 1 0 0 0 0 0 0 0 0
fn=uname
78 4 1 1 0 0 0 0 0 0
79 1 0 0 0 0 0 0 0 0
fl=/build/glibc-FcXrgv/glibc-2.31/posix/../sysdeps/unix/sysv/linux/_exit.c
fn=_Exit
27 1 1 1 0 0 0 0 0 0
31 6 0 0 1 0 0 0 0 0
fl=/build/glibc-FcXrgv/glibc-2.31/posix/../sysdeps/unix/sysv/linux/aarch64/sysconf.c
fn=sysconf
29 81 4 2 18 2 0 45 0 0
39 36 4 2 0 0 0 0 0 0
50 81 4 2 63 0 0 0 0 0
fl=/build/glibc-FcXrgv/glibc-2.31/posix/../sysdeps/unix/sysv/linux/sysconf.c
fn=sysconf
44 55 1 1 0 0 0 0 0 0
100 54 16 4 9 4 3 0 0 0
fl=/build/glibc-FcXrgv/glibc-2.31/posix/confstr.c
fn=confstr
33 10 2 2 2 2 0 6 0 0
41 7 1 1 0 0 0 0 0 0
259 3 0 0 0 0 0 0 0 0
260 1 0 0 0 0 0 0 0 0
280 3 1 1 0 0 0 0 0 0
282 2 0 0 0 0 0 0 0 0
283 3 0 0 0 0 0 0 0 0
291 11 1 1 8 0 0 0 0 0
fl=/build/glibc-FcXrgv/glibc-2.31/resource/../sysdeps/unix/sysv/linux/getrlimit64.c
fn=getrlimit
38 8 1 1 0 0 0 0 0 0
39 1 0 0 0 0 0 0 0 0
fl=/build/glibc-FcXrgv/glibc-2.31/setjmp/../sysdeps/aarch64/setjmp.S
fn=__sigsetjmp
39 23 1 1 0 0 0 46 1 1
40 23 0 0 0 0 0 46 1 1
41 23 0 0 0 0 0 46 0 0
42 23 0 0 0 0 0 46 0 0
43 23 0 0 0 0 0 46 1 1
46 70 0 0 24 0 0 0 0 0
47 23 1 1 0 0 0 46 1 1
54 23 0 0 0 0 0 0 0 0
55 23 0 0 0 0 0 46 0 0
56 23 1 1 0 0 0 46 2 1
57 23 0 0 0 0 0 46 1 1
58 23 0 0 0 0 0 46 0 0
60 23 0 0 0 0 0 0 0 0
61 70 0 0 24 0 0 0 0 0
62 23 0 0 0 0 0 23 0 0
69 22 0 0 0 0 0 0 0 0
70 22 0 0 0 0 0 0 0 0
72 1 0 0 0 0 0 0 0 0
fn=_setjmp
30 1 1 1 0 0 0 0 0 0
31 1 0 0 0 0 0 0 0 0
fl=/build/glibc-FcXrgv/glibc-2.31/setjmp/sigjmp.c
fn=__sigjmp_save
28 4 0 0 0 0 0 3 0 0
29 1 0 0 0 0 0 1 0 0
30 1 0 0 0 0 0 0 0 0
34 4 1 1 3 0 0 0 0 0
fl=/build/glibc-FcXrgv/glibc-2.31/signal/../nptl/sigaction.c
fn=sigaction
24 340 3 2 0 0 0 0 0 0
26 10 0 0 2 1 1 2 1 1
30 66 0 0 0 0 0 0 0 0
31 4 1 1 0 0 0 0 0 0
fl=/build/glibc-FcXrgv/glibc-2.31/signal/../signal/allocrtsig.c
fn=__libc_current_sigrtmax
54 1 1 1 0 0 0 0 0 0
58 2 0 0 1 0 0 0 0 0
fn=__libc_current_sigrtmin
41 1 1 1 0 0 0 0 0 0
45 2 0 0 1 1 1 0 0 0
fl=/build/glibc-FcXrgv/glibc-2.31/signal/../sysdeps/unix/syscall-template.S
fn=sigaltstack
78 12 2 2 0 0 0 0 0 0
79 3 2 2 0 0 0 0 0 0
fl=/build/glibc-FcXrgv/glibc-2.31/signal/../sysdeps/unix/sysv/linux/internal-signals.h
fn=sigaction
46 68 0 0 0 0 0 0 0 0
fl=/build/glibc-FcXrgv/glibc-2.31/signal/../sysdeps/unix/sysv/linux/sigaction.c
fn=__libc_sigaction
43 528 6 4 132 2 0 198 1 0
48 66 0 0 0 0 0 0 0 0
50 8 0 0 4 0 0 0 0 0
51 68 3 3 64 0 0 64 2 0
52 12 0 0 4 0 0 8 0 0
53 4 0 0 0 0 0 0 0 0
58 598 4 3 0 0 0 0 0 0
62 198 1 0 0 0 0 0 0 0
64 198 0 0 66 0 0 66 0 0
65 1122 3 2 1056 0 0 1056 0 0
66 132 2 2 66 0 0 66 0 0
67 132 0 0 66 0 0 66 0 0
70 528 0 0 330 0 0 0 0 0
fl=/build/glibc-FcXrgv/glibc-2.31/signal/sigempty.c
fn=sigemptyset
25 4 3 2 0 0 0 0 0 0
26 4 0 0 0 0 0 0 0 0
32 32 3 3 0 0 0 64 0 0
34 4 0 0 0 0 0 0 0 0
35 4 0 0 0 0 0 0 0 0
fl=/build/glibc-FcXrgv/glibc-2.31/stdio-common/../libio/libioP.h
fn=__vfprintf_internal
941 21 0 0 0 0 0 3 0 0
943 27 2 2 0 0 0 0 0 0
944 78 3 3 24 0 0 0 0 0
fn=buffered_vfprintf
941 5 1 1 0 0 0 0 0 0
943 1 0 0 0 0 0 0 0 0
944 2 0 0 0 0 0 0 0 0
fl=/build/glibc-FcXrgv/glibc-2.31/stdio-common/../sysdeps/pthread/allocalim.h
fn=__vfprintf_internal
27 3 1 1 0 0 0 1 0 0
29 6 0 0 4 0 0 0 0 0
fl=/build/glibc-FcXrgv/glibc-2.31/stdio-common/_itoa.c
fn=_itoa_word
165 2 0 0 0 0 0 0 0 0
168 6 2 2 0 0 0 0 0 0
170 2 0 0 0 0 0 0 0 0
179 11 1 1 1 1 1 1 0 0
188 1 0 0 0 0 0 0 0 0
fl=/build/glibc-FcXrgv/glibc-2.31/stdio-common/printf-parse.h
fn=__vfprintf_internal
111 48 4 4 0 0 0 0 0 0
fn=read_int
75 5 0 0 0 0 0 0 0 0
76 20 1 1 10 0 0 0 0 0
78 45 1 1 9 0 0 9 0 0
79 4 0 0 0 0 0 0 0 0
81 20 1 1 0 0 0 0 0 0
82 4 0 0 0 0 0 0 0 0
87 8 0 0 0 0 0 0 0 0
88 12 0 0 0 0 0 0 0 0
91 12 0 0 0 0 0 0 0 0
96 5 0 0 0 0 0 0 0 0
fl=/build/glibc-FcXrgv/glibc-2.31/stdio-common/vfprintf-internal.c
fn=__vfprintf_internal
1289 84 4 4 16 0 0 64 9 4
1320 48 2 2 20 2 2 20 3 1
1324 3 0 0 0 0 0 3 0 0
1328 16 2 2 4 1 1 1 0 0
1332 12 0 0 4 1 0 0 0 0
1343 8 0 0 0 0 0 0 0 0
1346 11 1 1 5 0 0 4 1 0
1350 6 2 2 0 0 0 3 0 0
1354 18 0 0 12 0 0 12 4 2
1358 3 0 0 0 0 0 3 0 0
1365 3 0 0 0 0 0 3 2 1
1369 6 0 0 0 0 0 3 0 0
1373 36 2 2 6 2 2 0 0 0
1377 9 0 0 6 0 0 0 0 0
1381 30 2 2 9 4 4 3 2 1
1402 12 0 0 0 0 0 12 0 0
1403 12 0 0 0 0 0 12 0 0
1404 12 0 0 0 0 0 12 0 0
1405 12 0 0 0 0 0 12 0 0
1406 12 0 0 0 0 0 0 0 0
1407 12 0 0 0 0 0 0 0 0
1408 12 0 0 0 0 0 0 0 0
1409 12 0 0 0 0 0 0 0 0
1410 12 0 0 0 0 0 0 0 0
1411 12 2 2 0 0 0 0 0 0
1412 24 0 0 12 2 2 0 0 0
1415 12 2 2 0 0 0 12 0 0
1416 24 0 0 0 0 0 12 0 0
1419 24 0 0 0 0 0 12 0 0
1420 54 0 0 12 0 0 3 0 0
1423 153 0 0 36 4 4 15 0 0
1574 15 1 1 5 0 0 5 0 0
1575 15 0 0 5 0 0 0 0 0
1601 15 0 0 0 0 0 0 0 0
1603 45 1 1 0 0 0 35 0 0
1607 50 1 1 35 0 0 0 0 0
1615 5 0 0 0 0 0 0 0 0
1616 25 1 1 0 0 0 0 0 0
1623 36 0 0 0 0 0 0 0 0
1644 55 1 1 15 1 1 0 0 0
1660 14 2 2 5 1 1 1 0 0
1681 2 0 0 0 0 0 0 0 0
1682 6 0 0 0 0 0 3 1 1
1687 119 21 21 33 0 0 9 0 0
1688 562 25 25 111 0 0 56 0 0
1705 36 2 2 12 0 0 12 0 0
1707 24 0 0 12 0 0 0 0 0
1715 48 0 0 12 0 0 24 0 0
1719 192 2 2 36 0 0 0 0 0
1721 27 0 0 12 0 0 0 0 0
1741 6 0 0 3 0 0 0 0 0
1742 6 2 2 3 0 0 0 0 0
1745 64 0 0 60 0 0 0 0 0
fn=buffered_vfprintf
2345 12 2 2 2 0 0 7 2 0
2353 6 2 2 1 0 0 2 0 0
2357 1 0 0 0 0 0 2 1 1
2363 4 0 0 0 0 0 3 1 0
2364 2 0 0 0 0 0 1 1 0
2366 3 0 0 0 0 0 1 0 0
2371 1 0 0 0 0 0 1 0 0
2373 2 0 0 1 1 1 1 1 0
2374 2 1 1 0 0 0 0 0 0
2377 8 1 1 4 0 0 4 1 0
2380 14 1 1 5 1 1 0 0 0
2381 18 1 1 5 0 0 2 0 0
2393 4 0 0 2 0 0 0 0 0
2395 5 0 0 2 1 1 0 0 0
2396 2 0 0 0 0 0 0 0 0
2401 12 1 1 3 0 0 2 0 0
2402 10 0 0 3 0 0 0 0 0
2404 1 0 0 2 0 0 0 0 0
2405 13 0 0 9 0 0 0 0 0
fl=/build/glibc-FcXrgv/glibc-2.31/stdlib/../sysdeps/pthread/allocalim.h
fn=__add_to_environ
27 4 0 0 0 0 0 0 0 0
29 6 0 0 0 0 0 0 0 0
fl=/build/glibc-FcXrgv/glibc-2.31/stdlib/../sysdeps/unix/sysv/linux/getrandom.c
fn=getrandom
29 5 1 1 0 0 0 5 0 0
30 9 1 1 1 0 0 0 0 0
31 5 0 0 5 0 0 0 0 0
fl=/build/glibc-FcXrgv/glibc-2.31/stdlib/canonicalize.c
fn=realpath@@GLIBC_2.17
44 15 1 1 2 0 0 13 0 0
50 1 0 0 0 0 0 0 0 0
60 2 1 1 1 0 0 0 0 0
76 2 0 0 0 0 0 0 0 0
80 2 0 0 0 0 0 0 0 0
84 1 0 0 0 0 0 0 0 0
86 2 0 0 0 0 0 0 0 0
88 4 1 1 0 0 0 0 0 0
93 4 1 1 0 0 0 0 0 0
101 2 0 0 1 0 0 0 0 0
107 5 1 1 0 0 0 0 0 0
111 70 0 0 14 0 0 0 0 0
114 2 0 0 0 0 0 0 0 0
116 3 1 1 0 0 0 0 0 0
118 3 0 0 0 0 0 0 0 0
128 3 0 0 1 0 0 0 0 0
129 4 0 0 0 0 0 1 0 0
131 3 0 0 0 0 0 0 0 0
158 4 2 2 0 0 0 0 0 0
159 1 0 0 0 0 0 1 0 0
161 8 0 0 0 0 0 1 0 0
216 3 1 1 0 0 0 0 0 0
217 1 0 0 0 0 0 0 0 0
220 16 1 1 15 0 0 0 0 0
fl=/build/glibc-FcXrgv/glibc-2.31/stdlib/cxa_atexit.c
fn=__cxa_atexit
70 3 1 1 0 0 0 0 0 0
fn=__internal_atexit
36 5 2 2 0 0 0 8 0 0
41 1 0 0 0 0 0 0 0 0
43 11 0 0 1 0 0 0 0 0
44 3 0 0 0 0 0 0 0 0
46 1 1 1 0 0 0 0 0 0
53 4 0 0 2 0 0 0 0 0
55 1 0 0 0 0 0 2 0 0
57 1 0 0 0 0 0 2 0 0
58 1 0 0 0 0 0 0 0 0
59 6 0 0 1 0 0 0 0 0
60 1 0 0 0 0 0 0 0 0
61 6 1 1 8 0 0 0 0 0
fn=__new_exitfn
82 4 1 1 0 0 0 4 0 0
83 2 0 0 0 0 0 0 0 0
88 3 0 0 1 1 0 0 0 0
93 6 2 2 2 1 0 0 0 0
95 2 0 0 1 0 0 0 0 0
96 1 0 0 0 0 0 0 0 0
103 1 0 0 0 0 0 1 0 0
124 1 0 0 0 0 0 0 0 0
125 3 1 1 0 0 0 1 0 0
138 2 0 0 0 0 0 1 0 0
139 4 0 0 1 0 0 1 0 0
143 3 0 0 4 0 0 0 0 0
fl=/build/glibc-FcXrgv/glibc-2.31/stdlib/cxa_finalize.c
fn=__cxa_finalize
30 56 2 2 0 0 0 84 0 0
33 49 0 0 7 1 0 0 0 0
36 42 1 1 14 0 0 0 0 0
40 42 0 0 7 0 0 0 0 0
43 7 0 0 0 0 0 0 0 0
79 14 0 0 7 0 0 0 0 0
94 35 0 0 14 1 1 0 0 0
98 42 1 1 7 1 1 0 0 0
106 7 0 0 0 0 0 0 0 0
107 14 1 1 0 0 0 0 0 0
109 49 0 0 7 0 0 0 0 0
110 49 0 0 84 0 0 0 0 0
fl=/build/glibc-FcXrgv/glibc-2.31/stdlib/cxa_thread_atexit_impl.c
fn=__call_tls_dtors
145 4 1 1 0 0 0 6 0 0
146 5 0 0 2 0 0 0 0 0
164 4 1 1 6 0 0 0 0 0
fl=/build/glibc-FcXrgv/glibc-2.31/stdlib/exit.c
fn=__run_exit_handlers
40 11 1 1 0 0 0 13 1 1
45 2 1 1 0 0 0 0 0 0
46 2 1 1 0 0 0 0 0 0
56 12 0 0 3 1 0 1 0 0
59 2 0 0 2 1 1 0 0 0
61 2 0 0 0 0 0 0 0 0
65 3 1 1 0 0 0 1 0 0
66 6 0 0 1 0 0 0 0 0
70 4 1 1 2 1 1 0 0 0
72 2 0 0 0 0 0 1 0 0
73 2 0 0 1 0 0 0 0 0
76 7 1 1 1 0 0 0 0 0
77 6 0 0 1 0 0 0 0 0
96 3 0 0 1 1 1 0 0 0
103 1 0 0 0 0 0 1 0 0
106 4 1 1 3 0 0 0 0 0
108 3 0 0 1 0 0 0 0 0
112 6 1 0 1 0 0 0 0 0
114 3 0 0 1 0 0 0 0 0
120 2 1 1 1 0 0 1 0 0
121 1 0 0 0 0 0 0 0 0
126 6 0 0 1 0 0 0 0 0
129 2 0 0 1 0 0 0 0 0
130 17 1 1 1 1 1 0 0 0
132 2 0 0 0 0 0 0 0 0
fn=exit
138 2 1 1 0 0 0 2 1 1
139 5 0 0 0 0 0 0 0 0
fl=/build/glibc-FcXrgv/glibc-2.31/stdlib/getenv.c
fn=getenv
34 561 14 3 0 0 0 748 1 0
35 374 0 0 0 0 0 0 0 0
39 1122 14 3 561 28 20 0 0 0
42 561 0 0 374 8 3 0 0 0
67 561 0 0 187 0 0 374 0 0
72 187 0 0 0 0 0 0 0 0
75 5303 0 0 2558 5 3 0 0 0
84 8069 0 0 2563 36 19 0 0 0
85 15 0 0 5 0 0 0 0 0
86 25 0 0 20 0 0 0 0 0
91 1299 32 9 1476 0 0 374 0 0
fl=/build/glibc-FcXrgv/glibc-2.31/stdlib/mbstowcs.c
fn=mbstowcs
28 1296 16 7 324 0 0 648 0 0
31 162 0 0 0 0 0 324 0 0
33 486 16 6 0 0 0 0 0 0
34 1296 0 0 810 0 0 0 0 0
fl=/build/glibc-FcXrgv/glibc-2.31/stdlib/msort.c
fn=msort_with_tmp.part.0
40 1780 3 1 0 0 0 2314 19 5
45 1252 0 0 0 0 0 0 0 0
48 178 0 0 0 0 0 0 0 0
49 178 0 0 0 0 0 0 0 0
50 923 1 1 0 0 0 1134 0 0
51 356 3 1 178 0 0 0 0 0
56 178 3 1 178 0 0 0 0 0
59 178 0 0 356 0 0 0 0 0
60 534 2 1 356 0 0 0 0 0
99 2318 1 1 0 0 0 0 0 0
105 6237 0 0 1701 0 0 567 0 0
108 1116 0 0 0 0 0 0 0 0
109 1116 2 1 0 0 0 0 0 0
114 9 0 0 0 0 0 0 0 0
115 18 0 0 0 0 0 0 0 0
117 5103 0 0 0 0 0 0 0 0
118 2268 0 0 1134 0 0 1134 16 1
158 178 3 1 0 0 0 0 0 0
159 10 1 1 0 0 0 0 0 0
160 1068 3 1 356 0 0 0 0 0
161 1068 0 0 2136 0 0 0 0 0
fn=qsort
308 6 3 1 0 0 0 0 0 0
fn=qsort_r
45 18 0 0 0 0 0 0 0 0
166 54 3 1 6 4 0 39 0 0
167 12 1 1 0 0 0 0 0 0
168 2 0 0 0 0 0 2 0 0
175 6 0 0 0 0 0 0 0 0
177 26 1 1 0 0 0 4 1 0
185 3 0 0 1 1 1 0 0 0
187 3 1 1 0 0 0 0 0 0
189 6 0 0 0 0 0 0 0 0
198 2 0 0 0 0 0 1 0 0
201 1 0 0 0 0 0 0 0 0
203 4 1 0 0 0 0 1 0 0
214 6 1 1 1 0 0 0 0 0
221 5 0 0 2 1 1 0 0 0
222 3 0 0 0 0 0 1 0 0
223 1 0 0 0 0 0 1 0 0
224 1 0 0 0 0 0 0 0 0
231 1 0 0 0 0 0 1 0 0
235 6 1 1 0 0 0 6 0 0
237 3 0 0 0 0 0 6 0 0
239 6 0 0 0 0 0 0 0 0
284 3 2 1 0 0 0 0 0 0
285 6 0 0 0 0 0 0 0 0
287 6 2 1 0 0 0 0 0 0
289 6 0 0 0 0 0 0 0 0
293 6 0 0 0 0 0 0 0 0
295 9 0 0 0 0 0 3 0 0
299 6 0 0 3 0 0 0 0 0
300 42 1 1 45 0 0 0 0 0
fl=/build/glibc-FcXrgv/glibc-2.31/stdlib/setenv.c
fn=__add_to_environ
118 34 2 2 4 0 0 30 0 0
128 4 0 0 0 0 0 0 0 0
130 2 0 0 0 0 0 0 0 0
131 8 2 1 2 0 0 2 0 0
133 14 0 0 0 0 0 0 0 0
137 6 1 1 4 0 0 0 0 0
139 4 0 0 0 0 0 0 0 0
140 2 0 0 0 0 0 0 0 0
142 58 0 0 28 0 0 0 0 0
143 138 1 1 1 0 0 0 0 0
146 51 0 0 0 0 0 0 0 0
149 2 1 0 1 0 0 0 0 0
154 5 0 0 1 0 0 0 0 0
156 1 1 1 0 0 0 0 0 0
162 5 0 0 2 0 0 0 0 0
163 2 0 0 0 0 0 0 0 0
166 2 0 0 0 0 0 1 0 0
167 1 0 0 0 0 0 1 0 0
170 5 0 0 2 0 0 2 0 0
172 8 2 1 2 0 0 0 0 0
177 2 0 0 0 0 0 0 0 0
181 6 1 1 2 0 0 0 0 0
186 24 1 1 0 0 0 2 0 0
197 16 1 1 4 0 0 2 0 0
205 15 0 0 1 0 0 0 0 0
206 1 0 0 0 0 0 0 0 0
215 3 0 0 0 0 0 0 0 0
216 1 0 0 0 0 0 0 0 0
223 3 1 1 0 0 0 0 0 0
231 6 0 0 0 0 0 0 0 0
242 2 0 0 0 0 0 2 0 0
245 12 0 0 0 0 0 0 0 0
247 2 0 0 0 0 0 0 0 0
248 30 1 1 30 0 0 0 0 0
fn=setenv
252 10 0 0 0 0 0 8 0 0
253 16 2 1 2 2 1 2 0 0
259 12 1 1 2 0 0 0 0 0
260 4 0 0 8 0 0 0 0 0
fl=/build/glibc-FcXrgv/glibc-2.31/stdlib/wcstombs.c
fn=wcstombs
28 24 3 2 6 3 0 12 0 0
31 3 0 0 0 0 0 6 0 0
34 9 3 2 0 0 0 0 0 0
35 24 1 0 15 0 0 0 0 0
fl=/build/glibc-FcXrgv/glibc-2.31/string/../sysdeps/aarch64/memcmp.S
fn=bcmp
49 6632 768 7 0 0 0 0 0 0
50 6632 0 0 0 0 0 0 0 0
52 292 0 0 584 59 28 0 0 0
53 292 0 0 584 2 2 0 0 0
54 292 0 0 0 0 0 0 0 0
55 292 0 0 0 0 0 0 0 0
56 292 0 0 0 0 0 0 0 0
58 141 0 0 0 0 0 0 0 0
59 141 0 0 0 0 0 0 0 0
60 8 0 0 0 0 0 0 0 0
61 8 0 0 0 0 0 0 0 0
104 8 8 8 16 0 0 0 0 0
105 8 0 0 16 0 0 0 0 0
106 8 0 0 0 0 0 0 0 0
107 8 0 0 0 0 0 0 0 0
108 8 0 0 0 0 0 0 0 0
110 8 0 0 0 0 0 0 0 0
111 8 4 0 0 0 0 0 0 0
114 141 21 0 0 0 0 0 0 0
115 141 0 0 0 0 0 0 0 0
116 141 0 0 282 42 28 0 0 0
117 141 0 0 282 4 2 0 0 0
121 292 15 1 0 0 0 0 0 0
122 292 0 0 0 0 0 0 0 0
123 292 0 0 0 0 0 0 0 0
126 5988 263 21 0 0 0 0 0 0
127 5988 0 0 0 0 0 0 0 0
129 5988 0 0 0 0 0 0 0 0
130 5988 0 0 0 0 0 0 0 0
131 5988 0 0 0 0 0 0 0 0
132 5988 0 0 0 0 0 0 0 0
136 6340 375 10 0 0 0 0 0 0
137 6340 0 0 0 0 0 0 0 0
138 2583 0 0 2583 2 1 0 0 0
139 2583 0 0 2583 7 1 0 0 0
141 2583 0 0 0 0 0 0 0 0
142 2583 0 0 0 0 0 0 0 0
144 965 0 0 965 0 0 0 0 0
145 965 0 0 965 0 0 0 0 0
146 965 0 0 0 0 0 0 0 0
150 3757 0 0 0 0 0 0 0 0
151 3757 0 0 0 0 0 0 0 0
152 3113 0 0 3113 0 0 0 0 0
153 3113 0 0 3113 1 0 0 0 0
154 3113 206 19 0 0 0 0 0 0
155 3113 0 0 0 0 0 0 0 0
156 1127 0 0 1127 0 0 0 0 0
157 1127 0 0 1127 0 0 0 0 0
158 1127 0 0 0 0 0 0 0 0
162 644 78 9 0 0 0 0 0 0
163 644 0 0 0 0 0 0 0 0
166 1088 0 0 1088 0 0 0 0 0
167 1088 0 0 1088 0 0 0 0 0
168 1088 0 0 0 0 0 0 0 0
169 1088 0 0 0 0 0 0 0 0
170 1088 0 0 0 0 0 0 0 0
171 644 0 0 0 0 0 0 0 0
172 644 122 24 0 0 0 0 0 0
fl=/build/glibc-FcXrgv/glibc-2.31/string/../sysdeps/aarch64/memrchr.S
fn=memrchr
67 58 58 25 0 0 0 0 0 0
72 58 0 0 0 0 0 0 0 0
73 58 0 0 0 0 0 0 0 0
74 58 0 0 0 0 0 0 0 0
76 58 0 0 0 0 0 0 0 0
77 58 0 0 0 0 0 0 0 0
78 58 0 0 0 0 0 0 0 0
79 58 0 0 0 0 0 0 0 0
80 58 58 27 0 0 0 0 0 0
81 58 0 0 0 0 0 0 0 0
82 58 0 0 0 0 0 0 0 0
83 58 0 0 0 0 0 0 0 0
84 58 0 0 0 0 0 0 0 0
92 56 0 0 0 0 0 0 0 0
93 56 0 0 112 19 2 0 0 0
94 56 0 0 0 0 0 0 0 0
95 56 0 0 0 0 0 0 0 0
96 56 0 0 0 0 0 0 0 0
97 56 0 0 0 0 0 0 0 0
98 56 0 0 0 0 0 0 0 0
99 56 0 0 0 0 0 0 0 0
100 56 0 0 0 0 0 0 0 0
101 56 0 0 0 0 0 0 0 0
102 56 0 0 0 0 0 0 0 0
104 56 56 25 0 0 0 0 0 0
105 56 0 0 0 0 0 0 0 0
106 56 0 0 0 0 0 0 0 0
108 56 0 0 0 0 0 0 0 0
110 29 0 0 0 0 0 0 0 0
113 24 2 1 0 0 0 0 0 0
114 24 0 0 48 0 0 0 0 0
115 24 0 0 0 0 0 0 0 0
116 24 0 0 0 0 0 0 0 0
117 24 0 0 0 0 0 0 0 0
119 24 0 0 0 0 0 0 0 0
129 24 0 0 0 0 0 0 0 0
130 24 24 12 0 0 0 0 0 0
131 24 0 0 0 0 0 0 0 0
132 24 0 0 0 0 0 0 0 0
133 24 0 0 0 0 0 0 0 0
135 24 0 0 0 0 0 0 0 0
139 51 27 10 0 0 0 0 0 0
140 51 0 0 0 0 0 0 0 0
141 51 0 0 0 0 0 0 0 0
142 51 0 0 0 0 0 0 0 0
143 51 0 0 0 0 0 0 0 0
144 51 0 0 0 0 0 0 0 0
148 58 7 4 0 0 0 0 0 0
150 58 0 0 0 0 0 0 0 0
152 58 0 0 0 0 0 0 0 0
154 58 0 0 0 0 0 0 0 0
155 58 0 0 0 0 0 0 0 0
157 58 52 26 0 0 0 0 0 0
158 58 0 0 0 0 0 0 0 0
fl=/build/glibc-FcXrgv/glibc-2.31/string/../sysdeps/aarch64/memset.S
fn=__GI_memset
37 8941 810 7 0 0 0 0 0 0
38 8941 0 0 0 0 0 0 0 0
40 8941 0 0 0 0 0 0 0 0
41 8941 0 0 0 0 0 0 0 0
42 7855 0 0 0 0 0 0 0 0
43 7855 0 0 0 0 0 0 0 0
44 1727 0 0 0 0 0 0 0 0
47 1727 0 0 0 0 0 0 0 0
48 1716 0 0 0 0 0 1716 19 17
49 1716 0 0 0 0 0 1716 13 2
50 1716 0 0 0 0 0 0 0 0
52 11 0 0 0 0 0 0 0 0
53 3 0 0 0 0 0 3 0 0
54 3 0 0 0 0 0 3 0 0
55 3 0 0 0 0 0 0 0 0
56 8 2 0 0 0 0 0 0 0
57 6 0 0 0 0 0 6 0 0
58 6 0 0 0 0 0 0 0 0
59 6 0 0 0 0 0 6 0 0
60 8 0 0 0 0 0 0 0 0
64 6128 627 12 0 0 0 6128 866 644
65 6128 0 0 0 0 0 0 0 0
66 5698 0 0 0 0 0 5698 189 84
67 5698 0 0 0 0 0 0 0 0
68 3422 0 0 0 0 0 3422 0 0
69 3422 0 0 0 0 0 3422 0 0
70 5698 0 0 0 0 0 0 0 0
76 430 0 0 0 0 0 430 81 50
77 430 0 0 0 0 0 860 105 51
78 430 0 0 0 0 0 860 31 8
79 430 0 0 0 0 0 0 0 0
84 1086 512 56 0 0 0 0 0 0
85 1086 0 0 0 0 0 0 0 0
86 1086 0 0 0 0 0 1086 248 148
87 1086 0 0 0 0 0 0 0 0
88 1086 0 0 0 0 0 0 0 0
89 1086 0 0 0 0 0 0 0 0
91 1086 0 0 0 0 0 0 0 0
92 1086 0 0 0 0 0 0 0 0
93 1086 0 0 0 0 0 0 0 0
94 14087 0 0 0 0 0 28174 7934 5887
95 14087 0 0 0 0 0 28174 5593 4273
97 14087 0 0 0 0 0 0 0 0
98 14087 0 0 0 0 0 0 0 0
99 1086 0 0 0 0 0 2172 127 53
100 1086 0 0 0 0 0 2172 193 50
101 1484 440 24 0 0 0 0 0 0
108 398 0 0 0 0 0 0 0 0
109 398 0 0 0 0 0 0 0 0
fn=memset
37 28 2 2 0 0 0 0 0 0
38 28 0 0 0 0 0 0 0 0
40 28 0 0 0 0 0 0 0 0
41 28 0 0 0 0 0 0 0 0
42 24 0 0 0 0 0 0 0 0
43 24 0 0 0 0 0 0 0 0
44 19 0 0 0 0 0 0 0 0
47 19 0 0 0 0 0 0 0 0
48 13 0 0 0 0 0 13 5 5
49 13 0 0 0 0 0 13 0 0
50 13 0 0 0 0 0 0 0 0
52 6 0 0 0 0 0 0 0 0
53 4 0 0 0 0 0 4 0 0
54 4 0 0 0 0 0 4 0 0
55 4 0 0 0 0 0 0 0 0
56 2 0 0 0 0 0 0 0 0
57 2 0 0 0 0 0 2 0 0
58 2 0 0 0 0 0 0 0 0
59 2 0 0 0 0 0 2 0 0
60 2 0 0 0 0 0 0 0 0
64 5 2 2 0 0 0 5 1 1
65 5 0 0 0 0 0 0 0 0
66 4 0 0 0 0 0 4 0 0
67 4 0 0 0 0 0 0 0 0
70 4 0 0 0 0 0 0 0 0
76 1 0 0 0 0 0 1 1 1
77 1 0 0 0 0 0 2 0 0
78 1 0 0 0 0 0 2 0 0
79 1 0 0 0 0 0 0 0 0
84 4 3 1 0 0 0 0 0 0
85 4 0 0 0 0 0 0 0 0
86 4 0 0 0 0 0 4 3 3
87 4 0 0 0 0 0 0 0 0
88 4 0 0 0 0 0 0 0 0
89 4 0 0 0 0 0 0 0 0
91 4 0 0 0 0 0 0 0 0
92 4 0 0 0 0 0 0 0 0
93 4 0 0 0 0 0 0 0 0
94 117 0 0 0 0 0 234 53 53
95 117 0 0 0 0 0 234 64 64
97 117 0 0 0 0 0 0 0 0
98 117 0 0 0 0 0 0 0 0
99 4 0 0 0 0 0 8 0 0
100 4 0 0 0 0 0 8 2 2
101 7 3 1 0 0 0 0 0 0
108 3 0 0 0 0 0 0 0 0
109 3 0 0 0 0 0 0 0 0
fl=/build/glibc-FcXrgv/glibc-2.31/string/../sysdeps/aarch64/multiarch/../memchr.S
fn=__GI_memchr
68 11 7 5 0 0 0 0 0 0
73 11 0 0 0 0 0 0 0 0
74 11 0 0 0 0 0 0 0 0
75 11 0 0 0 0 0 0 0 0
77 11 0 0 0 0 0 0 0 0
78 11 0 0 0 0 0 0 0 0
79 11 0 0 0 0 0 0 0 0
80 11 0 0 0 0 0 0 0 0
81 11 0 0 0 0 0 0 0 0
89 8 0 0 16 0 0 0 0 0
90 8 0 0 0 0 0 0 0 0
91 8 0 0 0 0 0 0 0 0
92 8 0 0 0 0 0 0 0 0
93 8 0 0 0 0 0 0 0 0
94 8 0 0 0 0 0 0 0 0
95 8 0 0 0 0 0 0 0 0
96 8 3 2 0 0 0 0 0 0
97 8 0 0 0 0 0 0 0 0
98 8 0 0 0 0 0 0 0 0
100 8 0 0 0 0 0 0 0 0
101 8 0 0 0 0 0 0 0 0
102 8 0 0 0 0 0 0 0 0
104 8 0 0 0 0 0 0 0 0
106 2 0 0 0 0 0 0 0 0
109 4 3 3 8 3 1 0 0 0
110 4 0 0 0 0 0 0 0 0
111 4 0 0 0 0 0 0 0 0
112 4 0 0 0 0 0 0 0 0
114 4 0 0 0 0 0 0 0 0
124 4 4 3 0 0 0 0 0 0
125 4 0 0 0 0 0 0 0 0
126 4 0 0 0 0 0 0 0 0
127 4 0 0 0 0 0 0 0 0
128 4 0 0 0 0 0 0 0 0
130 4 0 0 0 0 0 0 0 0
134 10 2 1 0 0 0 0 0 0
135 10 0 0 0 0 0 0 0 0
136 10 0 0 0 0 0 0 0 0
137 10 0 0 0 0 0 0 0 0
138 10 0 0 0 0 0 0 0 0
139 10 0 0 0 0 0 0 0 0
143 11 1 1 0 0 0 0 0 0
145 11 0 0 0 0 0 0 0 0
147 11 0 0 0 0 0 0 0 0
149 11 7 5 0 0 0 0 0 0
151 11 0 0 0 0 0 0 0 0
153 11 0 0 0 0 0 0 0 0
154 11 0 0 0 0 0 0 0 0
fl=/build/glibc-FcXrgv/glibc-2.31/string/../sysdeps/aarch64/multiarch/../memcpy.S
fn=__GI_memcpy
91 10836 1136 7 0 0 0 0 0 0
92 10836 0 0 0 0 0 0 0 0
93 10836 0 0 0 0 0 0 0 0
94 10836 0 0 0 0 0 0 0 0
95 10836 0 0 0 0 0 0 0 0
96 2479 0 0 0 0 0 0 0 0
97 2479 0 0 0 0 0 0 0 0
100 1639 0 0 3278 97 79 0 0 0
101 1639 0 0 3278 79 73 0 0 0
102 1639 0 0 3278 94 83 0 0 0
103 1639 0 0 3278 83 66 0 0 0
104 1639 0 0 0 0 0 0 0 0
105 1639 263 1 0 0 0 0 0 0
106 716 0 0 0 0 0 1432 14 2
107 716 0 0 0 0 0 1432 45 22
108 716 0 0 0 0 0 1432 0 0
109 716 0 0 0 0 0 1432 19 2
110 716 0 0 0 0 0 0 0 0
116 8357 522 4 0 0 0 0 0 0
117 8357 0 0 0 0 0 0 0 0
118 2257 0 0 4514 91 73 0 0 0
119 2257 0 0 4514 38 25 0 0 0
120 2257 0 0 0 0 0 4514 26 6
121 2257 0 0 0 0 0 4514 115 25
122 2257 0 0 0 0 0 0 0 0
126 6100 414 5 0 0 0 0 0 0
127 2845 0 0 2845 48 48 0 0 0
128 2845 0 0 2845 13 13 0 0 0
129 2845 0 0 0 0 0 2845 2 0
130 2845 0 0 0 0 0 2845 0 0
131 2845 0 0 0 0 0 0 0 0
135 3255 0 0 0 0 0 0 0 0
136 1714 0 0 1714 25 21 0 0 0
137 1714 0 0 1714 0 0 0 0 0
138 1714 0 0 0 0 0 1714 0 0
139 1714 0 0 0 0 0 1714 0 0
140 1714 0 0 0 0 0 0 0 0
145 1541 0 0 0 0 0 0 0 0
146 1529 0 0 0 0 0 0 0 0
147 1529 309 2 1529 8 8 0 0 0
148 1529 0 0 1529 2 2 0 0 0
149 1529 0 0 1529 0 0 0 0 0
150 1529 0 0 0 0 0 1529 3 2
151 1529 0 0 0 0 0 1529 0 0
152 1529 0 0 0 0 0 1529 0 0
153 1541 8 0 0 0 0 0 0 0
159 923 209 2 1846 0 0 0 0 0
160 923 0 0 1846 0 0 0 0 0
161 923 0 0 1846 0 0 0 0 0
162 923 0 0 1846 0 0 0 0 0
163 923 0 0 0 0 0 1846 48 43
164 923 0 0 0 0 0 1846 126 46
165 923 0 0 0 0 0 1846 56 27
166 923 0 0 0 0 0 1846 58 32
167 923 220 4 0 0 0 1846 7 6
168 923 0 0 0 0 0 1846 43 12
169 923 0 0 0 0 0 1846 20 4
170 923 0 0 0 0 0 1846 85 20
171 923 0 0 0 0 0 0 0 0
180 840 136 1 0 0 0 0 0 0
181 840 0 0 0 0 0 0 0 0
182 840 0 0 1680 59 26 0 0 0
183 840 0 0 0 0 0 0 0 0
184 840 0 0 0 0 0 0 0 0
185 840 0 0 1680 36 29 0 0 0
186 840 0 0 0 0 0 1680 72 63
187 840 0 0 1680 47 33 0 0 0
188 840 406 20 1680 34 15 0 0 0
189 840 0 0 1680 55 30 0 0 0
190 840 0 0 0 0 0 0 0 0
191 840 0 0 0 0 0 0 0 0
193 4818 0 0 0 0 0 9636 715 576
194 4818 0 0 9636 614 227 0 0 0
195 4818 0 0 0 0 0 9636 857 466
196 4818 0 0 9636 353 181 0 0 0
197 4818 0 0 0 0 0 9636 772 591
198 4818 0 0 9636 468 66 0 0 0
199 4818 0 0 0 0 0 9636 917 633
200 4818 0 0 9636 412 87 0 0 0
201 4818 0 0 0 0 0 0 0 0
202 4818 0 0 0 0 0 0 0 0
208 840 0 0 1680 3 3 0 0 0
209 840 0 0 0 0 0 1680 156 131
210 840 467 20 1680 25 18 0 0 0
211 840 0 0 0 0 0 1680 147 111
212 840 0 0 1680 42 16 0 0 0
213 840 0 0 0 0 0 1680 107 86
214 840 0 0 1680 44 22 0 0 0
215 840 0 0 0 0 0 1680 63 46
216 840 0 0 0 0 0 1680 30 26
217 840 0 0 0 0 0 1680 13 7
218 840 0 0 0 0 0 1680 44 31
219 840 0 0 0 0 0 1680 45 27
220 840 0 0 0 0 0 0 0 0
224 56 1 0 0 0 0 0 0 0
226 56 0 0 0 0 0 0 0 0
227 56 0 0 0 0 0 0 0 0
234 56 0 0 0 0 0 0 0 0
235 56 2 2 112 0 0 0 0 0
236 56 0 0 0 0 0 0 0 0
237 56 0 0 0 0 0 0 0 0
238 56 0 0 112 0 0 0 0 0
239 56 0 0 0 0 0 112 0 0
240 56 0 0 112 0 0 0 0 0
241 56 0 0 112 0 0 0 0 0
242 56 0 0 112 0 0 0 0 0
243 56 0 0 0 0 0 0 0 0
244 56 0 0 0 0 0 0 0 0
245 56 0 0 0 0 0 0 0 0
247 55 0 0 0 0 0 0 0 0
249 78 0 0 0 0 0 156 0 0
250 78 0 0 156 0 0 0 0 0
251 78 0 0 0 0 0 156 0 0
252 78 0 0 156 0 0 0 0 0
253 78 2 2 0 0 0 156 0 0
254 78 0 0 156 0 0 0 0 0
255 78 0 0 0 0 0 156 0 0
256 78 0 0 156 0 0 0 0 0
257 78 0 0 0 0 0 0 0 0
258 78 0 0 0 0 0 0 0 0
264 56 0 0 112 0 0 0 0 0
265 56 0 0 0 0 0 112 0 0
266 56 0 0 112 0 0 0 0 0
267 56 0 0 0 0 0 112 0 0
268 56 0 0 112 0 0 0 0 0
269 56 0 0 0 0 0 112 0 0
270 56 0 0 112 0 0 0 0 0
271 56 0 0 0 0 0 112 0 0
272 56 0 0 0 0 0 112 0 0
273 56 0 0 0 0 0 112 0 0
274 56 2 2 0 0 0 112 0 0
275 56 0 0 0 0 0 112 0 0
276 56 0 0 0 0 0 0 0 0
fn=__GI_memmove
77 315 1 0 0 0 0 0 0 0
78 315 0 0 0 0 0 0 0 0
79 315 0 0 0 0 0 0 0 0
80 315 0 0 0 0 0 0 0 0
fn=memcpy
91 93 1 1 0 0 0 0 0 0
92 93 0 0 0 0 0 0 0 0
93 93 0 0 0 0 0 0 0 0
94 93 0 0 0 0 0 0 0 0
95 93 0 0 0 0 0 0 0 0
96 29 0 0 0 0 0 0 0 0
97 29 0 0 0 0 0 0 0 0
100 28 0 0 56 0 0 0 0 0
101 28 0 0 56 0 0 0 0 0
102 28 0 0 56 0 0 0 0 0
103 28 0 0 56 0 0 0 0 0
104 28 0 0 0 0 0 0 0 0
105 28 1 1 0 0 0 0 0 0
106 23 0 0 0 0 0 46 3 1
107 23 0 0 0 0 0 46 0 0
108 23 0 0 0 0 0 46 0 0
109 23 0 0 0 0 0 46 7 7
110 23 0 0 0 0 0 0 0 0
116 64 1 1 0 0 0 0 0 0
117 64 0 0 0 0 0 0 0 0
118 17 0 0 34 1 0 0 0 0
119 17 0 0 34 0 0 0 0 0
120 17 0 0 0 0 0 34 8 8
121 17 0 0 0 0 0 34 0 0
122 17 0 0 0 0 0 0 0 0
126 47 2 2 0 0 0 0 0 0
127 36 0 0 36 2 1 0 0 0
128 36 0 0 36 0 0 0 0 0
129 36 0 0 0 0 0 36 10 9
130 36 0 0 0 0 0 36 1 1
131 36 0 0 0 0 0 0 0 0
135 11 0 0 0 0 0 0 0 0
136 2 0 0 2 0 0 0 0 0
137 2 0 0 2 0 0 0 0 0
138 2 0 0 0 0 0 2 0 0
139 2 0 0 0 0 0 2 0 0
140 2 0 0 0 0 0 0 0 0
145 9 0 0 0 0 0 0 0 0
146 2 0 0 0 0 0 0 0 0
147 2 1 1 2 2 2 0 0 0
148 2 0 0 2 0 0 0 0 0
149 2 0 0 2 0 0 0 0 0
150 2 0 0 0 0 0 2 2 2
151 2 0 0 0 0 0 2 0 0
152 2 0 0 0 0 0 2 0 0
153 9 0 0 0 0 0 0 0 0
159 5 0 0 10 0 0 0 0 0
160 5 0 0 10 0 0 0 0 0
161 5 0 0 10 0 0 0 0 0
162 5 0 0 10 0 0 0 0 0
163 5 0 0 0 0 0 10 1 1
164 5 0 0 0 0 0 10 3 3
165 5 0 0 0 0 0 10 0 0
166 5 0 0 0 0 0 10 1 1
167 5 0 0 0 0 0 10 0 0
168 5 0 0 0 0 0 10 0 0
169 5 0 0 0 0 0 10 0 0
170 5 0 0 0 0 0 10 0 0
171 5 0 0 0 0 0 0 0 0
180 1 1 1 0 0 0 0 0 0
181 1 0 0 0 0 0 0 0 0
182 1 0 0 2 0 0 0 0 0
183 1 0 0 0 0 0 0 0 0
184 1 0 0 0 0 0 0 0 0
185 1 0 0 2 0 0 0 0 0
186 1 0 0 0 0 0 2 1 1
187 1 0 0 2 0 0 0 0 0
188 1 1 1 2 0 0 0 0 0
189 1 0 0 2 0 0 0 0 0
190 1 0 0 0 0 0 0 0 0
191 1 0 0 0 0 0 0 0 0
193 9 0 0 0 0 0 18 8 8
194 9 0 0 18 0 0 0 0 0
195 9 0 0 0 0 0 18 0 0
196 9 0 0 18 0 0 0 0 0
197 9 0 0 0 0 0 18 0 0
198 9 0 0 18 0 0 0 0 0
199 9 0 0 0 0 0 18 0 0
200 9 0 0 18 0 0 0 0 0
201 9 0 0 0 0 0 0 0 0
202 9 0 0 0 0 0 0 0 0
208 1 0 0 2 0 0 0 0 0
209 1 0 0 0 0 0 2 1 1
210 1 1 1 2 0 0 0 0 0
211 1 0 0 0 0 0 2 0 0
212 1 0 0 2 0 0 0 0 0
213 1 0 0 0 0 0 2 0 0
214 1 0 0 2 0 0 0 0 0
215 1 0 0 0 0 0 2 0 0
216 1 0 0 0 0 0 2 0 0
217 1 0 0 0 0 0 2 0 0
218 1 0 0 0 0 0 2 0 0
219 1 0 0 0 0 0 2 1 1
220 1 0 0 0 0 0 0 0 0
fn=memmove
77 4 1 1 0 0 0 0 0 0
78 4 0 0 0 0 0 0 0 0
79 4 0 0 0 0 0 0 0 0
80 4 0 0 0 0 0 0 0 0
fl=/build/glibc-FcXrgv/glibc-2.31/string/../sysdeps/aarch64/multiarch/../strlen.S
fn=__GI_strlen
94 8082 474 21 0 0 0 0 0 0
95 8082 0 0 0 0 0 0 0 0
96 8082 0 0 0 0 0 0 0 0
97 8082 0 0 0 0 0 0 0 0
98 8064 0 0 16128 3104 1551 0 0 0
107 8064 0 0 0 0 0 0 0 0
108 8064 0 0 0 0 0 0 0 0
109 8064 0 0 0 0 0 0 0 0
110 8064 0 0 0 0 0 0 0 0
111 8064 0 0 0 0 0 0 0 0
112 8064 0 0 0 0 0 0 0 0
113 8064 0 0 0 0 0 0 0 0
114 8064 0 0 0 0 0 0 0 0
117 6742 0 0 0 0 0 0 0 0
118 6742 0 0 0 0 0 0 0 0
119 6742 0 0 0 0 0 0 0 0
120 6742 257 10 0 0 0 0 0 0
121 6742 0 0 0 0 0 0 0 0
122 6742 0 0 0 0 0 0 0 0
123 6742 0 0 0 0 0 0 0 0
130 1322 203 10 0 0 0 0 0 0
131 1322 0 0 0 0 0 0 0 0
133 2666 0 0 5332 373 271 0 0 0
135 2684 0 0 0 0 0 0 0 0
136 2684 0 0 0 0 0 0 0 0
137 2684 0 0 0 0 0 0 0 0
138 2684 0 0 0 0 0 0 0 0
139 2684 0 0 0 0 0 0 0 0
140 1909 0 0 3818 523 428 0 0 0
141 1909 0 0 0 0 0 0 0 0
142 1909 0 0 0 0 0 0 0 0
143 1909 0 0 0 0 0 0 0 0
144 1909 166 13 0 0 0 0 0 0
145 1909 0 0 0 0 0 0 0 0
146 565 0 0 0 0 0 0 0 0
149 1340 168 13 0 0 0 0 0 0
150 1340 0 0 0 0 0 0 0 0
151 1340 0 0 0 0 0 0 0 0
152 1340 0 0 0 0 0 0 0 0
153 1340 0 0 0 0 0 0 0 0
154 1340 0 0 0 0 0 0 0 0
169 1340 0 0 0 0 0 0 0 0
171 1340 0 0 0 0 0 0 0 0
172 1340 0 0 0 0 0 0 0 0
173 1340 0 0 0 0 0 0 0 0
174 1340 0 0 0 0 0 0 0 0
175 1340 0 0 0 0 0 0 0 0
176 1340 0 0 0 0 0 0 0 0
177 1340 398 25 0 0 0 0 0 0
180 16 0 0 32 15 3 0 0 0
181 16 0 0 0 0 0 0 0 0
182 16 0 0 0 0 0 0 0 0
183 16 0 0 0 0 0 0 0 0
184 16 0 0 0 0 0 0 0 0
185 16 0 0 0 0 0 0 0 0
186 16 0 0 0 0 0 0 0 0
187 16 0 0 0 0 0 0 0 0
188 16 0 0 0 0 0 0 0 0
189 2 0 0 4 0 0 0 0 0
190 2 0 0 0 0 0 0 0 0
191 2 0 0 0 0 0 0 0 0
192 2 0 0 0 0 0 0 0 0
193 2 0 0 0 0 0 0 0 0
194 2 0 0 0 0 0 0 0 0
195 2 0 0 0 0 0 0 0 0
196 2 0 0 0 0 0 0 0 0
197 2 0 0 0 0 0 0 0 0
198 1 0 0 0 0 0 0 0 0
204 18 17 7 0 0 0 0 0 0
205 18 0 0 36 1 1 0 0 0
206 18 0 0 0 0 0 0 0 0
207 18 0 0 0 0 0 0 0 0
213 18 0 0 0 0 0 0 0 0
215 18 0 0 0 0 0 0 0 0
216 18 0 0 0 0 0 0 0 0
217 18 0 0 0 0 0 0 0 0
218 18 0 0 0 0 0 0 0 0
219 18 0 0 0 0 0 0 0 0
220 18 0 0 0 0 0 0 0 0
221 18 0 0 0 0 0 0 0 0
fn=strlen
94 42 3 1 0 0 0 0 0 0
95 42 0 0 0 0 0 0 0 0
96 42 0 0 0 0 0 0 0 0
97 42 0 0 0 0 0 0 0 0
98 41 0 0 82 2 2 0 0 0
107 41 0 0 0 0 0 0 0 0
108 41 0 0 0 0 0 0 0 0
109 41 0 0 0 0 0 0 0 0
110 41 0 0 0 0 0 0 0 0
111 41 0 0 0 0 0 0 0 0
112 41 0 0 0 0 0 0 0 0
113 41 0 0 0 0 0 0 0 0
114 41 0 0 0 0 0 0 0 0
117 17 0 0 0 0 0 0 0 0
118 17 0 0 0 0 0 0 0 0
119 17 0 0 0 0 0 0 0 0
120 17 2 0 0 0 0 0 0 0
121 17 0 0 0 0 0 0 0 0
122 17 0 0 0 0 0 0 0 0
123 17 0 0 0 0 0 0 0 0
130 24 0 0 0 0 0 0 0 0
131 24 0 0 0 0 0 0 0 0
133 27 0 0 54 0 0 0 0 0
135 28 1 1 0 0 0 0 0 0
136 28 0 0 0 0 0 0 0 0
137 28 0 0 0 0 0 0 0 0
138 28 0 0 0 0 0 0 0 0
139 28 0 0 0 0 0 0 0 0
140 27 0 0 54 0 0 0 0 0
141 27 0 0 0 0 0 0 0 0
142 27 0 0 0 0 0 0 0 0
143 27 0 0 0 0 0 0 0 0
144 27 8 0 0 0 0 0 0 0
145 27 0 0 0 0 0 0 0 0
146 24 0 0 0 0 0 0 0 0
149 25 1 1 0 0 0 0 0 0
150 25 0 0 0 0 0 0 0 0
151 25 0 0 0 0 0 0 0 0
152 25 0 0 0 0 0 0 0 0
153 25 0 0 0 0 0 0 0 0
154 25 0 0 0 0 0 0 0 0
169 25 0 0 0 0 0 0 0 0
171 25 0 0 0 0 0 0 0 0
172 25 0 0 0 0 0 0 0 0
173 25 0 0 0 0 0 0 0 0
174 25 0 0 0 0 0 0 0 0
175 25 0 0 0 0 0 0 0 0
176 25 0 0 0 0 0 0 0 0
177 25 2 1 0 0 0 0 0 0
204 1 1 1 0 0 0 0 0 0
205 1 0 0 2 0 0 0 0 0
206 1 0 0 0 0 0 0 0 0
207 1 0 0 0 0 0 0 0 0
213 1 0 0 0 0 0 0 0 0
215 1 0 0 0 0 0 0 0 0
216 1 0 0 0 0 0 0 0 0
217 1 0 0 0 0 0 0 0 0
218 1 0 0 0 0 0 0 0 0
219 1 0 0 0 0 0 0 0 0
220 1 0 0 0 0 0 0 0 0
221 1 0 0 0 0 0 0 0 0
fl=/build/glibc-FcXrgv/glibc-2.31/string/../sysdeps/aarch64/multiarch/memchr.c
fn=memchr
34 18 4 4 4 2 1 0 0 0
fl=/build/glibc-FcXrgv/glibc-2.31/string/../sysdeps/aarch64/multiarch/memcpy.c
fn=memcpy
37 19 5 5 2 0 0 0 0 0
fl=/build/glibc-FcXrgv/glibc-2.31/string/../sysdeps/aarch64/multiarch/memmove.c
fn=memmove
37 17 4 4 2 1 0 0 0 0
fl=/build/glibc-FcXrgv/glibc-2.31/string/../sysdeps/aarch64/multiarch/memset.c
fn=memset
36 16 3 3 3 0 0 0 0 0
fl=/build/glibc-FcXrgv/glibc-2.31/string/../sysdeps/aarch64/multiarch/strlen.c
fn=strlen
36 22 4 2 4 0 0 0 0 0
fl=/build/glibc-FcXrgv/glibc-2.31/string/../sysdeps/aarch64/rawmemchr.S
fn=rawmemchr
28 1 1 1 0 0 0 0 0 0
33 1 0 0 0 0 0 0 0 0
35 1 0 0 0 0 0 0 0 0
36 1 0 0 0 0 0 0 0 0
37 1 0 0 0 0 0 0 0 0
38 1 0 0 0 0 0 0 0 0
fl=/build/glibc-FcXrgv/glibc-2.31/string/../sysdeps/aarch64/strchr.S
fn=index
66 292 185 43 0 0 0 0 0 0
67 292 0 0 0 0 0 0 0 0
68 292 0 0 0 0 0 0 0 0
69 292 0 0 0 0 0 0 0 0
70 292 189 20 0 0 0 0 0 0
71 292 0 0 0 0 0 0 0 0
72 292 0 0 0 0 0 0 0 0
73 292 0 0 0 0 0 0 0 0
79 290 0 0 580 198 118 0 0 0
80 290 0 0 0 0 0 0 0 0
81 290 0 0 0 0 0 0 0 0
82 290 0 0 0 0 0 0 0 0
83 290 0 0 0 0 0 0 0 0
84 290 0 0 0 0 0 0 0 0
85 290 0 0 0 0 0 0 0 0
86 290 0 0 0 0 0 0 0 0
87 290 0 0 0 0 0 0 0 0
88 290 0 0 0 0 0 0 0 0
89 290 0 0 0 0 0 0 0 0
90 290 0 0 0 0 0 0 0 0
91 290 183 24 0 0 0 0 0 0
92 290 0 0 0 0 0 0 0 0
93 290 0 0 0 0 0 0 0 0
94 290 0 0 0 0 0 0 0 0
95 290 0 0 0 0 0 0 0 0
97 290 0 0 0 0 0 0 0 0
98 290 0 0 0 0 0 0 0 0
99 290 0 0 0 0 0 0 0 0
102 20 1 1 40 2 2 0 0 0
103 20 0 0 0 0 0 0 0 0
104 20 0 0 0 0 0 0 0 0
105 20 0 0 0 0 0 0 0 0
106 20 0 0 0 0 0 0 0 0
108 20 0 0 0 0 0 0 0 0
109 20 0 0 0 0 0 0 0 0
110 20 0 0 0 0 0 0 0 0
111 20 1 1 0 0 0 0 0 0
112 20 0 0 0 0 0 0 0 0
113 20 0 0 0 0 0 0 0 0
117 19 0 0 0 0 0 0 0 0
118 19 0 0 0 0 0 0 0 0
119 19 0 0 0 0 0 0 0 0
120 19 0 0 0 0 0 0 0 0
121 19 0 0 0 0 0 0 0 0
122 19 0 0 0 0 0 0 0 0
123 19 0 0 0 0 0 0 0 0
124 19 0 0 0 0 0 0 0 0
126 19 0 0 0 0 0 0 0 0
128 292 181 35 0 0 0 0 0 0
129 292 0 0 0 0 0 0 0 0
130 292 0 0 0 0 0 0 0 0
133 292 0 0 0 0 0 0 0 0
134 292 188 18 0 0 0 0 0 0
135 292 0 0 0 0 0 0 0 0
136 292 0 0 0 0 0 0 0 0
fl=/build/glibc-FcXrgv/glibc-2.31/string/../sysdeps/aarch64/strchrnul.S
fn=strchrnul
66 21 8 2 0 0 0 0 0 0
67 21 0 0 0 0 0 0 0 0
68 21 0 0 0 0 0 0 0 0
69 21 0 0 0 0 0 0 0 0
70 21 8 3 0 0 0 0 0 0
71 21 0 0 0 0 0 0 0 0
72 21 0 0 0 0 0 0 0 0
78 19 0 0 38 1 1 0 0 0
79 19 0 0 0 0 0 0 0 0
80 19 0 0 0 0 0 0 0 0
81 19 0 0 0 0 0 0 0 0
82 19 0 0 0 0 0 0 0 0
83 19 0 0 0 0 0 0 0 0
84 19 0 0 0 0 0 0 0 0
85 19 0 0 0 0 0 0 0 0
86 19 0 0 0 0 0 0 0 0
87 19 0 0 0 0 0 0 0 0
88 19 0 0 0 0 0 0 0 0
89 19 0 0 0 0 0 0 0 0
90 19 0 0 0 0 0 0 0 0
91 19 7 2 0 0 0 0 0 0
92 19 0 0 0 0 0 0 0 0
94 19 0 0 0 0 0 0 0 0
95 19 0 0 0 0 0 0 0 0
96 19 0 0 0 0 0 0 0 0
99 7 1 1 14 3 3 0 0 0
100 7 0 0 0 0 0 0 0 0
101 7 0 0 0 0 0 0 0 0
102 7 0 0 0 0 0 0 0 0
103 7 0 0 0 0 0 0 0 0
105 7 0 0 0 0 0 0 0 0
106 7 0 0 0 0 0 0 0 0
107 7 0 0 0 0 0 0 0 0
108 7 0 0 0 0 0 0 0 0
109 7 0 0 0 0 0 0 0 0
110 7 0 0 0 0 0 0 0 0
114 7 5 1 0 0 0 0 0 0
115 7 0 0 0 0 0 0 0 0
116 7 0 0 0 0 0 0 0 0
117 7 0 0 0 0 0 0 0 0
119 7 0 0 0 0 0 0 0 0
122 21 3 2 0 0 0 0 0 0
124 21 0 0 0 0 0 0 0 0
125 21 0 0 0 0 0 0 0 0
127 21 0 0 0 0 0 0 0 0
128 21 0 0 0 0 0 0 0 0
fl=/build/glibc-FcXrgv/glibc-2.31/string/../sysdeps/aarch64/strcmp.S
fn=strcmp
54 1678 72 27 0 0 0 0 0 0
55 1678 0 0 0 0 0 0 0 0
56 1678 0 0 0 0 0 0 0 0
57 1678 0 0 0 0 0 0 0 0
58 807 0 0 0 0 0 0 0 0
59 807 0 0 0 0 0 0 0 0
64 1067 0 0 1067 53 42 0 0 0
65 1067 0 0 1067 49 35 0 0 0
67 1165 0 0 0 0 0 0 0 0
68 1165 0 0 0 0 0 0 0 0
69 1165 0 0 0 0 0 0 0 0
70 1165 0 0 0 0 0 0 0 0
71 1165 0 0 0 0 0 0 0 0
72 1165 0 0 0 0 0 0 0 0
77 1199 0 0 0 0 0 0 0 0
78 1199 0 0 0 0 0 0 0 0
83 1199 55 22 0 0 0 0 0 0
84 1199 0 0 0 0 0 0 0 0
85 1199 0 0 0 0 0 0 0 0
86 1199 0 0 0 0 0 0 0 0
89 1199 0 0 0 0 0 0 0 0
90 1199 0 0 0 0 0 0 0 0
91 1199 0 0 0 0 0 0 0 0
130 98 10 2 0 0 0 0 0 0
131 98 0 0 0 0 0 0 0 0
132 98 0 0 0 0 0 0 0 0
133 98 0 0 98 13 8 0 0 0
134 98 0 0 0 0 0 0 0 0
135 98 0 0 98 4 2 0 0 0
136 98 0 0 0 0 0 0 0 0
142 98 0 0 0 0 0 0 0 0
144 98 0 0 0 0 0 0 0 0
145 98 5 3 0 0 0 0 0 0
146 98 0 0 0 0 0 0 0 0
152 871 41 16 0 0 0 0 0 0
153 871 0 0 0 0 0 0 0 0
155 1892 0 0 1892 177 99 0 0 0
156 1892 0 0 1892 103 25 0 0 0
157 1892 0 0 0 0 0 0 0 0
158 1892 0 0 0 0 0 0 0 0
159 1892 0 0 0 0 0 0 0 0
160 1413 0 0 0 0 0 0 0 0
161 1413 0 0 0 0 0 0 0 0
166 649 0 0 0 0 0 0 0 0
167 649 0 0 0 0 0 0 0 0
168 649 0 0 0 0 0 0 0 0
169 648 0 0 648 59 38 0 0 0
170 648 0 0 648 31 17 0 0 0
172 648 29 15 0 0 0 0 0 0
173 648 0 0 0 0 0 0 0 0
174 648 0 0 0 0 0 0 0 0
175 648 0 0 0 0 0 0 0 0
176 648 0 0 0 0 0 0 0 0
177 648 0 0 0 0 0 0 0 0
178 392 0 0 0 0 0 0 0 0
181 479 5 3 0 0 0 0 0 0
182 479 0 0 0 0 0 0 0 0
fl=/build/glibc-FcXrgv/glibc-2.31/string/../sysdeps/aarch64/strcpy.S
fn=stpcpy
112 188 19 8 0 0 0 0 0 0
113 188 0 0 0 0 0 0 0 0
114 188 0 0 0 0 0 0 0 0
115 188 0 0 0 0 0 0 0 0
116 188 0 0 0 0 0 0 0 0
121 188 0 0 0 0 0 0 0 0
124 188 0 0 376 0 0 0 0 0
140 188 0 0 0 0 0 0 0 0
141 188 0 0 0 0 0 0 0 0
142 188 0 0 0 0 0 0 0 0
143 188 0 0 0 0 0 0 0 0
144 76 0 0 0 0 0 0 0 0
145 76 0 0 0 0 0 0 0 0
147 76 0 0 0 0 0 0 0 0
148 76 0 0 0 0 0 0 0 0
154 70 0 0 0 0 0 0 0 0
155 70 16 5 0 0 0 0 0 0
156 70 0 0 0 0 0 0 0 0
157 70 0 0 0 0 0 0 0 0
158 70 0 0 0 0 0 0 0 0
162 70 0 0 0 0 0 0 0 0
164 70 0 0 0 0 0 70 6 3
165 70 0 0 0 0 0 70 0 0
167 70 0 0 0 0 0 0 0 0
169 70 0 0 0 0 0 0 0 0
172 112 3 1 0 0 0 0 0 0
173 112 0 0 0 0 0 0 0 0
174 112 0 0 0 0 0 0 0 0
175 112 0 0 0 0 0 0 0 0
176 112 0 0 0 0 0 0 0 0
183 34 0 0 0 0 0 0 0 0
186 34 0 0 0 0 0 34 0 0
187 34 0 0 0 0 0 34 0 0
189 34 0 0 0 0 0 0 0 0
191 34 0 0 0 0 0 0 0 0
193 78 2 1 0 0 0 0 0 0
198 78 0 0 0 0 0 78 0 0
202 78 0 0 0 0 0 78 0 0
204 78 0 0 0 0 0 0 0 0
206 78 0 0 0 0 0 0 0 0
211 6 0 0 0 0 0 0 0 0
212 6 0 0 0 0 0 12 0 0
213 6 0 0 0 0 0 0 0 0
214 6 0 0 0 0 0 0 0 0
215 6 0 0 0 0 0 0 0 0
222 6 0 0 0 0 0 6 0 0
224 12 0 0 12 0 0 0 0 0
225 12 0 0 0 0 0 0 0 0
226 12 2 1 0 0 0 0 0 0
227 12 0 0 0 0 0 0 0 0
236 6 0 0 0 0 0 0 0 0
237 6 0 0 0 0 0 0 0 0
238 6 0 0 0 0 0 0 0 0
239 6 0 0 0 0 0 0 0 0
240 6 0 0 0 0 0 0 0 0
241 6 0 0 0 0 0 0 0 0
242 6 0 0 0 0 0 0 0 0
243 6 0 0 0 0 0 0 0 0
244 6 0 0 0 0 0 0 0 0
245 6 0 0 0 0 0 0 0 0
246 6 0 0 0 0 0 0 0 0
247 6 0 0 0 0 0 0 0 0
248 6 0 0 6 0 0 0 0 0
249 6 0 0 0 0 0 6 0 0
251 6 1 1 0 0 0 0 0 0
253 6 0 0 0 0 0 0 0 0
fl=/build/glibc-FcXrgv/glibc-2.31/string/../sysdeps/aarch64/strncmp.S
fn=strncmp
58 327 148 9 0 0 0 0 0 0
59 327 0 0 0 0 0 0 0 0
60 327 0 0 0 0 0 0 0 0
61 327 0 0 0 0 0 0 0 0
62 327 0 0 0 0 0 0 0 0
63 327 0 0 0 0 0 0 0 0
64 164 0 0 0 0 0 0 0 0
66 111 0 0 0 0 0 0 0 0
67 111 0 0 0 0 0 0 0 0
74 130 103 7 130 55 40 0 0 0
75 130 0 0 130 2 1 0 0 0
77 183 3 0 0 0 0 0 0 0
78 183 0 0 0 0 0 0 0 0
79 183 0 0 0 0 0 0 0 0
80 183 0 0 0 0 0 0 0 0
81 183 0 0 0 0 0 0 0 0
82 183 0 0 0 0 0 0 0 0
83 183 0 0 0 0 0 0 0 0
84 183 0 0 0 0 0 0 0 0
88 164 0 0 0 0 0 0 0 0
91 93 0 0 0 0 0 0 0 0
92 93 0 0 0 0 0 0 0 0
94 81 0 0 0 0 0 0 0 0
95 81 0 0 0 0 0 0 0 0
99 81 0 0 0 0 0 0 0 0
101 81 30 4 0 0 0 0 0 0
102 81 0 0 0 0 0 0 0 0
105 81 0 0 0 0 0 0 0 0
108 164 64 2 0 0 0 0 0 0
111 164 0 0 0 0 0 0 0 0
112 164 0 0 0 0 0 0 0 0
117 164 0 0 0 0 0 0 0 0
118 164 0 0 0 0 0 0 0 0
119 164 0 0 0 0 0 0 0 0
120 164 0 0 0 0 0 0 0 0
123 164 0 0 0 0 0 0 0 0
124 164 0 0 0 0 0 0 0 0
125 164 0 0 0 0 0 0 0 0
166 53 1 0 0 0 0 0 0 0
167 53 0 0 0 0 0 0 0 0
168 53 0 0 53 0 0 0 0 0
169 53 1 1 0 0 0 0 0 0
170 53 0 0 53 0 0 0 0 0
171 53 0 0 0 0 0 0 0 0
172 53 0 0 0 0 0 0 0 0
178 53 0 0 0 0 0 0 0 0
180 53 0 0 0 0 0 0 0 0
181 53 0 0 0 0 0 0 0 0
183 53 0 0 0 0 0 0 0 0
184 53 0 0 0 0 0 0 0 0
185 53 0 0 0 0 0 0 0 0
186 53 0 0 0 0 0 0 0 0
187 53 0 0 0 0 0 0 0 0
188 53 0 0 0 0 0 0 0 0
193 163 66 11 0 0 0 0 0 0
194 163 0 0 0 0 0 0 0 0
198 594 0 0 594 39 33 0 0 0
199 594 0 0 594 30 4 0 0 0
200 594 0 0 0 0 0 0 0 0
201 594 0 0 0 0 0 0 0 0
202 594 0 0 0 0 0 0 0 0
203 594 0 0 0 0 0 0 0 0
205 162 0 0 0 0 0 0 0 0
206 162 0 0 0 0 0 0 0 0
211 1 0 0 0 0 0 0 0 0
212 1 0 0 0 0 0 0 0 0
232 1 1 1 0 0 0 0 0 0
233 1 0 0 0 0 0 0 0 0
234 1 0 0 0 0 0 0 0 0
236 3 0 0 0 0 0 0 0 0
237 3 0 0 0 0 0 0 0 0
238 3 0 0 0 0 0 0 0 0
240 3 0 0 3 1 1 0 0 0
241 3 0 0 3 0 0 0 0 0
242 3 0 0 0 0 0 0 0 0
243 3 1 1 0 0 0 0 0 0
244 3 0 0 0 0 0 0 0 0
245 3 0 0 0 0 0 0 0 0
246 3 0 0 0 0 0 0 0 0
247 3 0 0 0 0 0 0 0 0
248 3 0 0 0 0 0 0 0 0
249 3 0 0 0 0 0 0 0 0
253 1 0 0 0 0 0 0 0 0
254 1 0 0 0 0 0 0 0 0
256 1 0 0 0 0 0 0 0 0
257 1 0 0 0 0 0 0 0 0
258 1 0 0 1 0 0 0 0 0
259 1 0 0 1 0 0 0 0 0
260 1 0 0 0 0 0 0 0 0
261 1 0 0 0 0 0 0 0 0
262 1 0 0 0 0 0 0 0 0
263 1 1 1 0 0 0 0 0 0
264 1 0 0 0 0 0 0 0 0
265 1 0 0 0 0 0 0 0 0
268 1 0 0 0 0 0 0 0 0
269 1 0 0 0 0 0 0 0 0
fl=/build/glibc-FcXrgv/glibc-2.31/string/../sysdeps/aarch64/strnlen.S
fn=strnlen
61 315 132 20 0 0 0 0 0 0
62 315 0 0 0 0 0 0 0 0
63 315 0 0 0 0 0 0 0 0
64 315 0 0 0 0 0 0 0 0
65 315 0 0 0 0 0 0 0 0
67 169 0 0 0 0 0 0 0 0
68 169 0 0 0 0 0 0 0 0
80 169 114 18 338 109 53 0 0 0
82 315 14 3 0 0 0 0 0 0
83 315 0 0 0 0 0 0 0 0
84 315 0 0 0 0 0 0 0 0
85 315 0 0 0 0 0 0 0 0
86 315 0 0 0 0 0 0 0 0
87 315 0 0 0 0 0 0 0 0
88 315 0 0 0 0 0 0 0 0
89 315 0 0 0 0 0 0 0 0
90 315 0 0 0 0 0 0 0 0
91 315 0 0 0 0 0 0 0 0
94 298 0 0 0 0 0 0 0 0
95 298 0 0 0 0 0 0 0 0
101 297 0 0 0 0 0 0 0 0
102 297 0 0 0 0 0 0 0 0
106 39 0 0 0 0 0 0 0 0
107 39 38 1 0 0 0 0 0 0
119 297 76 18 0 0 0 0 0 0
120 297 0 0 0 0 0 0 0 0
121 297 0 0 0 0 0 0 0 0
122 297 0 0 0 0 0 0 0 0
123 297 0 0 0 0 0 0 0 0
124 297 0 0 0 0 0 0 0 0
125 297 0 0 0 0 0 0 0 0
128 17 15 2 17 0 0 0 0 0
129 17 0 0 0 0 0 0 0 0
130 17 0 0 0 0 0 0 0 0
131 17 0 0 0 0 0 0 0 0
132 17 0 0 0 0 0 0 0 0
133 17 0 0 0 0 0 0 0 0
134 12 0 0 12 0 0 0 0 0
135 12 0 0 0 0 0 0 0 0
136 12 12 4 0 0 0 0 0 0
137 12 0 0 0 0 0 0 0 0
138 12 0 0 0 0 0 0 0 0
139 12 0 0 0 0 0 0 0 0
143 17 5 3 0 0 0 0 0 0
156 17 0 0 0 0 0 0 0 0
157 17 0 0 0 0 0 0 0 0
158 17 0 0 0 0 0 0 0 0
159 17 0 0 0 0 0 0 0 0
160 17 0 0 0 0 0 0 0 0
161 17 0 0 0 0 0 0 0 0
162 17 0 0 0 0 0 0 0 0
163 17 0 0 0 0 0 0 0 0
164 17 0 0 0 0 0 0 0 0
165 17 0 0 0 0 0 0 0 0
166 17 0 0 0 0 0 0 0 0
167 17 0 0 0 0 0 0 0 0
168 17 0 0 0 0 0 0 0 0
169 17 0 0 0 0 0 0 0 0
170 17 0 0 0 0 0 0 0 0
181 146 17 6 0 0 0 0 0 0
182 146 0 0 0 0 0 0 0 0
183 146 0 0 0 0 0 0 0 0
185 146 0 0 0 0 0 0 0 0
186 146 0 0 0 0 0 0 0 0
187 146 0 0 0 0 0 0 0 0
189 146 0 0 292 1 1 0 0 0
190 146 0 0 0 0 0 0 0 0
191 146 0 0 0 0 0 0 0 0
198 146 0 0 0 0 0 0 0 0
200 146 0 0 0 0 0 0 0 0
202 146 0 0 0 0 0 0 0 0
203 146 17 6 0 0 0 0 0 0
205 146 0 0 0 0 0 0 0 0
206 146 0 0 0 0 0 0 0 0
207 146 0 0 0 0 0 0 0 0
210 1 1 0 0 0 0 0 0 0
211 1 0 0 0 0 0 0 0 0
fl=/build/glibc-FcXrgv/glibc-2.31/string/../sysdeps/aarch64/strrchr.S
fn=rindex
72 159 73 10 0 0 0 0 0 0
76 159 0 0 0 0 0 0 0 0
77 159 0 0 0 0 0 0 0 0
78 159 0 0 0 0 0 0 0 0
79 159 0 0 0 0 0 0 0 0
80 159 0 0 0 0 0 0 0 0
81 159 0 0 0 0 0 0 0 0
82 159 0 0 0 0 0 0 0 0
83 159 0 0 0 0 0 0 0 0
84 159 0 0 0 0 0 0 0 0
90 111 0 0 222 89 46 0 0 0
91 111 0 0 0 0 0 0 0 0
92 111 0 0 0 0 0 0 0 0
93 111 0 0 0 0 0 0 0 0
94 111 0 0 0 0 0 0 0 0
95 111 0 0 0 0 0 0 0 0
96 111 104 10 0 0 0 0 0 0
97 111 0 0 0 0 0 0 0 0
98 111 0 0 0 0 0 0 0 0
99 111 0 0 0 0 0 0 0 0
100 111 0 0 0 0 0 0 0 0
101 111 0 0 0 0 0 0 0 0
102 111 0 0 0 0 0 0 0 0
103 111 0 0 0 0 0 0 0 0
104 111 0 0 0 0 0 0 0 0
105 111 0 0 0 0 0 0 0 0
106 111 0 0 0 0 0 0 0 0
107 111 0 0 0 0 0 0 0 0
108 111 0 0 0 0 0 0 0 0
110 111 0 0 0 0 0 0 0 0
111 111 0 0 0 0 0 0 0 0
112 111 0 0 0 0 0 0 0 0
115 48 43 5 0 0 0 0 0 0
116 48 0 0 0 0 0 0 0 0
117 48 0 0 0 0 0 0 0 0
119 96 40 4 192 50 37 0 0 0
120 96 0 0 0 0 0 0 0 0
121 96 0 0 0 0 0 0 0 0
122 96 0 0 0 0 0 0 0 0
123 96 0 0 0 0 0 0 0 0
124 96 0 0 0 0 0 0 0 0
125 96 0 0 0 0 0 0 0 0
126 96 0 0 0 0 0 0 0 0
127 96 0 0 0 0 0 0 0 0
128 96 0 0 0 0 0 0 0 0
129 96 0 0 0 0 0 0 0 0
130 96 0 0 0 0 0 0 0 0
131 96 0 0 0 0 0 0 0 0
132 96 80 4 0 0 0 0 0 0
134 95 0 0 0 0 0 0 0 0
135 95 0 0 0 0 0 0 0 0
136 95 0 0 0 0 0 0 0 0
137 95 0 0 0 0 0 0 0 0
138 95 0 0 0 0 0 0 0 0
142 159 61 6 0 0 0 0 0 0
143 159 0 0 0 0 0 0 0 0
144 159 0 0 0 0 0 0 0 0
146 159 0 0 0 0 0 0 0 0
147 159 0 0 0 0 0 0 0 0
150 159 0 0 0 0 0 0 0 0
154 159 0 0 0 0 0 0 0 0
155 159 0 0 0 0 0 0 0 0
157 159 0 0 0 0 0 0 0 0
158 159 0 0 0 0 0 0 0 0
160 159 69 9 0 0 0 0 0 0
fl=/build/glibc-FcXrgv/glibc-2.31/string/_strerror.c
fn=strerror_r
38 208 32 9 32 12 0 144 4 0
39 96 0 0 16 12 4 0 0 0
40 48 0 0 16 16 7 0 0 0
71 64 15 4 0 0 0 0 0 0
72 176 0 0 176 0 0 0 0 0
fl=/build/glibc-FcXrgv/glibc-2.31/string/memmem.c
fn=memmem
55 60 2 1 12 0 0 42 0 0
59 24 6 1 0 0 0 6 0 0
61 18 0 0 0 0 0 0 0 0
65 18 0 0 0 0 0 12 0 0
68 12 0 0 0 0 0 0 0 0
70 12 0 0 0 0 0 0 0 0
75 18 0 0 18 0 0 0 0 0
79 18 0 0 0 0 0 12 0 0
84 6 0 0 0 0 0 0 0 0
85 6 0 0 0 0 0 0 0 0
87 30 3 1 0 0 0 0 0 0
88 54 0 0 0 0 0 0 0 0
89 60 0 0 24 1 0 12 0 0
92 42 6 1 18 0 0 0 0 0
93 6 0 0 0 0 0 6 0 0
95 30 4 1 12 0 0 0 0 0
100 12 0 0 0 0 0 0 0 0
101 60 6 1 36 0 0 0 0 0
103 36 0 0 0 0 0 0 0 0
107 6 0 0 0 0 0 0 0 0
108 12 0 0 0 0 0 0 0 0
119 6 0 0 0 0 0 0 0 0
126 60 6 1 54 0 0 0 0 0
fl=/build/glibc-FcXrgv/glibc-2.31/string/mempcpy.c
fn=mempcpy
34 292 36 8 0 0 0 219 0 0
35 73 0 0 0 0 0 0 0 0
36 292 32 8 219 0 0 0 0 0
fl=/build/glibc-FcXrgv/glibc-2.31/string/strcspn.c
fn=strcspn
32 4 0 0 0 0 0 3 1 1
33 2 0 0 1 1 1 0 0 0
34 2 1 1 1 0 0 0 0 0
39 5 0 0 0 0 0 8 1 1
40 4 0 0 0 0 0 8 0 0
41 4 1 1 0 0 0 8 1 1
42 4 0 0 0 0 0 8 1 1
44 3 0 0 2 0 0 0 0 0
47 10 0 0 0 0 0 3 0 0
48 3 0 0 0 0 0 0 0 0
51 4 0 0 2 0 0 0 0 0
52 4 1 1 2 0 0 0 0 0
53 4 0 0 2 0 0 0 0 0
54 4 0 0 2 0 0 0 0 0
56 2 0 0 0 0 0 0 0 0
62 32 1 1 32 0 0 0 0 0
63 16 0 0 16 0 0 0 0 0
64 32 0 0 32 0 0 0 0 0
65 16 0 0 16 0 0 0 0 0
67 112 0 0 32 0 0 0 0 0
69 1 0 0 0 0 0 0 0 0
70 5 0 0 0 0 0 0 0 0
71 3 0 0 3 0 0 0 0 0
fl=/build/glibc-FcXrgv/glibc-2.31/string/strdup.c
fn=strdup
40 56 5 3 0 0 0 56 0 0
41 28 0 0 0 0 0 0 0 0
42 28 6 1 0 0 0 0 0 0
44 14 4 1 0 0 0 0 0 0
47 42 0 0 0 0 0 0 0 0
48 28 0 0 56 0 0 0 0 0
fl=/build/glibc-FcXrgv/glibc-2.31/string/strerror.c
fn=strerror
30 64 32 8 0 0 0 64 0 0
31 48 0 0 0 0 0 0 0 0
34 16 0 0 0 0 0 0 0 0
43 48 0 0 64 0 0 0 0 0
fl=/build/glibc-FcXrgv/glibc-2.31/string/strncpy.c
fn=strncpy
28 1148 79 20 0 0 0 984 34 0
29 656 80 19 0 0 0 0 0 0
30 328 0 0 0 0 0 0 0 0
31 656 0 0 0 0 0 0 0 0
32 656 0 0 0 0 0 0 0 0
33 492 0 0 984 0 0 0 0 0
fl=/build/glibc-FcXrgv/glibc-2.31/string/strndup.c
fn=strndup
41 4 1 1 0 0 0 4 0 0
42 2 0 0 0 0 0 0 0 0
43 2 1 1 0 0 0 0 0 0
45 1 0 0 0 0 0 0 0 0
48 1 0 0 0 0 0 1 0 0
49 3 0 0 0 0 0 0 0 0
50 2 0 0 4 0 0 0 0 0
fl=/build/glibc-FcXrgv/glibc-2.31/string/strstr.c
fn=strstr
77 13 1 1 2 0 0 11 2 2
82 2 1 1 1 1 1 0 0 0
84 3 0 0 0 0 0 0 0 0
85 1 0 0 0 0 0 0 0 0
129 1 1 1 0 0 0 0 0 0
161 13 0 0 13 0 0 0 0 0
fl=/build/glibc-FcXrgv/glibc-2.31/termios/../sysdeps/unix/sysv/linux/tcgetattr.c
fn=tcgetattr
34 168 42 32 42 0 0 63 0 0
38 237 30 30 15 0 0 15 1 0
40 21 0 0 0 0 0 0 0 0
44 18 0 0 18 0 0 12 0 0
46 12 0 0 6 0 0 6 0 0
51 12 0 0 0 0 0 0 0 0
58 6 0 0 0 0 0 12 0 0
63 54 6 1 18 0 0 36 0 0
77 168 0 0 105 0 0 0 0 0
fl=/build/glibc-FcXrgv/glibc-2.31/time/../bits/byteswap.h
fn=__tzfile_read
52 30 1 1 18 0 0 0 0 0
73 472 1 1 236 0 0 0 0 0
fl=/build/glibc-FcXrgv/glibc-2.31/time/../include/alloc_buffer.h
fn=__tzfile_read
126 3 0 0 2 0 0 0 0 0
fl=/build/glibc-FcXrgv/glibc-2.31/time/../include/stdio.h
fn=__tzfile_read
255 156 3 3 87 1 1 25 0 0
fl=/build/glibc-FcXrgv/glibc-2.31/time/../sysdeps/unix/sysv/linux/clock_gettime.c
fn=clock_gettime@@GLIBC_2.17
31 20 4 4 0 0 0 16 0 0
38 44 2 2 8 4 4 0 0 0
73 12 0 0 16 0 0 0 0 0
fl=/build/glibc-FcXrgv/glibc-2.31/time/../time/time.c
fn=time
24 9 2 2 2 2 0 5 0 0
26 3 0 0 0 0 0 0 0 0
28 1 0 0 0 0 0 0 0 0
29 1 0 0 1 0 0 0 0 0
31 9 1 1 7 0 0 0 0 0
fl=/build/glibc-FcXrgv/glibc-2.31/time/localtime.c
fn=localtime_r
30 8 1 1 2 0 0 0 0 0
fl=/build/glibc-FcXrgv/glibc-2.31/time/offtime.c
fn=__offtime
30 10 0 0 0 0 0 12 0 0
34 14 1 1 0 0 0 0 0 0
35 6 1 1 0 0 0 0 0 0
37 4 0 0 0 0 0 0 0 0
42 8 2 1 0 0 0 0 0 0
47 16 0 0 0 0 0 2 0 0
48 8 0 0 0 0 0 0 0 0
49 16 1 1 0 0 0 2 0 0
50 10 0 0 0 0 0 2 0 0
52 34 0 0 0 0 0 2 0 0
55 6 0 0 0 0 0 0 0 0
60 60 3 2 0 0 0 0 0 0
63 30 1 1 0 0 0 0 0 0
66 6 0 0 0 0 0 0 0 0
67 89 5 5 0 0 0 0 0 0
68 83 0 0 0 0 0 0 0 0
69 3 0 0 0 0 0 0 0 0
71 4 0 0 0 0 0 2 0 0
72 6 0 0 0 0 0 0 0 0
78 2 1 1 0 0 0 2 0 0
79 15 1 1 0 0 0 0 0 0
80 33 0 0 7 2 2 0 0 0
82 2 0 0 0 0 0 0 0 0
83 2 0 0 0 0 0 4 0 0
84 2 0 0 0 0 0 0 0 0
85 2 0 0 0 0 0 0 0 0
86 16 1 1 12 0 0 0 0 0
fl=/build/glibc-FcXrgv/glibc-2.31/time/tzfile.c
fn=__tzfile_compute
582 14 1 1 0 0 0 14 0 0
585 2 0 0 0 0 0 0 0 0
587 6 2 1 2 0 0 4 0 0
588 2 0 0 0 0 0 4 0 0
590 22 2 1 6 0 0 4 0 0
620 8 0 0 2 0 0 0 0 0
657 2 0 0 0 0 0 0 0 0
664 18 1 1 0 0 0 4 0 0
665 4 0 0 0 0 0 0 0 0
667 10 0 0 0 0 0 2 0 0
668 8 0 0 2 0 0 0 0 0
670 12 0 0 2 0 0 0 0 0
673 8 1 1 2 0 0 0 0 0
707 2 0 0 2 0 0 0 0 0
708 22 2 2 14 0 0 2 0 0
710 8 0 0 4 0 0 0 0 0
713 6 1 1 4 0 0 0 0 0
716 10 0 0 4 0 0 0 0 0
718 10 0 0 4 0 0 2 0 0
720 10 1 1 6 0 0 0 0 0
727 6 0 0 4 0 0 0 0 0
730 8 0 0 8 0 0 0 0 0
733 2 0 0 0 0 0 0 0 0
734 14 1 1 6 0 0 2 0 0
735 8 0 0 2 0 0 2 0 0
737 2 0 0 0 0 0 0 0 0
744 6 0 0 4 0 0 0 0 0
747 4 0 0 2 0 0 2 0 0
748 18 1 1 8 0 0 0 0 0
749 2 0 0 0 0 0 4 0 0
750 10 0 0 14 0 0 0 0 0
754 8 1 1 2 0 0 2 0 0
755 2 0 0 0 0 0 2 0 0
758 2 0 0 0 0 0 0 0 0
760 4 0 0 0 0 0 0 0 0
769 2 1 1 0 0 0 0 0 0
780 8 0 0 12 0 0 0 0 0
fn=__tzfile_read
102 13 2 2 2 0 0 11 0 0
109 2 0 0 1 1 1 0 0 0
110 4 1 1 0 0 0 3 0 0
111 1 0 0 0 0 0 1 0 0
116 1 0 0 0 0 0 1 0 0
118 1 0 0 0 0 0 0 0 0
121 3 0 0 1 0 0 0 0 0
130 4 1 1 2 2 2 0 0 0
131 1 0 0 0 0 0 0 0 0
140 1 1 1 0 0 0 0 0 0
154 1 1 1 0 0 0 0 0 0
162 5 1 1 0 0 0 0 0 0
163 1 0 0 0 0 0 0 0 0
167 8 0 0 0 0 0 1 0 0
170 2 1 1 1 1 1 0 0 0
171 1 0 0 0 0 0 1 0 0
174 2 0 0 0 0 0 0 0 0
175 3 0 0 2 0 0 1 0 0
176 2 0 0 1 0 0 2 1 1
179 5 0 0 1 0 0 2 0 0
182 14 1 1 0 0 0 0 0 0
184 10 0 0 2 0 0 0 0 0
187 3 0 0 0 0 0 0 0 0
188 4 0 0 0 0 0 4 0 0
189 2 0 0 0 0 0 0 0 0
190 4 0 0 0 0 0 2 0 0
191 2 0 0 0 0 0 0 0 0
192 2 0 0 0 0 0 0 0 0
194 10 0 0 0 0 0 0 0 0
197 8 1 1 3 0 0 0 0 0
200 2 0 0 0 0 0 1 0 0
203 5 0 0 0 0 0 1 0 0
204 2 0 0 0 0 0 0 0 0
209 5 1 1 0 0 0 0 0 0
218 4 1 1 1 0 0 0 0 0
220 4 1 1 1 0 0 1 0 0
221 4 0 0 0 0 0 0 0 0
222 1 0 0 0 0 0 0 0 0
223 3 1 1 2 0 0 0 0 0
224 1 0 0 0 0 0 0 0 0
226 1 0 0 0 0 0 0 0 0
229 7 0 0 1 0 0 0 0 0
230 3 0 0 0 0 0 0 0 0
232 1 1 1 0 0 0 0 0 0
233 3 0 0 1 0 0 0 0 0
236 5 0 0 0 0 0 0 0 0
238 1 0 0 0 0 0 0 0 0
239 3 0 0 0 0 0 1 0 0
243 2 0 0 0 0 0 1 0 0
269 6 0 0 1 0 0 2 0 0
271 2 0 0 0 0 0 0 0 0
275 4 1 1 0 0 0 1 0 0
276 1 0 0 0 0 0 0 0 0
278 1 0 0 0 0 0 2 0 0
283 6 0 0 0 0 0 1 0 0
284 9 1 1 1 0 0 1 0 0
285 7 1 1 1 0 0 1 0 0
286 7 0 0 1 0 0 1 0 0
287 6 0 0 0 0 0 1 0 0
288 4 0 0 2 0 0 0 0 0
289 8 1 1 2 0 0 1 1 1
292 1 0 0 0 0 0 0 0 0
294 3 1 1 1 0 0 1 0 0
297 12 0 0 4 0 0 0 0 0
300 7 1 1 2 0 0 0 0 0
306 714 0 0 3 0 0 0 0 0
307 708 0 0 236 0 0 0 0 0
310 3 0 0 1 0 0 0 0 0
324 474 0 0 1 0 0 0 0 0
325 236 0 0 0 0 0 236 0 0
328 24 0 0 6 0 0 0 0 0
332 48 1 1 0 0 0 12 0 0
337 12 0 0 0 0 0 0 0 0
339 27 0 0 6 0 0 6 0 0
341 12 0 0 0 0 0 0 0 0
344 18 0 0 6 0 0 6 0 0
345 6 0 0 0 0 0 6 0 0
348 11 1 1 2 0 0 1 0 0
351 2 0 0 1 0 0 0 0 0
367 20 0 0 0 0 0 0 0 0
372 32 1 1 6 0 0 6 0 0
374 5 1 1 1 0 0 0 0 0
375 3 0 0 1 0 0 0 0 0
377 15 1 1 0 0 0 0 0 0
382 39 0 0 6 0 0 6 0 0
384 5 2 2 1 0 0 0 0 0
385 3 0 0 1 0 0 0 0 0
388 4 0 0 1 0 0 0 0 0
390 2 0 0 1 0 0 0 0 0
392 2 0 0 0 0 0 0 0 0
393 11 2 2 2 0 0 0 0 0
397 2 0 0 1 0 0 1 0 0
401 3 0 0 1 0 0 0 0 0
404 2 0 0 0 0 0 0 0 0
407 31 1 1 7 0 0 0 0 0
408 42 0 0 18 0 0 0 0 0
414 2 0 0 1 0 0 0 0 0
415 1 0 0 0 0 0 2 0 0
416 3 0 0 1 0 0 0 0 0
418 4 0 0 4 0 0 0 0 0
419 8 0 0 4 0 0 0 0 0
421 7 1 1 4 0 0 0 0 0
425 10 1 1 4 0 0 2 0 0
427 7 0 0 2 0 0 0 0 0
431 3 0 0 2 0 0 0 0 0
438 3 0 0 2 0 0 0 0 0
441 5 0 0 2 0 0 0 0 0
446 1 0 0 0 0 0 0 0 0
447 1 0 0 0 0 0 2 0 0
448 1 1 1 0 0 0 0 0 0
451 9 1 1 4 0 0 0 0 0
453 1 0 0 0 0 0 1 0 0
454 2 0 0 1 0 0 0 0 0
456 12 1 1 3 0 0 0 0 0
458 2 0 0 0 0 0 0 0 0
459 2 1 1 1 0 0 0 0 0
461 6 0 0 2 0 0 0 0 0
464 3 0 0 0 0 0 0 0 0
467 9 1 1 0 0 0 2 0 0
470 9 0 0 5 0 0 1 0 0
471 5 0 0 1 0 0 1 0 0
474 2 0 0 0 0 0 1 1 0
475 2 1 1 1 0 0 0 0 0
476 1 0 0 0 0 0 0 0 0
484 12 1 0 13 0 0 0 0 0
fl=/build/glibc-FcXrgv/glibc-2.31/time/tzset.c
fn=__tz_convert
568 26 4 2 4 0 0 18 0 0
572 14 1 1 0 0 0 0 0 0
577 12 0 0 0 0 0 0 0 0
579 6 0 0 2 0 0 0 0 0
580 12 1 1 0 0 0 0 0 0
592 14 0 0 0 0 0 0 0 0
594 2 0 0 0 0 0 0 0 0
596 4 0 0 2 0 0 0 0 0
603 12 2 1 2 0 0 0 0 0
604 10 0 0 4 0 0 2 0 0
609 2 0 0 0 0 0 0 0 0
610 22 2 1 22 0 0 0 0 0
fn=__tzstring
120 48 1 1 0 0 0 36 0 0
121 48 0 0 0 0 0 0 0 0
122 24 0 0 36 0 0 0 0 0
fn=__tzstring_len
83 84 1 1 0 0 0 84 0 0
89 78 0 0 33 1 0 0 0 0
90 84 1 1 28 0 0 0 0 0
92 106 0 0 0 0 0 0 0 0
93 140 0 0 0 0 0 0 0 0
98 15 1 1 0 0 0 0 0 0
99 5 0 0 0 0 0 0 0 0
103 5 0 0 0 0 0 10 0 0
104 25 2 2 0 0 0 0 0 0
105 10 0 0 0 0 0 5 0 0
108 4 0 0 0 0 0 4 0 0
110 1 0 0 0 0 0 1 0 0
113 72 0 0 84 0 0 0 0 0
fn=tzset_internal
368 8 2 1 0 0 0 12 0 0
372 16 0 0 2 0 0 0 0 0
374 2 1 1 0 0 0 1 0 0
377 4 0 0 0 0 0 0 0 0
378 1 0 0 0 0 0 0 0 0
397 1 0 0 0 0 0 1 0 0
398 1 0 0 0 0 0 1 1 1
401 2 1 1 1 1 1 0 0 0
402 6 0 0 0 0 0 1 0 0
405 4 0 0 0 0 0 0 0 0
406 4 2 1 1 0 0 0 0 0
424 8 1 1 12 0 0 0 0 0
fl=/build/glibc-FcXrgv/glibc-2.31/wcsmbs/./wcsmbsload.h
fn=wcsrtombs
70 10 0 0 5 3 0 0 0 0
72 4 1 1 0 0 0 0 0 0
74 3 0 0 1 0 0 0 0 0
76 1 0 0 0 0 0 0 0 0
fl=/build/glibc-FcXrgv/glibc-2.31/wcsmbs/mbsrtowcs.c
fn=mbsrtowcs
29 1458 16 5 324 0 0 0 0 0
fl=/build/glibc-FcXrgv/glibc-2.31/wcsmbs/mbsrtowcs_l.c
fn=__mbsrtowcs_l
42 2430 32 9 324 0 0 2106 23 3
52 162 0 0 0 0 0 162 0 0
53 324 0 0 0 0 0 162 0 0
54 162 0 0 0 0 0 162 0 0
57 162 0 0 162 15 5 0 0 0
60 162 0 0 162 16 5 0 0 0
61 162 0 0 162 1 0 0 0 0
63 324 0 0 162 15 4 0 0 0
68 324 0 0 162 0 0 0 0 0
72 17 0 0 0 0 0 17 0 0
73 119 31 10 0 0 0 0 0 0
75 51 0 0 34 0 0 17 0 0
76 34 0 0 0 0 0 17 0 0
78 17 0 0 0 0 0 0 0 0
79 68 0 0 0 0 0 17 0 0
82 17 0 0 0 0 0 17 0 0
84 187 16 4 0 0 0 0 0 0
87 51 0 0 17 0 0 0 0 0
89 34 15 4 0 0 0 0 0 0
91 34 0 0 0 0 0 0 0 0
94 34 0 0 17 0 0 0 0 0
96 136 0 0 0 0 0 0 0 0
104 145 0 0 0 0 0 145 0 0
108 290 16 5 0 0 0 290 0 0
112 725 0 0 0 0 0 0 0 0
116 580 16 5 0 0 0 0 0 0
118 1595 0 0 0 0 0 0 0 0
120 580 0 0 290 0 0 0 0 0
121 145 16 6 0 0 0 0 0 0
123 34 0 0 0 0 0 0 0 0
125 34 0 0 17 0 0 0 0 0
132 145 0 0 0 0 0 145 0 0
134 290 0 0 0 0 0 0 0 0
138 290 0 0 0 0 0 0 0 0
139 51 0 0 17 0 0 0 0 0
141 17 0 0 0 0 0 0 0 0
142 51 0 0 34 0 0 0 0 0
143 102 0 0 0 0 0 17 0 0
144 34 0 0 0 0 0 0 0 0
150 546 17 6 0 0 0 0 0 0
155 162 15 4 0 0 0 0 0 0
156 486 0 0 0 0 0 0 0 0
158 128 0 0 0 0 0 0 0 0
159 640 0 0 128 0 0 128 0 0
163 2268 1 1 2430 0 0 0 0 0
fl=/build/glibc-FcXrgv/glibc-2.31/wcsmbs/wcscat.c
fn=wcscat
28 35 1 1 0 0 0 28 0 0
29 28 1 0 0 0 0 0 0 0
31 28 0 0 28 0 0 0 0 0
fl=/build/glibc-FcXrgv/glibc-2.31/wcsmbs/wcschr.c
fn=wcschr
43 652 1 1 132 8 0 0 0 0
46 10 0 0 0 0 0 0 0 0
fl=/build/glibc-FcXrgv/glibc-2.31/wcsmbs/wcscmp.c
fn=wcscmp
30 1434 32 9 0 0 0 0 0 0
35 6429 0 0 6429 58 13 0 0 0
36 6429 0 0 6429 67 13 0 0 0
37 12858 0 0 0 0 0 0 0 0
38 357 0 0 0 0 0 0 0 0
40 12501 0 0 0 0 0 0 0 0
42 720 0 0 0 0 0 0 0 0
43 717 0 0 0 0 0 0 0 0
fl=/build/glibc-FcXrgv/glibc-2.31/wcsmbs/wcscpy.c
fn=wcscpy
30 35 2 1 0 0 0 28 0 0
32 49 0 0 0 0 0 0 0 0
50 14 0 0 28 0 0 0 0 0
fl=/build/glibc-FcXrgv/glibc-2.31/wcsmbs/wcslen.c
fn=wcslen
28 243 44 13 0 0 0 0 0 0
29 483 0 0 0 0 0 0 0 0
31 2782 0 0 1271 81 44 0 0 0
33 3534 45 17 1178 0 0 0 0 0
35 3615 0 0 1125 9 4 0 0 0
37 3441 0 0 1067 0 0 0 0 0
39 1157 0 0 0 0 0 0 0 0
43 243 0 0 0 0 0 0 0 0
fl=/build/glibc-FcXrgv/glibc-2.31/wcsmbs/wcsmbsload.c
fn=__wcsmbs_getfct
84 18 2 2 4 0 0 10 0 0
92 10 0 0 0 0 0 0 0 0
112 6 0 0 4 0 0 0 0 0
120 2 0 0 0 0 0 2 0 0
123 18 0 0 14 0 0 0 0 0
fn=__wcsmbs_load_conv
153 12 1 1 2 0 0 9 0 0
155 12 2 2 4 3 0 0 0 0
159 2 0 0 1 0 0 0 0 0
168 4 0 0 0 0 0 0 0 0
169 1 0 0 0 0 0 0 0 0
173 1 0 0 1 1 0 0 0 0
180 88 5 5 18 6 0 9 0 0
186 7 0 0 0 0 0 1 0 0
188 1 1 1 0 0 0 0 0 0
189 5 0 0 0 0 0 1 0 0
195 1 0 0 0 0 0 0 0 0
207 1 0 0 0 0 0 2 0 0
208 2 0 0 0 0 0 0 0 0
212 11 1 1 4 0 0 0 0 0
213 12 1 1 11 0 0 0 0 0
fl=/build/glibc-FcXrgv/glibc-2.31/wcsmbs/wcsmbsload.h
fn=__mbsrtowcs_l
70 324 0 0 162 15 5 0 0 0
72 528 2 2 0 0 0 0 0 0
73 396 0 0 0 0 0 0 0 0
fl=/build/glibc-FcXrgv/glibc-2.31/wcsmbs/wcsncpy.c
fn=wcsncpy
28 161 2 2 0 0 0 138 5 0
29 92 0 0 0 0 0 0 0 0
30 46 0 0 0 0 0 0 0 0
31 4 0 0 0 0 0 0 0 0
32 92 0 0 0 0 0 0 0 0
33 69 1 1 138 2 0 0 0 0
fl=/build/glibc-FcXrgv/glibc-2.31/wcsmbs/wcsnlen.c
fn=wcsnlen
28 135 2 2 0 0 0 108 0 0
29 81 0 0 0 0 0 0 0 0
31 81 0 0 0 0 0 0 0 0
33 108 0 0 108 0 0 0 0 0
fl=/build/glibc-FcXrgv/glibc-2.31/wcsmbs/wcsrchr.c
fn=wcsrchr
29 1 1 1 0 0 0 0 0 0
30 1 0 0 0 0 0 0 0 0
44 75 0 0 15 0 0 0 0 0
47 1 0 0 0 0 0 0 0 0
fl=/build/glibc-FcXrgv/glibc-2.31/wcsmbs/wcsrtombs.c
fn=wcsrtombs
39 75 6 4 10 0 0 65 5 0
48 5 0 0 0 0 0 5 0 0
49 10 0 0 0 0 0 5 0 0
50 25 0 0 0 0 0 5 1 0
53 25 0 0 15 5 0 0 0 0
56 5 0 0 5 1 0 0 0 0
57 5 0 0 5 3 1 0 0 0
59 10 0 0 5 2 1 0 0 0
64 10 4 2 5 0 0 0 0 0
68 6 1 0 1 0 0 1 0 0
69 1 0 0 0 0 0 1 0 0
72 6 1 1 2 0 0 1 0 0
73 2 0 0 0 0 0 1 0 0
75 1 0 0 0 0 0 0 0 0
76 4 0 0 0 0 0 1 0 0
80 1 0 0 0 0 0 1 0 0
82 11 1 1 0 0 0 0 0 0
87 3 0 0 1 0 0 0 0 0
89 2 0 0 0 0 0 0 0 0
91 2 0 0 0 0 0 0 0 0
94 2 0 0 1 0 0 0 0 0
96 1 0 0 0 0 0 0 0 0
104 28 0 0 4 0 0 4 0 0
108 8 0 0 0 0 0 8 0 0
110 44 3 2 0 0 0 0 0 0
115 8 0 0 4 0 0 0 0 0
119 8 0 0 0 0 0 0 0 0
120 8 0 0 4 0 0 0 0 0
122 8 0 0 0 0 0 0 0 0
123 12 4 2 8 0 0 0 0 0
124 4 0 0 0 0 0 4 0 0
125 8 0 0 0 0 0 0 0 0
137 20 1 1 0 0 0 0 0 0
144 70 7 4 75 0 0 0 0 0
fl=/build/glibc-FcXrgv/glibc-2.31/wcsmbs/wmemchr.c
fn=wmemchr
27 27 0 0 0 0 0 0 0 0
29 158 7 2 0 0 0 0 0 0
31 171 8 2 57 3 1 0 0 0
33 171 0 0 57 0 0 0 0 0
34 3 2 0 0 0 0 0 0 0
35 162 0 0 54 0 0 0 0 0
36 1 1 1 0 0 0 0 0 0
37 159 0 0 53 0 0 0 0 0
38 1 1 0 0 0 0 0 0 0
39 52 0 0 0 0 0 0 0 0
40 57 0 0 0 0 0 0 0 0
43 22 0 0 0 0 0 0 0 0
45 80 0 0 20 0 0 0 0 0
50 40 0 0 0 0 0 0 0 0
52 36 0 0 12 0 0 0 0 0
54 16 0 0 0 0 0 0 0 0
57 24 0 0 0 0 0 0 0 0
58 8 0 0 8 0 0 0 0 0
61 34 5 1 0 0 0 0 0 0
62 27 1 1 0 0 0 0 0 0
fl=/build/glibc-FcXrgv/glibc-2.31/wcsmbs/wmemcpy.c
fn=wmemcpy
26 60 6 1 0 0 0 0 0 0
fl=/build/glibc-FcXrgv/glibc-2.31/wcsmbs/wmemset.c
fn=wmemset
28 1 1 1 0 0 0 0 0 0
30 2052 1 1 0 0 0 0 0 0
33 1022 0 0 0 0 0 2044 256 238
35 1022 0 0 0 0 0 2044 0 0
36 1022 0 0 0 0 0 0 0 0
37 1022 0 0 0 0 0 0 0 0
40 1 0 0 0 0 0 0 0 0
54 1 0 0 0 0 0 0 0 0
fl=???
fn=???
0 18078387 188963 37565 5067116 414069 184260 2693069 30888 12000
fn=PyArg_ParseTuple
0 6464 455 36 1010 60 0 4242 396 16
fn=PyArg_ParseTupleAndKeywords
0 4486 387 101 564 59 0 2660 80 0
fn=PyArg_UnpackTuple
0 7654 623 167 1267 25 0 3804 19 2
fn=PyAsyncGen_ClearFreeLists
0 80 11 10 36 8 6 20 0 0
fn=PyAsyncGen_New
0 15 1 1 2 0 0 5 0 0
fn=PyBool_FromLong
0 560 85 36 80 44 0 80 0 0
fn=PyBuffer_IsContiguous
0 180 15 15 45 0 0 0 0 0
fn=PyBuffer_Release
0 345 30 30 135 42 7 90 0 0
fn=PyBytes_Fini
0 906 7 7 265 37 37 12 0 0
fn=PyBytes_FromString
0 924 84 15 168 0 0 224 7 1
fn=PyBytes_FromStringAndSize
0 119234 1028 227 28808 1486 140 28510 1604 1339
fn=PyCFunction_Call
0 12892 1119 124 5366 271 100 2880 5 0
fn=PyCFunction_ClearFreeList
0 18061 35 35 5179 594 467 2626 2 2
fn=PyCFunction_NewEx
0 11047 829 66 2610 188 9 3374 20 4
fn=PyCallable_Check
0 54 2 2 18 1 0 0 0 0
fn=PyCell_Set
0 68 8 4 20 1 0 16 0 0
fn=PyCode_NewWithPosOnlyArgs
0 479027 2356 754 126994 6734 302 40232 1978 1878
fn=PyCodec_LookupError
0 138 4 3 54 7 6 30 0 0
fn=PyCodec_Register
0 17 2 2 6 1 1 4 0 0
fn=PyCodec_RegisterError
0 160 2 2 56 0 0 40 0 0
fn=PyConfig_Clear
0 350 24 19 105 11 11 110 1 1
fn=PyConfig_InitPythonConfig
0 46 6 3 12 6 2 20 0 0
fn=PyConfig_Read
0 553 43 41 139 9 4 88 3 1
fn=PyConfig_SetBytesArgv
0 11 1 1 2 0 0 6 0 0
fn=PyConfig_SetString
0 974 7 3 287 0 0 410 1 0
fn=PyContext_ClearFreeList
0 48 4 4 24 4 4 16 0 0
fn=PyCoro_New
0 22 2 2 6 0 0 5 0 0
fn=PyDescr_NewClassMethod
0 168 18 2 48 0 0 48 0 0
fn=PyDict_Clear
0 14323 12 11 3926 1592 594 1818 2 0
fn=PyDict_ClearFreeList
0 7042 40 40 1762 292 179 923 3 1
fn=PyDict_Contains
0 4830 281 117 1503 123 12 780 0 0
fn=PyDict_Copy
0 49537 1454 261 15245 4038 653 8924 174 91
fn=PyDict_DelItem
0 254 30 10 77 0 0 47 0 0
fn=PyDict_DelItemString
0 44 6 6 10 0 0 10 0 0
fn=PyDict_GetItem
0 58450 2059 212 20110 1158 94 10765 7 0
fn=PyDict_GetItemString
0 240 15 7 56 0 0 40 0 0
fn=PyDict_GetItemWithError
0 7957 294 70 3054 64 29 1228 0 0
fn=PyDict_Keys
0 8040 34 34 2550 969 775 1446 34 0
fn=PyDict_New
0 14022 1463 105 3794 542 6 5114 104 4
fn=PyDict_Next
0 1146 6 6 318 17 16 102 0 0
fn=PyDict_SetDefault
0 748426 3333 532 223282 12029 5969 110065 1430 872
fn=PyDict_SetItem
0 425849 4783 592 134623 3456 597 83742 767 134
fn=PyDict_SetItemString
0 66558 846 222 19266 369 144 10555 97 11
fn=PyDict_Update
0 8 4 3 0 0 0 0 0 0
fn=PyErr_Clear
0 19523 866 55 8890 170 6 7282 3 0
fn=PyErr_ExceptionMatches
0 1191 89 26 508 15 12 174 2 0
fn=PyErr_Fetch
0 276 43 19 92 10 0 138 3 1
fn=PyErr_Format
0 31680 1016 157 11550 377 98 14520 155 40
fn=PyErr_GivenExceptionMatches
0 9393 762 81 3899 188 76 1221 0 0
fn=PyErr_NewException
0 84 8 8 17 6 2 13 0 0
fn=PyErr_Occurred
0 2202 244 28 734 34 9 0 0 0
fn=PyErr_Restore
0 704 56 22 288 10 1 256 0 0
fn=PyErr_SetFromErrno
0 9 3 1 0 0 0 0 0 0
fn=PyErr_SetFromErrnoWithFilenameObject
0 24 12 3 0 0 0 0 0 0
fn=PyErr_SetFromErrnoWithFilenameObjects
0 936 90 21 210 1 0 165 0 0
fn=PyErr_SetImportError
0 8 2 2 1 1 1 0 0 0
fn=PyErr_SetImportErrorSubclass
0 65 5 5 13 0 0 10 0 0
fn=PyErr_SetNone
0 18 3 1 3 0 0 0 0 0
fn=PyErr_SetObject
0 112 32 6 16 1 0 0 0 0
fn=PyErr_SetString
0 132 10 10 48 6 5 28 0 0
fn=PyEval_CallObjectWithKeywords
0 9 1 1 4 1 0 2 0 0
fn=PyEval_EvalCode
0 306 53 47 36 18 11 162 0 0
fn=PyEval_GetBuiltins
0 272 36 36 109 18 18 54 0 0
fn=PyEval_GetGlobals
0 144 10 6 60 7 0 24 0 0
fn=PyEval_InitThreads
0 22 3 3 4 0 0 3 0 0
fn=PyEval_RestoreThread
0 6960 302 69 1740 71 1 1276 3 0
fn=PyEval_SaveThread
0 4292 184 42 1044 48 3 1044 6 0
fn=PyException_SetCause
0 12 4 2 2 0 0 4 0 0
fn=PyFile_NewStdPrinter
0 22 2 2 5 0 0 4 0 0
fn=PyFile_OpenCodeObject
0 510 75 45 120 30 0 75 0 0
fn=PyFloat_ClearFreeList
0 120 8 7 44 16 16 32 0 0
fn=PyFloat_FromDouble
0 108 6 6 28 4 4 28 0 0
fn=PyFloat_GetInfo
0 50 4 4 3 0 0 14 0 0
fn=PyFrame_ClearFreeList
0 118 7 7 46 10 7 32 0 0
fn=PyFrame_FastToLocalsWithError
0 136 12 12 84 17 7 40 0 0
fn=PyFrame_LocalsToFast
0 232 20 20 132 20 0 80 0 0
fn=PyFrozenSet_New
0 132 33 5 0 0 0 0 0 0
fn=PyFunction_NewWithQualName
0 138688 3505 261 43437 5554 1832 37481 1731 1301
fn=PyGC_Collect
0 26 2 2 9 3 3 6 0 0
fn=PyGrammar_RemoveAccelerators
0 4051 4 4 641 339 336 456 0 0
fn=PyImport_AddModule
0 40 5 5 10 0 0 10 0 0
fn=PyImport_Cleanup
0 2242 19 17 560 161 96 116 2 0
fn=PyImport_GetImporter
0 85 10 6 13 3 0 11 0 0
fn=PyImport_GetModule
0 139 14 13 48 7 3 20 1 1
fn=PyImport_GetModuleDict
0 203 28 12 87 37 3 0 0 0
fn=PyImport_Import
0 2966 265 198 921 102 19 378 1 0
fn=PyImport_ImportFrozenModule
0 16 3 3 5 0 0 5 0 0
fn=PyImport_ImportFrozenModuleObject
0 48 6 4 11 3 2 8 0 0
fn=PyImport_ImportModule
0 420 69 42 120 2 1 120 0 0
fn=PyImport_ImportModuleLevel
0 270 27 11 72 2 0 72 0 0
fn=PyImport_ImportModuleLevelObject
0 19338 1409 793 5163 859 209 2114 0 0
fn=PyInit__abc
0 16 2 2 3 0 0 4 0 0
fn=PyInit__codecs
0 5 1 1 0 0 0 0 0 0
fn=PyInit__imp
0 35 4 3 7 1 1 6 0 0
fn=PyInit__io
0 471 42 31 54 11 8 62 11 8
fn=PyInit__signal
0 1467 35 25 208 5 3 211 19 17
fn=PyInit__stat
0 319 25 21 3 0 0 3 0 0
fn=PyInit__thread
0 112 10 7 15 7 2 16 4 1
fn=PyInit__weakref
0 51 5 4 9 3 2 9 0 0
fn=PyInit_posix
0 2100 84 66 130 19 10 97 12 3
fn=PyInit_time
0 74 9 6 8 2 1 8 0 0
fn=PyInterpreterState_Clear
0 6 1 1 0 0 0 0 0 0
fn=PyInterpreterState_Delete
0 40 3 3 14 2 0 6 0 0
fn=PyInterpreterState_New
0 50 4 4 9 0 0 15 0 0
fn=PyIter_Next
0 824 46 8 354 0 0 148 0 0
fn=PyList_Append
0 125173 1093 127 45442 203 12 34995 378 248
fn=PyList_AsTuple
0 2649 251 145 913 57 18 691 7 2
fn=PyList_ClearFreeList
0 258 7 7 90 9 5 51 0 0
fn=PyList_GetItem
0 36 3 2 21 5 1 6 0 0
fn=PyList_Insert
0 8 2 2 4 4 1 0 0 0
fn=PyList_New
0 13239 960 81 3610 645 39 4714 277 31
fn=PyList_SetItem
0 300 45 29 120 6 1 60 0 0
fn=PyList_SetSlice
0 4 1 1 2 1 0 0 0 0
fn=PyList_Size
0 15 3 3 9 6 2 0 0 0
fn=PyList_Sort
0 476 56 10 140 26 1 84 0 0
fn=PyLong_AsLong
0 621 33 25 273 18 16 144 0 0
fn=PyLong_AsLongAndOverflow
0 500 50 38 150 8 0 100 17 0
fn=PyLong_AsSsize_t
0 612 102 43 306 0 0 102 0 0
fn=PyLong_AsUnsignedLong
0 30 4 2 12 0 0 4 0 0
fn=PyLong_Fini
0 17 2 2 4 0 0 4 0 0
fn=PyLong_FromLong
0 24313 1113 248 6529 613 119 6323 118 44
fn=PyLong_FromLongLong
0 1068 40 12 282 33 2 290 0 0
fn=PyLong_FromSize_t
0 128 64 11 0 0 0 0 0 0
fn=PyLong_FromUnsignedLong
0 9412 902 100 1950 288 2 2590 32 5
fn=PyLong_GetInfo
0 20 2 2 3 0 0 5 0 0
fn=PyMapping_Check
0 136 17 17 51 34 7 0 0 0
fn=PyMapping_Items
0 320 64 12 32 0 0 0 0 0
fn=PyMapping_Keys
0 21 6 6 3 0 0 0 0 0
fn=PyMapping_SetItemString
0 25 3 3 6 0 0 6 0 0
fn=PyMarshal_Init
0 19 3 2 3 0 0 3 0 0
fn=PyMarshal_ReadObjectFromString
0 87 9 8 18 4 0 33 0 0
fn=PyMem_Calloc
0 5047 434 201 1435 231 36 1009 16 9
fn=PyMem_Free
0 13510 604 105 3784 500 82 2513 52 11
fn=PyMem_GetAllocator
0 170 12 9 85 6 3 85 0 0
fn=PyMem_Malloc
0 12910 844 158 4064 595 59 3004 196 82
fn=PyMem_RawFree
0 2637 8 6 293 6 0 0 0 0
fn=PyMem_RawMalloc
0 3224 29 2 806 53 0 0 0 0
fn=PyMem_RawRealloc
0 486 67 9 108 22 0 0 0 0
fn=PyMem_Realloc
0 28916 1744 309 9175 1116 51 5771 101 33
fn=PyMem_SetAllocator
0 340 5 4 170 2 0 170 1 0
fn=PyMember_SetOne
0 819 52 18 306 21 5 210 0 0
fn=PyMethod_ClearFreeList
0 144 11 11 52 9 6 36 2 2
fn=PyModuleDef_Init
0 323 30 20 89 29 24 116 5 5
fn=PyModule_AddFunctions
0 345 17 10 90 7 0 90 0 0
fn=PyModule_AddIntConstant
0 40540 163 99 10220 119 38 5811 58 0
fn=PyModule_AddObject
0 1334 51 12 368 14 0 276 3 0
fn=PyModule_Create2
0 169 26 21 65 1 0 52 0 0
fn=PyModule_ExecDef
0 234 28 22 88 16 0 62 0 0
fn=PyModule_GetDef
0 650 23 11 250 4 0 150 6 0
fn=PyModule_GetDict
0 481 37 20 185 3 3 111 0 0
fn=PyModule_GetFilenameObject
0 25 2 2 6 0 0 3 0 0
fn=PyModule_GetName
0 168 12 9 48 0 0 48 1 0
fn=PyModule_GetNameObject
0 675 80 42 216 10 0 108 2 0
fn=PyModule_GetState
0 273 18 14 105 10 7 63 0 0
fn=PyModule_New
0 240 15 10 75 1 0 75 0 0
fn=PyModule_NewObject
0 442 49 40 68 0 0 119 0 0
fn=PyModule_SetDocString
0 322 36 17 70 0 0 70 0 0
fn=PyNumber_Add
0 978 77 32 437 70 4 288 0 0
fn=PyNumber_AsOff_t
0 525 60 51 180 2 0 120 0 0
fn=PyNumber_AsSsize_t
0 3480 133 65 1560 17 2 960 8 1
fn=PyNumber_Check
0 219 33 31 84 28 16 0 0 0
fn=PyNumber_InPlaceAdd
0 1023 93 62 403 89 26 248 0 0
fn=PyNumber_Index
0 285 38 33 114 0 0 76 0 0
fn=PyNumber_Multiply
0 885 88 9 360 62 7 135 0 0
fn=PyOS_FSPath
0 120 15 0 45 0 0 15 0 0
fn=PyOS_getsig
0 642 2 1 190 0 0 128 0 0
fn=PyOS_setsig
0 72 5 5 16 0 0 20 0 0
fn=PyOS_snprintf
0 90 4 4 16 0 0 70 1 0
fn=PyObject_Call
0 3831 444 166 1396 66 8 835 0 0
fn=PyObject_CallFunction
0 2874 320 218 733 57 40 1162 27 0
fn=PyObject_CallFunctionObjArgs
0 2945 285 42 570 35 0 2470 42 0
fn=PyObject_CallMethod
0 1171 100 23 225 4 3 675 7 0
fn=PyObject_CallMethodObjArgs
0 17520 493 255 5487 486 315 4896 57 3
fn=PyObject_ClearWeakRefs
0 1056 46 9 528 34 11 264 0 0
fn=PyObject_DelItem
0 2162 223 102 599 43 4 280 0 0
fn=PyObject_Dir
0 43 5 4 10 3 0 6 0 0
fn=PyObject_Format
0 42 3 3 14 0 0 12 0 0
fn=PyObject_Free
0 42449 856 150 11352 1256 289 7179 157 69
fn=PyObject_GC_Del
0 21606 793 112 4865 494 105 2359 2 0
fn=PyObject_GC_Track
0 252 36 24 72 4 0 72 3 0
fn=PyObject_GC_UnTrack
0 377 21 11 116 16 4 116 17 5
fn=PyObject_GenericGetAttr
0 8564 607 205 3332 441 76 1455 46 2
fn=PyObject_GenericGetDict
0 560 14 7 180 7 0 140 0 0
fn=PyObject_GetAttr
0 238766 3957 305 90980 9062 2002 41981 387 65
fn=PyObject_GetAttrString
0 1392 96 27 336 36 7 240 6 0
fn=PyObject_GetBuffer
0 105 15 12 45 26 14 0 0 0
fn=PyObject_GetItem
0 14630 461 49 5390 577 134 3080 1 0
fn=PyObject_GetIter
0 9980 626 38 3493 671 123 1497 17 1
fn=PyObject_Hash
0 3710 358 48 2226 118 3 1484 4 0
fn=PyObject_IsSubclass
0 3783 310 34 1008 50 1 705 25 1
fn=PyObject_IsTrue
0 21922 1674 83 4288 813 121 1244 5 2
fn=PyObject_LengthHint
0 3849 285 63 1270 331 76 466 4 4
fn=PyObject_Malloc
0 66874 2181 155 20556 2140 138 15761 595 465
fn=PyObject_Realloc
0 570 82 82 193 30 16 90 0 0
fn=PyObject_Repr
0 264 15 13 104 9 2 40 0 0
fn=PyObject_RichCompare
0 58549 2470 210 21540 361 85 13939 72 26
fn=PyObject_RichCompareBool
0 19 3 3 8 0 0 8 0 0
fn=PyObject_SelfIter
0 408 92 42 102 0 0 102 0 0
fn=PyObject_SetAttr
0 225858 5368 909 73791 4029 1312 32614 247 65
fn=PyObject_SetAttrString
0 27 3 3 8 0 0 6 0 0
fn=PyObject_SetItem
0 3363 217 56 1239 172 33 708 0 0
fn=PyObject_Size
0 9 1 1 3 0 0 0 0 0
fn=PyObject_Str
0 144 5 5 50 2 1 18 0 0
fn=PyObject_Type
0 12 2 2 4 0 0 2 0 0
fn=PyPreConfig_InitPythonConfig
0 24 2 1 6 2 1 10 0 0
fn=PySequence_Fast
0 20 2 2 6 0 0 5 0 0
fn=PySequence_List
0 11540 615 104 2925 450 0 2510 103 42
fn=PySequence_Tuple
0 7268 715 69 2371 12 1 2237 0 0
fn=PySet_Add
0 6611 355 43 2101 118 2 1557 0 0
fn=PySet_Clear
0 130 10 2 40 6 0 30 0 0
fn=PySet_Contains
0 1061 105 23 377 33 0 230 0 0
fn=PySet_Fini
0 5 2 2 1 1 0 0 0 0
fn=PySet_New
0 3987 172 60 1135 169 18 1076 40 32
fn=PySet_Size
0 180 20 4 70 0 0 50 0 0
fn=PySlice_AdjustIndices
0 1856 172 52 237 0 0 52 0 0
fn=PySlice_Fini
0 5 0 0 1 1 0 1 0 0
fn=PySlice_New
0 6582 253 67 1837 149 47 2448 74 17
fn=PySlice_Unpack
0 5438 464 150 2214 141 9 1440 0 0
fn=PyStaticMethod_New
0 80 10 6 20 0 0 25 0 0
fn=PyStructSequence_InitType2
0 1335 74 27 261 76 42 209 48 47
fn=PyStructSequence_New
0 15677 1459 287 4836 1181 293 1894 185 67
fn=PyStructSequence_NewType
0 1043 58 8 174 31 17 210 6 0
fn=PySys_Audit
0 28008 592 103 8551 744 48 15574 157 8
fn=PySys_GetObject
0 12684 343 265 3985 338 170 1445 6 5
fn=PySys_SetObject
0 90 8 4 36 7 0 18 0 0
fn=PyThreadState_Clear
0 43 3 3 20 6 3 8 0 0
fn=PyThreadState_New
0 2 1 1 0 0 0 0 0 0
fn=PyThreadState_Swap
0 12 2 2 2 1 0 2 0 0
fn=PyThread_GetInfo
0 47 5 4 5 1 1 7 0 0
fn=PyThread_acquire_lock
0 1113 115 60 240 0 0 240 0 0
fn=PyThread_allocate_lock
0 532 44 40 144 20 1 73 0 0
fn=PyThread_free_lock
0 368 21 18 115 3 2 69 0 0
fn=PyThread_get_thread_ident
0 530 18 17 212 6 1 159 0 0
fn=PyThread_init_thread
0 8 2 2 2 1 0 0 0 0
fn=PyThread_release_lock
0 360 18 18 120 0 0 120 0 0
fn=PyThread_tss_create
0 15 1 1 4 0 0 4 0 0
fn=PyThread_tss_delete
0 12 1 1 5 1 1 4 0 0
fn=PyThread_tss_get
0 2 1 1 1 0 0 0 0 0
fn=PyThread_tss_set
0 8 0 0 3 0 0 2 0 0
fn=PyTraceBack_Here
0 22341 842 283 6967 693 196 3814 64 13
fn=PyTuple_ClearFreeList
0 49270 36 36 12374 2626 1387 6268 20 9
fn=PyTuple_Fini
0 9 1 1 2 2 1 2 0 0
fn=PyTuple_GetSlice
0 252 24 11 36 0 0 0 0 0
fn=PyTuple_New
0 136902 3532 135 36254 3265 350 34512 568 286
fn=PyTuple_Pack
0 28393 2120 240 6710 409 39 9749 55 3
fn=PyTuple_Size
0 70 7 3 42 0 0 0 0 0
fn=PyType_ClearCache
0 50579 3 3 9137 1757 1546 16391 514 513
fn=PyType_FromSpecWithBases
0 2182 65 11 486 14 1 231 0 0
fn=PyType_GenericAlloc
0 212902 2485 259 64236 1797 171 53186 1724 1681
fn=PyType_GenericNew
0 20850 1244 244 6033 373 78 4719 165 146
fn=PyType_IsSubtype
0 3025 262 86 658 101 16 0 0 0
fn=PyType_Modified
0 105 70 8 35 3 1 0 0 0
fn=PyType_Ready
0 761270 13527 1740 226891 23643 3410 27165 107 0
fn=PyUnicode_AsEncodedString
0 2208 96 56 512 59 0 192 7 0
fn=PyUnicode_AsUTF8
0 70 33 11 0 0 0 0 0 0
fn=PyUnicode_AsUTF8AndSize
0 5241 412 63 2169 62 24 1401 16 0
fn=PyUnicode_AsWideCharString
0 1028 90 14 330 7 0 238 15 6
fn=PyUnicode_Compare
0 933 75 43 405 17 0 135 0 0
fn=PyUnicode_Contains
0 82 8 8 23 0 0 9 0 0
fn=PyUnicode_DecodeASCII
0 2549 7 7 520 0 0 768 0 0
fn=PyUnicode_DecodeFSDefaultAndSize
0 32 3 3 9 3 3 5 0 0
fn=PyUnicode_DecodeLocale
0 270 30 9 75 0 0 75 0 0
fn=PyUnicode_DecodeUTF8
0 2 1 1 0 0 0 0 0 0
fn=PyUnicode_FSConverter
0 661 62 53 240 30 0 120 0 0
fn=PyUnicode_FindChar
0 3534 358 83 648 0 0 432 51 13
fn=PyUnicode_FromFormat
0 58 2 2 12 0 0 52 0 0
fn=PyUnicode_FromFormatV
0 222499 4906 1042 56415 1239 148 17396 449 75
fn=PyUnicode_FromString
0 3984 424 45 996 0 0 996 3 0
fn=PyUnicode_FromStringAndSize
0 40 8 2 0 0 0 0 0 0
fn=PyUnicode_FromWideChar
0 7116 231 87 1329 2 0 542 0 0
fn=PyUnicode_InternFromString
0 33870 355 41 8046 435 27 4267 10 0
fn=PyUnicode_InternInPlace
0 126726 595 119 41640 1833 846 23184 40 4
fn=PyUnicode_IsIdentifier
0 153 5 5 39 5 5 3 0 0
fn=PyUnicode_New
0 50557 803 311 12450 391 14 13490 621 462
fn=PyUnicode_RichCompare
0 109662 606 118 36504 1166 333 13030 15 8
fn=PyUnicode_Substring
0 3310 165 80 740 0 0 445 2 2
fn=PyVectorcall_Call
0 1806 172 81 731 85 43 430 26 2
fn=PyWeakref_GetObject
0 323 15 7 133 8 0 76 0 0
fn=PyWeakref_NewRef
0 52758 2557 258 15937 1269 114 14328 514 420
fn=PyWideStringList_Append
0 21 1 1 9 0 0 6 0 0
fn=PyWideStringList_Insert
0 123 3 3 36 0 0 48 0 0
fn=Py_BuildValue
0 780 78 28 156 0 0 676 0 0
fn=Py_BytesMain
0 11 2 2 2 1 1 6 0 0
fn=Py_DecodeLocale
0 160 6 2 40 0 0 30 0 0
fn=Py_FinalizeEx
0 87 10 9 15 6 3 10 1 0
fn=Py_GetBuildInfo
0 24 2 2 3 0 0 3 0 0
fn=Py_GetVersion
0 21 2 2 3 0 0 3 0 0
fn=Py_InitializeFromConfig
0 187 25 16 38 5 3 27 4 3
fn=Py_RunMain
0 146 18 15 40 10 5 19 2 0
fn=_PyArg_CheckPositional
0 26 4 2 4 0 0 4 0 0
fn=_PyArg_Fini
0 13 2 2 5 1 1 5 0 0
fn=_PyArg_ParseTupleAndKeywords_SizeT
0 1892 173 56 256 26 0 1102 21 0
fn=_PyArg_ParseTuple_SizeT
0 5184 251 42 810 58 0 3402 133 4
fn=_PyArg_UnpackStack
0 102 8 4 16 0 0 46 0 0
fn=_PyArgv_AsWstrList
0 124 8 4 44 4 0 40 0 0
fn=_PyBuiltin_Init
0 267 21 18 12 2 0 9 1 0
fn=_PyBuiltins_AddExceptions
0 476 30 30 79 39 35 15 3 1
fn=_PyBytes_Resize
0 630 60 50 195 1 0 180 0 0
fn=_PyCodecInfo_GetIncrementalDecoder
0 3 1 1 0 0 0 0 0 0
fn=_PyCodecInfo_GetIncrementalEncoder
0 6 2 0 0 0 0 0 0 0
fn=_PyCodec_Lookup
0 1253 80 45 356 66 19 174 1 1
fn=_PyCodec_LookupTextEncoding
0 105 12 4 24 0 0 18 0 0
fn=_PyConfig_Copy
0 372 24 12 116 1 0 52 0 0
fn=_PyConfig_InitCompatConfig
0 78 2 1 15 2 1 33 0 0
fn=_PyConfig_InitPathConfig
0 199 11 10 45 2 0 39 3 0
fn=_PyConfig_SetPyArgv
0 19 2 2 6 0 0 5 0 0
fn=_PyConfig_Write
0 188 7 7 44 1 0 42 4 2
fn=_PyConfig_WritePathConfig
0 8 1 1 2 0 0 2 0 0
fn=_PyContext_Fini
0 14 2 2 4 2 1 4 0 0
fn=_PyContext_Init
0 39 7 4 6 1 0 5 0 0
fn=_PyDictView_New
0 116 5 2 36 0 0 36 2 0
fn=_PyDict_DelItemId
0 156 13 3 39 0 0 39 0 0
fn=_PyDict_DelItem_KnownHash
0 125456 1516 289 35233 418 13 23166 15 1
fn=_PyDict_GetItemId
0 458 64 34 186 35 21 152 8 1
fn=_PyDict_GetItemIdWithError
0 48917 1625 80 20788 3557 278 7264 97 7
fn=_PyDict_GetItemStringWithError
0 216 5 4 63 6 0 45 0 0
fn=_PyDict_LoadGlobal
0 339801 4212 79 107161 11666 2698 64156 1452 161
fn=_PyDict_NewPresized
0 1923 132 51 504 93 7 657 18 0
fn=_PyDict_SetItemId
0 45590 1697 378 15244 504 126 9072 55 17
fn=_PyErr_ChainExceptions
0 126 18 16 36 0 0 90 0 0
fn=_PyErr_Clear
0 20 5 4 0 0 0 0 0 0
fn=_PyErr_ExceptionMatches
0 12 4 4 4 0 0 0 0 0
fn=_PyErr_Format
0 116 12 2 24 0 0 96 0 0
fn=_PyErr_Init
0 18 3 2 4 1 1 7 2 1
fn=_PyErr_NormalizeException
0 4082 341 136 1726 6 0 1286 3 0
fn=_PyErr_Restore
0 548 66 27 246 5 0 242 2 0
fn=_PyErr_SetObject
0 7637 774 194 3024 340 112 1788 2 0
fn=_PyEval_EvalCodeWithName
0 208124 11006 1290 69411 7657 2351 45363 1753 682
fn=_PyEval_EvalFrameDefault
0 2437992 53837 4566 927802 48503 11483 296740 7873 1473
fn=_PyEval_FiniThreads
0 10 2 2 5 1 1 4 0 0
fn=_PyEval_Initialize
0 9 2 2 0 0 0 4 1 1
fn=_PyEval_SliceIndex
0 41 3 3 17 4 0 10 0 0
fn=_PyExc_Fini
0 131 2 2 70 19 19 21 0 0
fn=_PyExc_Init
0 1236 101 61 305 123 94 127 6 0
fn=_PyFaulthandler_Fini
0 43 4 4 13 1 1 10 1 0
fn=_PyFaulthandler_Init
0 41 4 4 8 0 0 17 2 2
fn=_PyFloat_Init
0 37 4 3 6 1 1 8 1 1
fn=_PyFunction_Vectorcall
0 175988 8461 528 64802 7843 3092 53870 2452 1470
fn=_PyGC_CollectIfEnabled
0 1 1 1 0 0 0 0 0 0
fn=_PyGC_CollectNoFail
0 34 6 6 8 4 3 10 0 0
fn=_PyGC_DumpShutdownStats
0 14 2 2 7 2 0 4 0 0
fn=_PyGC_Fini
0 17 2 2 6 3 1 5 0 0
fn=_PyGC_Initialize
0 24 2 2 0 0 0 10 0 0
fn=_PyGILState_Fini
0 10 2 2 3 0 0 4 0 0
fn=_PyGILState_Init
0 17 1 1 5 0 0 6 0 0
fn=_PyGen_Finalize
0 535 106 28 282 0 0 214 0 0
fn=_PyGen_yf
0 33 3 3 15 0 0 0 0 0
fn=_PyHamt_Fini
0 12 1 1 5 0 0 3 0 0
fn=_PyHamt_Init
0 34 9 3 4 1 0 4 0 0
fn=_PyIOBase_check_readable
0 384 32 32 96 16 12 80 0 0
fn=_PyIOBase_check_writable
0 48 4 2 12 2 0 10 0 0
fn=_PyIOBase_finalize
0 1053 36 29 468 16 3 273 3 0
fn=_PyImportHooks_Init
0 51 4 4 8 0 0 12 0 0
fn=_PyImportZip_Init
0 48 5 5 10 2 1 13 2 2
fn=_PyImport_AddModuleObject
0 156 17 11 35 6 3 27 0 0
fn=_PyImport_FindExtensionObjectEx
0 499 41 28 138 19 4 104 0 0
fn=_PyImport_Fini
0 20 2 2 6 3 3 6 0 0
fn=_PyImport_Fini2
0 16 0 0 4 1 1 4 0 0
fn=_PyImport_FixupBuiltin
0 50 6 3 12 1 0 12 0 0
fn=_PyImport_FixupExtensionObject
0 811 65 46 179 22 3 128 5 0
fn=_PyImport_GetModuleId
0 6 1 1 2 0 0 2 0 0
fn=_PyImport_Init
0 14 2 2 5 2 0 9 3 1
fn=_PyImport_SetModuleString
0 11 1 1 4 0 0 4 0 0
fn=_PyInterpreterState_Enable
0 12 2 2 4 0 0 8 1 0
fn=_PyInterpreterState_Get
0 280 39 28 112 3 1 56 0 0
fn=_PyLong_AsByteArray
0 85 11 11 4 0 0 4 0 0
fn=_PyLong_AsInt
0 2722 225 65 1020 34 1 560 0 0
fn=_PyLong_FromNbIndexOrNbInt
0 420 30 30 165 15 0 75 8 0
fn=_PyLong_FromNbInt
0 330 30 30 120 0 0 60 0 0
fn=_PyLong_FromUid
0 16 2 2 0 0 0 0 0 0
fn=_PyLong_Init
0 4267 8 7 541 133 132 1060 1 1
fn=_PyLong_New
0 15834 358 159 4550 71 10 3766 30 8
fn=_PyMem_RawStrdup
0 115 6 3 35 1 0 25 0 0
fn=_PyMem_RawWcsdup
0 1404 16 8 364 3 0 260 0 0
fn=_PyMem_SetDefaultAllocator
0 51 6 4 0 0 0 0 0 0
fn=_PyModule_Clear
0 42 14 2 14 0 0 0 0 0
fn=_PyModule_ClearDict
0 138343 115 40 35701 3131 1822 6707 1 1
fn=_PyModule_CreateInitialized
0 649 96 41 196 35 14 121 1 0
fn=_PyNamespace_New
0 20 2 2 5 0 0 4 0 0
fn=_PyOS_GetOpt
0 124 12 4 64 4 1 44 0 0
fn=_PyOS_ResetGetOpt
0 48 3 1 0 0 0 16 5 2
fn=_PyObject_CallFunction_SizeT
0 3425 302 166 871 117 63 1480 8 2
fn=_PyObject_CallMethodId
0 6417 327 43 1869 190 24 2586 125 1
fn=_PyObject_CallMethodIdObjArgs
0 6604 589 163 1706 235 110 3103 25 11
fn=_PyObject_CallMethodId_SizeT
0 5254 354 207 1435 185 83 1920 12 2
fn=_PyObject_FastCallDict
0 2873 323 55 1125 83 0 516 0 0
fn=_PyObject_GC_New
0 91547 2092 150 27565 2029 109 23388 1322 1066
fn=_PyObject_GC_NewVar
0 21739 1304 272 6274 1083 201 5514 406 345
fn=_PyObject_GC_Resize
0 408 36 35 102 19 8 48 0 0
fn=_PyObject_GenericGetAttrWithDict
0 14923 975 199 5423 636 248 2169 38 5
fn=_PyObject_GenericSetAttrWithDict
0 7404 487 66 2625 153 11 1343 19 1
fn=_PyObject_GetAttrId
0 7811 775 136 3152 502 84 1643 45 1
fn=_PyObject_GetDictPtr
0 140 10 2 40 0 0 0 0 0
fn=_PyObject_GetMethod
0 110562 4350 213 45248 6307 1401 24318 234 25
fn=_PyObject_IsAbstract
0 1491 72 8 504 0 0 399 0 0
fn=_PyObject_LookupAttr
0 11002 452 213 4170 356 193 2022 17 6
fn=_PyObject_LookupAttrId
0 7503 702 103 2991 448 70 1852 45 14
fn=_PyObject_LookupSpecial
0 49815 1334 169 19407 2986 694 7203 30 11
fn=_PyObject_MakeTpCall
0 99870 6176 264 31554 2142 113 21914 130 7
fn=_PyObject_New
0 217 17 13 65 7 4 58 3 3
fn=_PyObject_SetAttrId
0 9824 665 304 3419 445 145 1813 7 3
fn=_PyPathConfig_Calculate
0 76 6 5 15 1 0 29 0 0
fn=_PyPathConfig_ClearGlobal
0 13 2 2 2 0 0 2 0 0
fn=_PyPathConfig_ComputeSysPath0
0 54 7 6 8 2 2 7 2 2
fn=_PyPreCmdline_Clear
0 9 2 1 3 0 0 3 0 0
fn=_PyPreCmdline_Read
0 169 16 6 53 0 0 50 1 0
fn=_PyPreCmdline_SetConfig
0 23 1 1 8 0 0 11 0 0
fn=_PyPreConfig_GetConfig
0 16 1 1 4 0 0 3 0 0
fn=_PyPreConfig_InitCompatConfig
0 48 1 1 12 10 2 18 1 0
fn=_PyPreConfig_InitFromPreConfig
0 88 7 1 28 0 0 60 0 0
fn=_PyPreConfig_Read
0 242 20 14 65 3 1 57 0 0
fn=_PyPreConfig_Write
0 49 8 4 16 0 0 14 3 2
fn=_PyRuntimeState_Fini
0 38 2 2 10 1 1 8 0 0
fn=_PyRuntimeState_Init
0 54 4 4 10 1 1 23 3 0
fn=_PyRuntime_Finalize
0 9 1 1 2 0 0 3 0 0
fn=_PyRuntime_Initialize
0 20 1 1 4 1 1 7 0 0
fn=_PySet_NextEntry
0 1594 40 9 389 3 0 241 0 0
fn=_PySignal_Init
0 20 3 3 3 0 0 3 0 0
fn=_PyStack_AsDict
0 6265 586 322 1964 277 61 1327 35 2
fn=_PyStack_UnpackDict
0 5413 406 204 1679 27 0 1365 10 2
fn=_PyState_AddModule
0 603 45 32 255 27 9 106 0 0
fn=_PyState_ClearModules
0 346 4 4 108 47 24 26 0 0
fn=_PyStructSequence_Init
0 18 2 2 3 0 0 3 0 0
fn=_PySys_ClearAuditHooks
0 26 2 2 7 1 1 4 0 0
fn=_PySys_Create
0 1481 45 39 236 28 20 126 7 4
fn=_PySys_GetObjectId
0 48 3 3 18 2 2 0 0 0
fn=_PySys_InitMain
0 229 16 16 36 4 1 27 2 0
fn=_PySys_ReadPreinitWarnOptions
0 17 2 2 6 1 1 9 1 0
fn=_PySys_ReadPreinitXOptions
0 18 2 2 6 0 0 9 0 0
fn=_PySys_SetObjectId
0 45 6 2 18 0 0 9 0 0
fn=_PySys_SetPreliminaryStderr
0 34 3 3 7 1 0 10 0 0
fn=_PyThread_cond_init
0 6 1 1 2 1 0 0 0 0
fn=_PyTime_AsSecondsDouble
0 26 2 2 2 0 0 2 0 0
fn=_PyTime_Init
0 19 2 2 2 0 0 2 0 0
fn=_PyTime_localtime
0 32 4 2 6 0 0 10 1 1
fn=_PyTraceMalloc_Init
0 2 1 1 0 0 0 0 0 0
fn=_PyTuple_FromArray
0 744 72 23 204 20 0 204 0 0
fn=_PyType_CalculateMetaclass
0 1427 118 36 417 14 2 0 0 0
fn=_PyType_Fini
0 1025 3 3 280 161 152 188 1 1
fn=_PyType_GetDocFromInternalDoc
0 32 4 1 12 0 0 8 0 0
fn=_PyTypes_Init
0 273 77 18 3 1 0 7 2 2
fn=_PyUnicodeWriter_Finish
0 600 11 9 259 0 0 160 0 0
fn=_PyUnicodeWriter_PrepareInternal
0 4043 65 58 1086 10 4 999 33 30
fn=_PyUnicodeWriter_WriteStr
0 197 14 10 59 0 0 24 1 0
fn=_PyUnicode_ClearStaticStrings
0 1240 2 2 335 167 114 335 1 0
fn=_PyUnicode_EqualToASCIIId
0 76 8 8 21 4 2 16 0 0
fn=_PyUnicode_EqualToASCIIString
0 265 14 8 88 4 2 66 4 1
fn=_PyUnicode_FindMaxChar
0 22 4 2 4 0 0 0 0 0
fn=_PyUnicode_Fini
0 1070 8 8 326 82 78 127 0 0
fn=_PyUnicode_FormatAdvancedWriter
0 64 6 4 20 0 0 16 0 0
fn=_PyUnicode_FromASCII
0 462 36 6 108 3 0 108 5 2
fn=_PyUnicode_FromId
0 414 31 9 188 6 4 154 1 1
fn=_PyUnicode_Init
0 98 4 4 18 3 2 14 1 1
fn=_PyUnicode_InitEncodings
0 51 6 5 17 2 1 14 2 2
fn=_PyUnicode_IsAlpha
0 90 2 2 15 8 8 0 0 0
fn=_PyUnicode_IsDecimalDigit
0 36 2 2 6 0 0 0 0 0
fn=_PyUnicode_IsDigit
0 18 2 2 3 0 0 0 0 0
fn=_PyUnicode_IsNumeric
0 18 1 1 3 0 0 0 0 0
fn=_PyUnicode_JoinArray
0 636 39 34 150 7 3 42 0 0
fn=_PyWarnings_Init
0 187 15 13 49 9 2 31 1 0
fn=_PyWideStringList_AsList
0 114 3 3 40 4 4 22 0 0
fn=_PyWideStringList_Clear
0 738 10 5 336 10 9 276 0 0
fn=_PyWideStringList_Copy
0 419 10 3 147 4 0 123 0 0
fn=_PyWideStringList_Extend
0 34 2 2 14 0 0 20 0 0
fn=_Py_CheckFunctionResult
0 7560 812 33 2520 0 0 1512 4 0
fn=_Py_ClearArgcArgv
0 14 1 1 2 0 0 2 0 0
fn=_Py_ClearFileSystemEncoding
0 36 4 4 14 2 2 8 0 0
fn=_Py_ClearStandardStreamEncoding
0 36 4 4 10 3 3 6 0 0
fn=_Py_CoerceLegacyLocale
0 126 9 5 20 3 1 18 0 0
fn=_Py_Dealloc
0 4948 321 33 2474 464 37 0 0 0
fn=_Py_DecodeLocaleEx
0 281 14 4 103 0 0 90 0 0
fn=_Py_DecodeUTF8Ex
0 18804 28 20 5039 0 0 5712 0 0
fn=_Py_EncodeLocaleEx
0 112 28 6 0 0 0 0 0 0
fn=_Py_EncodeLocaleRaw
0 24 1 1 0 0 0 0 0 0
fn=_Py_EncodeUTF8Ex
0 13279 381 95 1951 0 0 2053 28 25
fn=_Py_FinishPendingCalls
0 21 2 2 10 1 0 7 0 0
fn=_Py_GetEnv
0 72 3 2 16 0 0 16 0 0
fn=_Py_GetErrorHandler
0 285 30 10 45 0 0 45 0 0
fn=_Py_HashPointer
0 332 74 9 0 0 0 0 0 0
fn=_Py_HashRandomization_Fini
0 9 1 1 4 1 1 3 0 0
fn=_Py_HashRandomization_Init
0 24 2 2 6 0 0 9 0 0
fn=_Py_LegacyLocaleDetected
0 19 2 2 2 0 0 2 0 0
fn=_Py_Mangle
0 29 3 3 10 0 0 5 0 0
fn=_Py_PreInitializeFromConfig
0 924 4 2 352 2 0 440 0 0
fn=_Py_PreInitializeFromPyArgv
0 46 5 4 13 2 1 13 1 0
fn=_Py_SetFileSystemEncoding
0 22 2 2 4 0 0 8 0 0
fn=_Py_SetLocaleFromEnv
0 20 4 2 4 0 0 6 1 1
fn=_Py_fstat_noraise
0 136 34 17 0 0 0 0 0 0
fn=_Py_get_env_flag
0 77 2 2 21 0 0 21 0 0
fn=_Py_get_xoption
0 144 4 2 72 0 0 64 0 0
fn=_Py_normalize_encoding
0 276 3 3 41 6 6 15 0 0
fn=_Py_read
0 2940 105 105 750 0 0 660 0 0
fn=_Py_set_inheritable
0 45 15 15 0 0 0 0 0 0
fn=_Py_wfopen
0 111 6 6 12 0 0 12 0 0
fn=_Py_wreadlink
0 106 7 7 20 1 0 19 3 3
fn=_Py_wrealpath
0 27 3 3 6 0 0 6 0 0
fn=__aarch64_cas4_acq
0 27305 200 43 4965 139 13 2482 0 0
fn=__aarch64_cas4_rel
0 638 22 5 116 0 0 58 0 0
fn=__aarch64_cas8_acq
0 2772 202 34 504 147 22 252 0 0
fn=__aarch64_cas8_rel
0 2739 197 38 498 91 1 249 0 0
fn=__aarch64_ldadd4_acq
0 490 33 10 98 2 1 49 0 0
fn=__aarch64_ldadd8_acq
0 10 2 2 2 0 0 1 0 0
fn=__aarch64_ldset4_acq
0 100 3 1 20 3 0 10 0 0
fn=__aarch64_swp4_rel
0 22293 336 71 4954 1 0 2477 0 0
fn=__aarch64_swp4_relax
0 99 5 2 22 0 0 11 0 0
fn=__aarch64_swp8_acq
0 1173 13 10 261 13 9 131 0 0
fn=__libc_csu_init
0 31 3 3 9 1 0 8 0 0
fn=init_have_lse_atomics
0 27 3 3 6 0 0 9 1 0
fn=main
0 1 1 1 0 0 0 0 0 0
summary: 29546677 443153 76750 8629292 660896 249099 4572595 88627 44496
