desc: I1 cache:         16384 B, 64 B, 4-way associative
desc: D1 cache:         16384 B, 64 B, 4-way associative
desc: LL cache:         262144 B, 64 B, 8-way associative
cmd: python3 rrt.py
events: Ir I1mr ILmr Dr D1mr DLmr Dw D1mw DLmw 
fl=/build/glibc-FcXrgv/glibc-2.31/csu/../csu/libc-start.c
fn=(below main)
137 12 1 1 0 0 0 12 0 0
141 5 0 0 1 0 0 1 0 0
237 1 0 0 0 0 0 0 0 0
238 3 1 1 0 0 0 0 0 0
260 5 0 0 2 0 0 0 0 0
263 1 0 0 0 0 0 0 0 0
264 6 0 0 4 0 0 0 0 0
268 4 1 1 2 0 0 0 0 0
283 1 0 0 0 0 0 0 0 0
295 2 0 0 0 0 0 0 0 0
296 1 0 0 0 0 0 0 0 0
298 1 0 0 0 0 0 0 0 0
301 2 0 0 1 1 0 0 0 0
302 2 0 0 1 1 0 2 0 0
305 2 0 0 0 0 0 1 0 0
308 7 1 1 5 0 0 0 0 0
342 1 1 1 0 0 0 0 0 0
fl=/build/glibc-FcXrgv/glibc-2.31/csu/../sysdeps/aarch64/crti.S
fn=call_weak_fn
63 3 3 3 0 0 0 0 0 0
64 3 0 0 3 3 0 0 0 0
65 3 0 0 0 0 0 0 0 0
68 3 2 2 0 0 0 0 0 0
fl=/build/glibc-FcXrgv/glibc-2.31/csu/errno-loc.c
fn=__errno_location
26 933 174 41 311 30 0 0 0 0
27 622 0 0 0 0 0 0 0 0
fl=/build/glibc-FcXrgv/glibc-2.31/csu/init-first.c
fn=_init
52 5 1 1 0 0 0 4 0 0
55 5 1 1 1 1 0 1 1 0
62 8 1 1 4 2 0 0 0 0
67 2 0 0 0 0 0 1 1 1
68 2 0 0 0 0 0 1 0 0
69 3 0 0 1 1 0 1 1 0
77 3 0 0 0 0 0 0 0 0
80 1 0 0 0 0 0 0 0 0
85 2 0 0 4 0 0 0 0 0
fl=/build/glibc-FcXrgv/glibc-2.31/ctype/../include/ctype.h
fn=__ctype_b_loc
41 231 4 2 77 6 1 0 0 0
42 154 0 0 0 0 0 0 0 0
fl=/build/glibc-FcXrgv/glibc-2.31/ctype/ctype-info.c
fn=__ctype_init
31 9 2 2 4 2 0 1 0 0
33 5 0 0 3 2 0 1 0 0
35 5 0 0 2 1 0 1 0 0
36 1 0 0 0 0 0 0 0 0
fl=/build/glibc-FcXrgv/glibc-2.31/debug/realpath_chk.c
fn=__realpath_chk
28 2 1 1 0 0 0 0 0 0
31 1 0 0 0 0 0 0 0 0
fl=/build/glibc-FcXrgv/glibc-2.31/debug/sprintf_chk.c
fn=__sprintf_chk
25 20 1 1 2 2 0 16 0 0
28 4 2 2 0 0 0 0 0 0
36 1 0 0 0 0 0 0 0 0
39 7 0 0 0 0 0 5 0 0
40 7 1 1 4 0 0 4 0 0
44 8 0 0 5 0 0 0 0 0
fl=/build/glibc-FcXrgv/glibc-2.31/debug/vsnprintf_chk.c
fn=__vsnprintf_chk
26 4 1 1 0 0 0 4 0 0
27 4 0 0 0 0 0 0 0 0
32 8 0 0 0 0 0 0 0 0
34 14 1 1 8 0 0 8 0 0
35 4 0 0 4 0 0 0 0 0
fl=/build/glibc-FcXrgv/glibc-2.31/debug/wcsncpy_chk.c
fn=__wcsncpy_chk
26 8 1 1 0 0 0 0 0 0
31 4 0 0 0 0 0 0 0 0
fl=/build/glibc-FcXrgv/glibc-2.31/dirent/../sysdeps/posix/closedir.c
fn=closedir
31 24 0 0 0 0 0 24 0 0
34 8 8 5 0 0 0 0 0 0
44 8 0 0 8 0 0 0 0 0
50 8 0 0 0 0 0 0 0 0
52 16 0 0 0 0 0 0 0 0
53 16 0 0 24 0 0 0 0 0
fl=/build/glibc-FcXrgv/glibc-2.31/dirent/../sysdeps/posix/opendir.c
fn=__alloc_dir
98 48 16 10 0 0 0 48 2 0
101 16 0 0 0 0 0 0 0 0
109 8 0 0 0 0 0 0 0 0
113 16 0 0 0 0 0 0 0 0
114 64 8 5 8 0 0 0 0 0
118 16 0 0 0 0 0 0 0 0
119 8 0 0 0 0 0 0 0 0
139 8 0 0 0 0 0 16 2 2
142 8 0 0 0 0 0 16 0 0
144 8 0 0 0 0 0 16 0 0
145 8 0 0 0 0 0 8 0 0
148 40 0 0 48 0 0 0 0 0
fn=opendir
39 16 8 5 8 0 0 0 0 0
88 16 0 0 0 0 0 16 0 0
92 32 0 0 0 0 0 0 0 0
93 8 0 0 16 0 0 0 0 0
fn=opendir_tail
51 72 8 5 16 0 0 40 0 0
52 8 0 0 0 0 0 0 0 0
59 56 8 5 0 0 0 8 0 0
61 32 0 0 8 0 0 0 0 0
69 48 0 0 8 0 0 0 0 0
70 72 8 6 56 0 0 0 0 0
fl=/build/glibc-FcXrgv/glibc-2.31/dirent/../sysdeps/posix/readdir.c
fn=readdir
39 3150 8 4 0 0 0 4050 0 0
41 1800 8 5 900 0 0 0 0 0
44 2700 0 0 0 0 0 0 0 0
51 1800 9 5 450 0 0 0 0 0
65 1414 0 0 482 0 0 0 0 0
66 32 0 0 0 0 0 0 0 0
71 8 0 0 0 0 0 0 0 0
76 8 0 0 0 0 0 8 0 0
77 8 0 0 0 0 0 0 0 0
80 40 8 5 0 0 0 8 0 0
86 442 0 0 0 0 0 0 0 0
89 442 0 0 442 89 82 0 0 0
102 442 0 0 0 0 0 0 0 0
105 884 0 0 442 0 0 884 0 0
111 884 0 0 442 22 16 0 0 0
114 2250 0 0 0 0 0 0 0 0
118 3150 8 7 4050 0 0 0 0 0
fl=/build/glibc-FcXrgv/glibc-2.31/dirent/../sysdeps/unix/sysv/linux/getdents64.c
fn=__getdents
32 128 8 5 0 0 0 0 0 0
33 16 0 0 0 0 0 0 0 0
fl=/build/glibc-FcXrgv/glibc-2.31/dlfcn/dlerror.c
fn=check_free
194 9 1 1 2 1 1 5 0 0
195 2 0 0 1 1 1 0 0 0
213 9 1 1 7 0 0 0 0 0
fn=fini
220 4 1 1 0 0 0 0 0 0
fl=/build/glibc-FcXrgv/glibc-2.31/dlfcn/dlfcn.c
fn=init
29 2 1 1 0 0 0 1 1 0
30 2 0 0 0 0 0 1 0 0
31 1 1 1 0 0 0 0 0 0
fl=/build/glibc-FcXrgv/glibc-2.31/elf/../elf/dl-sysdep.c
fn=_dl_sysdep_start
89 8 2 2 0 0 0 11 2 2
90 2 0 0 1 0 0 0 0 0
91 1 0 0 0 0 0 0 0 0
113 2 0 0 0 0 0 1 0 0
114 44 1 1 15 2 2 4 4 4
117 3 0 0 0 0 0 1 0 0
118 1 0 0 0 0 0 1 1 1
120 86 3 3 28 7 7 7 0 0
121 192 3 3 0 0 0 0 0 0
124 1 0 0 1 0 0 0 0 0
125 1 0 0 0 0 0 0 0 0
127 1 0 0 1 0 0 0 0 0
128 1 0 0 0 0 0 0 0 0
130 1 0 0 1 0 0 0 0 0
131 2 0 0 0 0 0 0 0 0
133 1 0 0 1 0 0 0 0 0
134 2 0 0 0 0 0 0 0 0
154 1 0 0 1 0 0 0 0 0
155 2 0 0 0 0 0 0 0 0
157 1 0 0 1 0 0 0 0 0
158 2 0 0 0 0 0 0 0 0
160 1 0 0 1 0 0 0 0 0
161 1 0 0 0 0 0 0 0 0
166 1 1 1 1 0 0 0 0 0
167 2 0 0 0 0 0 0 0 0
182 1 0 0 1 0 0 0 0 0
183 2 0 0 0 0 0 0 0 0
223 1 1 1 0 0 0 0 0 0
234 3 1 1 1 0 0 0 0 0
235 2 0 0 0 0 0 1 0 0
237 6 0 0 0 0 0 0 0 0
249 3 0 0 1 0 0 0 0 0
252 6 1 1 1 0 0 0 0 0
254 8 1 1 12 3 0 0 0 0
fn=_dl_sysdep_start_cleanup
259 1 1 1 0 0 0 0 0 0
fl=/build/glibc-FcXrgv/glibc-2.31/elf/../include/scratch_buffer.h
fn=_dl_map_object_deps
77 3 0 0 0 0 0 1 0 0
78 2 0 0 0 0 0 2 1 1
85 5 0 0 2 0 0 0 0 0
131 32 0 0 8 0 0 0 0 0
fl=/build/glibc-FcXrgv/glibc-2.31/elf/../misc/sbrk.c
fn=sbrk
32 5 1 1 0 0 0 5 0 0
40 6 0 0 2 1 1 0 0 0
44 2 0 0 0 0 0 0 0 0
60 5 1 1 5 0 0 0 0 0
fl=/build/glibc-FcXrgv/glibc-2.31/elf/../sysdeps/aarch64/dl-irel.h
fn=_dl_fixup
37 10 0 0 0 0 0 5 0 0
38 131 3 3 5 2 1 0 0 0
39 10 0 0 5 4 2 10 0 0
40 25 0 0 0 0 0 0 0 0
fn=_dl_relocate_object
37 4 0 0 0 0 0 2 0 0
38 6 1 1 2 0 0 0 0 0
39 4 0 0 2 1 0 4 0 0
40 8 0 0 2 0 0 0 0 0
fn=_dl_start
38 3 1 1 0 0 0 0 0 0
fl=/build/glibc-FcXrgv/glibc-2.31/elf/../sysdeps/aarch64/dl-machine.h
fn=_dl_fixup
223 121 49 17 0 0 0 121 5 0
fn=_dl_relocate_object
70 50 0 0 10 0 0 0 0 0
76 18 0 0 18 8 0 0 0 0
77 18 0 0 9 9 9 0 0 0
81 9 0 0 0 0 0 9 0 0
89 18 0 0 9 0 0 0 0 0
104 27 1 1 9 9 0 9 0 0
250 160 0 0 0 0 0 0 0 0
252 320 0 0 0 0 0 0 0 0
254 160 0 0 0 0 0 0 0 0
259 5827 6 6 1312 159 102 859 9 0
260 1242 5 5 534 0 0 0 0 0
263 411 1 1 0 0 0 0 0 0
268 1252 4 4 0 0 0 0 0 0
271 5 0 0 5 0 0 0 0 0
274 20 0 0 10 1 0 0 0 0
275 30 0 0 5 0 0 0 0 0
284 30 1 1 5 0 0 0 0 0
287 5 0 0 0 0 0 0 0 0
296 408 1 1 136 17 15 136 22 4
297 136 0 0 0 0 0 0 0 0
307 80 1 1 0 0 0 30 0 0
320 92 1 1 0 0 0 18 3 0
328 27 0 0 0 0 0 0 0 0
351 38 0 0 19 0 0 0 0 0
353 76 0 0 19 2 0 0 0 0
354 38 0 0 0 0 0 19 3 1
355 76 0 0 38 2 2 0 0 0
367 14 1 1 0 0 0 0 0 0
380 6596 0 0 3298 625 619 1649 307 292
390 711 0 0 0 0 0 0 0 0
391 711 0 0 1422 266 266 0 0 0
393 1422 1 1 0 0 0 0 0 0
395 1418 0 0 709 2 0 0 0 0
398 2127 2 2 709 87 86 709 0 0
399 709 0 0 0 0 0 0 0 0
427 4 0 0 0 0 0 0 0 0
445 4 1 1 0 0 0 0 0 0
447 6 1 1 4 0 0 0 0 0
448 4 0 0 2 0 0 0 0 0
450 4 0 0 0 0 0 2 0 0
fn=_dl_start
46 1 0 0 0 0 0 0 0 0
61 4 1 1 1 1 1 0 0 0
250 12 0 0 0 0 0 0 0 0
252 24 0 0 0 0 0 0 0 0
254 12 0 0 0 0 0 0 0 0
260 120 1 1 48 10 10 0 0 0
263 24 0 0 0 0 0 0 0 0
268 84 0 0 0 0 0 0 0 0
296 36 1 1 12 1 1 12 1 1
297 12 0 0 0 0 0 0 0 0
328 6 0 0 0 0 0 5 0 0
380 208 1 1 104 20 20 52 26 26
fn=_dl_sysdep_start
204 5 0 0 2 1 1 0 0 0
fl=/build/glibc-FcXrgv/glibc-2.31/elf/../sysdeps/aarch64/dl-trampoline.S
fn=_dl_runtime_resolve
48 121 46 24 0 0 0 242 17 4
53 121 0 0 0 0 0 242 8 3
57 121 0 0 0 0 0 242 0 0
61 121 0 0 0 0 0 242 1 0
65 121 0 0 0 0 0 242 2 2
69 121 0 0 0 0 0 242 8 4
73 121 0 0 0 0 0 242 4 1
77 121 0 0 0 0 0 242 4 2
81 121 38 15 0 0 0 242 0 0
86 121 0 0 121 0 0 0 0 0
89 121 0 0 121 0 0 0 0 0
91 121 0 0 0 0 0 0 0 0
92 121 0 0 0 0 0 0 0 0
93 121 0 0 0 0 0 0 0 0
94 121 0 0 0 0 0 0 0 0
95 121 0 0 0 0 0 0 0 0
98 121 0 0 0 0 0 0 0 0
101 121 0 0 0 0 0 0 0 0
104 121 0 0 242 1 0 0 0 0
105 121 0 0 242 0 0 0 0 0
106 121 0 0 242 0 0 0 0 0
107 121 0 0 242 1 0 0 0 0
108 121 0 0 242 0 0 0 0 0
109 121 0 0 242 0 0 0 0 0
110 121 41 13 242 0 0 0 0 0
111 121 0 0 242 0 0 0 0 0
112 121 0 0 242 0 0 0 0 0
115 121 0 0 242 1 0 0 0 0
119 121 0 0 0 0 0 0 0 0
fl=/build/glibc-FcXrgv/glibc-2.31/elf/../sysdeps/generic/dl-cache.h
fn=_dl_load_cache_lookup
153 4 0 0 0 0 0 0 0 0
fl=/build/glibc-FcXrgv/glibc-2.31/elf/../sysdeps/generic/ldsodefs.h
fn=_dl_fini
1208 4 1 1 0 0 0 1 0 0
fn=_dl_new_object
1208 82 0 0 0 0 0 0 0 0
fn=_dl_relocate_object
126 438 2 2 146 0 0 0 0 0
fn=do_lookup_x
126 723 0 0 241 0 0 0 0 0
fl=/build/glibc-FcXrgv/glibc-2.31/elf/../sysdeps/posix/dl-fileid.h
fn=_dl_map_object_from_fd
37 40 1 1 0 0 0 0 0 0
40 16 0 0 8 0 0 8 0 0
41 16 0 0 8 0 0 8 0 0
49 228 1 1 78 21 1 0 0 0
fl=/build/glibc-FcXrgv/glibc-2.31/elf/../sysdeps/unix/sysv/linux/aarch64/cpu-features.c
fn=_dl_sysdep_start
63 5 1 1 1 0 0 0 0 0
64 1 0 0 0 0 0 0 0 0
72 4 1 1 1 0 0 0 0 0
78 2 0 0 0 0 0 1 0 0
82 1 0 0 0 0 0 0 0 0
84 1 0 0 0 0 0 0 0 0
fl=/build/glibc-FcXrgv/glibc-2.31/elf/../sysdeps/unix/sysv/linux/dl-osinfo.h
fn=dl_main
64 1 0 0 0 0 0 0 0 0
fl=/build/glibc-FcXrgv/glibc-2.31/elf/../sysdeps/unix/sysv/linux/dl-sysdep.c
fn=_dl_discover_osversion
46 4 1 1 0 0 0 4 1 1
48 3 1 1 1 0 0 0 0 0
88 4 0 0 0 0 0 0 0 0
103 1 0 0 0 0 0 0 0 0
107 1 0 0 0 0 0 0 0 0
108 1 0 0 0 0 0 0 0 0
110 15 0 0 3 1 1 0 0 0
112 3 0 0 0 0 0 0 0 0
114 25 1 1 5 1 1 0 0 0
116 2 0 0 0 0 0 0 0 0
117 2 0 0 0 0 0 0 0 0
120 3 0 0 0 0 0 0 0 0
122 3 0 0 0 0 0 0 0 0
124 13 1 1 0 0 0 0 0 0
129 2 0 0 0 0 0 0 0 0
133 4 1 1 4 0 0 0 0 0
fn=_dl_sysdep_start
36 2 0 0 0 0 0 0 0 0
fl=/build/glibc-FcXrgv/glibc-2.31/elf/../sysdeps/unix/sysv/linux/dl-vdso-setup.h
fn=dl_main
30 5 2 2 0 0 0 2 0 0
33 2 0 0 0 0 0 1 0 0
45 2 1 1 0 0 0 1 0 0
fl=/build/glibc-FcXrgv/glibc-2.31/elf/../sysdeps/unix/sysv/linux/dl-vdso.h
fn=dl_main
40 2 1 1 1 0 0 0 0 0
41 1 0 0 0 0 0 0 0 0
55 2 0 0 0 0 0 0 0 0
fl=/build/glibc-FcXrgv/glibc-2.31/elf/../sysdeps/unix/sysv/linux/generic/brk.c
fn=brk
33 1 1 1 0 0 0 0 0 0
36 4 0 0 0 0 0 1 1 1
37 2 0 0 0 0 0 0 0 0
43 1 0 0 0 0 0 0 0 0
44 1 0 0 0 0 0 0 0 0
fl=/build/glibc-FcXrgv/glibc-2.31/elf/./dl-load.h
fn=_dl_map_object_from_fd
90 16 0 0 0 0 0 0 0 0
91 32 1 1 16 0 0 8 0 0
93 32 0 0 16 1 1 0 0 0
94 24 7 2 12 0 0 0 0 0
95 30 0 0 12 0 0 0 0 0
96 18 0 0 6 0 0 0 0 0
98 24 0 0 0 0 0 6 0 0
fl=/build/glibc-FcXrgv/glibc-2.31/elf/./dl-map-segments.h
fn=_dl_map_object_from_fd
50 16 0 0 8 1 0 0 0 0
51 16 0 0 0 0 0 0 0 0
56 96 8 1 16 0 0 32 0 0
60 56 8 1 48 0 0 0 0 0
63 16 0 0 0 0 0 8 0 0
64 16 0 0 0 0 0 8 0 0
66 8 0 0 0 0 0 0 0 0
73 120 8 1 48 0 0 32 0 0
80 24 0 0 8 0 0 8 0 0
82 8 0 0 0 0 0 0 0 0
90 64 0 0 0 0 0 0 0 0
92 32 0 0 24 0 0 0 0 0
94 128 1 1 56 0 0 40 0 0
104 48 0 0 32 0 0 0 0 0
110 16 0 0 8 0 0 0 0 0
111 8 0 0 0 0 0 0 0 0
112 48 1 1 8 0 0 0 0 0
113 8 0 0 0 0 0 0 0 0
115 16 0 0 0 0 0 0 0 0
120 16 0 0 0 0 0 0 0 0
123 8 0 0 0 0 0 0 0 0
131 72 0 0 0 0 0 56 0 0
132 40 0 0 56 0 0 0 0 0
137 16 0 0 0 0 0 0 0 0
141 18 1 1 0 0 0 8 0 0
144 8 0 0 8 0 0 0 0 0
149 16 2 1 0 0 0 0 0 0
fl=/build/glibc-FcXrgv/glibc-2.31/elf/./setup-vdso.h
fn=dl_main
24 3 1 1 1 0 0 0 0 0
fl=/build/glibc-FcXrgv/glibc-2.31/elf/dl-addr.c
fn=_dl_addr
30 1 0 0 1 0 0 0 0 0
31 2 0 0 1 0 0 2 1 0
34 2 0 0 1 1 0 0 0 0
38 1 1 1 1 0 0 0 0 0
39 1 0 0 2 0 0 0 0 0
40 1 0 0 1 0 0 0 0 0
42 2 0 0 2 1 0 0 0 0
44 1 0 0 0 0 0 0 0 0
45 2 0 0 1 1 0 0 0 0
49 3035 0 0 1 0 0 0 0 0
51 1014 0 0 1012 64 18 0 0 0
52 1011 0 0 0 0 0 0 0 0
54 2745 1 1 915 0 0 0 0 0
60 2284 1 1 0 0 0 0 0 0
61 11420 0 0 2284 496 454 0 0 0
63 6841 0 0 0 0 0 0 0 0
64 9088 0 0 2272 0 0 0 0 0
65 15359 1 1 5207 360 328 0 0 0
70 4568 0 0 2284 144 77 0 0 0
100 1 0 0 0 0 0 0 0 0
101 1 0 0 0 0 0 1 1 0
102 1 0 0 0 0 0 0 0 0
105 1 1 1 0 0 0 0 0 0
118 2 0 0 0 0 0 2 0 0
126 9 2 2 0 0 0 8 0 0
128 1 0 0 0 0 0 0 0 0
131 5 0 0 2 2 0 0 0 0
133 2 0 0 0 0 0 0 0 0
135 1 0 0 0 0 0 0 0 0
138 1 0 0 0 0 0 0 0 0
141 4 1 1 2 2 0 0 0 0
144 6 0 0 8 1 0 0 0 0
fl=/build/glibc-FcXrgv/glibc-2.31/elf/dl-cache.c
fn=_dl_cache_libcmp
142 572 1 1 286 0 0 0 0 0
144 1953 1 1 279 34 27 0 0 0
146 14 1 1 0 0 0 0 0 0
152 7 0 0 0 0 0 0 0 0
153 14 0 0 0 0 0 0 0 0
154 35 0 0 7 0 0 0 0 0
156 35 1 1 7 0 0 0 0 0
158 14 0 0 0 0 0 0 0 0
164 544 0 0 0 0 0 0 0 0
166 544 0 0 0 0 0 0 0 0
167 42 0 0 0 0 0 0 0 0
170 230 0 0 0 0 0 0 0 0
171 230 0 0 0 0 0 0 0 0
174 14 0 0 7 0 0 0 0 0
175 49 0 0 0 0 0 0 0 0
fn=_dl_load_cache_lookup
187 49 1 1 0 0 0 49 0 0
195 21 1 1 7 0 0 0 0 0
198 28 0 0 7 0 0 0 0 0
201 6 2 2 0 0 0 0 0 0
209 5 0 0 1 0 0 0 0 0
210 19 1 1 3 1 1 0 0 0
213 1 0 0 1 0 0 0 0 0
218 2 1 1 0 0 0 1 0 0
219 2 0 0 0 0 0 1 0 0
264 12 0 0 0 0 0 0 0 0
270 35 0 0 14 0 0 0 0 0
279 7 0 0 0 0 0 0 0 0
285 35 1 1 7 0 0 0 0 0
293 21 0 0 7 0 0 0 0 0
294 14 0 0 0 0 0 0 0 0
308 1039 23 5 105 32 21 0 0 0
324 14 0 0 7 0 0 0 0 0
328 7 0 0 0 0 0 0 0 0
336 98 7 1 0 0 0 7 0 0
337 28 7 1 0 0 0 0 0 0
338 7 0 0 0 0 0 0 0 0
339 49 3 1 49 0 0 0 0 0
fn=_dl_unload_cache
348 3 1 1 0 0 0 3 0 0
349 5 1 1 1 1 0 0 0 0
351 3 0 0 1 0 0 0 0 0
352 1 0 0 0 0 0 1 0 0
354 3 0 0 3 0 0 0 0 0
fl=/build/glibc-FcXrgv/glibc-2.31/elf/dl-debug.c
fn=_dl_debug_initialize
46 10 2 1 0 0 0 0 0 0
49 10 0 0 0 0 0 0 0 0
50 20 2 1 10 3 0 0 0 0
54 29 2 0 10 1 0 0 0 0
57 2 0 0 0 0 0 1 0 0
58 2 0 0 0 0 0 1 0 0
59 6 1 1 1 0 0 0 0 0
60 3 0 0 0 0 0 2 0 0
64 10 0 0 0 0 0 0 0 0
fn=_dl_debug_state
74 2 0 0 0 0 0 0 0 0
fl=/build/glibc-FcXrgv/glibc-2.31/elf/dl-deps.c
fn=_dl_map_object_deps
144 2 0 0 0 0 0 2 0 0
145 1 0 0 0 0 0 0 0 0
146 7 0 0 0 0 0 4 0 0
152 9 2 2 3 0 0 2 0 0
159 11 1 1 0 0 0 15 4 4
160 15 2 2 0 0 0 1 1 1
176 12 0 0 1 0 0 2 0 0
177 1 0 0 1 0 0 0 0 0
180 2 0 0 1 0 0 1 0 0
198 3 1 1 1 0 0 1 0 0
199 2 0 0 0 0 0 0 0 0
200 3 0 0 0 0 0 2 0 0
202 9 0 0 9 0 0 0 0 0
206 10 0 0 0 0 0 0 0 0
209 39 0 0 19 0 0 10 0 0
213 20 0 0 10 5 0 0 0 0
214 68 1 1 29 3 0 0 0 0
217 16 0 0 0 0 0 0 0 0
221 16 0 0 8 0 0 0 0 0
224 28 1 1 14 6 0 0 0 0
226 24 0 0 16 7 0 8 0 0
231 8 0 0 0 0 0 8 0 0
232 8 0 0 0 0 0 8 0 0
233 16 0 0 8 0 0 8 0 0
234 16 0 0 8 0 0 8 0 0
237 478 1 1 243 50 0 8 0 0
238 438 1 1 0 0 0 0 0 0
244 168 8 1 42 4 0 0 0 0
246 21 0 0 0 0 0 21 0 0
248 105 1 1 0 0 0 0 0 0
249 42 0 0 21 0 0 0 0 0
258 21 2 1 21 0 0 0 0 0
260 63 0 0 21 0 0 0 0 0
265 24 0 0 0 0 0 8 0 0
269 8 0 0 0 0 0 8 0 0
270 8 0 0 0 0 0 16 1 0
271 16 0 0 8 0 0 8 1 0
273 24 0 0 8 0 0 8 0 0
275 40 7 1 8 0 0 16 0 0
279 21 0 0 0 0 0 0 0 0
280 26 0 0 0 0 0 13 0 0
282 990 1 1 0 0 0 0 0 0
303 18 0 0 0 0 0 0 0 0
433 10 0 0 0 0 0 0 0 0
435 16 0 0 0 0 0 8 1 1
438 40 0 0 0 0 0 0 0 0
439 8 1 1 0 0 0 0 0 0
445 8 0 0 0 0 0 8 0 0
446 32 0 0 0 0 0 0 0 0
447 40 0 0 0 0 0 0 0 0
449 8 0 0 0 0 0 0 0 0
450 8 0 0 0 0 0 8 0 0
451 24 0 0 8 0 0 8 0 0
455 30 0 0 20 2 0 0 0 0
457 30 1 1 20 0 0 10 0 0
458 28 0 0 9 0 0 0 0 0
464 6 1 1 2 0 0 0 0 0
465 4 1 1 1 0 0 1 0 0
468 4 0 0 2 0 0 1 0 0
479 6 1 1 1 0 0 0 0 0
481 1 0 0 0 0 0 0 0 0
486 4 0 0 1 0 0 1 0 0
487 3 0 0 1 0 0 1 0 0
489 21 0 0 10 0 0 0 0 0
491 30 0 0 20 0 0 0 0 0
495 30 0 0 10 0 0 10 3 3
499 30 1 1 10 1 0 10 0 0
502 3 0 0 1 0 0 0 0 0
553 4 0 0 2 0 0 0 0 0
555 10 1 1 2 0 0 3 0 0
590 4 1 1 1 0 0 0 0 0
594 5 0 0 1 0 0 0 0 0
597 1 0 0 0 0 0 1 0 0
598 1 1 1 0 0 0 0 0 0
599 1 0 0 0 0 0 1 0 0
600 5 0 0 2 0 0 1 0 0
608 2 1 1 1 0 0 0 0 0
611 1 0 0 0 0 0 0 0 0
614 9 0 0 12 2 0 0 0 0
fn=openaux
61 84 1 1 0 0 0 63 3 1
64 197 0 0 105 0 0 21 4 0
65 21 0 0 21 1 0 0 0 0
69 63 0 0 63 0 0 0 0 0
fl=/build/glibc-FcXrgv/glibc-2.31/elf/dl-environ.c
fn=_dl_next_ld_env_entry
28 3 0 0 0 0 0 0 0 0
29 3 1 1 3 0 0 0 0 0
32 29 0 0 14 0 0 0 0 0
34 39 1 1 13 0 0 0 0 0
35 15 0 0 5 0 0 0 0 0
37 2 0 0 0 0 0 0 0 0
40 4 0 0 0 0 0 2 0 0
49 3 0 0 0 0 0 0 0 0
fl=/build/glibc-FcXrgv/glibc-2.31/elf/dl-error-skeleton.c
fn=_dl_catch_error
225 9 2 2 0 0 0 5 0 0
227 2 0 0 0 0 0 0 0 0
228 1 0 0 0 0 0 1 0 0
229 2 0 0 2 0 0 1 0 0
230 4 0 0 1 0 0 1 0 0
232 4 0 0 5 0 0 0 0 0
fn=_dl_catch_exception
175 176 2 2 22 0 0 176 4 4
178 22 0 0 0 0 0 0 0 0
199 22 0 0 22 0 0 0 0 0
200 44 0 0 0 0 0 44 1 1
203 44 0 0 0 0 0 22 0 0
206 110 0 0 0 0 0 0 0 0
208 44 0 0 44 0 0 0 0 0
209 66 1 1 44 0 0 22 0 0
210 44 0 0 0 0 0 66 5 0
219 88 0 0 88 0 0 0 0 0
fn=_dl_receive_error
238 5 1 0 0 0 0 6 1 0
239 3 0 0 1 0 0 0 0 0
240 1 0 0 1 0 0 0 0 0
243 1 0 0 0 0 0 1 0 0
244 1 0 0 0 0 0 1 0 0
246 2 1 1 0 0 0 0 0 0
248 1 0 0 0 0 0 1 0 0
249 1 0 0 0 0 0 1 0 0
250 4 1 1 6 1 0 0 0 0
fl=/build/glibc-FcXrgv/glibc-2.31/elf/dl-fini.c
fn=_dl_fini
30 8 1 1 0 0 0 12 0 0
47 6 0 0 0 0 0 1 0 0
50 11 0 0 1 1 1 0 0 0
53 3 1 1 1 1 1 0 0 0
55 1 0 0 1 1 1 0 0 0
58 1 0 0 0 0 0 0 0 0
60 6 0 0 3 1 0 0 0 0
65 2 0 0 0 0 0 1 0 0
68 13 1 1 0 0 0 1 0 0
73 22 1 1 10 1 1 0 0 0
75 30 0 0 10 7 6 0 0 0
77 20 0 0 0 0 0 0 0 0
79 10 0 0 0 0 0 10 0 0
80 10 0 0 0 0 0 10 9 9
81 10 0 0 0 0 0 0 0 0
85 30 0 0 10 6 6 10 0 0
87 5 1 1 0 0 0 0 0 0
88 5 0 0 0 0 0 0 0 0
94 8 3 3 0 0 0 0 0 0
104 3 0 0 1 0 0 0 0 0
109 24 0 0 1 0 0 0 0 0
111 10 0 0 10 0 0 0 0 0
113 20 0 0 10 3 0 0 0 0
116 20 0 0 0 0 0 10 0 0
119 20 0 0 10 10 9 0 0 0
120 4 1 1 2 2 2 0 0 0
123 24 1 1 8 0 0 0 0 0
134 24 0 0 16 2 1 0 0 0
135 8 0 0 8 1 1 0 0 0
136 16 0 0 8 8 7 0 0 0
137 59 1 1 0 0 0 0 0 0
138 18 0 0 9 7 7 0 0 0
142 16 0 0 8 7 7 0 0 0
143 32 0 0 16 7 7 0 0 0
149 60 0 0 20 1 1 0 0 0
168 40 1 1 10 0 0 10 0 0
174 6 0 0 2 0 0 0 0 0
180 2 0 0 1 0 0 0 0 0
187 8 0 0 12 1 0 0 0 0
fl=/build/glibc-FcXrgv/glibc-2.31/elf/dl-hwcaps.c
fn=_dl_important_hwcaps
42 12 2 2 0 0 0 16 0 0
43 6 0 0 1 0 0 0 0 0
45 3 1 1 1 0 0 0 0 0
46 2 0 0 0 0 0 0 0 0
55 2 0 0 0 0 0 0 0 0
65 4 1 1 1 0 0 0 0 0
148 13 2 2 0 0 0 1 0 0
149 1 0 0 0 0 0 0 0 0
185 2 0 0 0 0 0 0 0 0
193 2 0 0 1 0 0 0 0 0
195 1 0 0 0 0 0 1 0 0
196 2 0 0 1 0 0 1 0 0
197 2 0 0 0 0 0 0 0 0
200 2 0 0 0 0 0 0 0 0
201 2 1 1 0 0 0 2 0 0
204 2 0 0 0 0 0 0 0 0
207 3 0 0 1 0 0 0 0 0
211 8 1 1 1 0 0 2 0 0
212 2 0 0 0 0 0 0 0 0
221 2 1 1 0 0 0 0 0 0
230 6 1 1 1 0 0 2 0 0
231 4 1 1 0 0 0 0 0 0
232 1 0 0 0 0 0 0 0 0
252 2 1 1 0 0 0 0 0 0
263 7 0 0 0 0 0 3 0 0
266 5 0 0 0 0 0 2 0 0
268 4 0 0 2 0 0 1 0 0
269 4 0 0 1 0 0 1 0 0
282 1 0 0 0 0 0 0 0 0
289 1 1 1 0 0 0 0 0 0
294 18 0 0 5 0 0 0 0 0
295 8 0 0 0 0 0 4 0 0
299 9 0 0 0 0 0 0 0 0
302 10 1 1 0 0 0 0 0 0
303 28 0 0 0 0 0 0 0 0
304 24 0 0 8 0 0 4 0 0
306 4 1 1 0 0 0 0 0 0
309 3 0 0 1 0 0 0 0 0
310 1 0 0 0 0 0 0 0 0
311 5 0 0 1 0 0 0 0 0
324 11 2 2 4 0 0 2 0 0
327 4 0 0 0 0 0 0 0 0
330 3 0 0 2 0 0 1 0 0
333 9 1 1 12 0 0 0 0 0
fl=/build/glibc-FcXrgv/glibc-2.31/elf/dl-init.c
fn=_dl_init
30 42 1 1 11 4 0 0 0 0
79 10 1 1 0 0 0 9 1 1
80 1 0 0 1 0 0 0 0 0
81 1 0 0 1 1 0 0 0 0
84 4 1 1 1 0 0 0 0 0
87 3 0 0 0 0 0 1 0 0
92 3 0 0 0 0 0 0 0 0
117 1 0 0 1 0 0 0 0 0
118 24 1 1 0 0 0 0 0 0
119 50 0 0 20 2 0 0 0 0
125 6 0 0 9 0 0 0 0 0
fn=call_init.part.0
28 90 1 1 0 0 0 70 1 0
36 30 0 0 10 0 0 10 0 0
39 30 0 0 20 13 0 0 0 0
40 3 0 0 0 0 0 0 0 0
44 18 1 1 9 9 0 0 0 0
45 2 0 0 1 1 0 0 0 0
49 27 0 0 9 0 0 0 0 0
58 56 0 0 16 8 0 0 0 0
62 16 0 0 8 8 0 0 0 0
68 27 0 0 18 6 0 0 0 0
70 27 1 1 18 2 0 0 0 0
71 69 0 0 0 0 0 0 0 0
72 60 0 0 12 9 0 0 0 0
74 50 1 1 70 0 0 0 0 0
fl=/build/glibc-FcXrgv/glibc-2.31/elf/dl-load.c
fn=_dl_dst_count
231 69 1 1 0 0 0 92 3 3
234 46 0 0 0 0 0 0 0 0
237 23 0 0 0 0 0 0 0 0
238 23 1 1 0 0 0 0 0 0
257 92 0 0 92 0 0 0 0 0
fn=_dl_init_paths
681 7 1 1 0 0 0 8 0 0
694 10 1 1 2 0 0 1 0 0
698 1 0 0 0 0 0 1 0 0
699 2 0 0 0 0 0 0 0 0
700 1 0 0 0 0 0 0 0 0
707 4 0 0 0 0 0 0 0 0
708 4 0 0 1 0 0 0 0 0
711 4 1 1 0 0 0 1 0 0
713 1 0 0 0 0 0 0 0 0
719 1 0 0 0 0 0 1 0 0
720 7 0 0 0 0 0 1 0 0
728 3 0 0 0 0 0 3 0 0
730 3 0 0 0 0 0 0 0 0
731 4 0 0 0 0 0 8 4 4
733 2 0 0 0 0 0 0 0 0
734 10 1 1 3 1 1 8 1 1
735 13 0 0 0 0 0 0 0 0
738 15 0 0 3 1 1 0 0 0
739 56 0 0 0 0 0 0 0 0
740 16 0 0 0 0 0 16 1 1
742 17 1 1 0 0 0 4 0 0
748 3 1 1 0 0 0 1 0 0
749 1 0 0 0 0 0 1 0 0
753 1 0 0 1 0 0 0 0 0
754 1 0 0 0 0 0 0 0 0
756 4 0 0 1 0 0 0 0 0
758 2 0 0 1 0 0 0 0 0
775 2 0 0 0 0 0 1 0 0
777 2 1 1 1 0 0 0 0 0
791 2 2 2 0 0 0 1 0 0
796 3 1 1 1 0 0 0 0 0
798 18 0 0 0 0 0 1 0 0
802 1 0 0 0 0 0 0 0 0
803 32 0 0 15 0 0 0 0 0
804 70 1 1 0 0 0 0 0 0
807 2 0 0 0 0 0 1 0 0
808 2 0 0 0 0 0 0 0 0
809 1 0 0 0 0 0 0 0 0
815 8 1 1 0 0 0 0 0 0
818 3 0 0 2 0 0 0 0 0
824 2 0 0 0 0 0 1 0 0
828 6 1 1 8 0 0 0 0 0
fn=_dl_map_object
659 63 2 2 21 0 0 0 0 0
1927 176 1 1 0 0 0 264 5 5
1929 8 0 0 0 0 0 8 0 0
1935 44 0 0 0 0 0 0 0 0
1936 154 1 1 22 2 1 0 0 0
1939 338 0 0 92 0 0 0 0 0
1944 420 6 1 84 3 0 0 0 0
1946 336 0 0 0 0 0 0 0 0
1950 140 0 0 70 0 0 0 0 0
1951 140 0 0 70 3 0 0 0 0
1954 35 0 0 35 5 0 0 0 0
1955 70 0 0 70 26 0 0 0 0
1956 140 1 1 0 0 0 0 0 0
1972 48 1 1 8 0 0 8 0 0
1982 16 0 0 8 0 0 0 0 0
2016 8 0 0 0 0 0 8 2 2
2018 32 0 0 0 0 0 0 0 0
2022 28 1 1 0 0 0 7 0 0
2024 14 0 0 7 0 0 0 0 0
2031 21 1 1 7 0 0 0 0 0
2035 49 2 2 7 0 0 21 0 0
2040 14 0 0 7 0 0 0 0 0
2041 7 0 0 0 0 0 0 0 0
2043 49 0 0 0 0 0 21 0 0
2055 14 7 1 7 0 0 0 0 0
2056 49 0 0 21 0 0 0 0 0
2057 7 0 0 0 0 0 0 0 0
2066 42 7 1 7 0 0 7 0 0
2067 105 1 1 14 0 0 7 0 0
2073 21 0 0 0 0 0 0 0 0
2074 7 0 0 0 0 0 0 0 0
2082 7 1 1 0 0 0 7 0 0
2096 7 0 0 0 0 0 0 0 0
2098 21 0 0 7 0 0 0 0 0
2102 21 1 1 0 0 0 0 0 0
2104 7 0 0 0 0 0 0 0 0
2108 7 0 0 0 0 0 0 0 0
2116 21 0 0 7 0 0 0 0 0
2139 49 0 0 0 0 0 0 0 0
2143 14 0 0 0 0 0 0 0 0
2144 7 0 0 0 0 0 7 0 0
2161 14 0 0 7 0 0 0 0 0
2167 1 0 0 0 0 0 1 0 0
2168 3 0 0 0 0 0 0 0 0
2169 1 1 1 0 0 0 0 0 0
2170 2 0 0 0 0 0 0 0 0
2174 7 0 0 0 0 0 0 0 0
2177 2 0 0 0 0 0 0 0 0
2189 24 1 1 8 0 0 0 0 0
2191 28 0 0 0 0 0 0 0 0
2235 24 0 0 8 1 0 8 0 0
2236 96 1 1 16 0 0 16 0 0
2238 198 0 0 264 0 0 0 0 0
fn=_dl_map_object_from_fd
866 136 3 3 8 0 0 104 3 3
876 32 0 0 0 0 0 0 0 0
877 8 1 1 0 0 0 8 0 0
883 24 0 0 0 0 0 8 0 0
901 152 1 1 52 2 0 8 0 0
902 88 0 0 44 1 0 0 0 0
920 8 1 1 0 0 0 0 0 0
944 24 0 0 0 0 0 8 0 0
954 24 0 0 8 0 0 0 0 0
961 16 0 0 8 0 0 0 0 0
994 16 0 0 0 0 0 0 0 0
997 64 0 0 0 0 0 0 0 0
998 8 0 0 0 0 0 0 0 0
1009 16 0 0 0 0 0 8 7 7
1010 16 0 0 8 0 0 8 0 0
1011 16 0 0 8 0 0 8 0 0
1013 16 0 0 0 0 0 0 0 0
1014 40 1 1 24 0 0 0 0 0
1015 16 0 0 0 0 0 8 0 0
1030 8 0 0 0 0 0 0 0 0
1032 8 0 0 0 0 0 0 0 0
1034 104 1 1 8 0 0 8 6 2
1035 8 0 0 0 0 0 0 0 0
1036 8 0 0 0 0 0 0 0 0
1042 231 4 2 8 0 0 0 0 0
1043 543 9 2 61 2 2 0 0 0
1049 16 0 0 8 0 0 0 0 0
1054 16 0 0 8 0 0 8 0 0
1055 32 0 0 8 0 0 8 0 0
1060 4 0 0 2 0 0 2 0 0
1061 2 0 0 0 0 0 0 0 0
1066 80 1 1 24 0 0 0 0 0
1071 80 0 0 32 0 0 0 0 0
1079 48 0 0 0 0 0 0 0 0
1080 56 7 1 0 0 0 16 4 2
1081 96 1 1 16 0 0 0 0 0
1082 16 0 0 0 0 0 32 3 0
1083 48 0 0 16 0 0 16 0 0
1084 32 0 0 0 0 0 16 3 3
1088 40 0 0 8 0 0 0 0 0
1089 24 0 0 0 0 0 0 0 0
1093 48 0 0 0 0 0 16 0 0
1094 80 1 1 16 0 0 0 0 0
1104 16 0 0 0 0 0 0 0 0
1107 2 1 1 1 1 1 0 0 0
1111 1 0 0 0 0 0 1 1 1
1112 2 0 0 1 0 0 1 0 0
1116 5 0 0 0 0 0 1 0 0
1117 2 0 0 1 0 0 1 0 0
1120 1 0 0 0 0 0 1 0 0
1125 5 1 1 2 0 0 0 0 0
1126 32 0 0 8 3 0 8 0 0
1132 8 0 0 0 0 0 0 0 0
1140 8 0 0 8 0 0 0 0 0
1141 8 0 0 0 0 0 0 0 0
1144 16 0 0 8 0 0 8 1 1
1145 16 0 0 8 0 0 8 0 0
1157 8 0 0 0 0 0 0 0 0
1170 24 0 0 8 0 0 0 0 0
1180 64 0 0 16 0 0 24 0 0
1192 24 1 1 8 0 0 0 0 0
1201 24 1 1 8 0 0 8 0 0
1208 24 0 0 0 0 0 0 0 0
1210 32 8 1 8 0 0 0 0 0
1229 16 0 0 8 0 0 0 0 0
1248 24 0 0 8 0 0 8 0 0
1250 40 0 0 16 7 0 0 0 0
1298 16 0 0 8 7 7 0 0 0
1299 3 0 0 1 0 0 1 0 0
1302 24 1 1 0 0 0 0 0 0
1311 24 0 0 8 0 0 0 0 0
1313 32 0 0 16 0 0 8 0 0
1315 24 0 0 8 0 0 0 0 0
1331 16 1 1 0 0 0 0 0 0
1335 8 0 0 0 0 0 0 0 0
1336 16 0 0 8 0 0 0 0 0
1353 16 0 0 8 0 0 0 0 0
1354 6 0 0 2 0 0 2 1 0
1357 24 0 0 16 0 0 16 0 0
1362 16 0 0 8 0 0 0 0 0
1372 32 1 1 8 0 0 0 0 0
1381 16 0 0 8 0 0 0 0 0
1382 4 0 0 1 0 0 0 0 0
1387 2 0 0 0 0 0 1 0 0
1394 24 0 0 0 0 0 0 0 0
1398 32 1 1 8 0 0 0 0 0
1417 72 0 0 96 0 0 0 0 0
fn=expand_dynamic_string_token
378 12 2 2 0 0 0 12 1 1
388 4 0 0 0 0 0 0 0 0
391 2 0 0 0 0 0 0 0 0
392 4 0 0 0 0 0 0 0 0
403 6 0 0 12 0 0 0 0 0
fn=fillin_rpath
447 14 2 2 0 0 0 15 0 0
449 1 0 0 0 0 0 0 0 0
451 10 1 1 0 0 0 0 0 0
458 2 0 0 1 0 0 0 0 0
460 4 1 1 0 0 0 0 0 0
464 1 0 0 0 0 0 0 0 0
469 2 0 0 0 0 0 0 0 0
470 1 0 0 0 0 0 0 0 0
477 6 0 0 1 0 0 0 0 0
482 5 1 1 0 0 0 1 0 0
486 15 1 1 6 0 0 0 0 0
487 12 0 0 4 0 0 0 0 0
505 4 1 1 1 0 0 1 0 0
509 15 1 1 3 0 0 5 0 0
511 2 0 0 2 0 0 0 0 0
515 1 0 0 0 0 0 1 1 1
516 1 0 0 0 0 0 0 0 0
517 5 0 0 0 0 0 2 0 0
518 1 0 0 0 0 0 1 0 0
520 5 1 1 2 0 0 0 0 0
526 5 0 0 1 0 0 0 0 0
527 15 0 0 0 0 0 0 0 0
528 4 0 0 0 0 0 4 0 0
530 2 1 1 1 0 0 1 0 0
531 2 0 0 1 0 0 0 0 0
536 2 0 0 0 0 0 1 0 0
538 1 0 0 0 0 0 1 0 0
539 2 0 0 1 0 0 1 0 0
542 3 0 0 0 0 0 1 0 0
544 2 1 1 0 0 0 0 0 0
548 1 0 0 0 0 0 1 0 0
551 8 0 0 12 0 0 0 0 0
fn=open_path
1443 21 0 0 0 0 0 7 0 0
1779 91 14 2 0 0 0 126 3 3
1780 14 0 0 7 0 0 7 1 1
1783 7 0 0 0 0 0 7 0 0
1784 14 0 0 7 0 0 7 0 0
1786 7 0 0 0 0 0 0 0 0
1789 7 0 0 0 0 0 0 0 0
1791 154 8 2 21 0 0 7 1 1
1798 7 0 0 0 0 0 0 0 0
1803 21 0 0 7 0 0 0 0 0
1810 28 0 0 14 1 0 0 0 0
1811 195 6 2 35 0 0 4 0 0
1814 84 0 0 28 0 0 0 0 0
1818 110 0 0 40 1 0 0 0 0
1821 20 1 1 0 0 0 10 0 0
1824 30 0 0 10 0 0 0 0 0
1827 80 0 0 30 0 0 0 0 0
1829 20 0 0 10 0 0 0 0 0
1831 8 1 1 0 0 0 0 0 0
1836 16 1 1 0 0 0 0 0 0
1837 36 1 1 12 0 0 0 0 0
1843 16 2 2 4 0 0 4 0 0
1845 20 0 0 4 0 0 0 0 0
1846 2 0 0 1 1 1 0 0 0
1848 12 0 0 0 0 0 0 0 0
1855 18 0 0 0 0 0 0 0 0
1857 24 0 0 0 0 0 0 0 0
1858 21 0 0 0 0 0 7 0 0
1865 14 0 0 0 0 0 7 0 0
1875 80 1 1 0 0 0 0 0 0
1896 42 1 1 7 0 0 0 0 0
1901 21 0 0 7 0 0 7 0 0
1903 28 0 0 14 0 0 7 0 0
1906 7 1 1 0 0 0 0 0 0
1920 63 0 0 84 0 0 0 0 0
fn=open_verify.isra.0.constprop.0
1466 234 9 2 0 0 0 216 3 1
1505 108 0 0 18 0 0 0 0 0
1518 10 0 0 0 0 0 0 0 0
1536 72 0 0 0 0 0 0 0 0
1538 36 0 0 0 0 0 0 0 0
1543 8 0 0 0 0 0 0 0 0
1549 24 8 1 0 0 0 8 0 0
1550 16 0 0 0 0 0 8 1 1
1555 40 0 0 0 0 0 0 0 0
1557 24 0 0 8 0 0 0 0 0
1559 16 0 0 0 0 0 8 0 0
1561 16 0 0 0 0 0 0 0 0
1567 16 1 1 0 0 0 0 0 0
1583 212 3 3 64 3 1 0 0 0
1657 24 0 0 8 0 0 0 0 0
1662 24 1 1 8 0 0 0 0 0
1664 40 0 0 8 0 0 0 0 0
1670 24 0 0 8 1 1 0 0 0
1676 16 0 0 8 0 0 0 0 0
1677 32 2 1 8 0 0 0 0 0
1678 8 0 0 0 0 0 0 0 0
1698 248 0 0 40 0 0 0 0 0
1699 159 1 1 53 11 11 0 0 0
1700 32 0 0 8 0 0 0 0 0
1704 40 0 0 16 0 0 0 0 0
1705 8 0 0 0 0 0 0 0 0
1729 91 3 3 31 3 3 0 0 0
1731 8 0 0 0 0 0 0 0 0
1732 80 0 0 24 0 0 0 0 0
1735 24 0 0 0 0 0 0 0 0
1740 5 0 0 0 0 0 0 0 0
1741 5 0 0 0 0 0 0 0 0
1744 5 0 0 0 0 0 0 0 0
1747 10 1 1 5 0 0 0 0 0
1748 10 0 0 5 0 0 0 0 0
1749 5 0 0 5 1 1 0 0 0
1750 10 0 0 5 0 0 0 0 0
1751 25 0 0 5 0 0 0 0 0
1761 24 2 1 0 0 0 0 0 0
1765 162 1 1 216 0 0 0 0 0
fl=/build/glibc-FcXrgv/glibc-2.31/elf/dl-lookup.c
fn=_dl_lookup_symbol_x
581 528 0 0 0 0 0 0 0 0
582 7342 53 16 3539 243 197 0 0 0
583 6550 0 0 0 0 0 0 0 0
841 4224 98 30 0 0 0 3696 88 24
843 528 0 0 0 0 0 264 28 6
844 264 0 0 0 0 0 528 7 0
847 1320 0 0 264 44 18 264 0 0
851 497 0 0 0 0 0 0 0 0
853 1320 53 16 528 0 0 264 0 0
854 1056 0 0 792 70 19 0 0 0
860 356 0 0 46 30 0 0 0 0
861 3409 51 17 505 14 0 1056 13 4
866 528 0 0 264 0 0 0 0 0
868 115 1 1 23 1 0 0 0 0
885 23 0 0 0 0 0 23 0 0
886 46 1 1 0 0 0 0 0 0
890 1687 0 0 482 1 0 0 0 0
930 1205 50 15 241 0 0 0 0 0
944 482 0 0 241 76 17 0 0 0
945 3 2 2 0 0 0 1 0 0
947 964 0 0 241 0 0 0 0 0
952 482 0 0 241 0 0 241 0 0
954 2376 49 17 3168 0 0 0 0 0
fn=_dl_setup_hash
964 20 1 1 10 0 0 0 0 0
966 10 0 0 10 0 0 0 0 0
968 20 0 0 10 10 10 10 1 1
970 10 0 0 20 1 1 0 0 0
972 30 0 0 0 0 0 0 0 0
973 10 0 0 0 0 0 10 0 0
974 30 2 1 10 0 0 10 0 0
976 10 0 0 0 0 0 10 0 0
977 20 0 0 0 0 0 0 0 0
979 10 0 0 0 0 0 10 0 0
980 10 0 0 0 0 0 0 0 0
981 30 0 0 0 0 0 10 0 0
986 10 0 0 0 0 0 0 0 0
fn=check_match
75 3211 43 16 741 24 14 1729 64 18
78 1235 42 14 247 176 107 0 0 0
83 6 1 0 0 0 0 0 0 0
91 1482 0 0 0 0 0 0 0 0
94 1382 42 14 180 0 0 0 0 0
98 241 1 1 241 9 0 0 0 0
99 241 0 0 0 0 0 0 0 0
101 233 0 0 0 0 0 0 0 0
120 233 0 0 233 142 94 0 0 0
121 2097 0 0 699 76 19 0 0 0
122 932 43 16 466 3 0 0 0 0
149 8 0 0 0 0 0 0 0 0
151 32 0 0 8 6 5 0 0 0
152 24 0 0 0 0 0 0 0 0
155 2 1 1 0 0 0 0 0 0
156 12 0 0 6 0 0 2 0 0
158 6 0 0 2 0 0 2 0 0
160 241 39 15 0 0 0 0 0 0
167 1235 0 0 1729 0 0 0 0 0
fn=do_lookup_x
294 2868 45 14 1195 0 0 0 0 0
318 242 7 4 110 0 0 0 0 0
368 3960 80 36 792 0 0 4488 162 53
369 264 0 0 264 4 0 0 0 0
374 264 0 0 0 0 0 0 0 0
375 1056 0 0 264 0 0 264 0 0
379 2136 41 17 2136 354 67 0 0 0
382 2136 0 0 0 0 0 0 0 0
386 2202 0 0 22 1 0 0 0 0
390 2126 0 0 1063 253 42 0 0 0
394 3189 0 0 1063 43 16 0 0 0
395 1056 0 0 0 0 0 264 0 0
400 2126 0 0 1063 153 14 0 0 0
404 1063 0 0 0 0 0 1063 0 0
405 1063 0 0 0 0 0 1063 0 0
408 2126 0 0 3189 253 32 0 0 0
409 1063 40 16 1063 357 34 0 0 0
412 1063 0 0 1063 0 0 0 0 0
413 1063 0 0 0 0 0 0 0 0
415 1063 0 0 1063 720 224 0 0 0
416 528 0 0 0 0 0 264 0 0
417 3189 0 0 2126 0 0 0 0 0
420 2126 0 0 1063 0 0 0 0 0
423 4252 0 0 0 0 0 0 0 0
426 546 0 0 546 229 140 0 0 0
427 819 49 16 0 0 0 0 0 0
428 273 0 0 0 0 0 0 0 0
430 4176 42 16 783 0 0 1305 0 0
433 2720 40 22 544 248 168 0 0 0
435 494 0 0 247 0 0 0 0 0
436 3211 43 22 741 0 0 741 22 6
437 494 0 0 0 0 0 0 0 0
440 263 0 0 8 0 0 0 0 0
443 610 0 0 0 0 0 0 0 0
474 68 7 4 24 0 0 0 0 0
476 2 0 0 0 0 0 0 0 0
482 482 43 15 241 0 0 0 0 0
498 1848 39 18 0 0 0 264 0 0
533 482 39 14 0 0 0 0 0 0
536 1700 0 0 241 0 0 0 0 0
540 171 28 12 57 31 9 0 0 0
552 241 0 0 241 0 0 0 0 0
553 241 0 0 0 0 0 482 0 0
554 241 0 0 0 0 0 0 0 0
571 2481 0 0 0 0 0 0 0 0
574 23 0 0 0 0 0 0 0 0
575 2112 0 0 3168 1 0 0 0 0
fl=/build/glibc-FcXrgv/glibc-2.31/elf/dl-minimal.c
fn=calloc
92 20 9 1 0 0 0 0 0 0
96 20 0 0 0 0 0 0 0 0
99 20 0 0 0 0 0 0 0 0
100 80 1 1 0 0 0 0 0 0
103 20 0 0 0 0 0 0 0 0
fn=free
109 27 0 0 0 0 0 36 1 1
111 45 0 0 9 0 0 0 0 0
118 27 1 1 36 0 0 0 0 0
fn=malloc
49 208 1 1 0 0 0 208 4 3
50 258 0 0 103 0 0 0 0 0
55 6 0 0 2 0 0 1 0 0
56 4 1 1 1 0 0 0 0 0
57 2 0 0 0 0 0 0 0 0
61 156 0 0 0 0 0 52 0 0
62 52 0 0 0 0 0 0 0 0
64 303 2 1 0 0 0 0 0 0
69 15 0 0 3 1 0 0 0 0
70 9 0 0 0 0 0 0 0 0
72 6 0 0 0 0 0 3 0 0
73 24 0 0 0 0 0 0 0 0
75 6 0 0 0 0 0 0 0 0
77 12 0 0 3 0 0 0 0 0
79 14 0 0 3 0 0 3 0 0
82 104 15 1 0 0 0 104 0 0
85 156 0 0 208 0 0 0 0 0
fn=strsep
265 4 1 1 2 1 1 0 0 0
267 4 0 0 2 0 0 0 0 0
268 2 0 0 0 0 0 0 0 0
272 74 1 1 15 0 0 0 0 0
277 56 0 0 0 0 0 0 0 0
279 56 0 0 28 0 0 0 0 0
290 1 0 0 0 0 0 1 0 0
293 1 0 0 0 0 0 0 0 0
294 2 0 0 0 0 0 0 0 0
fl=/build/glibc-FcXrgv/glibc-2.31/elf/dl-misc.c
fn=_dl_name_match_p
282 1080 2 2 0 0 0 864 2 2
283 648 0 0 216 3 0 0 0 0
284 34 0 0 0 0 0 0 0 0
286 216 0 0 216 2 0 0 0 0
288 428 0 0 0 0 0 0 0 0
289 984 0 0 246 14 0 0 0 0
292 212 0 0 212 0 0 0 0 0
294 182 1 1 0 0 0 0 0 0
295 648 0 0 864 0 0 0 0 0
fn=_dl_sysdep_read_whole_file
44 6 1 1 0 0 0 5 0 0
47 2 0 0 0 0 0 0 0 0
48 1 0 0 0 0 0 0 0 0
50 6 1 1 0 0 0 0 0 0
52 2 0 0 1 0 0 1 0 0
55 1 0 0 0 0 0 0 0 0
57 8 1 1 0 0 0 0 0 0
68 2 0 0 0 0 0 0 0 0
71 5 0 0 5 0 0 0 0 0
fl=/build/glibc-FcXrgv/glibc-2.31/elf/dl-object.c
fn=_dl_add_to_namespace_list
31 63 9 1 0 0 0 63 0 0
33 54 9 1 9 0 0 0 0 0
35 63 0 0 9 0 0 0 0 0
38 132 0 0 44 2 0 0 0 0
40 8 0 0 0 0 0 8 0 0
42 8 0 0 0 0 0 8 0 0
45 2 0 0 0 0 0 1 0 0
46 72 1 1 9 0 0 9 0 0
47 18 0 0 9 3 0 9 0 0
48 18 0 0 0 0 0 9 0 0
50 36 0 0 9 0 0 0 0 0
51 36 0 0 63 0 0 0 0 0
fn=_dl_new_object
59 108 10 2 0 0 0 108 4 4
62 27 0 0 0 0 0 9 0 0
64 1 1 1 0 0 0 0 0 0
65 1 0 0 0 0 0 0 0 0
69 6 0 0 0 0 0 0 0 0
74 2 0 0 0 0 0 0 0 0
77 80 8 0 8 0 0 0 0 0
89 36 1 1 0 0 0 9 0 0
92 9 0 0 0 0 0 0 0 0
95 9 0 0 0 0 0 9 9 9
96 27 0 0 0 0 0 9 9 9
99 18 1 1 0 0 0 18 1 1
100 9 0 0 0 0 0 0 0 0
101 45 0 0 9 0 0 9 7 7
103 27 0 0 9 0 0 9 0 0
116 18 0 0 9 0 0 0 0 0
122 27 0 0 0 0 0 0 0 0
124 27 2 1 9 9 9 9 0 0
127 36 0 0 9 1 1 9 0 0
128 26 3 1 8 0 0 9 9 9
129 9 0 0 0 0 0 9 0 0
133 18 0 0 0 0 0 9 0 0
136 51 1 1 1 0 0 0 0 0
138 16 0 0 0 0 0 16 5 5
146 18 0 0 0 0 0 9 7 7
147 18 1 1 0 0 0 9 9 9
150 1 1 1 0 0 0 0 0 0
152 54 2 0 9 0 0 0 0 0
154 32 0 0 0 0 0 8 1 1
157 10 0 0 0 0 0 0 0 0
161 24 0 0 8 0 0 0 0 0
165 32 0 0 0 0 0 0 0 0
167 2 0 0 0 0 0 0 0 0
173 1 0 0 0 0 0 1 1 1
176 18 1 1 0 0 0 9 0 0
186 9 0 0 0 0 0 0 0 0
188 32 0 0 0 0 0 0 0 0
192 24 0 0 0 0 0 0 0 0
196 24 1 0 0 0 0 0 0 0
197 8 0 0 0 0 0 0 0 0
205 8 0 0 0 0 0 0 0 0
209 8 0 0 0 0 0 0 0 0
222 16 0 0 0 0 0 0 0 0
242 24 1 1 0 0 0 0 0 0
247 122 0 0 0 0 0 0 0 0
248 366 0 0 122 0 0 0 0 0
250 16 0 0 0 0 0 0 0 0
253 8 0 0 0 0 0 8 0 0
256 8 0 0 0 0 0 8 0 0
260 72 0 0 108 0 0 0 0 0
fl=/build/glibc-FcXrgv/glibc-2.31/elf/dl-open.c
fn=_dl_find_dso_for_object
201 5 1 1 0 0 0 6 0 0
205 7 1 1 1 0 0 1 0 0
206 6 1 1 3 2 0 0 0 0
207 18 0 0 6 1 0 0 0 0
208 2 0 0 1 0 0 0 0 0
211 3 1 1 1 1 0 0 0 0
215 6 0 0 7 0 0 0 0 0
fl=/build/glibc-FcXrgv/glibc-2.31/elf/dl-profstub.c
fn=_dl_mcount_wrapper_check
37 159 0 0 0 0 0 0 0 0
38 636 30 10 318 23 7 0 0 0
39 159 0 0 0 0 0 0 0 0
fl=/build/glibc-FcXrgv/glibc-2.31/elf/dl-reloc.c
fn=_dl_protect_relro
309 50 1 1 10 0 0 40 1 0
310 70 0 0 30 7 0 0 0 0
313 30 1 1 10 0 0 0 0 0
317 20 0 0 0 0 0 0 0 0
318 40 0 0 0 0 0 0 0 0
324 30 0 0 30 0 0 0 0 0
fn=_dl_relocate_object
148 120 2 2 0 0 0 130 0 0
158 10 0 0 0 0 0 0 0 0
159 40 0 0 0 0 0 20 0 0
163 10 0 0 0 0 0 0 0 0
164 60 0 0 10 4 0 10 0 0
170 20 0 0 10 0 0 0 0 0
176 20 0 0 10 0 0 0 0 0
177 10 1 1 10 10 0 0 0 0
178 30 0 0 0 0 0 0 0 0
180 30 1 1 10 1 0 0 0 0
187 30 0 0 10 7 0 10 0 0
227 30 0 0 20 5 0 10 0 0
255 421 2 2 199 48 2 87 0 0
258 20 1 1 10 0 0 0 0 0
282 30 0 0 10 1 0 10 0 0
285 20 0 0 10 0 0 0 0 0
302 20 0 0 10 5 0 0 0 0
303 20 1 1 0 0 0 0 0 0
304 80 0 0 120 16 0 0 0 0
fl=/build/glibc-FcXrgv/glibc-2.31/elf/dl-runtime.c
fn=_dl_fixup
66 363 51 15 0 0 0 484 18 4
68 121 0 0 242 99 35 0 0 0
69 121 0 0 121 0 0 0 0 0
72 363 53 15 242 136 38 0 0 0
73 726 0 0 242 79 27 121 0 0
75 363 0 0 242 172 96 0 0 0
80 242 0 0 0 0 0 0 0 0
84 363 0 0 121 118 108 0 0 0
86 240 0 0 0 0 0 0 0 0
88 363 52 15 121 64 19 121 0 0
92 240 0 0 240 170 93 0 0 0
93 480 0 0 120 56 19 0 0 0
94 120 0 0 120 59 25 0 0 0
101 121 0 0 0 0 0 0 0 0
102 484 46 15 121 27 2 0 0 0
112 1089 0 0 242 59 18 0 0 0
116 242 0 0 121 0 0 0 0 0
126 1452 49 15 605 0 0 0 0 0
141 484 0 0 121 0 0 0 0 0
145 363 0 0 121 20 6 0 0 0
149 484 0 0 484 0 0 0 0 0
fl=/build/glibc-FcXrgv/glibc-2.31/elf/dl-sort-maps.c
fn=_dl_sort_maps
28 18 4 4 0 0 0 26 0 0
30 4 0 0 0 0 0 0 0 0
33 4 0 0 0 0 0 2 0 0
34 38 4 4 4 0 0 2 0 0
35 22 0 0 0 0 0 6 0 0
39 120 0 0 20 0 0 40 0 0
40 80 2 2 20 0 0 20 0 0
42 20 0 0 0 0 0 0 0 0
46 60 1 1 20 0 0 0 0 0
54 450 2 2 56 0 0 0 0 0
56 152 0 0 152 9 8 0 0 0
57 76 0 0 0 0 0 0 0 0
59 428 2 2 214 7 7 0 0 0
60 586 0 0 0 0 0 0 0 0
65 12 0 0 0 0 0 6 0 0
66 2 0 0 0 0 0 0 0 0
67 4 2 2 4 0 0 2 0 0
69 4 0 0 2 0 0 0 0 0
77 12 0 0 4 0 0 0 0 0
84 8 0 0 2 0 0 0 0 0
85 4 1 1 2 0 0 2 0 0
87 2 0 0 0 0 0 0 0 0
90 148 1 1 37 0 0 0 0 0
115 90 0 0 20 0 0 0 0 0
118 144 2 2 16 0 0 0 0 0
122 16 0 0 24 0 0 0 0 0
fl=/build/glibc-FcXrgv/glibc-2.31/elf/dl-tls.c
fn=_dl_add_to_slotinfo
887 8 2 2 0 0 0 7 0 0
893 1 0 0 1 0 0 0 0 0
896 3 0 0 1 1 0 0 0 0
901 3 1 1 1 0 0 0 0 0
942 1 0 0 0 0 0 0 0 0
944 1 0 0 0 0 0 2 1 0
945 4 0 0 1 0 0 0 0 0
947 5 0 0 7 0 0 0 0 0
fn=_dl_allocate_tls_init
437 4 1 1 0 0 0 4 2 0
438 1 0 0 0 0 0 0 0 0
442 2 0 0 1 1 0 2 0 0
444 1 0 0 0 0 0 0 0 0
445 1 0 0 0 0 0 0 0 0
448 9 1 1 2 1 0 6 0 0
460 2 0 0 1 0 0 0 0 0
465 12 1 1 1 1 0 0 0 0
471 6 1 1 0 0 0 0 0 0
474 1 0 0 1 1 0 0 0 0
475 1 0 0 0 0 0 0 0 0
481 5 0 0 2 0 0 0 0 0
482 2 0 0 0 0 0 0 0 0
484 5 1 1 1 1 0 1 1 1
485 1 0 0 0 0 0 1 0 0
487 2 0 0 0 0 0 0 0 0
488 2 0 0 1 1 0 0 0 0
491 2 0 0 0 0 0 0 0 0
492 4 0 0 2 0 0 0 0 0
497 1 0 0 0 0 0 0 0 0
504 1 0 0 0 0 0 1 0 0
507 9 0 0 5 0 0 0 0 0
521 5 1 1 8 0 0 1 0 0
524 4 0 0 4 0 0 0 0 0
fn=_dl_allocate_tls_storage
332 4 2 2 0 0 0 5 0 0
345 3 0 0 1 0 0 0 0 0
346 4 0 0 1 0 0 0 0 0
347 1 0 0 0 0 0 0 0 0
367 5 0 0 0 0 0 0 0 0
374 4 0 0 0 0 0 0 0 0
379 2 0 0 0 0 0 1 1 1
381 3 1 1 0 0 0 0 0 0
382 1 0 0 0 0 0 0 0 0
385 5 0 0 5 0 0 0 0 0
fn=_dl_count_modids
113 4 1 1 1 0 0 0 0 0
114 1 0 0 1 1 1 0 0 0
129 1 0 0 0 0 0 0 0 0
fn=_dl_determine_tlsoffset
135 2 0 0 0 0 0 2 0 0
136 1 0 0 0 0 0 0 0 0
137 1 0 0 0 0 0 0 0 0
138 1 0 0 0 0 0 0 0 0
141 4 2 2 1 0 0 0 0 0
144 2 0 0 1 0 0 0 0 0
225 1 0 0 0 0 0 0 0 0
227 9 1 1 2 1 1 0 0 0
229 4 1 1 1 0 0 0 0 0
231 3 0 0 1 0 0 0 0 0
232 2 0 0 1 0 0 0 0 0
234 2 0 0 0 0 0 0 0 0
236 5 0 0 1 0 0 0 0 0
250 4 1 1 0 0 0 0 0 0
251 1 0 0 0 0 0 0 0 0
252 3 0 0 0 0 0 0 0 0
254 2 0 0 0 0 0 1 0 0
255 1 0 0 0 0 0 0 0 0
258 3 0 0 0 0 0 0 0 0
261 1 0 0 0 0 0 0 0 0
264 2 0 0 0 0 0 1 0 0
265 1 0 0 0 0 0 1 0 0
272 1 0 0 0 0 0 1 0 0
273 2 0 0 2 0 0 0 0 0
fn=_dl_get_tls_static_info
309 4 0 0 1 1 0 1 1 1
310 2 0 0 1 0 0 1 0 0
311 1 0 0 0 0 0 0 0 0
fn=_dl_next_tls_modid
51 5 1 1 2 0 0 0 0 0
99 3 0 0 0 0 0 1 0 0
103 1 0 0 0 0 0 0 0 0
fn=allocate_dtv
278 4 1 1 0 0 0 4 0 0
285 3 1 1 1 0 0 0 0 0
286 3 0 0 0 0 0 0 0 0
287 1 0 0 0 0 0 0 0 0
290 3 0 0 0 0 0 1 1 1
296 1 0 0 0 0 0 1 0 0
302 3 0 0 4 0 0 0 0 0
fl=/build/glibc-FcXrgv/glibc-2.31/elf/dl-tunables.c
fn=__GI___tunables_init
67 42 1 1 14 0 0 0 0 0
70 26 0 0 0 0 0 0 0 0
73 709 1 1 116 5 5 0 0 0
77 13 0 0 0 0 0 0 0 0
82 39 0 0 0 0 0 0 0 0
278 3 0 0 1 0 0 0 0 0
287 8 2 2 0 0 0 12 2 2
310 1092 1 1 0 0 0 0 0 0
316 1092 0 0 546 0 0 0 0 0
328 65 0 0 13 0 0 0 0 0
362 7 0 0 12 0 0 0 0 0
fn=__tunable_get_val
371 219 9 2 22 11 3 0 0 0
380 26 0 0 22 3 1 4 1 0
390 18 2 1 0 0 0 18 0 0
391 18 0 0 0 0 0 0 0 0
397 220 1 1 22 3 1 0 0 0
399 22 0 0 0 0 0 0 0 0
fl=/build/glibc-FcXrgv/glibc-2.31/elf/dl-tunables.h
fn=__GI___tunables_init
119 799 0 0 268 9 9 0 0 0
120 454 1 1 0 0 0 0 0 0
fl=/build/glibc-FcXrgv/glibc-2.31/elf/dl-version.c
fn=_dl_check_all_versions
362 3 1 1 0 0 0 4 1 0
364 5 0 0 0 0 0 2 0 0
366 22 0 0 10 0 0 0 0 0
367 10 0 0 10 3 0 0 0 0
368 80 1 1 0 0 0 0 0 0
371 5 0 0 6 1 0 0 0 0
fn=_dl_check_map_versions
37 272 1 1 40 0 0 0 0 0
38 112 0 0 112 0 0 0 0 0
39 528 1 1 0 0 0 0 0 0
57 66 0 0 66 5 0 0 0 0
65 99 1 1 33 0 0 0 0 0
66 60 0 0 0 0 0 20 0 0
71 66 0 0 33 4 0 0 0 0
87 33 0 0 33 10 0 0 0 0
88 33 0 0 0 0 0 0 0 0
90 66 0 0 33 2 0 0 0 0
95 453 1 1 151 13 13 0 0 0
109 453 0 0 151 4 4 0 0 0
111 33 1 1 33 0 0 0 0 0
114 165 0 0 33 0 0 0 0 0
121 236 0 0 118 3 3 0 0 0
125 118 0 0 0 0 0 0 0 0
143 8 0 0 0 0 0 0 0 0
156 50 2 2 0 0 0 60 2 0
157 10 0 0 0 0 0 10 0 0
165 10 0 0 0 0 0 0 0 0
171 20 0 0 10 2 0 0 0 0
173 20 0 0 10 3 0 10 1 0
175 20 0 0 10 2 1 10 0 0
176 20 0 0 10 1 0 10 0 0
178 10 0 0 0 0 0 0 0 0
181 64 1 1 16 3 0 72 0 0
185 24 0 0 8 7 7 0 0 0
199 12 0 0 0 0 0 0 0 0
201 80 0 0 60 1 1 0 0 0
209 40 0 0 20 0 0 0 0 0
214 120 0 0 40 3 3 20 0 0
218 335 1 1 234 1 0 8 0 0
220 33 0 0 33 9 9 0 0 0
222 79 0 0 33 0 0 33 0 0
225 132 0 0 33 0 0 0 0 0
228 86 0 0 33 0 0 0 0 0
233 13 0 0 0 0 0 0 0 0
237 60 1 1 40 0 0 0 0 0
242 24 0 0 0 0 0 12 0 0
251 53 1 1 74 0 0 0 0 0
254 35 0 0 21 2 0 0 0 0
257 208 0 0 52 10 7 0 0 0
260 104 0 0 52 3 2 0 0 0
264 45 0 0 0 0 0 0 0 0
268 9 1 1 0 0 0 0 0 0
273 9 0 0 0 0 0 9 7 0
274 45 1 1 0 0 0 0 0 0
275 9 0 0 0 0 0 0 0 0
285 9 1 1 0 0 0 9 0 0
288 27 0 0 18 14 0 9 1 0
290 18 0 0 9 0 0 0 0 0
293 40 0 0 24 0 0 0 0 0
295 12 1 1 0 0 0 0 0 0
297 60 0 0 20 0 0 0 0 0
300 66 0 0 33 0 0 0 0 0
302 66 0 0 0 0 0 0 0 0
304 107 1 1 33 0 0 0 0 0
305 66 0 0 0 0 0 66 15 15
306 99 0 0 33 0 0 33 3 3
307 99 0 0 33 0 0 33 0 0
310 66 0 0 33 0 0 0 0 0
315 13 0 0 0 0 0 0 0 0
318 40 0 0 20 0 0 0 0 0
323 12 0 0 0 0 0 0 0 0
328 18 0 0 9 0 0 0 0 0
331 35 0 0 21 0 0 0 0 0
335 45 0 0 90 0 0 0 0 0
337 104 0 0 52 0 0 0 0 0
341 45 0 0 45 0 0 0 0 0
342 187 0 0 0 0 0 45 14 14
343 135 0 0 45 0 0 45 0 0
344 45 0 0 0 0 0 45 4 4
347 104 1 1 52 0 0 0 0 0
351 45 0 0 0 0 0 0 0 0
357 40 0 0 50 0 0 0 0 0
fl=/build/glibc-FcXrgv/glibc-2.31/elf/do-rel.h
fn=_dl_relocate_object
46 20 0 0 0 0 0 0 0 0
47 20 0 0 0 0 0 0 0 0
48 20 0 0 20 2 0 0 0 0
58 20 0 0 0 0 0 0 0 0
61 2151 0 0 0 0 0 0 0 0
83 11 0 0 11 2 0 0 0 0
84 11 1 1 11 0 0 0 0 0
86 22 0 0 0 0 0 0 0 0
98 44 1 1 0 0 0 0 0 0
108 11 0 0 1 1 1 0 0 0
111 4973 1 1 0 0 0 0 0 0
118 22 0 0 11 10 0 0 0 0
121 10 0 0 10 2 0 0 0 0
124 494 1 1 9 0 0 0 0 0
136 465 1 1 465 110 80 0 0 0
137 620 0 0 0 0 0 155 2 0
138 569 0 0 155 4 0 0 0 0
139 155 0 0 0 0 0 0 0 0
160 25 0 0 1 0 0 2 0 0
170 30 1 1 10 1 1 5 0 0
171 5 0 0 0 0 0 0 0 0
fn=_dl_start
83 1 0 0 1 0 0 0 0 0
84 1 0 0 1 0 0 0 0 0
111 159 0 0 0 0 0 0 0 0
116 2 0 0 1 0 0 0 0 0
124 42 0 0 6 0 0 0 0 0
136 24 1 1 24 3 3 0 0 0
137 24 0 0 0 0 0 0 0 0
139 12 0 0 0 0 0 0 0 0
fl=/build/glibc-FcXrgv/glibc-2.31/elf/get-dynamic-info.h
fn=_dl_map_object_from_fd
42 8 0 0 0 0 0 0 0 0
46 8 0 0 0 0 0 0 0 0
48 434 0 0 217 60 60 0 0 0
50 418 0 0 0 0 0 0 0 0
52 102 0 0 0 0 0 0 0 0
53 67 0 0 0 0 0 0 0 0
60 24 0 0 0 0 0 0 0 0
63 161 0 0 0 0 0 0 0 0
64 145 0 0 0 0 0 43 15 15
65 32 0 0 0 0 0 0 0 0
67 8 0 0 0 0 0 0 0 0
68 40 0 0 0 0 0 0 0 0
69 16 0 0 0 0 0 0 0 0
71 40 1 1 0 0 0 0 0 0
72 24 1 1 0 0 0 0 0 0
73 332 1 1 0 0 0 166 32 32
81 8 1 1 0 0 0 0 0 0
101 31 0 0 13 0 0 5 0 0
102 40 0 0 16 0 0 8 0 0
103 40 1 1 16 0 0 8 0 0
104 40 0 0 16 0 0 8 0 0
106 40 0 0 16 0 0 8 0 0
111 40 0 0 16 0 0 8 0 0
112 37 2 1 15 1 1 7 0 0
113 40 0 0 16 0 0 8 0 0
118 16 0 0 8 0 0 0 0 0
123 24 0 0 8 0 0 0 0 0
130 16 8 1 8 0 0 0 0 0
131 32 0 0 16 0 0 0 0 0
149 16 0 0 8 0 0 0 0 0
163 16 0 0 8 0 0 0 0 0
165 6 2 1 2 0 0 2 0 0
166 2 0 0 0 0 0 0 0 0
167 2 0 0 0 0 0 1 0 0
175 6 0 0 2 0 0 0 0 0
180 2 0 0 0 0 0 0 0 0
183 16 6 0 8 0 0 0 0 0
fn=_dl_start
33 1 0 0 0 0 0 0 0 0
48 42 0 0 21 6 6 0 0 0
50 40 1 1 0 0 0 0 0 0
52 10 0 0 0 0 0 0 0 0
53 7 0 0 0 0 0 0 0 0
60 3 0 0 0 0 0 0 0 0
63 16 1 1 0 0 0 0 0 0
64 14 0 0 0 0 0 4 0 0
65 4 1 1 0 0 0 0 0 0
67 1 0 0 0 0 0 0 0 0
68 5 1 1 0 0 0 0 0 0
69 2 0 0 0 0 0 0 0 0
71 5 0 0 0 0 0 0 0 0
72 3 0 0 0 0 0 0 0 0
73 18 1 1 0 0 0 16 0 0
81 1 0 0 0 0 0 0 0 0
101 5 0 0 2 0 0 1 0 0
102 5 1 1 2 0 0 1 0 0
103 5 0 0 2 0 0 1 0 0
104 5 0 0 2 0 0 1 0 0
106 5 1 1 2 0 0 1 0 0
111 5 0 0 2 0 0 1 0 0
112 5 0 0 2 0 0 1 0 0
113 5 0 0 2 0 0 1 0 0
118 2 1 1 1 0 0 0 0 0
123 3 0 0 1 0 0 0 0 0
130 2 0 0 1 0 0 0 0 0
131 4 0 0 2 0 0 0 0 0
139 2 0 0 1 0 0 0 0 0
142 2 1 1 1 0 0 0 0 0
146 2 0 0 1 0 0 0 0 0
147 2 0 0 1 0 0 0 0 0
fn=dl_main
33 1 0 0 1 0 0 0 0 0
42 1 0 0 0 0 0 0 0 0
46 1 0 0 0 0 0 0 0 0
48 62 1 1 31 8 8 0 0 0
50 60 0 0 0 0 0 0 0 0
52 8 0 0 0 0 0 0 0 0
53 6 0 0 0 0 0 0 0 0
60 3 1 1 0 0 0 0 0 0
63 13 1 1 0 0 0 0 0 0
64 11 1 1 0 0 0 3 2 2
65 4 1 1 0 0 0 0 0 0
67 1 0 0 0 0 0 0 0 0
68 5 0 0 0 0 0 0 0 0
69 2 0 0 0 0 0 0 0 0
71 5 1 1 0 0 0 0 0 0
72 3 0 0 0 0 0 0 0 0
73 28 0 0 0 0 0 27 3 3
81 2 0 0 1 0 0 0 0 0
118 2 1 1 1 0 0 0 0 0
123 3 0 0 1 0 0 0 0 0
130 2 0 0 1 0 0 0 0 0
131 4 1 1 2 0 0 0 0 0
149 2 0 0 1 1 1 0 0 0
163 2 0 0 1 0 0 0 0 0
183 2 1 1 1 0 0 0 0 0
fl=/build/glibc-FcXrgv/glibc-2.31/elf/rtld.c
fn=_dl_start
462 2 0 0 0 0 0 1 1 1
463 9 1 1 0 0 0 7 3 3
496 166 0 0 0 0 0 0 0 0
497 1 0 0 0 0 0 0 0 0
499 83 0 0 0 0 0 83 11 11
504 1 0 0 0 0 0 1 0 0
507 1 0 0 0 0 0 1 1 1
518 1 0 0 0 0 0 0 0 0
523 23 1 1 9 0 0 2 0 0
525 3 0 0 1 1 1 1 0 0
541 3 0 0 1 0 0 0 0 0
550 5 1 0 6 1 0 0 0 0
fn=_dl_start_final
412 6 2 2 0 0 0 6 1 1
423 4 0 0 1 0 0 1 1 1
424 2 0 0 1 0 0 1 1 1
425 4 0 0 0 0 0 0 0 0
427 4 0 0 2 1 1 2 1 1
428 3 1 1 1 1 1 1 0 0
430 3 0 0 0 0 0 0 0 0
431 2 0 0 0 0 0 1 0 0
432 3 1 1 0 0 0 1 0 0
433 3 0 0 0 0 0 1 1 1
434 3 0 0 0 0 0 1 0 0
443 2 0 0 0 0 0 1 0 0
449 4 0 0 0 0 0 0 0 0
451 3 1 0 1 0 0 0 0 0
459 4 0 0 6 1 0 0 0 0
fn=dl_main
817 2 0 0 1 1 0 0 0 0
821 3 0 0 1 1 0 1 0 0
830 4 0 0 3 1 0 1 0 0
835 1 0 0 0 0 0 1 0 0
1090 14 2 2 0 0 0 16 4 4
1096 3 0 0 0 0 0 0 0 0
1099 1 0 0 0 0 0 0 0 0
1102 5 0 0 0 0 0 1 0 0
1106 3 0 0 0 0 0 1 1 1
1107 3 1 1 0 0 0 1 0 0
1112 3 0 0 0 0 0 1 0 0
1122 6 1 1 2 0 0 0 0 0
1330 10 1 1 0 0 0 1 0 0
1332 1 0 0 0 0 0 0 0 0
1333 1 0 0 0 0 0 1 1 1
1334 2 0 0 1 0 0 1 0 0
1335 3 1 1 2 0 0 1 0 0
1339 2 0 0 0 0 0 0 0 0
1340 3 0 0 1 0 0 0 0 0
1361 1 0 0 0 0 0 1 0 0
1362 1 0 0 0 0 0 1 0 0
1364 2 1 1 0 0 0 1 0 0
1366 3 0 0 1 0 0 1 0 0
1369 32 0 0 1 0 0 0 0 0
1370 75 4 4 9 5 5 0 0 0
1374 3 1 1 1 0 0 1 0 0
1375 1 0 0 0 0 0 0 0 0
1379 4 0 0 2 0 0 1 0 0
1380 1 0 0 0 0 0 0 0 0
1388 4 0 0 0 0 0 1 0 0
1389 3 0 0 2 1 1 0 0 0
1391 1 0 0 0 0 0 1 0 0
1398 2 0 0 1 0 0 0 0 0
1410 1 1 1 0 0 0 0 0 0
1416 1 0 0 0 0 0 0 0 0
1424 4 0 0 2 0 0 0 0 0
1425 8 0 0 3 1 1 0 0 0
1426 6 0 0 2 0 0 0 0 0
1427 1 1 1 0 0 0 1 0 0
1430 6 0 0 2 1 1 0 0 0
1431 4 0 0 0 0 0 0 0 0
1432 4 0 0 0 0 0 2 0 0
1433 6 0 0 2 0 0 0 0 0
1434 3 0 0 0 0 0 1 0 0
1456 2 0 0 0 0 0 0 0 0
1461 3 0 0 1 0 0 1 0 0
1462 1 0 0 0 0 0 0 0 0
1465 2 0 0 1 0 0 1 0 0
1466 2 0 0 1 0 0 1 0 0
1478 2 0 0 1 1 1 0 0 0
1481 1 0 0 0 0 0 0 0 0
1483 1 0 0 0 0 0 0 0 0
1485 3 1 1 1 0 0 0 0 0
1498 3 0 0 1 0 0 0 0 0
1499 5 0 0 2 0 0 0 0 0
1500 1 0 0 1 0 0 0 0 0
1501 3 0 0 2 0 0 0 0 0
1504 4 1 1 0 0 0 1 0 0
1506 1 0 0 0 0 0 1 1 1
1507 2 0 0 0 0 0 1 0 0
1509 2 0 0 1 0 0 0 0 0
1510 1 0 0 0 0 0 1 0 0
1514 3 0 0 1 0 0 0 0 0
1516 1 0 0 0 0 0 0 0 0
1521 2 0 0 0 0 0 0 0 0
1524 3 0 0 1 0 0 0 0 0
1549 10 1 1 1 0 0 1 0 0
1554 5 1 1 1 0 0 1 0 0
1557 6 0 0 1 0 0 1 0 0
1559 1 0 0 0 0 0 1 0 0
1564 2 0 0 1 0 0 0 0 0
1567 4 1 1 2 0 0 1 0 0
1568 5 0 0 1 0 0 1 0 0
1569 2 0 0 0 0 0 1 0 0
1570 1 0 0 0 0 0 1 0 0
1571 3 0 0 1 0 0 1 0 0
1572 3 0 0 1 0 0 1 0 0
1577 4 1 1 1 0 0 0 0 0
1578 4 1 1 1 0 0 1 0 0
1595 5 1 1 1 1 1 0 0 0
1596 3 0 0 1 0 0 0 0 0
1598 2 0 0 1 0 0 0 0 0
1600 2 1 1 0 0 0 1 0 0
1601 3 0 0 1 0 0 1 0 0
1605 2 0 0 0 0 0 0 0 0
1606 1 0 0 0 0 0 0 0 0
1607 9 0 0 1 1 1 0 0 0
1609 3 0 0 1 0 0 1 1 1
1610 2 0 0 1 0 0 1 0 0
1615 3 1 1 1 1 1 0 0 0
1620 2 0 0 0 0 0 1 0 0
1621 5 0 0 1 0 0 0 0 0
1622 4 0 0 2 0 0 1 0 0
1640 2 0 0 0 0 0 1 0 0
1648 2 1 1 1 0 0 0 0 0
1651 2 0 0 1 0 0 1 0 0
1655 3 0 0 1 0 0 0 0 0
1660 3 0 0 1 0 0 1 0 0
1661 1 0 0 0 0 0 0 0 0
1662 1 0 0 0 0 0 0 0 0
1666 3 1 1 1 0 0 0 0 0
1682 3 0 0 2 0 0 0 0 0
1684 1 0 0 0 0 0 0 0 0
1686 4 0 0 2 0 0 0 0 0
1690 6 1 1 0 0 0 0 0 0
1694 4 0 0 2 0 0 0 0 0
1709 6 1 1 0 0 0 0 0 0
1785 3 0 0 2 0 0 0 0 0
1789 14 2 2 0 0 0 1 1 0
1790 1 1 1 0 0 0 0 0 0
1793 3 0 0 0 0 0 1 1 0
1794 1 0 0 1 0 0 0 0 0
1795 1 0 0 0 0 0 0 0 0
1796 2 0 0 0 0 0 0 0 0
1805 8 0 0 1 0 0 0 0 0
1810 32 0 0 1 0 0 0 0 0
1811 43 1 1 21 0 0 10 0 0
1814 4 0 0 2 0 0 1 0 0
1815 2 0 0 1 0 0 0 0 0
1816 1 1 1 0 0 0 1 0 0
1818 26 0 0 0 0 0 0 0 0
1819 40 0 0 10 0 0 0 0 0
1829 3 1 1 0 0 0 1 0 0
1831 4 0 0 1 0 0 1 0 0
1832 2 1 1 1 1 0 0 0 0
1834 3 0 0 0 0 0 1 0 0
1836 3 0 0 0 0 0 0 0 0
1838 3 0 0 1 0 0 0 0 0
1839 1 0 0 1 0 0 0 0 0
1852 2 1 1 0 0 0 0 0 0
1853 2 0 0 0 0 0 1 0 0
1854 3 0 0 1 0 0 0 0 0
1865 4 0 0 1 0 0 1 1 0
1866 1 0 0 0 0 0 1 0 0
1867 7 1 1 0 0 0 0 0 0
1877 3 0 0 1 0 0 1 1 0
1878 2 0 0 1 1 0 0 0 0
1879 3 1 1 0 0 0 1 0 0
1881 2 1 1 1 0 0 0 0 0
1886 2 0 0 1 0 0 0 0 0
2116 2 1 1 1 1 0 0 0 0
2172 2 1 1 0 0 0 1 0 0
2176 4 0 0 2 1 0 2 0 0
2182 2 0 0 1 0 0 1 1 0
2185 1 0 0 0 0 0 0 0 0
2217 3 1 1 1 0 0 0 0 0
2239 5 1 1 1 0 0 0 0 0
2242 3 0 0 1 0 0 1 0 0
2246 2 0 0 1 0 0 0 0 0
2247 31 0 0 0 0 0 0 0 0
2249 20 1 1 20 3 0 0 0 0
2254 20 0 0 20 8 0 0 0 0
2256 13 1 1 1 1 0 0 0 0
2258 2 1 1 0 0 0 1 0 0
2259 1 0 0 1 0 0 0 0 0
2262 30 0 0 10 1 0 10 0 0
2264 35 0 0 10 2 0 2 0 0
2265 63 0 0 18 8 0 0 0 0
2269 23 0 0 11 2 0 0 0 0
2270 4 0 0 0 0 0 0 0 0
2278 3 0 0 1 1 0 0 0 0
2280 1 0 0 0 0 0 0 0 0
2283 5 0 0 2 2 0 0 0 0
2285 4 1 1 1 0 0 1 0 0
2292 3 0 0 1 0 0 0 0 0
2295 3 0 0 1 1 0 0 0 0
2304 6 0 0 2 1 0 0 0 0
2306 4 1 1 1 0 0 0 0 0
2319 3 0 0 1 1 0 1 0 0
2320 6 0 0 1 1 0 0 0 0
2330 1 0 0 0 0 0 0 0 0
2334 3 0 0 1 0 0 0 0 0
2355 4 0 0 0 0 0 0 0 0
2356 1 0 0 0 0 0 1 0 0
2357 1 0 0 0 0 0 0 0 0
2358 1 0 0 0 0 0 0 0 0
2362 1 0 0 0 0 0 0 0 0
2367 9 1 1 12 2 2 0 0 0
2533 3 0 0 1 0 0 1 1 1
2535 1 0 0 0 0 0 1 0 0
2536 1 0 0 0 0 0 0 0 0
2540 7 0 0 1 0 0 1 0 0
2542 9 0 0 3 0 0 0 0 0
2544 2 0 0 0 0 0 0 0 0
2546 86 1 1 21 0 0 0 0 0
2547 19 0 0 0 0 0 0 0 0
2549 4 0 0 0 0 0 0 0 0
2555 13 3 3 0 0 0 0 0 0
2576 5 1 1 1 0 0 0 0 0
2583 11 2 2 2 0 0 0 0 0
2585 3 0 0 0 0 0 1 0 0
2586 1 0 0 0 0 0 0 0 0
2631 2 1 1 1 0 0 0 0 0
2632 12 1 1 2 0 0 0 0 0
2634 3 0 0 0 0 0 1 0 0
2635 1 0 0 0 0 0 0 0 0
2639 7 2 2 0 0 0 1 0 0
2667 4 0 0 0 0 0 0 0 0
2674 8 0 0 0 0 0 0 0 0
2704 4 1 1 1 0 0 0 0 0
2736 5 0 0 1 0 0 0 0 0
fn=do_preload
768 7 1 1 0 0 0 6 0 0
774 1 0 0 0 0 0 2 0 0
775 1 0 0 0 0 0 1 0 0
776 2 0 0 0 0 0 1 0 0
778 3 0 0 1 0 0 0 0 0
780 7 1 1 0 0 0 0 0 0
781 2 1 0 1 0 0 0 0 0
789 3 0 0 1 0 0 0 0 0
795 4 0 0 6 0 0 0 0 0
fn=dso_name_valid_for_suid
167 4 1 1 0 0 0 4 0 0
168 3 0 0 1 0 0 0 0 0
176 3 0 0 1 0 0 0 0 0
177 4 0 0 4 0 0 0 0 0
fn=handle_preload_list
858 7 1 1 0 0 0 6 2 2
859 4 1 1 0 0 0 2 0 0
863 5 0 0 2 0 0 0 0 0
866 8 0 0 0 0 0 1 0 0
867 3 1 1 0 0 0 0 0 0
869 4 1 1 0 0 0 0 0 0
870 2 0 0 0 0 0 1 0 0
876 1 0 0 0 0 0 0 0 0
877 4 0 0 1 0 0 0 0 0
880 2 0 0 0 0 0 0 0 0
881 6 0 0 0 0 0 0 0 0
884 9 0 0 9 1 0 0 0 0
fn=init_tls
699 4 1 1 0 0 0 5 0 0
701 4 0 0 1 0 0 1 0 0
705 2 1 1 1 0 0 0 0 0
711 1 0 0 0 0 0 0 0 0
714 1 0 0 0 0 0 1 0 0
715 3 0 0 0 0 0 0 0 0
716 1 0 0 0 0 0 0 0 0
720 1 0 0 0 0 0 0 0 0
721 1 0 0 0 0 0 1 0 0
722 1 0 0 0 0 0 1 0 0
726 2 0 0 1 1 1 0 0 0
727 2 0 0 0 0 0 0 0 0
728 12 1 1 1 0 0 0 0 0
729 10 0 0 10 0 0 0 0 0
730 30 0 0 10 9 0 0 0 0
734 4 0 0 0 0 0 1 0 0
736 1 0 0 0 0 0 0 0 0
738 2 0 0 0 0 0 0 0 0
741 1 0 0 0 0 0 0 0 0
748 1 1 1 0 0 0 0 0 0
749 1 0 0 0 0 0 0 0 0
755 3 0 0 1 0 0 1 0 0
758 1 0 0 0 0 0 0 0 0
761 3 0 0 0 0 0 1 0 0
764 4 0 0 5 0 0 0 0 0
fn=map_doit
606 4 2 2 0 0 0 3 0 0
608 3 0 0 1 0 0 0 0 0
609 6 1 0 2 0 0 1 0 0
611 3 0 0 3 0 0 0 0 0
fn=rtld_lock_default_lock_recursive
802 27 1 1 9 6 1 9 0 0
803 9 0 0 0 0 0 0 0 0
fn=rtld_lock_default_unlock_recursive
808 27 0 0 9 0 0 9 0 0
809 9 0 0 0 0 0 0 0 0
fn=version_check_doit
639 4 2 2 0 0 0 3 1 0
641 6 0 0 2 0 0 0 0 0
645 3 0 0 3 0 0 0 0 0
fl=/build/glibc-FcXrgv/glibc-2.31/iconv/../iconv/loop.c
fn=__gconv_transform_ascii_internal
301 264 0 0 0 0 0 0 0 0
309 324 0 0 0 0 0 0 0 0
322 448 0 0 0 0 0 0 0 0
323 158 0 0 0 0 0 0 0 0
336 1498 3 3 286 0 0 30 0 0
340 132 1 1 0 0 0 132 0 0
fn=__gconv_transform_internal_utf8
301 3 0 0 0 0 0 0 0 0
303 3 0 0 0 0 0 6 0 0
309 26 0 0 0 0 0 0 0 0
314 14 0 0 0 0 0 0 0 0
315 7 0 0 0 0 0 0 0 0
322 14 3 2 0 0 0 0 0 0
336 81 0 0 21 0 0 27 0 0
340 3 0 0 0 0 0 3 0 0
fn=__gconv_transform_utf8_internal
301 48 0 0 0 0 0 0 0 0
309 1140 0 0 0 0 0 0 0 0
322 1140 0 0 0 0 0 0 0 0
323 546 12 7 0 0 0 0 0 0
336 3846 12 4 546 0 0 546 20 6
340 24 12 3 0 0 0 24 0 0
fl=/build/glibc-FcXrgv/glibc-2.31/iconv/../iconv/skeleton.c
fn=__gconv_transform_ascii_internal
399 2244 2 2 264 0 0 1452 0 0
400 132 0 0 0 0 0 0 0 0
401 132 0 0 0 0 0 0 0 0
402 132 0 0 0 0 0 0 0 0
405 264 0 0 132 0 0 0 0 0
417 132 1 1 0 0 0 0 0 0
513 528 0 0 132 0 0 264 0 0
514 132 0 0 132 0 0 0 0 0
518 132 0 0 0 0 0 132 0 0
519 660 0 0 0 0 0 132 0 0
602 132 0 0 132 0 0 0 0 0
609 396 1 1 132 0 0 0 0 0
647 132 0 0 0 0 0 0 0 0
654 396 0 0 264 0 0 132 0 0
658 132 0 0 0 0 0 0 0 0
661 132 0 0 0 0 0 132 0 0
665 528 1 1 264 0 0 132 0 0
667 264 0 0 264 0 0 0 0 0
676 264 0 0 0 0 0 132 0 0
813 1848 1 1 1716 0 0 0 0 0
fn=__gconv_transform_internal_utf8
399 57 6 6 6 0 0 42 3 0
400 3 0 0 0 0 0 0 0 0
401 3 0 0 0 0 0 0 0 0
402 3 0 0 0 0 0 0 0 0
405 6 0 0 3 0 0 0 0 0
417 3 0 0 0 0 0 0 0 0
511 3 0 0 3 0 0 0 0 0
513 9 2 2 3 0 0 0 0 0
514 3 0 0 3 0 0 0 0 0
518 3 0 0 0 0 0 3 0 0
519 12 0 0 0 0 0 3 0 0
556 3 0 0 0 0 0 0 0 0
559 12 6 4 6 0 0 0 0 0
647 6 0 0 3 0 0 0 0 0
654 9 3 2 6 0 0 3 0 0
658 3 0 0 0 0 0 0 0 0
661 3 0 0 0 0 0 3 0 0
665 21 3 2 6 0 0 3 0 0
676 21 3 2 0 0 0 9 0 0
789 9 0 0 0 0 0 0 0 0
813 45 5 4 45 0 0 0 0 0
fn=__gconv_transform_utf8_internal
399 432 24 11 48 0 0 312 25 3
400 24 0 0 0 0 0 0 0 0
401 24 0 0 0 0 0 0 0 0
402 24 0 0 0 0 0 0 0 0
405 48 0 0 24 0 0 0 0 0
417 24 12 6 0 0 0 0 0 0
511 24 0 0 24 0 0 0 0 0
513 72 0 0 24 0 0 0 0 0
514 24 0 0 24 0 0 0 0 0
518 24 0 0 0 0 0 48 2 0
519 72 0 0 0 0 0 0 0 0
556 24 0 0 0 0 0 0 0 0
559 96 24 8 48 0 0 0 0 0
647 24 0 0 0 0 0 0 0 0
654 72 0 0 48 0 0 24 0 0
658 24 0 0 0 0 0 0 0 0
661 24 0 0 0 0 0 24 0 0
665 96 12 4 48 0 0 24 0 0
667 24 0 0 0 0 0 0 0 0
676 72 0 0 0 0 0 24 0 0
789 72 12 4 0 0 0 0 0 0
813 360 24 7 360 0 0 0 0 0
fl=/build/glibc-FcXrgv/glibc-2.31/iconv/../sysdeps/unix/sysv/linux/not-cancel.h
fn=__gconv_load_cache
60 2 0 0 0 0 0 0 0 0
fl=/build/glibc-FcXrgv/glibc-2.31/iconv/gconv_builtin.c
fn=__gconv_get_builtin_trans
63 40 2 2 9 3 0 12 0 0
66 29 0 0 0 0 0 0 0 0
67 33 0 0 0 0 0 0 0 0
72 10 1 1 2 0 0 2 0 0
73 4 0 0 2 0 0 2 0 0
75 2 0 0 0 0 0 4 0 0
77 2 0 0 0 0 0 4 0 0
79 2 0 0 2 0 0 0 0 0
80 4 0 0 2 0 0 4 0 0
81 2 0 0 2 0 0 0 0 0
82 4 1 1 2 0 0 4 0 0
85 2 0 0 0 0 0 2 0 0
86 8 0 0 12 0 0 0 0 0
fl=/build/glibc-FcXrgv/glibc-2.31/iconv/gconv_cache.c
fn=__gconv_compare_alias_cache
228 48 3 2 12 0 0 30 0 0
232 18 0 0 6 0 0 0 0 0
235 42 0 0 0 0 0 12 0 0
236 24 6 1 0 0 0 0 0 0
239 30 6 1 24 0 0 6 0 0
242 54 0 0 42 0 0 0 0 0
fn=__gconv_load_cache
49 8 1 1 2 0 0 5 0 0
56 5 0 0 0 0 0 1 0 0
57 1 0 0 0 0 0 0 0 0
61 6 1 1 0 0 0 0 0 0
62 2 0 0 0 0 0 0 0 0
67 5 0 0 0 0 0 0 0 0
70 4 1 1 1 0 0 2 0 0
78 3 0 0 0 0 0 1 0 0
80 7 0 0 0 0 0 1 0 0
81 2 0 0 0 0 0 0 0 0
113 2 0 0 1 0 0 0 0 0
114 5 1 1 1 1 1 0 0 0
115 4 0 0 2 0 0 0 0 0
116 3 0 0 1 0 0 0 0 0
117 2 0 0 1 0 0 0 0 0
118 2 1 1 0 0 0 0 0 0
119 1 0 0 0 0 0 0 0 0
121 3 0 0 1 0 0 0 0 0
122 4 0 0 3 0 0 0 0 0
139 1 0 0 0 0 0 0 0 0
140 9 1 1 7 0 0 0 0 0
fn=__gconv_lookup_cache
248 20 2 1 4 0 0 18 0 0
258 6 0 0 2 0 0 0 0 0
263 12 0 0 4 1 0 2 0 0
264 2 0 0 0 0 0 0 0 0
265 12 0 0 2 0 0 8 0 0
267 6 1 1 0 0 0 0 0 0
268 20 0 0 6 0 0 0 0 0
271 4 1 1 0 0 0 0 0 0
273 10 1 1 0 0 0 0 0 0
274 18 1 1 6 0 0 0 0 0
277 6 0 0 0 0 0 2 0 0
280 4 0 0 2 0 0 0 0 0
284 6 0 0 0 0 0 0 0 0
359 4 1 1 1 1 1 0 0 0
360 7 0 0 4 0 0 0 0 0
366 9 1 1 0 0 0 3 0 0
367 5 2 2 3 0 0 0 0 0
370 2 0 0 0 0 0 2 0 0
371 5 0 0 0 0 0 2 0 0
376 2 0 0 1 0 0 0 0 0
377 4 0 0 1 0 0 2 1 1
379 2 0 0 0 0 0 1 0 0
380 1 0 0 0 0 0 1 1 1
383 5 1 1 2 0 0 0 0 0
399 6 0 0 1 0 0 1 0 0
402 3 0 0 1 0 0 1 0 0
406 5 0 0 5 0 0 0 0 0
410 1 0 0 0 0 0 0 0 0
411 3 0 0 1 0 0 2 0 0
413 2 0 0 0 0 0 1 1 1
414 1 0 0 0 0 0 1 1 1
417 7 1 1 4 0 0 0 0 0
435 3 0 0 0 0 0 0 0 0
438 6 0 0 5 0 0 1 0 0
442 24 0 0 22 0 0 0 0 0
fn=find_module_idx
145 144 11 2 0 0 0 192 0 0
154 48 0 0 16 0 0 0 0 0
155 16 0 0 16 2 0 0 0 0
157 16 0 0 16 0 0 0 0 0
159 16 0 0 0 0 0 0 0 0
160 64 0 0 16 0 0 0 0 0
161 64 7 1 0 0 0 0 0 0
163 48 0 0 32 0 0 0 0 0
164 144 7 1 32 8 4 0 0 0
165 64 0 0 0 0 0 0 0 0
166 160 0 0 0 0 0 0 0 0
168 32 0 0 16 0 0 16 0 0
172 32 0 0 0 0 0 0 0 0
173 64 0 0 0 0 0 0 0 0
177 112 3 1 192 0 0 0 0 0
fl=/build/glibc-FcXrgv/glibc-2.31/iconv/gconv_conf.c
fn=__gconv_load_conf
618 128 10 2 32 0 0 0 0 0
fn=__gconv_read_conf
539 13 2 2 2 0 0 13 0 0
542 6 0 0 2 0 0 3 0 0
546 2 0 0 0 0 0 0 0 0
549 1 0 0 0 0 0 1 0 0
604 15 1 1 15 0 0 0 0 0
fl=/build/glibc-FcXrgv/glibc-2.31/iconv/gconv_db.c
fn=__gconv_compare_alias
704 66 2 1 12 0 0 42 0 0
708 6 0 0 0 0 0 0 0 0
710 36 2 1 6 0 0 0 0 0
715 60 0 0 54 0 0 0 0 0
fn=__gconv_find_transform
722 32 1 1 4 0 0 22 0 0
728 2 0 0 0 0 0 0 0 0
731 14 1 1 0 0 0 0 0 0
733 14 1 1 0 0 0 0 0 0
734 4 0 0 0 0 0 0 0 0
737 12 1 1 0 0 0 0 0 0
779 26 2 2 26 0 0 0 0 0
fl=/build/glibc-FcXrgv/glibc-2.31/intl/../include/../locale/localeinfo.h
fn=__dcigettext
206 72 12 5 12 12 3 0 0 0
fl=/build/glibc-FcXrgv/glibc-2.31/intl/../string/argz.h
fn=_nl_make_l10nflist
136 10 0 0 0 0 0 0 0 0
138 18 0 0 0 0 0 5 0 0
139 20 0 0 0 0 0 0 0 0
141 15 0 0 5 0 0 0 0 0
144 15 1 1 0 0 0 0 0 0
fl=/build/glibc-FcXrgv/glibc-2.31/intl/dcgettext.c
fn=dcgettext
47 60 24 6 0 0 0 0 0 0
fl=/build/glibc-FcXrgv/glibc-2.31/intl/dcigettext.c
fn=__dcigettext
485 192 24 9 24 0 0 192 25 0
494 12 0 0 0 0 0 12 1 0
508 12 0 0 0 0 0 0 0 0
512 60 12 6 0 0 0 0 0 0
521 72 0 0 24 0 0 36 1 0
525 168 12 4 48 12 3 0 0 0
528 132 12 3 36 0 0 12 0 0
534 48 12 4 12 12 6 0 0 0
544 12 0 0 0 0 0 12 0 0
545 12 0 0 0 0 0 12 0 0
546 12 0 0 0 0 0 12 0 0
547 12 0 0 0 0 0 12 2 0
551 36 0 0 0 0 0 12 0 0
560 12 0 0 0 0 0 12 0 0
567 144 12 4 60 0 0 0 0 0
569 96 0 0 12 0 0 12 0 0
571 120 12 4 48 0 0 0 0 0
573 24 0 0 12 0 0 0 0 0
601 60 12 3 24 15 3 0 0 0
616 36 12 3 0 0 0 0 0 0
650 60 0 0 0 0 0 12 0 0
651 216 24 10 0 0 0 36 0 0
655 132 0 0 12 0 0 24 0 0
660 192 24 9 0 0 0 12 0 0
669 36 0 0 12 0 0 0 0 0
671 12 0 0 0 0 0 0 0 0
683 48 12 3 12 0 0 0 0 0
684 12 0 0 0 0 0 12 0 0
685 12 0 0 0 0 0 12 0 0
689 72 0 0 36 24 8 12 0 0
696 60 12 4 24 0 0 0 0 0
697 24 12 5 0 0 0 0 0 0
709 60 0 0 0 0 0 12 0 0
716 12 0 0 0 0 0 0 0 0
833 24 12 7 12 0 0 0 0 0
835 156 12 3 60 0 0 0 0 0
837 96 0 0 36 0 0 0 0 0
852 36 0 0 36 0 0 12 0 0
856 60 12 3 24 0 0 0 0 0
857 192 12 3 180 0 0 0 0 0
1539 36 0 0 0 0 0 0 0 0
1568 60 12 7 24 11 5 0 0 0
fl=/build/glibc-FcXrgv/glibc-2.31/intl/explodename.c
fn=_nl_explode_name
46 120 6 1 12 0 0 6 0 0
47 12 0 0 0 0 0 0 0 0
58 30 1 1 0 0 0 30 0 0
62 6 0 0 0 0 0 6 0 0
63 6 0 0 0 0 0 6 0 0
64 6 1 1 0 0 0 6 0 0
65 6 0 0 0 0 0 6 0 0
69 12 0 0 0 0 0 0 0 0
70 6 0 0 0 0 0 6 0 0
73 18 0 0 6 0 0 0 0 0
91 12 0 0 0 0 0 0 0 0
94 18 6 1 0 0 0 18 0 0
95 12 0 0 0 0 0 6 0 0
97 156 3 1 36 0 0 6 0 0
98 30 0 0 0 0 0 0 0 0
102 12 0 0 0 0 0 0 0 0
104 42 6 1 6 0 0 18 0 0
106 6 0 0 0 0 0 0 0 0
108 30 0 0 12 0 0 0 0 0
111 42 6 1 30 0 0 0 0 0
116 12 0 0 0 0 0 0 0 0
126 12 2 1 6 0 0 0 0 0
129 18 0 0 12 0 0 0 0 0
130 18 6 1 0 0 0 0 0 0
133 30 0 0 30 0 0 0 0 0
fl=/build/glibc-FcXrgv/glibc-2.31/intl/hash-string.c
fn=__hash_string
38 276 3 1 130 1 1 0 0 0
41 342 3 1 0 0 0 0 0 0
42 98 0 0 0 0 0 0 0 0
46 294 0 0 0 0 0 0 0 0
50 16 0 0 0 0 0 0 0 0
fl=/build/glibc-FcXrgv/glibc-2.31/intl/l10nflist.c
fn=_nl_make_l10nflist
73 28 1 1 0 0 0 0 0 0
74 108 1 1 0 0 0 0 0 0
76 24 0 0 0 0 0 0 0 0
77 24 0 0 0 0 0 0 0 0
78 12 0 0 0 0 0 0 0 0
79 12 1 1 0 0 0 0 0 0
96 36 0 0 0 0 0 0 0 0
98 24 0 0 0 0 0 0 0 0
100 12 0 0 0 0 0 0 0 0
101 24 2 1 0 0 0 0 0 0
102 24 0 0 0 0 0 0 0 0
157 180 3 2 0 0 0 168 0 0
166 48 1 1 0 0 0 0 0 0
167 48 0 0 0 0 0 0 0 0
169 36 2 1 0 0 0 0 0 0
171 84 0 0 8 0 0 12 0 0
173 84 2 1 8 0 0 12 0 0
175 60 0 0 0 0 0 12 0 0
176 36 0 0 12 0 0 0 0 0
178 12 0 0 0 0 0 0 0 0
185 48 0 0 0 0 0 24 0 0
188 36 0 0 0 0 0 12 0 0
189 36 0 0 0 0 0 0 0 0
191 12 0 0 0 0 0 0 0 0
194 1 0 0 0 0 0 0 0 0
196 36 3 1 12 0 0 0 0 0
198 16 4 1 0 0 0 8 0 0
199 40 4 1 8 0 0 0 0 0
201 24 0 0 12 0 0 0 0 0
203 16 0 0 0 0 0 8 0 0
204 40 0 0 8 0 0 0 0 0
206 24 0 0 12 0 0 0 0 0
212 24 0 0 0 0 0 12 0 0
213 36 0 0 12 0 0 0 0 0
217 12 0 0 0 0 0 0 0 0
218 90 3 1 40 3 1 12 0 0
219 52 0 0 26 2 0 0 0 0
221 52 0 0 0 0 0 0 0 0
222 52 0 0 0 0 0 0 0 0
225 35 0 0 0 0 0 0 0 0
235 10 0 0 5 0 0 0 0 0
237 16 0 0 0 0 0 0 0 0
238 8 0 0 16 0 0 0 0 0
242 20 1 1 0 0 0 0 0 0
245 4 0 0 0 0 0 0 0 0
251 12 0 0 0 0 0 4 1 1
255 4 0 0 0 0 0 4 0 0
256 20 2 2 0 0 0 0 0 0
257 4 1 1 0 0 0 0 0 0
258 4 0 0 0 0 0 4 1 1
260 4 0 0 0 0 0 0 0 0
262 6 0 0 3 0 0 3 0 0
263 9 0 0 3 0 0 3 0 0
267 2 0 0 1 0 0 1 0 0
268 1 0 0 0 0 0 1 0 0
275 12 0 0 0 0 0 0 0 0
276 30 1 1 0 0 0 0 0 0
277 12 0 0 0 0 0 0 0 0
280 5 1 1 0 0 0 0 0 0
284 5 0 0 0 0 0 0 0 0
285 94 1 1 40 0 0 28 0 0
290 24 0 0 4 0 0 0 0 0
300 8 0 0 0 0 0 4 0 0
302 4 0 0 8 0 0 0 0 0
303 96 1 1 120 0 0 0 0 0
fn=_nl_normalize_codeset
311 24 2 1 0 0 0 24 0 0
312 12 0 0 0 0 0 0 0 0
313 12 0 0 0 0 0 0 0 0
323 180 0 0 0 0 0 48 0 0
324 300 2 1 132 9 3 0 0 0
326 108 0 0 0 0 0 0 0 0
328 60 0 0 0 0 0 0 0 0
329 96 0 0 0 0 0 0 0 0
332 48 1 1 0 0 0 0 0 0
334 12 0 0 0 0 0 0 0 0
341 204 0 0 48 0 0 0 0 0
342 240 0 0 120 0 0 0 0 0
343 216 0 0 48 3 2 36 0 0
344 108 1 1 0 0 0 0 0 0
345 24 0 0 0 0 0 12 0 0
347 12 0 0 0 0 0 12 0 0
351 24 0 0 24 0 0 0 0 0
fl=/build/glibc-FcXrgv/glibc-2.31/intl/localealias.c
fn=_nl_expand_alias
150 42 2 1 0 0 0 60 1 0
153 6 0 0 0 0 0 0 0 0
156 48 0 0 0 0 0 0 0 0
158 18 6 1 6 0 0 0 0 0
159 4 1 1 0 0 0 1 0 0
167 31 0 0 13 0 0 0 0 0
185 22 4 1 7 1 1 0 0 0
189 5 1 1 0 0 0 0 0 0
190 7 0 0 0 0 0 0 0 0
193 52 1 1 17 1 1 0 0 0
194 17 0 0 0 0 0 0 0 0
195 17 0 0 0 0 0 0 0 0
197 2 0 0 0 0 0 0 0 0
198 3 1 1 0 0 0 1 0 0
203 42 0 0 0 0 0 0 0 0
206 42 1 0 60 0 0 0 0 0
407 6 0 0 0 0 0 0 0 0
fn=read_alias_file
211 13 2 2 2 0 0 13 0 0
217 13 0 0 0 0 0 1 0 0
219 10 1 1 2 1 1 2 0 0
229 5 0 0 0 0 0 0 0 0
234 1 0 0 0 0 0 0 0 0
235 2 1 1 0 0 0 0 0 0
381 16 2 2 15 0 0 0 0 0
fl=/build/glibc-FcXrgv/glibc-2.31/io/../sysdeps/posix/isatty.c
fn=isatty
24 192 24 18 48 13 0 96 0 0
27 96 24 18 0 0 0 0 0 0
28 192 0 0 120 0 0 0 0 0
fl=/build/glibc-FcXrgv/glibc-2.31/io/../sysdeps/unix/syscall-template.S
fn=dup
78 12 3 1 0 0 0 0 0 0
79 3 3 1 0 0 0 0 0 0
fl=/build/glibc-FcXrgv/glibc-2.31/io/../sysdeps/unix/sysv/linux/access.c
fn=access
25 1 1 1 0 0 0 0 0 0
29 10 0 0 0 0 0 1 0 0
31 1 0 0 0 0 0 0 0 0
fl=/build/glibc-FcXrgv/glibc-2.31/io/../sysdeps/unix/sysv/linux/close.c
fn=close
26 60 40 36 0 0 0 80 0 0
27 220 0 0 20 17 0 0 0 0
28 80 0 0 80 0 0 0 0 0
fl=/build/glibc-FcXrgv/glibc-2.31/io/../sysdeps/unix/sysv/linux/close_nocancel.c
fn=__GI___close_nocancel
26 45 2 2 0 0 0 0 0 0
27 9 0 0 0 0 0 0 0 0
fn=__close_nocancel
26 65 12 6 0 0 0 0 0 0
27 13 0 0 0 0 0 0 0 0
fl=/build/glibc-FcXrgv/glibc-2.31/io/../sysdeps/unix/sysv/linux/fcntl64.c
fn=fcntl
38 45 6 6 10 1 0 30 0 0
42 40 0 0 0 0 0 25 0 0
48 15 0 0 0 0 0 0 0 0
51 15 3 3 0 0 0 0 0 0
52 50 3 3 35 0 0 0 0 0
fl=/build/glibc-FcXrgv/glibc-2.31/io/../sysdeps/unix/sysv/linux/fcntl_nocancel.c
fn=__fcntl64_nocancel_adjusted
51 40 6 6 10 0 0 15 0 0
52 10 0 0 0 0 0 0 0 0
64 25 0 0 0 0 0 0 0 0
65 40 0 0 25 0 0 0 0 0
fl=/build/glibc-FcXrgv/glibc-2.31/io/../sysdeps/unix/sysv/linux/generic/lxstat.c
fn=_lxstat
35 1 1 1 0 0 0 0 0 0
36 6 0 0 0 0 0 0 0 0
40 1 0 0 0 0 0 0 0 0
fl=/build/glibc-FcXrgv/glibc-2.31/io/../sysdeps/unix/sysv/linux/generic/readlink.c
fn=readlink
28 6 2 2 0 0 0 0 0 0
29 33 2 2 2 2 0 2 2 0
30 3 0 0 0 0 0 0 0 0
fl=/build/glibc-FcXrgv/glibc-2.31/io/../sysdeps/unix/sysv/linux/generic/xstat.c
fn=_xstat
35 99 86 25 0 0 0 0 0 0
36 708 10 3 17 3 0 20 10 2
40 99 0 0 0 0 0 0 0 0
fl=/build/glibc-FcXrgv/glibc-2.31/io/../sysdeps/unix/sysv/linux/getcwd.c
fn=getcwd
47 12 1 1 2 0 0 9 0 0
53 1 0 0 0 0 0 0 0 0
64 3 1 1 0 0 0 0 0 0
78 5 1 1 0 0 0 0 0 0
79 9 0 0 2 1 1 0 0 0
82 1 1 1 0 0 0 0 0 0
86 3 1 1 0 0 0 0 0 0
129 12 1 1 11 0 0 0 0 0
fl=/build/glibc-FcXrgv/glibc-2.31/io/../sysdeps/unix/sysv/linux/lseek64.c
fn=lseek
36 288 75 36 3 0 0 3 3 0
38 45 0 0 0 0 0 0 0 0
fl=/build/glibc-FcXrgv/glibc-2.31/io/../sysdeps/unix/sysv/linux/open64.c
fn=open
37 240 20 18 40 26 2 140 0 0
40 120 20 16 0 0 0 0 0 0
48 210 1 1 22 13 2 2 1 0
50 220 20 14 160 0 0 0 0 0
fl=/build/glibc-FcXrgv/glibc-2.31/io/../sysdeps/unix/sysv/linux/open64_nocancel.c
fn=__open_nocancel
34 206 13 8 26 12 1 71 3 2
37 192 10 7 0 0 0 0 0 0
45 214 4 4 2 0 0 12 0 0
47 142 0 0 65 0 0 0 0 0
fl=/build/glibc-FcXrgv/glibc-2.31/io/../sysdeps/unix/sysv/linux/read.c
fn=read
25 190 22 17 0 0 0 228 0 0
26 380 22 17 38 1 0 0 0 0
27 190 0 0 228 0 0 0 0 0
fl=/build/glibc-FcXrgv/glibc-2.31/io/../sysdeps/unix/sysv/linux/read_nocancel.c
fn=__read_nocancel
26 50 17 3 0 0 0 0 0 0
27 10 0 0 0 0 0 0 0 0
fl=/build/glibc-FcXrgv/glibc-2.31/io/../sysdeps/unix/sysv/linux/wordsize-64/fxstat.c
fn=_fxstat
33 122 36 25 0 0 0 0 0 0
34 61 35 26 0 0 0 0 0 0
35 305 1 1 0 0 0 0 0 0
39 61 0 0 0 0 0 0 0 0
fl=/build/glibc-FcXrgv/glibc-2.31/io/../sysdeps/unix/sysv/linux/write.c
fn=write
25 20 4 1 0 0 0 24 0 0
26 40 4 1 4 0 0 0 0 0
27 20 0 0 24 0 0 0 0 0
fl=/build/glibc-FcXrgv/glibc-2.31/libio/../libio/libioP.h
fn=_IO_seekoff_unlocked
941 20 2 2 0 0 0 0 0 0
943 4 0 0 0 0 0 0 0 0
944 8 0 0 0 0 0 0 0 0
fn=ftello
884 1 1 1 0 0 0 0 0 0
fl=/build/glibc-FcXrgv/glibc-2.31/libio/feof.c
fn=feof
32 65 2 1 13 0 0 52 0 0
35 26 0 0 13 0 0 0 0 0
36 13 2 1 0 0 0 0 0 0
37 221 2 1 65 0 0 26 0 0
38 13 0 0 0 0 0 0 0 0
39 117 2 1 13 0 0 13 0 0
41 52 0 0 52 0 0 0 0 0
fl=/build/glibc-FcXrgv/glibc-2.31/libio/filedoalloc.c
fn=_IO_file_doallocate
78 30 3 3 6 0 0 21 2 0
84 24 3 3 9 3 3 0 0 0
86 12 3 3 3 1 0 0 0 0
97 15 0 0 3 0 0 0 0 0
98 3 3 3 0 0 0 0 0 0
101 9 0 0 0 0 0 0 0 0
102 3 0 0 0 0 0 0 0 0
104 12 0 0 0 0 0 0 0 0
105 3 0 0 0 0 0 0 0 0
106 30 0 0 27 0 0 0 0 0
fl=/build/glibc-FcXrgv/glibc-2.31/libio/fileno.c
fn=fileno
35 44 14 10 22 12 12 0 0 0
42 11 0 0 0 0 0 0 0 0
fl=/build/glibc-FcXrgv/glibc-2.31/libio/fileops.c
fn=_IO_file_close
1168 6 3 3 3 0 0 0 0 0
fn=_IO_file_close_it@@GLIBC_2.17
129 9 3 3 0 0 0 12 0 0
131 9 0 0 3 0 0 0 0 0
134 6 0 0 0 0 0 0 0 0
135 15 3 3 3 0 0 3 0 0
138 3 0 0 0 0 0 0 0 0
140 6 0 0 0 0 0 0 0 0
142 3 0 0 3 0 0 0 0 0
143 21 0 0 6 2 0 0 0 0
146 9 0 0 3 0 0 0 0 0
154 15 3 3 0 0 0 0 0 0
155 3 0 0 0 0 0 6 0 0
156 6 0 0 0 0 0 12 0 0
158 6 3 3 0 0 0 0 0 0
159 9 0 0 0 0 0 3 0 0
160 6 0 0 0 0 0 3 0 0
161 9 0 0 3 0 0 3 0 0
163 6 0 0 0 0 0 0 0 0
164 12 0 0 12 0 0 0 0 0
fn=_IO_file_finish@@GLIBC_2.17
169 12 3 3 0 0 0 12 0 0
170 9 0 0 3 0 0 0 0 0
176 9 3 3 0 0 0 0 0 0
177 6 2 2 12 0 0 0 0 0
fn=_IO_file_fopen@@GLIBC_2.17
214 50 10 6 10 0 0 35 0 0
215 10 0 0 0 0 0 0 0 0
223 15 0 0 5 0 0 0 0 0
224 6 0 0 0 0 0 0 0 0
225 25 4 3 5 2 2 0 0 0
228 5 0 0 0 0 0 0 0 0
229 5 5 3 0 0 0 0 0 0
238 5 0 0 0 0 0 0 0 0
246 10 2 2 0 0 0 0 0 0
248 80 8 6 10 0 0 0 0 0
268 6 2 2 2 0 0 2 0 0
269 2 0 0 0 0 0 0 0 0
271 2 0 0 0 0 0 0 0 0
272 6 0 0 2 0 0 2 0 0
273 2 0 0 0 0 0 0 0 0
281 25 3 1 0 0 0 0 0 0
284 5 0 0 0 0 0 0 0 0
287 8 0 0 0 0 0 0 0 0
288 2 0 0 0 0 0 0 0 0
357 55 4 3 45 0 0 0 0 0
fn=_IO_file_open
183 45 9 6 0 0 0 25 0 0
185 10 0 0 5 0 0 0 0 0
186 6 0 0 0 0 0 0 0 0
189 6 0 0 0 0 0 0 0 0
190 5 0 0 0 0 0 0 0 0
191 3 0 0 0 0 0 0 0 0
192 2 0 0 0 0 0 2 0 0
193 14 0 0 2 0 0 2 0 0
196 6 2 2 0 0 0 0 0 0
206 4 2 2 0 0 0 0 0 0
207 2 0 0 0 0 0 0 0 0
208 20 0 0 25 0 0 0 0 0
fn=_IO_file_read
1133 2 1 1 0 0 0 0 0 0
1134 22 5 3 12 0 0 0 0 0
fn=_IO_file_seek
1141 6 2 2 3 0 0 0 0 0
fn=_IO_file_seekoff@@GLIBC_2.17
843 3 1 1 1 0 0 0 0 0
847 4 1 1 2 0 0 0 0 0
849 1 0 0 2 0 0 0 0 0
851 1 0 0 1 0 0 0 0 0
856 3 0 0 0 0 0 0 0 0
866 3 1 1 1 0 0 0 0 0
867 4 0 0 2 0 0 2 0 0
880 4 2 2 0 0 0 0 0 0
883 6 0 0 2 1 1 0 0 0
885 3 1 1 2 0 0 0 0 0
890 4 0 0 0 0 0 0 0 0
901 40 2 2 8 1 0 28 0 0
909 8 2 2 0 0 0 4 0 0
914 2 0 0 0 0 0 0 0 0
915 12 0 0 8 0 0 4 0 0
918 10 2 2 2 0 0 0 0 0
930 4 0 0 2 0 0 0 0 0
943 6 2 2 0 0 0 0 0 0
947 3 1 1 2 0 0 0 0 0
949 3 0 0 1 0 0 0 0 0
976 2 1 1 0 0 0 0 0 0
981 4 2 2 2 0 0 0 0 0
998 6 0 0 0 0 0 0 0 0
1002 3 0 0 2 0 0 0 0 0
1003 1 0 0 0 0 0 0 0 0
1004 3 1 1 0 0 0 0 0 0
1007 2 1 1 0 0 0 0 0 0
1009 6 0 0 2 0 0 0 0 0
1010 1 0 0 0 0 0 0 0 0
1012 1 0 0 0 0 0 0 0 0
1023 6 1 1 0 0 0 0 0 0
1027 4 1 1 1 0 0 2 0 0
1029 2 0 0 0 0 0 4 0 0
1030 1 0 0 0 0 0 1 0 0
1031 3 0 0 1 0 0 1 0 0
1032 4 1 1 4 0 0 0 0 0
1035 2 1 1 0 0 0 0 0 0
1036 6 1 1 2 0 0 0 0 0
1037 2 0 0 0 0 0 0 0 0
1039 5 0 0 5 0 0 1 0 0
1040 1 0 0 0 0 0 1 0 0
1041 2 0 0 1 0 0 2 0 0
1042 2 0 0 0 0 0 4 0 0
1055 40 2 2 36 0 0 0 0 0
fn=_IO_file_stat
1147 3 3 3 0 0 0 0 0 0
1148 12 0 0 3 0 0 0 0 0
fn=_IO_file_sync@@GLIBC_2.17
793 12 2 2 0 0 0 12 0 0
798 9 2 2 6 1 1 0 0 0
800 3 0 0 6 0 0 0 0 0
801 6 0 0 0 0 0 0 0 0
812 9 2 2 0 0 0 3 0 0
816 9 0 0 12 0 0 0 0 0
fn=_IO_file_underflow@@GLIBC_2.17
462 24 5 3 0 0 0 24 1 0
466 12 0 0 6 0 0 0 0 0
469 6 0 0 0 0 0 0 0 0
475 18 5 3 12 0 0 0 0 0
478 30 0 0 6 0 0 36 0 0
481 2 1 1 1 0 0 0 0 0
486 3 1 1 1 0 0 0 0 0
490 19 0 0 0 0 0 0 0 0
506 12 0 0 0 0 0 0 0 0
512 6 0 0 6 0 0 0 0 0
513 6 0 0 0 0 0 12 0 0
514 6 0 0 0 0 0 12 0 0
515 6 0 0 0 0 0 12 0 0
517 36 5 3 18 2 0 0 0 0
519 12 0 0 0 0 0 0 0 0
521 1 1 0 1 0 0 0 0 0
522 4 1 1 0 0 0 1 0 0
526 15 0 0 5 0 0 5 0 0
532 2 0 0 0 0 0 1 0 0
533 4 0 0 6 0 0 0 0 0
535 15 0 0 5 0 0 0 0 0
536 4 0 0 0 0 0 2 0 0
537 25 4 3 40 1 0 0 0 0
538 18 0 0 24 0 0 0 0 0
fn=_IO_file_xsgetn
1273 117 2 2 0 0 0 117 0 0
1280 26 2 2 13 0 0 0 0 0
1283 4 2 2 2 0 0 0 0 0
1288 6 0 0 0 0 0 0 0 0
1291 29 2 2 0 0 0 0 0 0
1293 32 0 0 32 0 0 0 0 0
1294 32 2 2 0 0 0 0 0 0
1296 39 0 0 0 0 0 0 0 0
1297 52 2 2 13 0 0 13 0 0
1302 3 0 0 0 0 0 0 0 0
1310 6 0 0 3 0 0 0 0 0
1319 6 0 0 3 0 0 0 0 0
1320 12 0 0 3 0 0 0 0 0
1322 12 2 2 0 0 0 0 0 0
1361 78 0 0 117 0 0 0 0 0
fn=_IO_new_file_init_internal
107 24 11 8 0 0 0 24 0 0
111 12 0 0 0 0 0 6 0 0
112 24 0 0 6 0 0 6 0 0
114 6 0 0 0 0 0 0 0 0
115 6 0 0 0 0 0 6 0 0
116 18 0 0 24 0 0 0 0 0
fl=/build/glibc-FcXrgv/glibc-2.31/libio/fseek.c
fn=fseek
32 8 2 2 0 0 0 7 0 0
35 2 0 0 1 0 0 0 0 0
36 7 1 1 0 0 0 0 0 0
39 6 0 0 7 0 0 0 0 0
fl=/build/glibc-FcXrgv/glibc-2.31/libio/ftello.c
fn=ftello
38 5 1 1 0 0 0 5 0 0
41 2 1 1 1 0 0 0 0 0
42 6 1 1 0 0 0 0 0 0
43 3 0 0 1 0 0 0 0 0
49 2 1 1 0 0 0 0 0 0
61 5 0 0 5 0 0 0 0 0
fl=/build/glibc-FcXrgv/glibc-2.31/libio/genops.c
fn=_IO_cleanup
786 14 1 1 4 0 0 0 0 0
787 19 1 1 2 0 0 2 0 0
790 10 0 0 4 0 0 2 0 0
799 9 0 0 3 0 0 0 0 0
801 4 0 0 2 0 0 0 0 0
831 5 1 1 5 0 0 0 0 0
838 6 0 0 0 0 0 3 0 0
842 10 1 1 0 0 0 2 0 0
843 10 1 1 3 0 0 0 0 0
863 10 2 2 2 1 0 9 0 0
866 3 0 0 0 0 0 0 0 0
878 12 0 0 11 0 0 0 0 0
fn=_IO_default_finish
54 6 0 0 3 0 0 0 0 0
601 12 3 3 0 0 0 9 0 0
603 6 3 3 3 0 0 0 0 0
609 6 0 0 3 0 0 0 0 0
612 6 0 0 3 0 0 0 0 0
624 9 2 1 9 0 0 0 0 0
fn=_IO_default_uflow
361 12 3 2 0 0 0 12 0 0
362 12 3 1 6 0 0 0 0 0
363 6 0 0 0 0 0 0 0 0
365 8 0 0 4 0 0 2 0 0
366 9 0 0 12 0 0 0 0 0
fn=_IO_default_xsputn
371 110 2 2 0 0 0 99 4 2
374 21 2 2 0 0 0 0 0 0
375 10 2 2 0 0 0 0 0 0
379 43 4 4 22 0 0 0 0 0
381 11 0 0 0 0 0 0 0 0
382 22 0 0 0 0 0 0 0 0
384 22 0 0 0 0 0 0 0 0
386 4 0 0 0 0 0 1 0 0
387 1 0 0 0 0 0 0 0 0
389 10 0 0 0 0 0 0 0 0
393 159 0 0 0 0 0 0 0 0
394 106 0 0 53 0 0 53 1 1
395 30 0 0 0 0 0 10 0 0
397 22 0 0 0 0 0 0 0 0
399 11 0 0 0 0 0 0 0 0
403 11 2 2 0 0 0 0 0 0
404 76 0 0 99 0 0 0 0 0
fn=_IO_doallocbuf
343 12 3 2 0 0 0 12 0 0
344 6 0 0 3 0 0 0 0 0
346 9 3 3 3 0 0 3 0 0
347 18 0 0 6 2 1 0 0 0
350 12 3 3 15 0 0 0 0 0
fn=_IO_flush_all_lockp
686 12 2 2 2 0 0 11 0 0
687 2 0 0 0 0 0 0 0 0
691 14 1 1 4 1 1 0 0 0
692 19 1 1 2 1 0 2 0 0
695 12 1 1 7 4 2 0 0 0
697 6 1 1 0 0 0 3 0 0
698 3 0 0 0 0 0 0 0 0
701 18 2 2 9 5 2 0 0 0
709 3 1 1 0 0 0 0 0 0
711 6 0 0 0 0 0 3 0 0
715 9 1 1 0 0 0 2 0 0
716 10 0 0 3 0 0 0 0 0
720 13 0 0 13 0 0 0 0 0
fn=_IO_free_backup_area
187 4 1 1 0 0 0 3 0 0
188 2 0 0 1 0 0 0 0 0
190 2 0 0 1 0 0 0 0 0
192 1 0 0 0 0 0 1 0 0
193 1 0 0 0 0 0 2 0 0
194 3 0 0 3 0 0 0 0 0
fn=_IO_link_in
87 80 10 8 16 0 0 56 0 0
88 16 0 0 8 0 0 0 0 0
90 12 0 0 0 0 0 6 0 0
92 90 6 4 24 3 1 12 0 0
93 114 5 4 12 0 0 12 0 0
94 6 0 0 0 0 0 6 0 0
95 96 11 8 30 0 0 12 0 0
97 24 0 0 12 5 3 6 0 0
98 6 0 0 0 0 0 6 0 0
100 60 0 0 6 0 0 12 0 0
101 12 6 4 0 0 0 6 0 0
102 60 6 4 6 0 0 12 0 0
103 60 6 4 18 0 0 0 0 0
106 86 0 0 84 0 0 0 0 0
fn=_IO_no_init
563 72 7 5 0 0 0 54 0 0
564 9 7 5 0 0 0 0 0 0
565 9 0 0 0 0 0 9 5 4
566 9 0 0 0 0 0 0 0 0
568 6 0 0 0 0 0 6 0 0
570 6 0 0 0 0 0 12 5 4
573 6 0 0 0 0 0 12 0 0
574 6 0 0 0 0 0 12 0 0
576 6 0 0 0 0 0 12 0 0
578 6 0 0 0 0 0 12 0 0
579 6 0 0 0 0 0 6 0 0
581 6 0 0 0 0 0 6 4 3
586 6 2 2 0 0 0 3 0 0
587 9 0 0 0 0 0 9 0 0
588 36 0 0 54 0 0 0 0 0
fn=_IO_old_init
532 27 0 0 0 0 0 9 0 0
534 18 8 5 9 7 5 0 0 0
535 36 0 0 0 0 0 9 0 0
537 9 0 0 0 0 0 18 0 0
540 9 0 0 0 0 0 18 0 0
541 9 0 0 0 0 0 18 6 4
543 9 0 0 0 0 0 18 0 0
544 9 0 0 0 0 0 9 0 0
547 9 0 0 0 0 0 18 0 0
549 9 0 0 0 0 0 18 0 0
550 9 0 0 0 0 0 9 0 0
555 18 0 0 9 0 0 0 0 0
556 6 0 0 0 0 0 12 5 4
558 9 0 0 0 0 0 0 0 0
fn=_IO_setb
329 81 6 5 9 0 0 54 0 0
330 21 0 0 9 0 0 0 0 0
331 9 1 0 3 0 0 0 0 0
333 9 0 0 0 0 0 18 0 0
335 45 2 2 0 0 0 9 0 0
338 36 0 0 54 0 0 0 0 0
fn=_IO_sgetn
409 39 2 2 0 0 0 39 0 0
411 52 2 2 26 1 1 0 0 0
412 26 0 0 39 0 0 0 0 0
fn=_IO_sputbackc
635 8 2 2 0 0 0 8 0 0
638 8 2 2 4 0 0 0 0 0
639 6 0 0 2 0 0 0 0 0
641 6 2 2 0 0 0 2 0 0
647 2 0 0 0 0 0 0 0 0
648 6 0 0 2 0 0 2 0 0
651 6 0 0 8 0 0 0 0 0
fn=_IO_switch_to_get_mode
164 24 10 6 0 0 0 24 0 0
165 24 0 0 12 0 0 0 0 0
168 12 5 3 6 0 0 0 0 0
172 12 0 0 6 0 0 6 0 0
173 18 0 0 6 0 0 0 0 0
176 6 0 0 0 0 0 6 0 0
178 12 0 0 0 0 0 12 0 0
180 12 5 3 0 0 0 6 0 0
181 6 0 0 0 0 0 0 0 0
182 18 0 0 24 0 0 0 0 0
fn=_IO_un_link
54 24 1 1 9 0 0 0 0 0
82 3 0 0 0 0 0 0 0 0
fn=_IO_unsave_markers
962 8 3 3 4 0 0 0 0 0
967 8 0 0 4 1 0 0 0 0
969 4 0 0 0 0 0 0 0 0
fn=__GI__IO_un_link.part.0
52 66 11 8 12 0 0 54 0 0
58 84 5 4 24 2 1 0 0 0
59 114 5 4 12 1 1 12 0 0
60 6 0 0 0 0 0 6 0 0
61 93 4 3 26 2 0 10 0 0
63 23 1 1 11 1 1 0 0 0
65 18 7 5 6 0 0 0 0 0
66 6 5 4 0 0 0 6 0 0
74 12 0 0 0 0 0 6 0 0
76 57 8 6 10 0 0 10 0 0
77 12 1 1 0 0 0 6 0 0
78 60 4 3 6 0 0 12 0 0
79 60 5 4 18 0 0 0 0 0
82 66 0 0 66 0 0 0 0 0
fn=__uflow
299 12 3 2 0 0 0 12 0 0
300 12 2 1 3 2 0 1 0 0
305 6 0 0 3 0 0 0 0 0
308 9 0 0 6 0 0 0 0 0
310 6 0 0 3 0 0 0 0 0
316 6 3 2 3 0 0 0 0 0
321 6 3 2 3 2 0 0 0 0
323 15 0 0 6 3 1 0 0 0
324 6 0 0 12 0 0 0 0 0
fn=__underflow
269 12 2 2 0 0 0 12 0 0
270 12 1 1 3 0 0 2 0 0
275 6 0 0 3 0 0 0 0 0
278 9 0 0 6 0 0 0 0 0
280 6 2 2 3 0 0 0 0 0
286 6 0 0 3 0 0 0 0 0
291 6 2 2 3 0 0 0 0 0
293 15 0 0 6 0 0 0 0 0
294 6 0 0 12 0 0 0 0 0
fl=/build/glibc-FcXrgv/glibc-2.31/libio/getc.c
fn=getc
34 10 2 2 0 0 0 10 1 0
37 4 0 0 2 1 0 0 0 0
38 8 2 2 4 1 0 0 0 0
43 6 2 2 10 0 0 0 0 0
fl=/build/glibc-FcXrgv/glibc-2.31/libio/iofclose.c
fn=fclose@@GLIBC_2.17
34 18 3 3 0 0 0 21 0 0
48 6 0 0 3 1 0 0 0 0
49 3 3 3 0 0 0 0 0 0
51 40 2 2 13 0 0 4 0 0
52 6 1 1 0 0 0 0 0 0
53 18 3 3 3 0 0 0 0 0
57 15 3 3 6 1 0 0 0 0
58 9 0 0 3 0 0 0 0 0
71 6 0 0 3 0 0 0 0 0
76 18 0 0 21 0 0 0 0 0
fl=/build/glibc-FcXrgv/glibc-2.31/libio/iofdopen.c
fn=fdopen@@GLIBC_2.17
35 6 1 1 0 0 0 8 0 0
46 1 0 0 0 0 0 0 0 0
51 1 0 0 0 0 0 0 0 0
53 3 0 0 1 1 1 0 0 0
56 2 1 1 0 0 0 0 0 0
68 1 1 1 0 0 0 0 0 0
70 6 1 1 1 0 0 0 0 0
88 3 0 0 0 0 0 0 0 0
89 2 0 0 0 0 0 0 0 0
92 3 0 0 0 0 0 0 0 0
115 1 0 0 0 0 0 0 0 0
122 3 1 1 0 0 0 0 0 0
123 1 0 0 0 0 0 0 0 0
126 2 0 0 0 0 0 1 1 1
128 8 0 0 0 0 0 0 0 0
134 1 0 0 0 0 0 1 0 0
136 2 0 0 0 0 0 0 0 0
139 2 1 1 0 0 0 0 0 0
145 1 0 0 0 0 0 1 0 0
148 5 0 0 1 0 0 1 0 0
154 1 0 0 0 0 0 0 0 0
162 6 0 0 8 0 0 0 0 0
fl=/build/glibc-FcXrgv/glibc-2.31/libio/iofflush.c
fn=fflush
32 15 0 0 0 0 0 15 0 0
33 3 2 2 0 0 0 0 0 0
39 54 2 2 15 9 9 6 0 0
40 18 0 0 6 5 5 0 0 0
44 15 0 0 15 0 0 0 0 0
fl=/build/glibc-FcXrgv/glibc-2.31/libio/iofopen.c
fn=__fopen_internal
37 4 2 2 2 0 0 0 0 0
57 40 5 3 0 0 0 35 0 0
65 10 0 0 0 0 0 0 0 0
67 5 0 0 0 0 0 0 0 0
70 10 0 0 0 0 0 5 4 3
72 40 5 3 0 0 0 0 0 0
73 15 0 0 0 0 0 5 0 0
74 10 0 0 0 0 0 0 0 0
75 30 0 0 0 0 0 0 0 0
78 6 3 1 0 0 0 0 0 0
79 6 0 0 0 0 0 0 0 0
80 3 0 0 0 0 0 0 0 0
81 30 2 2 35 0 0 0 0 0
fn=fopen@@GLIBC_2.17
86 10 5 3 0 0 0 0 0 0
fl=/build/glibc-FcXrgv/glibc-2.31/libio/iofread.c
fn=fread
31 3 1 1 0 0 0 4 0 0
32 1 0 0 0 0 0 0 0 0
35 1 0 0 0 0 0 0 0 0
37 25 2 2 5 0 0 7 0 0
38 5 0 0 0 0 0 0 0 0
40 3 1 1 0 0 0 0 0 0
41 7 0 0 9 0 0 0 0 0
fl=/build/glibc-FcXrgv/glibc-2.31/libio/iofread_u.c
fn=fread_unlocked
34 36 1 1 0 0 0 48 0 0
35 12 0 0 0 0 0 0 0 0
38 12 0 0 0 0 0 0 0 0
40 72 1 1 0 0 0 12 0 0
41 48 0 0 12 0 0 0 0 0
42 60 0 0 48 0 0 0 0 0
fl=/build/glibc-FcXrgv/glibc-2.31/libio/ioftell.c
fn=ftell
34 5 1 1 0 0 0 5 0 0
37 18 2 2 5 1 0 2 0 0
38 6 0 0 0 0 0 0 0 0
39 3 0 0 1 0 0 0 0 0
45 2 0 0 0 0 0 0 0 0
57 5 0 0 5 0 0 0 0 0
fl=/build/glibc-FcXrgv/glibc-2.31/libio/ioseekoff.c
fn=_IO_seekoff_unlocked
33 36 2 2 0 0 0 28 0 0
34 8 2 2 0 0 0 0 0 0
43 14 1 1 4 0 0 0 0 0
59 32 0 0 8 2 1 0 0 0
60 16 1 1 28 0 0 0 0 0
fl=/build/glibc-FcXrgv/glibc-2.31/libio/ioungetc.c
fn=ungetc
31 8 2 2 0 0 0 8 0 0
34 4 0 0 0 0 0 0 0 0
36 8 2 2 2 0 0 4 0 0
37 8 2 2 4 0 0 0 0 0
42 4 0 0 8 0 0 0 0 0
fl=/build/glibc-FcXrgv/glibc-2.31/libio/iovsprintf.c
fn=__vsprintf_internal
72 16 2 2 2 0 0 10 0 0
77 1 0 0 0 0 0 1 0 0
79 7 0 0 0 0 0 0 0 0
87 6 1 1 0 0 0 0 0 0
91 8 0 0 0 0 0 1 0 0
95 9 1 1 4 0 0 4 0 0
97 2 0 0 1 0 0 1 0 0
99 11 1 1 11 0 0 0 0 0
fl=/build/glibc-FcXrgv/glibc-2.31/libio/libioP.h
fn=_IO_cleanup
941 7 1 1 0 0 0 2 0 0
fn=_IO_default_uflow
941 15 0 0 0 0 0 0 0 0
943 3 0 0 0 0 0 0 0 0
944 6 0 0 0 0 0 0 0 0
fn=_IO_default_xsputn
941 55 0 0 0 0 0 0 0 0
fn=_IO_doallocbuf
941 15 0 0 0 0 0 0 0 0
943 3 0 0 0 0 0 0 0 0
944 6 3 3 0 0 0 0 0 0
fn=_IO_file_close_it@@GLIBC_2.17
941 15 0 0 0 0 0 0 0 0
943 3 0 0 0 0 0 0 0 0
944 6 3 3 0 0 0 0 0 0
fn=_IO_file_doallocate
941 15 0 0 0 0 0 0 0 0
943 3 0 0 0 0 0 0 0 0
944 6 0 0 0 0 0 0 0 0
fn=_IO_file_seekoff@@GLIBC_2.17
941 5 1 1 0 0 0 0 0 0
943 3 0 0 0 0 0 0 0 0
944 6 0 0 0 0 0 0 0 0
fn=_IO_file_underflow@@GLIBC_2.17
885 36 10 6 0 0 0 0 0 0
943 6 0 0 0 0 0 0 0 0
944 12 0 0 0 0 0 0 0 0
fn=_IO_file_xsgetn
941 65 0 0 0 0 0 0 0 0
fn=_IO_flush_all_lockp
941 6 0 0 0 0 0 2 0 0
fn=_IO_sgetn
941 65 0 0 0 0 0 0 0 0
943 13 0 0 0 0 0 0 0 0
944 26 0 0 0 0 0 0 0 0
fn=__uflow
941 15 0 0 0 0 0 0 0 0
943 3 0 0 0 0 0 0 0 0
944 6 0 0 0 0 0 0 0 0
fn=__underflow
941 15 0 0 0 0 0 0 0 0
943 3 0 0 0 0 0 0 0 0
944 6 0 0 0 0 0 0 0 0
fn=fclose@@GLIBC_2.17
857 30 3 3 9 5 4 0 0 0
863 6 0 0 0 0 0 0 0 0
884 3 3 3 0 0 0 0 0 0
885 25 2 2 6 0 0 5 0 0
941 15 0 0 0 0 0 0 0 0
943 3 0 0 0 0 0 0 0 0
944 6 0 0 0 0 0 0 0 0
fn=fflush
884 6 0 0 3 0 0 0 0 0
885 30 2 2 6 0 0 6 0 0
941 15 2 2 0 0 0 0 0 0
943 3 0 0 0 0 0 0 0 0
944 6 0 0 0 0 0 0 0 0
fn=fread
884 2 0 0 1 0 0 0 0 0
885 10 1 1 2 0 0 2 0 0
fn=fseek
884 2 1 1 1 0 0 0 0 0
fn=ftell
884 1 1 1 0 0 0 0 0 0
885 13 1 1 2 0 0 2 0 0
fn=rewind
884 1 0 0 0 0 0 0 0 0
885 10 1 1 2 0 0 2 0 0
fl=/build/glibc-FcXrgv/glibc-2.31/libio/rewind.c
fn=rewind
32 5 2 2 0 0 0 5 0 0
34 18 1 1 5 0 0 2 0 0
35 5 0 0 0 0 0 0 0 0
36 3 0 0 1 0 0 1 0 0
38 4 0 0 5 0 0 0 0 0
fl=/build/glibc-FcXrgv/glibc-2.31/libio/strops.c
fn=_IO_str_init_static_internal
36 21 2 2 0 0 0 18 0 0
40 3 0 0 0 0 0 0 0 0
42 3 2 2 0 0 0 0 0 0
43 6 0 0 0 0 0 0 0 0
46 15 2 2 0 0 0 0 0 0
48 3 0 0 0 0 0 6 0 0
50 3 0 0 0 0 0 3 0 0
51 3 0 0 0 0 0 0 0 0
54 3 0 0 0 0 0 6 0 0
55 3 0 0 0 0 0 3 0 0
64 3 0 0 0 0 0 3 0 0
65 12 0 0 18 0 0 0 0 0
fl=/build/glibc-FcXrgv/glibc-2.31/libio/vsnprintf.c
fn=__vsnprintf_internal
95 28 2 2 4 2 0 20 0 0
99 2 0 0 0 0 0 2 0 0
104 8 0 0 0 0 0 0 0 0
110 12 0 0 0 0 0 0 0 0
111 6 0 0 0 0 0 2 0 0
112 2 0 0 0 0 0 2 2 2
113 10 1 1 0 0 0 0 0 0
114 18 0 0 8 0 0 8 0 0
116 8 1 1 2 0 0 0 0 0
117 4 0 0 2 0 0 2 0 0
119 24 0 0 24 0 0 0 0 0
fl=/build/glibc-FcXrgv/glibc-2.31/libio/vtables.c
fn=check_stdfiles_vtables
84 7 1 1 2 2 0 0 0 0
85 5 1 1 2 1 0 0 0 0
86 5 0 0 2 1 0 0 0 0
88 1 0 0 0 0 0 0 0 0
fl=/build/glibc-FcXrgv/glibc-2.31/locale/../iconv/gconv_charset.h
fn=_nl_find_locale
59 12 0 0 0 0 0 0 0 0
61 162 0 0 78 0 0 0 0 0
63 150 1 1 12 0 0 0 0 0
64 672 7 2 60 0 0 0 0 0
65 240 0 0 60 7 4 60 0 0
75 120 8 2 0 0 0 0 0 0
76 72 6 1 0 0 0 24 0 0
78 12 0 0 0 0 0 12 0 0
86 480 3 1 192 1 1 96 0 0
fl=/build/glibc-FcXrgv/glibc-2.31/locale/../sysdeps/unix/sysv/linux/not-cancel.h
fn=_nl_load_locale
60 2 0 0 0 0 0 0 0 0
fl=/build/glibc-FcXrgv/glibc-2.31/locale/findlocale.c
fn=_nl_find_locale
66 166 0 0 12 0 0 0 0 0
75 18 2 1 0 0 0 0 0 0
78 12 0 0 0 0 0 0 0 0
82 42 0 0 0 0 0 0 0 0
85 12 0 0 0 0 0 0 0 0
87 6 0 0 0 0 0 0 0 0
88 54 2 1 18 0 0 0 0 0
96 30 0 0 0 0 0 0 0 0
104 954 5 2 106 0 0 636 0 0
107 106 0 0 53 0 0 53 0 0
115 106 0 0 53 0 0 0 0 0
119 200 2 1 0 0 0 50 0 0
121 150 4 1 0 0 0 50 0 0
123 184 0 0 0 0 0 46 0 0
124 4 0 0 4 0 0 0 0 0
125 230 0 0 0 0 0 46 0 0
132 216 0 0 0 0 0 0 0 0
133 30 0 0 0 0 0 0 0 0
137 94 0 0 0 0 0 47 0 0
138 188 0 0 47 2 0 0 0 0
146 12 0 0 6 0 0 6 0 0
150 6 0 0 0 0 0 0 0 0
153 24 1 0 0 0 0 0 0 0
154 6 0 0 0 0 0 0 0 0
159 18 1 1 6 0 0 6 0 0
160 6 0 0 0 0 0 0 0 0
168 12 6 1 0 0 0 0 0 0
169 6 0 0 0 0 0 0 0 0
179 18 0 0 6 0 0 6 0 0
182 102 5 2 0 0 0 6 0 0
197 42 0 0 0 0 0 0 0 0
199 12 2 1 0 0 0 0 0 0
205 90 1 1 30 0 0 18 0 0
211 6 0 0 0 0 0 0 0 0
215 14 1 1 5 0 0 3 0 0
220 1 0 0 0 0 0 0 0 0
226 6 0 0 0 0 0 0 0 0
227 18 6 1 6 0 0 0 0 0
229 12 0 0 6 0 0 0 0 0
232 12 0 0 6 0 0 0 0 0
235 24 0 0 6 0 0 0 0 0
237 12 6 1 6 0 0 0 0 0
238 3 0 0 0 0 0 0 0 0
239 36 6 1 12 0 0 0 0 0
244 6 0 0 0 0 0 6 0 0
257 12 0 0 6 0 0 0 0 0
281 18 0 0 12 1 1 0 0 0
282 12 1 1 0 0 0 0 0 0
283 6 0 0 0 0 0 0 0 0
286 96 1 1 0 0 0 6 0 0
289 96 8 2 0 0 0 6 0 0
292 24 0 0 6 0 0 0 0 0
302 12 0 0 6 0 0 0 0 0
306 4 0 0 1 0 0 0 0 0
307 1 0 0 0 0 0 0 0 0
308 23 0 0 7 0 0 0 0 0
309 6 0 0 0 0 0 0 0 0
311 3 0 0 0 0 0 1 0 0
315 12 0 0 6 0 0 0 0 0
320 18 0 0 6 0 0 0 0 0
322 3 0 0 0 0 0 1 0 0
325 795 3 2 742 0 0 0 0 0
fl=/build/glibc-FcXrgv/glibc-2.31/locale/lc-ctype.c
fn=_nl_postload_ctype
38 27 0 0 9 0 0 0 0 0
57 9 0 0 0 0 0 0 0 0
58 9 0 0 0 0 0 18 0 0
59 18 0 0 9 0 0 0 0 0
60 9 0 0 0 0 0 9 0 0
61 18 3 1 18 2 0 0 0 0
65 54 2 1 18 1 0 0 0 0
67 27 0 0 9 2 0 9 0 0
69 27 0 0 9 0 0 9 0 0
71 27 0 0 9 0 0 9 0 0
110 9 0 0 0 0 0 0 0 0
fl=/build/glibc-FcXrgv/glibc-2.31/locale/loadarchive.c
fn=_nl_load_locale_from_archive
134 90 3 2 12 0 0 84 0 0
135 6 0 0 6 0 0 0 0 0
153 12 0 0 0 0 0 0 0 0
159 24 0 0 6 1 0 0 0 0
169 18 3 1 0 0 0 0 0 0
170 30 0 0 6 0 0 0 0 0
172 30 2 1 0 0 0 0 0 0
173 30 2 1 0 0 0 0 0 0
174 6 0 0 0 0 0 0 0 0
175 12 0 0 0 0 0 0 0 0
176 24 0 0 0 0 0 0 0 0
181 18 0 0 0 0 0 0 0 0
182 18 2 1 0 0 0 0 0 0
183 90 4 1 0 0 0 6 0 0
184 54 0 0 0 0 0 0 0 0
189 18 0 0 0 0 0 0 0 0
194 24 2 1 6 0 0 0 0 0
202 2 1 1 0 0 0 1 0 0
205 5 0 0 0 0 0 0 0 0
206 2 0 0 0 0 0 0 0 0
265 10 0 0 5 0 0 0 0 0
499 90 3 1 90 0 0 0 0 0
fl=/build/glibc-FcXrgv/glibc-2.31/locale/loadlocale.c
fn=_nl_intern_locale_data
69 7 1 1 0 0 0 6 0 0
79 2 1 1 0 0 0 0 0 0
80 12 1 1 1 1 1 0 0 0
87 9 0 0 2 1 1 2 0 0
89 2 0 0 0 0 0 0 0 0
90 1 0 0 0 0 0 0 0 0
98 2 1 1 0 0 0 0 0 0
99 1 0 0 0 0 0 0 0 0
100 1 0 0 0 0 0 0 0 0
104 1 0 0 0 0 0 2 1 1
105 1 0 0 0 0 0 2 0 0
107 1 0 0 0 0 0 1 0 0
109 1 0 0 0 0 0 1 0 0
110 271 0 0 2 0 0 0 0 0
112 178 0 0 89 5 5 0 0 0
113 178 1 1 0 0 0 0 0 0
124 890 1 1 0 0 0 0 0 0
144 89 1 1 0 0 0 0 0 0
148 264 0 0 0 0 0 0 0 0
151 347 1 1 172 8 8 0 0 0
152 139 0 0 0 0 0 69 10 10
155 40 0 0 0 0 0 0 0 0
157 80 0 0 20 6 6 20 1 1
163 4 1 1 6 0 0 0 0 0
fn=_nl_load_locale
167 15 2 2 2 0 0 13 0 0
175 2 0 0 0 0 0 1 0 0
176 1 0 0 0 0 0 1 0 0
178 3 0 0 1 0 0 0 0 0
179 1 0 0 0 0 0 0 0 0
183 7 1 1 0 0 0 0 0 0
189 4 0 0 1 0 0 0 0 0
214 4 0 0 2 0 0 0 0 0
224 8 1 1 1 0 0 0 0 0
226 2 0 0 0 0 0 0 0 0
263 1 0 0 0 0 0 0 0 0
267 4 0 0 1 0 0 0 0 0
268 2 1 1 0 0 0 0 0 0
279 1 0 0 0 0 0 1 0 0
280 1 0 0 0 0 0 1 0 0
282 1 0 0 0 0 0 1 0 0
283 14 1 1 15 0 0 0 0 0
fl=/build/glibc-FcXrgv/glibc-2.31/locale/localeinfo.h
fn=_nl_find_locale
206 286 2 1 56 2 1 0 0 0
fn=new_composite_name
206 84 0 0 72 0 0 0 0 0
fl=/build/glibc-FcXrgv/glibc-2.31/locale/localename.c
fn=__current_locale_name
25 120 12 3 48 9 3 0 0 0
26 48 0 0 24 12 4 0 0 0
fl=/build/glibc-FcXrgv/glibc-2.31/locale/nl_langinfo.c
fn=nl_langinfo
31 15 2 1 6 0 0 0 0 0
fl=/build/glibc-FcXrgv/glibc-2.31/locale/nl_langinfo_l.c
fn=nl_langinfo_l
32 3 0 0 0 0 0 0 0 0
33 3 0 0 0 0 0 0 0 0
36 9 0 0 0 0 0 0 0 0
42 9 3 1 0 0 0 0 0 0
58 3 0 0 3 0 0 0 0 0
61 9 0 0 3 0 0 0 0 0
66 6 0 0 3 1 0 0 0 0
67 3 0 0 0 0 0 0 0 0
fl=/build/glibc-FcXrgv/glibc-2.31/locale/setlocale.c
fn=new_composite_name
139 108 17 2 0 0 0 99 0 0
144 9 0 0 0 0 0 0 0 0
146 531 0 0 0 0 0 0 0 0
147 234 0 0 0 0 0 0 0 0
150 312 3 0 48 0 0 0 0 0
151 203 5 1 60 5 0 0 0 0
152 324 8 1 0 0 0 0 0 0
153 441 0 0 108 0 0 0 0 0
154 276 0 0 48 0 0 0 0 0
158 9 0 0 0 0 0 0 0 0
161 21 0 0 3 0 0 0 0 0
170 18 6 0 0 0 0 0 0 0
171 12 3 1 0 0 0 0 0 0
174 288 0 0 0 0 0 0 0 0
175 156 0 0 0 0 0 0 0 0
179 216 0 0 36 0 0 0 0 0
180 129 1 1 36 0 0 0 0 0
181 144 1 1 0 0 0 0 0 0
182 84 0 0 0 0 0 72 0 0
183 216 0 0 0 0 0 0 0 0
184 144 0 0 0 0 0 72 0 0
186 6 0 0 0 0 0 6 0 0
188 72 1 1 99 0 0 0 0 0
fn=setlocale
195 205 4 2 62 4 0 0 0 0
198 58 4 0 2 0 0 4 0 0
199 8 0 0 0 0 0 0 0 0
201 30 0 0 0 0 0 14 0 0
210 106 0 0 48 0 0 53 3 0
211 168 0 0 53 3 1 0 0 0
212 9 0 0 0 0 0 0 0 0
218 195 5 2 30 1 0 180 0 0
225 30 0 0 0 0 0 0 0 0
226 15 0 0 15 0 0 0 0 0
230 15 0 0 0 0 0 0 0 0
231 30 1 1 6 2 0 0 0 0
234 144 0 0 36 3 0 27 0 0
236 72 4 2 9 0 0 0 0 0
250 9 0 0 0 0 0 18 0 0
252 27 0 0 0 0 0 0 0 0
253 9 0 0 0 0 0 0 0 0
265 39 0 0 9 0 0 0 0 0
277 192 0 0 0 0 0 0 0 0
278 104 2 1 0 0 0 0 0 0
279 96 0 0 0 0 0 48 1 0
281 20 0 0 0 0 0 4 0 0
334 104 1 0 0 0 0 0 0 0
335 252 4 2 0 0 0 0 0 0
337 288 6 1 96 0 0 48 0 0
341 48 0 0 0 0 0 0 0 0
355 144 0 0 48 18 6 0 0 0
359 256 0 0 96 0 0 4 0 0
361 33 3 1 6 3 0 7 0 0
363 4 2 0 2 0 0 2 0 0
366 3 0 0 0 0 0 1 0 0
367 1 0 0 0 0 0 0 0 0
375 16 1 1 0 0 0 0 0 0
376 16 1 1 0 0 0 0 0 0
379 240 0 0 0 0 0 0 0 0
380 104 0 0 0 0 0 0 0 0
382 96 0 0 0 0 0 0 0 0
383 96 3 1 48 0 0 0 0 0
389 24 0 0 8 1 0 4 0 0
398 44 2 1 16 0 0 0 0 0
401 8 0 0 4 0 0 0 0 0
402 8 0 0 4 0 0 0 0 0
404 8 0 0 8 0 0 0 0 0
409 5 0 0 0 0 0 5 0 0
414 30 0 0 15 0 0 0 0 0
416 5 0 0 0 0 0 0 0 0
424 15 1 1 5 1 0 0 0 0
425 2 0 0 0 0 0 1 0 0
429 25 0 0 5 0 0 0 0 0
431 6 0 0 0 0 0 3 0 0
432 3 0 0 0 0 0 0 0 0
437 20 5 1 5 0 0 0 0 0
438 5 0 0 0 0 0 0 0 0
452 5 0 0 5 0 0 0 0 0
457 25 3 1 10 2 1 5 0 0
461 55 0 0 20 0 0 0 0 0
464 10 3 1 5 1 0 0 0 0
466 15 0 0 15 0 0 0 0 0
468 195 3 2 195 0 0 0 0 0
fl=/build/glibc-FcXrgv/glibc-2.31/malloc/alloc_buffer_alloc_array.c
fn=__libc_alloc_buffer_alloc_array
25 6 1 1 0 0 0 0 0 0
26 6 0 0 6 0 0 0 0 0
28 24 0 0 0 0 0 0 0 0
30 24 0 0 0 0 0 0 0 0
32 6 0 0 0 0 0 0 0 0
33 12 0 0 0 0 0 0 0 0
34 30 1 1 0 0 0 0 0 0
35 18 0 0 6 0 0 0 0 0
37 6 0 0 0 0 0 6 0 0
38 6 0 0 0 0 0 0 0 0
45 6 0 0 0 0 0 0 0 0
fl=/build/glibc-FcXrgv/glibc-2.31/malloc/arena.c
fn=malloc_hook_ini
291 4 0 0 1 1 1 0 0 0
fn=ptmalloc_init.part.0
289 9 1 1 2 0 0 6 0 0
294 3 0 0 0 0 0 1 0 0
302 3 1 1 1 1 0 0 0 0
303 7 1 1 0 0 0 0 0 0
304 4 0 0 2 0 0 0 0 0
308 6 1 1 1 1 0 1 1 0
310 1 0 0 0 0 0 0 0 0
313 6 0 0 1 1 0 0 0 0
314 5 0 0 1 1 0 0 0 0
315 5 1 1 1 1 0 0 0 0
316 5 0 0 1 1 0 0 0 0
317 5 0 0 1 1 0 0 0 0
318 5 1 1 1 1 0 0 0 0
319 5 0 0 1 0 0 0 0 0
320 5 0 0 1 0 0 0 0 0
322 5 1 1 1 1 0 0 0 0
323 5 0 0 1 0 0 0 0 0
324 5 0 0 1 0 0 0 0 0
327 5 1 1 1 0 0 0 0 0
396 3 0 0 2 2 1 0 0 0
397 1 0 0 0 0 0 0 0 0
400 3 0 0 0 0 0 1 1 0
401 10 0 0 8 1 0 0 0 0
fn=realloc_hook_ini
291 3 1 1 1 0 0 0 0 0
fn=sysmalloc
536 5 0 0 0 0 0 0 0 0
fl=/build/glibc-FcXrgv/glibc-2.31/malloc/hooks.c
fn=malloc_hook_ini
29 4 1 1 0 0 0 3 0 0
30 3 1 1 1 0 0 1 0 0
32 2 0 0 0 0 0 0 0 0
33 2 0 0 3 1 0 0 0 0
fn=realloc_hook_ini
37 5 1 1 0 0 0 4 0 0
38 3 0 0 1 1 0 1 0 0
39 3 0 0 1 0 0 1 0 0
41 3 0 0 0 0 0 0 0 0
42 2 0 0 4 0 0 0 0 0
fl=/build/glibc-FcXrgv/glibc-2.31/malloc/malloc.c
fn=_int_free
1635 377 66 19 0 0 0 0 0 0
1875 1131 0 0 377 0 0 0 0 0
2924 2464 224 34 0 0 0 2464 0 0
2926 1232 0 0 1232 256 52 0 0 0
2927 1232 0 0 0 0 0 1232 0 0
2928 2464 230 21 0 0 0 1232 0 0
4155 19308 463 70 3218 764 27 14481 142 14
4165 4827 0 0 1609 2 0 3218 13 2
4171 4827 0 0 0 0 0 0 0 0
4172 3218 0 0 0 0 0 0 0 0
4176 4827 0 0 0 0 0 0 0 0
4183 3218 0 0 0 0 0 0 0 0
4184 19308 240 35 4827 221 4 0 0 0
4187 1399 0 0 0 0 0 0 0 0
4193 4197 169 16 1399 34 27 0 0 0
4206 8394 0 0 2798 286 37 0 0 0
4209 1232 0 0 0 0 0 0 0 0
4220 1131 0 0 377 139 4 0 0 0
4231 308 0 0 77 17 14 0 0 0
4233 308 31 12 77 12 0 0 0 0
4254 231 0 0 0 0 0 77 32 3
4255 77 0 0 0 0 0 0 0 0
4259 154 0 0 77 3 2 0 0 0
4261 308 0 0 77 12 1 0 0 0
4265 154 16 1 0 0 0 0 0 0
4267 77 0 0 0 0 0 77 0 0
4268 77 0 0 0 0 0 77 0 0
4286 308 0 0 0 0 0 0 0 0
4287 18 6 0 6 4 0 0 0 0
4295 600 110 13 300 0 0 0 0 0
4298 1500 0 0 300 83 3 300 0 0
4301 1200 0 0 0 0 0 0 0 0
4304 300 142 35 0 0 0 0 0 0
4308 900 0 0 300 134 17 0 0 0
4311 1200 0 0 300 115 7 0 0 0
4313 900 119 34 300 157 16 0 0 0
4316 600 0 0 300 119 55 0 0 0
4319 300 0 0 0 0 0 0 0 0
4320 600 0 0 0 0 0 0 0 0
4321 900 0 0 300 86 3 0 0 0
4327 600 133 46 300 0 0 0 0 0
4328 78 0 0 78 0 0 0 0 0
4329 78 0 0 0 0 0 0 0 0
4330 78 0 0 0 0 0 0 0 0
4331 312 0 0 78 35 8 0 0 0
4333 156 0 0 0 0 0 0 0 0
4336 900 0 0 300 0 0 0 0 0
4338 560 0 0 280 186 97 0 0 0
4341 280 143 44 0 0 0 0 0 0
4342 154 40 19 0 0 0 0 0 0
4343 154 0 0 0 0 0 0 0 0
4345 609 0 0 203 0 0 203 0 0
4353 280 0 0 0 0 0 0 0 0
4354 280 0 0 280 70 3 0 0 0
4355 840 0 0 280 62 5 0 0 0
4358 280 0 0 0 0 0 560 21 11
4359 560 0 0 0 0 0 0 0 0
4362 490 109 41 0 0 0 490 17 5
4364 280 0 0 0 0 0 280 0 0
4365 280 0 0 0 0 0 280 0 0
4367 560 0 0 0 0 0 280 0 0
4368 280 107 34 0 0 0 280 0 0
4379 20 19 16 0 0 0 0 0 0
4380 40 0 0 0 0 0 20 0 0
4381 40 17 12 0 0 0 20 0 0
4398 900 17 2 0 0 0 0 0 0
4399 30 10 9 10 0 0 0 0 0
4402 40 0 0 0 0 0 0 0 0
4404 60 9 8 30 10 6 0 0 0
4405 20 0 0 0 0 0 0 0 0
4406 9 0 0 3 0 0 0 0 0
4418 600 0 0 300 0 0 0 0 0
4428 19308 421 40 20917 0 0 0 0 0
fn=_int_malloc
1208 1176 0 0 0 0 0 1176 0 0
1210 5292 660 63 0 0 0 3528 107 9
1635 1169 0 0 0 0 0 0 0 0
1868 4116 6 0 5292 0 0 0 0 0
2924 11 0 0 0 0 0 11 0 0
2926 33 3 3 11 2 0 11 0 0
2927 11 0 0 0 0 0 11 0 0
2928 33 0 0 0 0 0 11 0 0
2929 11 0 0 0 0 0 0 0 0
3513 1764 228 43 0 0 0 2352 375 16
3553 588 0 0 0 0 0 0 0 0
3577 1785 371 21 588 361 14 0 0 0
3579 7 5 1 0 0 0 0 0 0
3582 76 0 0 76 17 3 0 0 0
3584 1484 201 25 0 0 0 0 0 0
3608 276 18 6 0 0 0 0 0 0
3612 2034 174 7 0 0 0 678 65 5
3635 1024 0 0 0 0 0 0 0 0
3637 339 0 0 0 0 0 339 0 0
3638 704 185 31 0 0 0 0 0 0
3640 3768 0 0 352 280 91 1356 0 0
3642 13 0 0 13 12 10 0 0 0
3643 39 0 0 13 3 1 0 0 0
3645 52 0 0 13 10 7 13 0 0
3646 13 0 0 0 0 0 13 0 0
3647 13 13 9 0 0 0 13 0 0
3649 52 0 0 0 0 0 0 0 0
3655 26 0 0 0 0 0 0 0 0
3656 169 13 8 39 0 0 0 0 0
3661 109 0 0 13 0 0 0 0 0
3662 69 0 0 23 0 0 0 0 0
3664 11 0 0 0 0 0 0 0 0
3666 11 0 0 11 0 0 0 0 0
3667 44 3 2 11 3 2 11 0 0
3668 61 3 3 13 0 0 0 0 0
3670 11 0 0 0 0 0 11 0 0
3671 11 0 0 0 0 0 11 7 7
3697 5496 201 34 0 0 0 1747 50 0
3698 708 161 22 236 166 24 0 0 0
3699 117 0 0 52 0 0 52 0 0
3716 1723 0 0 0 0 0 0 0 0
3717 1150 0 0 0 0 0 0 0 0
3718 4598 402 31 1724 22 0 0 0 0
3722 2300 0 0 0 0 0 2300 0 0
3727 328 0 0 0 0 0 0 0 0
3728 3019 0 0 897 338 9 0 0 0
3730 418 0 0 418 72 5 0 0 0
3731 836 0 0 418 212 19 0 0 0
3732 418 0 0 0 0 0 0 0 0
3734 836 0 0 0 0 0 0 0 0
3735 1254 0 0 418 202 2 0 0 0
3737 418 0 0 418 267 22 0 0 0
3738 1254 228 30 0 0 0 0 0 0
3740 1672 0 0 418 0 0 0 0 0
3742 1254 0 0 418 40 3 0 0 0
3743 1254 0 0 418 0 0 0 0 0
3745 418 0 0 0 0 0 0 0 0
3756 1254 0 0 0 0 0 0 0 0
3757 525 132 26 175 0 0 0 0 0
3758 238 0 0 0 0 0 0 0 0
3759 328 0 0 0 0 0 0 0 0
3762 89 0 0 0 0 0 0 0 0
3763 89 0 0 0 0 0 0 0 0
3764 89 0 0 0 0 0 178 0 0
3765 89 0 0 0 0 0 89 0 0
3766 89 0 0 0 0 0 178 88 72
3767 178 0 0 0 0 0 0 0 0
3770 76 0 0 0 0 0 152 17 16
3773 623 81 15 0 0 0 89 0 0
3775 178 0 0 0 0 0 89 23 14
3776 89 0 0 0 0 0 89 0 0
3779 89 0 0 0 0 0 0 0 0
3787 329 181 31 0 0 0 329 0 0
3788 329 0 0 0 0 0 329 0 0
3792 658 0 0 0 0 0 0 0 0
3794 14 0 0 0 0 0 7 0 0
3795 1746 302 19 7 0 0 575 0 0
3800 14 0 0 0 0 0 0 0 0
3801 984 0 0 328 0 0 0 0 0
3821 644 0 0 0 0 0 0 0 0
3823 214 0 0 0 0 0 0 0 0
3824 428 0 0 0 0 0 0 0 0
3825 107 0 0 107 58 44 0 0 0
3829 1982 306 67 0 0 0 0 0 0
3830 860 40 8 0 0 0 0 0 0
3831 215 0 0 215 196 72 0 0 0
3834 430 0 0 0 0 0 0 0 0
3837 4 0 0 0 0 0 0 0 0
3839 12 0 0 8 1 0 0 0 0
3840 8 0 0 0 0 0 0 0 0
3847 2 0 0 1 0 0 2 0 0
3848 4 0 0 0 0 0 2 0 0
3852 6 0 0 3 0 0 0 0 0
3853 6 2 2 0 0 0 0 0 0
3859 3 0 0 0 0 0 0 0 0
3866 6 0 0 3 1 0 6 1 0
3867 12 0 0 6 0 0 0 0 0
3869 3 0 0 0 0 0 3 0 0
3870 9 0 0 3 0 0 3 0 0
3872 3 0 0 3 0 0 0 0 0
3873 15 2 2 3 0 0 0 0 0
3878 844 198 63 0 0 0 422 40 3
3881 1610 0 0 322 59 12 322 0 0
3882 322 0 0 0 0 0 644 0 0
3884 322 0 0 0 0 0 322 82 49
3885 322 0 0 0 0 0 322 0 0
3890 644 158 29 0 0 0 0 0 0
3891 322 0 0 0 0 0 0 0 0
3892 3365 0 0 656 0 0 0 0 0
3900 1294 377 57 0 0 0 0 0 0
3917 958 124 16 0 0 0 0 0 0
3919 916 130 17 229 0 0 0 0 0
3922 916 0 0 229 200 104 0 0 0
3923 18 0 0 6 3 1 0 0 0
3927 16 0 0 4 0 0 0 0 0
3929 4 4 3 4 1 1 0 0 0
3933 12 4 3 4 0 0 0 0 0
3938 4 0 0 0 0 0 0 0 0
3939 8 0 0 0 0 0 0 0 0
3942 8 0 0 0 0 0 0 0 0
3951 1 0 0 0 0 0 0 0 0
3955 1 0 0 1 0 0 0 0 0
3956 3 0 0 1 0 0 0 0 0
3958 1 0 0 0 0 0 2 0 0
3960 1 0 0 0 0 0 1 0 0
3961 1 0 0 0 0 0 1 0 0
3962 2 0 0 0 0 0 0 0 0
3990 950 126 6 475 0 0 0 0 0
3991 1425 0 0 0 0 0 0 0 0
3992 475 0 0 0 0 0 0 0 0
3993 1425 194 23 475 165 6 0 0 0
3994 1425 0 0 0 0 0 0 0 0
3999 2539 0 0 0 0 0 0 0 0
4003 2610 209 25 0 0 0 0 0 0
4006 2408 0 0 602 68 0 0 0 0
4008 680 125 17 0 0 0 0 0 0
4009 340 0 0 0 0 0 0 0 0
4013 6164 0 0 0 0 0 0 0 0
4015 2706 0 0 0 0 0 0 0 0
4016 2706 0 0 0 0 0 0 0 0
4017 2706 0 0 0 0 0 0 0 0
4021 376 0 0 376 179 48 0 0 0
4024 752 112 14 0 0 0 0 0 0
4026 507 0 0 0 0 0 169 0 0
4027 169 0 0 0 0 0 0 0 0
4028 169 0 0 0 0 0 0 0 0
4033 414 169 25 207 77 28 0 0 0
4036 414 0 0 0 0 0 0 0 0
4038 207 0 0 0 0 0 0 0 0
4041 414 0 0 0 0 0 0 0 0
4044 414 172 20 0 0 0 0 0 0
4046 60 10 8 15 0 0 15 0 0
4047 60 0 0 0 0 0 0 0 0
4054 195 0 0 0 0 0 0 0 0
4059 195 0 0 195 0 0 0 0 0
4060 585 0 0 195 0 0 0 0 0
4062 195 0 0 0 0 0 390 187 115
4064 195 0 0 0 0 0 195 0 0
4065 195 0 0 0 0 0 195 0 0
4068 390 0 0 0 0 0 0 0 0
4069 86 0 0 0 0 0 86 0 0
4070 390 0 0 0 0 0 0 0 0
4073 268 0 0 0 0 0 268 32 18
4075 1372 134 31 0 0 0 196 0 0
4077 392 0 0 0 0 0 196 51 28
4078 392 0 0 0 0 0 196 0 0
4081 224 0 0 0 0 0 0 0 0
4103 268 0 0 268 121 13 0 0 0
4104 536 0 0 268 139 14 0 0 0
4106 804 126 15 268 0 0 0 0 0
4109 804 0 0 0 0 0 0 0 0
4111 262 0 0 0 0 0 0 0 0
4112 262 0 0 0 0 0 0 0 0
4113 262 0 0 0 0 0 262 0 0
4114 1834 303 57 0 0 0 262 0 0
4116 524 0 0 0 0 0 262 251 237
4119 262 0 0 0 0 0 0 0 0
4126 24 0 0 6 0 0 12 0 0
4141 24 6 6 0 0 0 0 0 0
4142 6 0 0 0 0 0 0 0 0
4147 2352 0 0 2352 0 0 0 0 0
fn=_int_realloc
4540 1274 88 15 0 0 0 1638 16 5
4551 546 0 0 182 0 0 0 0 0
4552 728 0 0 182 0 0 0 0 0
4558 364 0 0 0 0 0 0 0 0
4560 182 87 20 0 0 0 0 0 0
4561 546 0 0 182 30 14 0 0 0
4563 728 0 0 0 0 0 0 0 0
4566 364 0 0 0 0 0 0 0 0
4576 422 17 7 112 54 1 0 0 0
4577 43 23 1 0 0 0 0 0 0
4578 43 0 0 0 0 0 0 0 0
4580 387 0 0 0 0 0 43 0 0
4581 86 0 0 0 0 0 43 0 0
4582 129 29 8 0 0 0 43 41 41
4584 86 0 0 0 0 0 0 0 0
4588 69 0 0 0 0 0 0 0 0
4589 206 0 0 69 38 9 0 0 0
4590 34 13 7 0 0 0 0 0 0
4594 186 0 0 31 0 0 0 0 0
4600 152 20 3 0 0 0 0 0 0
4601 38 0 0 0 0 0 0 0 0
4604 38 0 0 0 0 0 0 0 0
4610 76 0 0 0 0 0 0 0 0
4617 114 30 8 0 0 0 0 0 0
4618 152 0 0 0 0 0 0 0 0
4620 38 0 0 0 0 0 0 0 0
4629 101 57 20 0 0 0 0 0 0
4631 202 0 0 0 0 0 0 0 0
4633 447 60 19 0 0 0 24 0 0
4634 72 0 0 24 0 0 24 0 0
4638 77 0 0 0 0 0 0 0 0
4639 385 44 6 0 0 0 77 0 0
4640 154 0 0 0 0 0 77 33 23
4643 231 0 0 77 0 0 77 0 0
4644 308 36 8 0 0 0 0 0 0
4648 101 0 0 0 0 0 0 0 0
4649 1274 72 18 1638 2 0 0 0 0
fn=calloc
3366 12 4 4 0 0 0 16 0 0
3376 24 4 4 0 0 0 0 0 0
3384 12 0 0 8 8 0 0 0 0
3385 4 0 0 0 0 0 0 0 0
3394 32 4 4 8 4 0 16 0 0
3396 12 0 0 4 2 0 0 0 0
3406 12 0 0 4 4 0 0 0 0
3407 12 0 0 4 4 0 0 0 0
3428 16 0 0 0 0 0 0 0 0
3430 36 8 8 4 0 0 0 0 0
3433 8 0 0 4 0 0 0 0 0
3450 4 0 0 0 0 0 0 0 0
3453 8 0 0 4 0 0 0 0 0
3455 2 0 0 4 0 0 0 0 0
3461 4 0 0 0 0 0 0 0 0
3464 16 0 0 0 0 0 0 0 0
3475 4 0 0 0 0 0 0 0 0
3477 8 0 0 0 0 0 0 0 0
3479 8 4 4 0 0 0 0 0 0
3480 18 3 3 12 0 0 0 0 0
3485 1 0 0 0 0 0 2 0 0
3486 1 0 0 0 0 0 1 0 0
3487 2 0 0 0 0 0 0 0 0
3490 1 0 0 0 0 0 2 0 0
3491 2 0 0 0 0 0 0 0 0
3505 16 0 0 16 0 0 0 0 0
fn=free
3087 3366 295 21 0 0 0 3366 26 6
3092 5049 0 0 3366 489 19 0 0 0
3093 1683 0 0 0 0 0 0 0 0
3099 5049 0 0 0 0 0 1683 5 0
3102 1494 287 23 0 0 0 0 0 0
3104 2988 0 0 1494 249 150 0 0 0
3122 8964 0 0 2988 328 6 0 0 0
3124 4482 0 0 0 0 0 0 0 0
3125 4671 624 82 1683 0 0 0 0 0
3126 1872 0 0 3366 0 0 0 0 0
fn=malloc
1208 3292 0 0 0 0 0 3292 0 0
1210 6584 0 0 0 0 0 1646 0 0
2936 2202 0 0 1101 197 38 0 0 0
2937 2202 222 23 1101 281 107 1101 0 0
2938 2202 0 0 0 0 0 1101 0 0
2939 1101 0 0 0 0 0 1101 0 0
2978 3 2 2 1 0 0 0 0 0
3023 3294 479 49 0 0 0 3294 105 5
3031 4941 506 35 3294 883 6 0 0 0
3032 1647 0 0 0 0 0 0 0 0
3033 4 1 1 0 0 0 0 0 0
3037 3292 0 0 0 0 0 3292 0 0
3044 14814 509 19 3292 850 16 0 0 0
3047 6584 0 0 1646 456 3 0 0 0
3048 1439 370 14 1 0 0 0 0 0
3049 2874 0 0 1437 474 83 0 0 0
3051 2202 0 0 1101 0 0 0 0 0
3056 1635 0 0 545 292 19 0 0 0
3058 3270 0 0 0 0 0 0 0 0
3059 3269 324 2 1090 3 3 0 0 0
3082 8231 154 2 9878 0 0 0 0 0
fn=malloc_consolidate
4441 91 13 13 0 0 0 130 2 0
4456 26 0 0 0 0 0 13 0 0
4458 13 0 0 0 0 0 0 0 0
4469 13 13 13 0 0 0 0 0 0
4471 520 0 0 0 0 0 0 0 0
4472 130 0 0 0 0 0 0 0 0
4475 92 13 13 46 32 8 0 0 0
4476 230 0 0 0 0 0 0 0 0
4481 46 0 0 46 8 3 0 0 0
4484 46 0 0 0 0 0 0 0 0
4485 46 0 0 0 0 0 0 0 0
4486 92 13 12 46 12 2 0 0 0
4488 46 0 0 0 0 0 0 0 0
4489 4 0 0 4 0 0 0 0 0
4490 4 0 0 0 0 0 0 0 0
4491 4 0 0 0 0 0 0 0 0
4492 16 0 0 4 3 3 0 0 0
4494 8 0 0 0 0 0 0 0 0
4497 138 0 0 46 8 3 0 0 0
4498 92 0 0 46 29 15 0 0 0
4500 46 13 13 0 0 0 0 0 0
4501 10 0 0 0 0 0 0 0 0
4502 30 6 6 0 0 0 0 0 0
4504 108 0 0 36 0 0 36 0 0
4506 46 0 0 46 8 1 0 0 0
4507 46 0 0 0 0 0 46 0 0
4508 46 0 0 0 0 0 46 4 0
4510 92 0 0 0 0 0 0 0 0
4512 1 0 0 0 0 0 2 0 0
4515 46 0 0 0 0 0 0 0 0
4516 46 0 0 0 0 0 46 0 0
4517 46 0 0 0 0 0 92 0 0
4518 92 0 0 0 0 0 46 0 0
4527 74 0 0 0 0 0 0 0 0
4530 390 0 0 0 0 0 0 0 0
4531 78 0 0 130 0 0 0 0 0
fn=malloc_init_state
1795 258 1 1 0 0 0 0 0 0
1798 254 0 0 0 0 0 254 32 32
1802 4 0 0 0 0 0 0 0 0
1806 3 1 1 0 0 0 1 1 0
1807 2 0 0 0 0 0 1 1 0
1809 1 0 0 0 0 0 1 1 1
1810 1 0 0 0 0 0 0 0 0
fn=realloc
1208 182 0 0 0 0 0 0 0 0
1210 910 0 0 0 0 0 0 0 0
3131 372 78 20 0 0 0 372 3 2
3138 558 0 0 372 187 25 0 0 0
3139 186 0 0 0 0 0 0 0 0
3140 4 1 1 0 0 0 0 0 0
3143 1295 0 0 0 0 0 740 0 0
3150 185 0 0 0 0 0 0 0 0
3151 12 1 0 12 0 0 0 0 0
3154 182 69 20 0 0 0 0 0 0
3156 728 0 0 182 49 5 546 0 0
3158 182 0 0 0 0 0 0 0 0
3159 182 0 0 0 0 0 0 0 0
3162 1092 151 59 364 81 0 0 0 0
3163 728 79 26 0 0 0 0 0 0
3172 546 0 0 0 0 0 0 0 0
3173 364 0 0 0 0 0 0 0 0
3183 182 64 24 0 0 0 0 0 0
3224 728 0 0 182 74 0 0 0 0
3226 1092 0 0 0 0 0 0 0 0
3227 2184 111 21 728 2 0 0 0 0
3254 914 0 0 1100 0 0 0 0 0
fn=sysmalloc
2255 36 6 6 0 0 0 48 4 0
2275 18 0 0 12 10 6 0 0 0
2286 12 0 0 0 0 0 12 2 0
2287 46 6 6 6 6 6 15 0 0
2288 3 1 1 2 0 0 0 0 0
2302 29 0 0 0 0 0 5 0 0
2308 4 1 1 0 0 0 1 1 0
2310 7 1 1 0 0 0 0 0 0
2312 4 0 0 2 0 0 0 0 0
2327 4 1 1 0 0 0 2 0 0
2343 2 0 0 0 0 0 2 1 1
2348 6 0 0 0 0 0 0 0 0
2349 10 1 1 1 0 0 0 0 0
2352 5 0 0 0 0 0 0 0 0
2353 10 1 1 1 0 0 0 0 0
2368 5 0 0 5 0 0 0 0 0
2369 10 5 5 5 0 0 0 0 0
2370 5 0 0 0 0 0 0 0 0
2379 35 0 0 0 0 0 0 0 0
2385 15 0 0 0 0 0 0 0 0
2388 20 0 0 0 0 0 0 0 0
2441 5 5 5 0 0 0 0 0 0
2449 40 5 5 10 0 0 0 0 0
2460 10 5 5 0 0 0 0 0 0
2468 10 0 0 0 0 0 0 0 0
2470 35 0 0 10 6 4 10 0 0
2471 5 0 0 0 0 0 0 0 0
2474 10 5 5 10 0 0 0 0 0
2477 15 0 0 10 3 0 0 0 0
2478 5 0 0 0 0 0 0 0 0
2524 39 0 0 10 0 0 0 0 0
2525 3 1 1 0 0 0 1 0 0
2526 10 0 0 0 0 0 5 0 0
2532 15 0 0 0 0 0 0 0 0
2533 20 0 0 4 0 0 4 0 0
2535 5 1 1 1 0 0 0 0 0
2569 1 0 0 0 0 0 0 0 0
2575 2 1 1 0 0 0 0 0 0
2597 2 0 0 0 0 0 0 0 0
2598 5 0 0 0 0 0 0 0 0
2600 1 0 0 0 0 0 0 0 0
2601 6 0 0 2 0 0 0 0 0
2613 1 0 0 0 0 0 0 0 0
2621 3 0 0 2 0 0 0 0 0
2622 1 0 0 0 0 0 0 0 0
2623 3 2 2 0 0 0 0 0 0
2660 2 1 1 0 0 0 1 0 0
2661 4 1 1 0 0 0 1 1 1
2662 3 0 0 1 0 0 1 0 0
2673 1 0 0 0 0 0 0 0 0
2705 15 5 5 5 0 0 0 0 0
2706 5 0 0 0 0 0 5 0 0
2711 10 0 0 5 0 0 0 0 0
2714 10 5 5 0 0 0 0 0 0
2716 5 0 0 0 0 0 0 0 0
2717 15 0 0 0 0 0 0 0 0
2718 10 0 0 0 0 0 5 0 0
2719 15 0 0 0 0 0 5 0 0
2720 10 0 0 0 0 0 5 5 5
2722 15 0 0 20 0 0 0 0 0
2728 37 5 5 50 0 0 0 0 0
fn=systrim.isra.0.constprop.0
2741 12 3 3 0 0 0 18 0 0
2751 6 0 0 3 3 0 0 0 0
2752 15 3 3 6 0 0 0 0 0
2754 3 0 0 0 0 0 0 0 0
2755 6 0 0 0 0 0 0 0 0
2756 2 2 2 0 0 0 0 0 0
2759 9 0 0 3 3 1 0 0 0
2761 6 0 0 0 0 0 0 0 0
2768 7 1 1 2 2 0 2 0 0
2769 4 0 0 1 0 0 0 0 0
2781 3 0 0 1 0 0 0 0 0
2783 3 1 1 2 0 0 0 0 0
2784 1 0 0 0 0 0 0 0 0
2786 4 0 0 2 0 0 0 0 0
2788 1 0 0 0 0 0 0 0 0
2790 1 0 0 0 0 0 0 0 0
2794 2 0 0 0 0 0 0 0 0
2797 4 0 0 1 0 0 1 0 0
2798 5 0 0 3 0 0 1 0 0
2800 2 0 0 0 0 0 0 0 0
2805 12 0 0 18 0 0 0 0 0
fn=tcache_init.part.0
2972 4 1 1 0 0 0 6 0 0
2981 10 1 1 2 0 0 0 0 0
2982 4 0 0 0 0 0 0 0 0
2983 1 0 0 0 0 0 0 0 0
2991 5 0 0 0 0 0 0 0 0
3000 2 1 1 0 0 0 1 0 0
3001 4 0 0 0 0 0 0 0 0
3004 3 0 0 6 0 0 0 0 0
fn=unlink_chunk.isra.0
1451 822 210 33 0 0 0 822 28 2
1453 2055 0 0 822 80 27 0 0 0
1457 411 0 0 822 48 17 0 0 0
1459 2466 0 0 822 198 63 0 0 0
1462 411 0 0 0 0 0 411 0 0
1463 411 220 37 0 0 0 411 0 0
1464 1466 0 0 322 36 4 0 0 0
1466 633 0 0 211 1 0 0 0 0
1467 844 0 0 422 0 0 0 0 0
1470 422 0 0 211 0 0 0 0 0
1484 211 0 0 0 0 0 211 0 0
1485 422 0 0 211 0 0 211 0 0
1488 822 271 31 822 0 0 0 0 0
fl=/build/glibc-FcXrgv/glibc-2.31/malloc/morecore.c
fn=__default_morecore
46 18 6 5 0 0 0 18 1 0
47 9 0 0 0 0 0 0 0 0
49 9 0 0 0 0 0 0 0 0
52 27 6 5 18 0 0 0 0 0
fl=/build/glibc-FcXrgv/glibc-2.31/malloc/scratch_buffer_set_array_size.c
fn=__libc_scratch_buffer_set_array_size
30 32 1 1 0 0 0 32 0 0
31 8 0 0 0 0 0 0 0 0
34 8 0 0 0 0 0 0 0 0
35 24 0 0 0 0 0 0 0 0
45 24 0 0 8 0 0 0 0 0
46 8 0 0 0 0 0 0 0 0
63 24 1 1 32 0 0 0 0 0
fl=/build/glibc-FcXrgv/glibc-2.31/math/../sysdeps/ieee754/dbl-64/wordsize-64/s_frexp.c
fn=frexp
39 18 4 1 0 0 0 0 0 0
40 18 0 0 0 0 0 0 0 0
43 72 0 0 0 0 0 0 0 0
46 18 0 0 0 0 0 0 0 0
47 18 0 0 0 0 0 0 0 0
56 18 4 1 0 0 0 0 0 0
57 18 0 0 0 0 0 0 0 0
63 18 0 0 0 0 0 18 0 0
65 36 0 0 0 0 0 0 0 0
fl=/build/glibc-FcXrgv/glibc-2.31/math/../sysdeps/ieee754/dbl-64/wordsize-64/s_modf.c
fn=modf
32 15 0 0 0 0 0 0 0 0
35 15 15 13 0 0 0 0 0 0
36 30 0 0 0 0 0 0 0 0
37 30 15 15 0 0 0 0 0 0
38 15 0 0 0 0 0 0 0 0
43 30 0 0 0 0 0 0 0 0
44 30 0 0 0 0 0 0 0 0
45 15 0 0 0 0 0 15 0 0
47 30 0 0 0 0 0 0 0 0
62 15 0 0 0 0 0 0 0 0
fl=/build/glibc-FcXrgv/glibc-2.31/misc/../sysdeps/unix/syscall-template.S
fn=mprotect
78 72 1 1 0 0 0 0 0 0
79 18 0 0 0 0 0 0 0 0
fn=munmap
78 76 6 3 0 0 0 0 0 0
79 19 6 2 0 0 0 0 0 0
fn=sysinfo
78 4 1 1 0 0 0 0 0 0
79 1 0 0 0 0 0 0 0 0
fl=/build/glibc-FcXrgv/glibc-2.31/misc/../sysdeps/unix/sysv/linux/generic/brk.c
fn=brk
33 7 6 5 0 0 0 0 0 0
36 35 0 0 7 0 0 7 0 0
37 14 0 0 0 0 0 0 0 0
43 7 0 0 0 0 0 0 0 0
44 7 0 0 0 0 0 0 0 0
fl=/build/glibc-FcXrgv/glibc-2.31/misc/../sysdeps/unix/sysv/linux/getclktck.c
fn=__getclktck
30 5 2 2 2 2 0 0 0 0
31 2 0 0 0 0 0 0 0 0
fl=/build/glibc-FcXrgv/glibc-2.31/misc/../sysdeps/unix/sysv/linux/getpagesize.c
fn=getpagesize
28 32 3 2 16 4 2 0 0 0
30 8 0 0 0 0 0 0 0 0
fl=/build/glibc-FcXrgv/glibc-2.31/misc/../sysdeps/unix/sysv/linux/getsysstats.c
fn=get_phys_pages
319 8 1 1 2 0 0 4 0 0
322 2 0 0 0 0 0 0 0 0
323 8 1 1 4 0 0 0 0 0
324 2 0 0 3 0 0 0 0 0
fn=sysinfo_mempages
295 5 1 1 0 0 0 4 0 0
296 2 1 1 0 0 0 0 0 0
298 3 0 0 0 0 0 0 0 0
303 1 0 0 0 0 0 0 0 0
304 26 0 0 0 0 0 0 0 0
306 12 0 0 0 0 0 0 0 0
307 12 0 0 0 0 0 0 0 0
310 3 1 1 4 0 0 0 0 0
fl=/build/glibc-FcXrgv/glibc-2.31/misc/../sysdeps/unix/sysv/linux/mmap64.c
fn=mmap
51 98 13 8 0 0 0 0 0 0
59 343 0 0 0 0 0 0 0 0
61 49 0 0 0 0 0 0 0 0
fl=/build/glibc-FcXrgv/glibc-2.31/misc/getauxval.c
fn=getauxval
31 6 2 2 0 0 0 0 0 0
32 8 2 2 5 1 0 0 0 0
48 3 1 1 0 0 0 0 0 0
fl=/build/glibc-FcXrgv/glibc-2.31/misc/init-misc.c
fn=__init_misc
30 4 0 0 0 0 0 4 0 0
31 3 2 2 1 1 0 0 0 0
33 3 0 0 0 0 0 0 0 0
37 4 0 0 1 1 0 0 0 0
38 5 0 0 2 1 0 2 1 0
40 3 0 0 4 0 0 0 0 0
fl=/build/glibc-FcXrgv/glibc-2.31/misc/sbrk.c
fn=sbrk
32 45 6 5 0 0 0 45 0 0
40 60 6 5 26 15 11 0 0 0
41 6 1 1 2 0 0 0 0 0
44 18 0 0 0 0 0 0 0 0
48 24 0 0 0 0 0 0 0 0
50 1 0 0 0 0 0 0 0 0
56 18 10 9 0 0 0 0 0 0
60 45 1 0 45 0 0 0 0 0
fl=/build/glibc-FcXrgv/glibc-2.31/misc/tsearch.c
fn=tfind
373 42 13 4 0 0 0 56 2 0
377 14 0 0 0 0 0 0 0 0
378 13 0 0 0 0 0 0 0 0
383 97 14 5 14 13 5 14 0 0
388 3 0 0 1 0 0 0 0 0
389 2 0 0 0 0 0 0 0 0
392 2 0 0 0 0 0 0 0 0
395 70 13 4 70 0 0 0 0 0
fn=tsearch
292 4 1 1 0 0 0 5 0 0
303 1 0 0 0 0 0 0 0 0
307 2 0 0 1 0 0 2 0 0
308 7 1 1 0 0 0 6 0 0
326 4 1 1 0 0 0 0 0 0
338 3 1 1 0 0 0 0 0 0
339 1 0 0 0 0 0 0 0 0
350 4 0 0 1 0 0 1 0 0
353 2 0 0 0 0 0 2 0 0
354 1 0 0 0 0 0 1 0 0
356 2 0 0 0 0 0 0 0 0
363 8 1 1 12 0 0 0 0 0
fl=/build/glibc-FcXrgv/glibc-2.31/nptl/../include/list.h
fn=__pthread_initialize_minimal
44 1 0 0 0 0 0 0 0 0
45 1 0 0 0 0 0 2 0 0
46 1 0 0 0 0 0 1 0 0
47 1 0 0 0 0 0 0 0 0
48 1 0 0 0 0 0 1 0 0
fl=/build/glibc-FcXrgv/glibc-2.31/nptl/../malloc/dynarray-skeleton.c
fn=__register_atfork
196 1 0 0 0 0 0 0 0 0
197 2 0 0 0 0 0 2 0 0
318 2 1 1 1 0 0 0 0 0
320 2 0 0 0 0 0 1 0 0
364 1 0 0 0 0 0 0 0 0
fn=__unregister_atfork
250 14 0 0 7 0 0 0 0 0
fl=/build/glibc-FcXrgv/glibc-2.31/nptl/../sysdeps/nptl/futex-internal.h
fn=__pthread_once_slow
364 8 0 0 0 0 0 0 0 0
fn=pthread_rwlock_rdlock
368 36 0 0 0 0 0 0 0 0
fn=sem_post@@GLIBC_2.17
368 286 0 0 0 0 0 0 0 0
fl=/build/glibc-FcXrgv/glibc-2.31/nptl/../sysdeps/unix/sysv/linux/pthread-pids.h
fn=__pthread_initialize_minimal
29 7 0 0 0 0 0 1 1 0
fl=/build/glibc-FcXrgv/glibc-2.31/nptl/../sysdeps/unix/sysv/linux/sigaction.c
fn=__libc_sigaction
43 16 1 1 4 0 0 6 1 0
48 2 0 0 0 0 0 0 0 0
50 4 0 0 2 0 0 0 0 0
51 34 2 2 32 0 0 32 2 2
52 6 0 0 2 0 0 4 0 0
53 2 0 0 0 0 0 0 0 0
58 20 0 0 0 0 0 0 0 0
62 6 1 1 0 0 0 0 0 0
70 16 2 2 10 0 0 0 0 0
fl=/build/glibc-FcXrgv/glibc-2.31/nptl/alloca_cutoff.c
fn=__libc_alloca_cutoff
28 20 3 2 2 1 0 0 0 0
35 4 0 0 0 0 0 0 0 0
fl=/build/glibc-FcXrgv/glibc-2.31/nptl/cleanup_compat.c
fn=_pthread_cleanup_pop
41 1 0 0 0 0 0 0 0 0
43 3 0 0 1 0 0 1 0 0
47 1 0 0 0 0 0 0 0 0
49 1 0 0 0 0 0 0 0 0
fn=_pthread_cleanup_push
27 1 1 1 0 0 0 0 0 0
30 1 0 0 0 0 0 2 0 0
31 3 1 1 1 0 0 1 0 0
33 1 0 0 0 0 0 1 0 0
34 1 0 0 0 0 0 0 0 0
fl=/build/glibc-FcXrgv/glibc-2.31/nptl/cleanup_defer_compat.c
fn=_pthread_cleanup_pop_restore
62 84 19 12 0 0 0 84 0 0
63 14 0 0 0 0 0 0 0 0
65 42 0 0 14 0 0 14 0 0
68 28 0 0 14 0 0 0 0 0
91 14 0 0 0 0 0 0 0 0
93 56 0 0 84 0 0 0 0 0
fn=_pthread_cleanup_push_defer
25 70 8 6 0 0 0 84 0 0
26 14 0 0 0 0 0 0 0 0
28 14 0 0 0 0 0 14 0 0
29 14 0 0 0 0 0 14 0 0
30 56 0 0 14 3 2 14 0 0
32 14 0 0 14 7 4 0 0 0
35 28 0 0 0 0 0 0 0 0
50 14 9 6 0 0 0 14 0 0
52 14 0 0 0 0 0 0 0 0
54 14 0 0 0 0 0 14 0 0
55 56 0 0 84 0 0 0 0 0
fl=/build/glibc-FcXrgv/glibc-2.31/nptl/forward.c
fn=pthread_cond_init@@GLIBC_2.17
99 22 2 2 8 1 0 0 0 0
fn=pthread_cond_signal@@GLIBC_2.17
110 15565 133 10 5660 159 14 0 0 0
fn=pthread_condattr_init
71 11 2 2 4 2 0 0 0 0
fn=pthread_mutex_init
156 22 2 2 8 3 0 0 0 0
fn=pthread_mutex_lock
160 23353 115 17 8492 551 68 0 0 0
fn=pthread_mutex_unlock
162 23353 118 20 8492 0 0 0 0 0
fl=/build/glibc-FcXrgv/glibc-2.31/nptl/libc_pthread_init.c
fn=__libc_pthread_init
43 4 1 1 0 0 0 3 0 0
45 2 0 0 0 0 0 1 1 1
48 5 1 1 0 0 0 0 0 0
67 127 0 0 0 0 0 0 0 0
70 89 0 0 44 7 0 0 0 0
71 43 0 0 0 0 0 42 6 6
73 3 0 0 0 0 0 1 0 0
77 1 0 0 0 0 0 0 0 0
79 4 0 0 3 0 0 0 0 0
fl=/build/glibc-FcXrgv/glibc-2.31/nptl/nptl-init.c
fn=__pthread_initialize_minimal
244 9 2 2 2 2 0 7 2 1
246 1 0 0 0 0 0 0 0 0
248 2 0 0 0 0 0 1 1 0
249 2 0 0 0 0 0 1 1 0
254 1 0 0 0 0 0 0 0 0
256 1 0 0 0 0 0 2 0 0
258 2 0 0 0 0 0 1 0 0
262 4 1 1 0 0 0 0 0 0
272 4 0 0 2 2 0 1 1 0
275 3 0 0 0 0 0 1 1 1
276 1 0 0 0 0 0 0 0 0
280 5 1 1 1 1 0 1 0 0
283 49 0 0 0 0 0 16 2 2
288 3 0 0 0 0 0 1 0 0
289 2 0 0 0 0 0 1 0 0
290 4 0 0 0 0 0 0 0 0
293 3 1 1 0 0 0 1 0 0
294 3 0 0 0 0 0 1 0 0
295 4 0 0 0 0 0 0 0 0
301 3 0 0 1 0 0 1 0 0
304 6 1 1 0 0 0 0 0 0
311 4 0 0 0 0 0 0 0 0
314 4 0 0 1 0 0 0 0 0
316 2 1 1 0 0 0 1 0 0
318 6 0 0 1 0 0 1 0 0
323 5 0 0 0 0 0 0 0 0
324 3 0 0 1 0 0 0 0 0
328 3 0 0 0 0 0 0 0 0
335 3 0 0 2 0 0 0 0 0
336 3 1 1 1 0 0 0 0 0
341 7 0 0 0 0 0 1 0 0
342 7 1 1 0 0 0 0 0 0
343 4 0 0 1 0 0 1 1 1
344 1 0 0 0 0 0 1 0 0
345 6 0 0 0 0 0 0 0 0
350 5 1 1 2 0 0 1 1 0
351 3 0 0 1 0 0 1 0 0
352 1 0 0 1 1 0 0 0 0
353 1 0 0 0 0 0 1 0 0
354 2 0 0 0 0 0 0 0 0
355 1 0 0 0 0 0 0 0 0
357 4 1 1 1 0 0 1 0 0
360 3 0 0 0 0 0 1 0 0
362 3 0 0 0 0 0 1 0 0
366 2 0 0 0 0 0 1 0 0
368 7 0 0 0 0 0 0 0 0
372 3 1 1 0 0 0 1 0 0
375 1 0 0 0 0 0 0 0 0
377 10 0 0 9 0 0 0 0 0
fl=/build/glibc-FcXrgv/glibc-2.31/nptl/pthread_cond_init.c
fn=pthread_cond_init@@GLIBC_2.17
33 6 1 1 0 0 0 12 0 0
39 6 0 0 2 0 0 0 0 0
45 2 0 0 0 0 0 0 0 0
46 6 0 0 2 0 0 2 0 0
48 2 0 0 0 0 0 0 0 0
51 4 0 0 0 0 0 0 0 0
fl=/build/glibc-FcXrgv/glibc-2.31/nptl/pthread_cond_signal.c
fn=pthread_cond_signal@@GLIBC_2.17
36 5660 143 16 0 0 0 5660 82 16
37 1415 0 0 0 0 0 0 0 0
42 2830 0 0 1415 122 16 0 0 0
43 2830 158 14 0 0 0 0 0 0
97 5660 163 24 5660 0 0 0 0 0
fl=/build/glibc-FcXrgv/glibc-2.31/nptl/pthread_condattr_init.c
fn=pthread_condattr_init
25 1 1 1 0 0 0 0 0 0
32 1 0 0 0 0 0 1 1 1
35 2 0 0 0 0 0 0 0 0
fl=/build/glibc-FcXrgv/glibc-2.31/nptl/pthread_condattr_setclock.c
fn=pthread_condattr_setclock
29 1 1 1 0 0 0 0 0 0
31 2 0 0 0 0 0 0 0 0
34 1 0 0 0 0 0 0 0 0
41 3 1 1 1 0 0 1 0 0
42 1 0 0 0 0 0 0 0 0
44 1 0 0 0 0 0 0 0 0
45 1 0 0 0 0 0 0 0 0
fl=/build/glibc-FcXrgv/glibc-2.31/nptl/pthread_getspecific.c
fn=pthread_getspecific
25 1 1 1 0 0 0 0 0 0
30 2 0 0 0 0 0 0 0 0
31 4 1 1 0 0 0 0 0 0
55 1 0 0 1 0 0 0 0 0
56 1 0 0 0 0 0 0 0 0
65 1 0 0 0 0 0 0 0 0
fl=/build/glibc-FcXrgv/glibc-2.31/nptl/pthread_key_create.c
fn=pthread_key_create
26 9 2 2 0 0 0 8 0 0
28 1 0 0 0 0 0 0 0 0
30 1 0 0 1 1 1 0 0 0
32 4 0 0 0 0 0 0 0 0
34 6 1 1 0 0 0 0 0 0
38 3 0 0 0 0 0 1 0 0
41 1 0 0 0 0 0 1 0 0
44 1 0 0 0 0 0 0 0 0
49 5 0 0 8 0 0 0 0 0
fl=/build/glibc-FcXrgv/glibc-2.31/nptl/pthread_key_delete.c
fn=pthread_key_delete
26 3 0 0 0 0 0 3 0 0
29 2 1 1 0 0 0 0 0 0
31 5 1 1 1 1 1 0 0 0
33 1 0 0 0 0 0 0 0 0
34 6 0 0 0 0 0 0 0 0
37 1 0 0 0 0 0 0 0 0
41 3 1 1 3 0 0 0 0 0
fl=/build/glibc-FcXrgv/glibc-2.31/nptl/pthread_mutex_conf.c
fn=__pthread_tunables_init
42 8 1 1 2 1 0 4 0 0
43 5 0 0 0 0 0 0 0 0
45 8 1 1 5 1 0 0 0 0
fl=/build/glibc-FcXrgv/glibc-2.31/nptl/pthread_mutex_init.c
fn=pthread_mutex_init
53 22 2 2 4 2 0 14 0 0
65 2 0 0 0 0 0 0 0 0
89 6 0 0 0 0 0 12 2 2
92 2 1 1 0 0 0 0 0 0
134 2 0 0 0 0 0 0 0 0
140 4 1 1 0 0 0 2 0 0
149 2 0 0 0 0 0 0 0 0
151 2 0 0 0 0 0 0 0 0
152 20 1 1 18 0 0 0 0 0
fl=/build/glibc-FcXrgv/glibc-2.31/nptl/pthread_mutex_lock.c
fn=pthread_mutex_lock
64 6375 131 26 0 0 0 8500 13 0
67 8500 134 16 2125 128 13 0 0 0
69 2125 0 0 0 0 0 0 0 0
71 4250 0 0 0 0 0 0 0 0
75 6375 0 0 0 0 0 4250 0 0
80 10615 0 0 0 0 0 0 0 0
81 8492 131 11 2123 0 0 0 0 0
95 8 4 4 2 0 0 0 0 0
99 4 0 0 0 0 0 0 0 0
102 8 0 0 4 2 1 0 0 0
115 8 0 0 0 0 0 0 0 0
117 4 0 0 2 0 0 0 0 0
118 6 2 2 0 0 0 2 0 0
159 2125 0 0 2125 126 18 0 0 0
161 6375 0 0 2125 0 0 4250 0 0
164 2125 0 0 0 0 0 0 0 0
166 2125 0 0 0 0 0 0 0 0
167 8500 0 0 12750 0 0 0 0 0
fl=/build/glibc-FcXrgv/glibc-2.31/nptl/pthread_mutex_unlock.c
fn=__pthread_mutex_unlock_usercnt
38 6375 131 18 0 0 0 8500 1 0
41 8500 0 0 2125 1 0 0 0 0
42 4250 0 0 0 0 0 0 0 0
47 6375 0 0 0 0 0 0 0 0
52 4250 0 0 0 0 0 4250 1 0
53 2125 166 14 0 0 0 0 0 0
55 8500 168 31 2125 0 0 2125 0 0
58 12750 0 0 2125 0 0 0 0 0
60 2125 0 0 0 0 0 0 0 0
62 2125 0 0 2125 0 0 0 0 0
64 4 2 2 0 0 0 0 0 0
70 8 2 2 2 0 0 0 0 0
74 12 2 2 4 1 0 0 0 0
77 10 0 0 2 0 0 2 0 0
94 8500 0 0 8500 0 0 0 0 0
fn=pthread_mutex_unlock
357 4250 188 35 0 0 0 0 0 0
fl=/build/glibc-FcXrgv/glibc-2.31/nptl/pthread_once.c
fn=__pthread_once_slow
68 14 2 2 2 1 0 10 0 0
76 1 0 0 1 0 0 0 0 0
80 1 0 0 0 0 0 0 0 0
88 3 1 1 1 1 0 0 0 0
92 7 1 1 0 0 0 0 0 0
96 1 0 0 0 0 0 0 0 0
101 3 0 0 0 0 0 0 0 0
114 6 1 1 0 0 0 0 0 0
116 1 0 0 0 0 0 0 0 0
118 3 1 1 0 0 0 0 0 0
124 2 0 0 0 0 0 1 0 0
132 13 0 0 12 0 0 0 0 0
fn=pthread_once
139 8 4 1 8 2 1 0 0 0
140 8 0 0 0 0 0 0 0 0
143 1 0 0 0 0 0 0 0 0
144 14 0 0 0 0 0 0 0 0
fl=/build/glibc-FcXrgv/glibc-2.31/nptl/pthread_rwlock_common.c
fn=pthread_rwlock_rdlock
299 252 12 3 72 32 14 0 0 0
311 108 0 0 36 11 3 0 0 0
353 108 0 0 0 0 0 0 0 0
355 36 0 0 0 0 0 0 0 0
370 36 0 0 0 0 0 0 0 0
390 36 0 0 0 0 0 0 0 0
395 2 0 0 0 0 0 0 0 0
396 1 1 1 0 0 0 0 0 0
402 7 0 0 0 0 0 0 0 0
413 5 1 1 0 0 0 0 0 0
fn=pthread_rwlock_unlock
221 138 12 3 0 0 0 0 0 0
227 36 0 0 36 0 0 0 0 0
232 36 0 0 36 0 0 0 0 0
236 36 0 0 0 0 0 0 0 0
240 72 0 0 0 0 0 0 0 0
243 108 12 3 0 0 0 0 0 0
244 72 0 0 0 0 0 0 0 0
254 288 0 0 0 0 0 0 0 0
259 36 0 0 0 0 0 0 0 0
275 72 12 3 0 0 0 0 0 0
529 10 4 1 10 0 0 0 0 0
531 10 0 0 0 0 0 10 0 0
535 40 0 0 0 0 0 0 0 0
536 10 0 0 0 0 0 0 0 0
538 20 0 0 10 2 1 0 0 0
559 10 0 0 10 0 0 0 0 0
561 100 3 1 0 0 0 0 0 0
569 20 0 0 0 0 0 0 0 0
582 10 0 0 0 0 0 0 0 0
fn=pthread_rwlock_wrlock
604 70 9 1 20 5 1 0 0 0
623 70 0 0 0 0 0 40 0 0
625 20 0 0 0 0 0 0 0 0
720 1 1 1 0 0 0 0 0 0
779 20 0 0 0 0 0 10 0 0
784 10 0 0 0 0 0 0 0 0
789 1 0 0 0 0 0 0 0 0
790 4 0 0 0 0 0 0 0 0
796 12 1 1 0 0 0 0 0 0
803 3 0 0 0 0 0 1 0 0
948 20 8 0 10 0 0 10 0 0
950 30 0 0 40 0 0 0 0 0
fl=/build/glibc-FcXrgv/glibc-2.31/nptl/pthread_rwlock_rdlock.c
fn=pthread_rwlock_rdlock
24 144 12 3 0 0 0 144 11 0
25 36 0 0 0 0 0 0 0 0
28 36 0 0 0 0 0 0 0 0
30 108 12 3 144 0 0 0 0 0
fl=/build/glibc-FcXrgv/glibc-2.31/nptl/pthread_rwlock_unlock.c
fn=pthread_rwlock_unlock
31 276 21 4 0 0 0 368 2 0
32 46 0 0 0 0 0 0 0 0
39 230 0 0 92 0 0 0 0 0
40 92 0 0 0 0 0 0 0 0
45 276 18 2 368 0 0 0 0 0
fl=/build/glibc-FcXrgv/glibc-2.31/nptl/pthread_rwlock_wrlock.c
fn=pthread_rwlock_wrlock
24 50 8 1 0 0 0 60 0 0
25 10 0 0 0 0 0 0 0 0
28 10 0 0 0 0 0 0 0 0
30 40 9 1 60 0 0 0 0 0
fl=/build/glibc-FcXrgv/glibc-2.31/nptl/pthread_self.c
fn=pthread_self
25 705 384 16 0 0 0 0 0 0
26 1410 0 0 0 0 0 0 0 0
fl=/build/glibc-FcXrgv/glibc-2.31/nptl/pthread_setspecific.c
fn=pthread_setspecific
26 6 2 2 0 0 0 6 0 0
33 1 0 0 0 0 0 0 0 0
37 2 0 0 0 0 0 0 0 0
40 6 0 0 1 0 0 0 0 0
42 1 0 0 0 0 0 0 0 0
44 2 0 0 0 0 0 0 0 0
47 1 0 0 0 0 0 0 0 0
48 3 1 1 0 0 0 1 1 0
88 1 0 0 0 0 0 2 0 0
90 1 0 0 0 0 0 0 0 0
91 4 0 0 6 0 0 0 0 0
fl=/build/glibc-FcXrgv/glibc-2.31/nptl/pthread_testcancel.c
fn=pthread_testcancel
25 30 5 5 0 0 0 40 1 1
26 70 0 0 10 6 3 0 0 0
27 30 0 0 40 0 0 0 0 0
fl=/build/glibc-FcXrgv/glibc-2.31/nptl/register-atfork.c
fn=__register_atfork
39 9 1 1 0 0 0 8 0 0
40 7 1 1 0 0 0 0 0 0
42 3 0 0 1 1 1 0 0 0
45 3 0 0 0 0 0 1 0 0
49 1 0 0 0 0 0 0 0 0
52 1 0 0 0 0 0 2 1 1
54 1 0 0 0 0 0 2 0 0
58 6 0 0 0 0 0 0 0 0
60 1 0 0 0 0 0 0 0 0
61 6 1 1 8 0 0 0 0 0
fn=__unregister_atfork
68 56 0 0 0 0 0 0 0 0
71 21 1 1 7 1 1 0 0 0
79 35 1 1 0 0 0 35 0 0
80 49 1 1 0 0 0 0 0 0
82 14 0 0 7 0 0 0 0 0
106 42 1 1 0 0 0 0 0 0
107 28 0 0 35 0 0 0 0 0
fl=/build/glibc-FcXrgv/glibc-2.31/nptl/sem_destroy.c
fn=sem_destroy@@GLIBC_2.17
31 170 51 33 0 0 0 0 0 0
fl=/build/glibc-FcXrgv/glibc-2.31/nptl/sem_init.c
fn=sem_init@@GLIBC_2.17
29 86 54 39 0 0 0 0 0 0
33 86 0 0 0 0 0 0 0 0
51 172 0 0 0 0 0 86 0 0
59 86 0 0 0 0 0 86 0 0
60 258 0 0 0 0 0 0 0 0
62 86 0 0 0 0 0 0 0 0
63 86 0 0 0 0 0 0 0 0
fl=/build/glibc-FcXrgv/glibc-2.31/nptl/sem_post.c
fn=sem_post@@GLIBC_2.17
34 1430 254 40 0 0 0 1716 1 0
36 286 0 0 286 31 1 0 0 0
44 286 0 0 286 0 0 0 0 0
47 858 0 0 0 0 0 0 0 0
53 2002 261 45 0 0 0 0 0 0
56 572 0 0 0 0 0 0 0 0
78 1144 0 0 1716 0 0 0 0 0
fl=/build/glibc-FcXrgv/glibc-2.31/nptl/sem_wait.c
fn=sem_trywait@@GLIBC_2.17
74 1104 230 36 0 0 0 1104 3 1
78 276 0 0 0 0 0 0 0 0
81 828 237 37 1104 0 0 0 0 0
fn=sem_wait@@GLIBC_2.17
25 40 6 5 0 0 0 40 0 0
37 10 0 0 0 0 0 0 0 0
44 40 0 0 40 0 0 0 0 0
fl=/build/glibc-FcXrgv/glibc-2.31/nptl/sem_waitcommon.c
fn=sem_trywait@@GLIBC_2.17
137 276 0 0 276 166 45 0 0 0
140 276 0 0 0 0 0 0 0 0
142 1932 0 0 0 0 0 0 0 0
fn=sem_wait@@GLIBC_2.17
137 10 0 0 10 6 4 0 0 0
140 10 6 5 0 0 0 0 0 0
142 60 0 0 0 0 0 0 0 0
fl=/build/glibc-FcXrgv/glibc-2.31/posix/../sysdeps/posix/sysconf.c
fn=sysconf
54 18 7 3 0 0 0 0 0 0
77 3 2 1 0 0 0 0 0 0
215 21 3 2 0 0 0 0 0 0
634 2 1 1 0 0 0 0 0 0
fl=/build/glibc-FcXrgv/glibc-2.31/posix/../sysdeps/unix/syscall-template.S
fn=getegid
59 2 1 1 0 0 0 0 0 0
60 1 0 0 0 0 0 0 0 0
fn=geteuid
59 2 1 1 0 0 0 0 0 0
60 1 0 0 0 0 0 0 0 0
fn=getgid
59 2 0 0 0 0 0 0 0 0
60 1 0 0 0 0 0 0 0 0
fn=getuid
59 2 0 0 0 0 0 0 0 0
60 1 0 0 0 0 0 0 0 0
fn=uname
78 4 1 1 0 0 0 0 0 0
79 1 0 0 0 0 0 0 0 0
fl=/build/glibc-FcXrgv/glibc-2.31/posix/../sysdeps/unix/sysv/linux/_exit.c
fn=_Exit
27 1 1 1 0 0 0 0 0 0
31 6 0 0 1 0 0 0 0 0
fl=/build/glibc-FcXrgv/glibc-2.31/posix/../sysdeps/unix/sysv/linux/aarch64/sysconf.c
fn=sysconf
29 81 4 2 18 2 0 45 0 0
39 36 4 2 0 0 0 0 0 0
50 81 4 2 63 0 0 0 0 0
fl=/build/glibc-FcXrgv/glibc-2.31/posix/../sysdeps/unix/sysv/linux/sysconf.c
fn=sysconf
44 55 1 1 0 0 0 0 0 0
100 54 16 4 9 4 3 0 0 0
fl=/build/glibc-FcXrgv/glibc-2.31/posix/confstr.c
fn=confstr
33 10 2 2 2 2 0 6 0 0
41 7 1 1 0 0 0 0 0 0
259 3 0 0 0 0 0 0 0 0
260 1 0 0 0 0 0 0 0 0
280 3 1 1 0 0 0 0 0 0
282 2 0 0 0 0 0 0 0 0
283 3 0 0 0 0 0 0 0 0
291 11 1 1 8 0 0 0 0 0
fl=/build/glibc-FcXrgv/glibc-2.31/resource/../sysdeps/unix/sysv/linux/getrlimit64.c
fn=getrlimit
38 8 1 1 0 0 0 0 0 0
39 1 0 0 0 0 0 0 0 0
fl=/build/glibc-FcXrgv/glibc-2.31/setjmp/../sysdeps/aarch64/setjmp.S
fn=__sigsetjmp
39 23 1 1 0 0 0 46 1 1
40 23 0 0 0 0 0 46 0 0
41 23 0 0 0 0 0 46 0 0
42 23 0 0 0 0 0 46 1 1
43 23 0 0 0 0 0 46 1 1
46 70 0 0 24 0 0 0 0 0
47 23 1 1 0 0 0 46 0 0
54 23 0 0 0 0 0 0 0 0
55 23 0 0 0 0 0 46 2 1
56 23 1 1 0 0 0 46 1 1
57 23 0 0 0 0 0 46 0 0
58 23 0 0 0 0 0 46 0 0
60 23 0 0 0 0 0 0 0 0
61 70 0 0 24 0 0 0 0 0
62 23 0 0 0 0 0 23 0 0
69 22 0 0 0 0 0 0 0 0
70 22 0 0 0 0 0 0 0 0
72 1 0 0 0 0 0 0 0 0
fn=_setjmp
30 1 1 1 0 0 0 0 0 0
31 1 0 0 0 0 0 0 0 0
fl=/build/glibc-FcXrgv/glibc-2.31/setjmp/sigjmp.c
fn=__sigjmp_save
28 4 0 0 0 0 0 3 0 0
29 1 0 0 0 0 0 1 0 0
30 1 0 0 0 0 0 0 0 0
34 4 1 1 3 0 0 0 0 0
fl=/build/glibc-FcXrgv/glibc-2.31/signal/../nptl/sigaction.c
fn=sigaction
24 340 3 2 0 0 0 0 0 0
26 10 0 0 2 1 1 2 1 1
30 66 0 0 0 0 0 0 0 0
31 4 1 1 0 0 0 0 0 0
fl=/build/glibc-FcXrgv/glibc-2.31/signal/../signal/allocrtsig.c
fn=__libc_current_sigrtmax
54 1 1 1 0 0 0 0 0 0
58 2 0 0 1 0 0 0 0 0
fn=__libc_current_sigrtmin
41 1 1 1 0 0 0 0 0 0
45 2 0 0 1 1 1 0 0 0
fl=/build/glibc-FcXrgv/glibc-2.31/signal/../sysdeps/unix/syscall-template.S
fn=sigaltstack
78 12 2 2 0 0 0 0 0 0
79 3 2 2 0 0 0 0 0 0
fl=/build/glibc-FcXrgv/glibc-2.31/signal/../sysdeps/unix/sysv/linux/internal-signals.h
fn=sigaction
46 68 0 0 0 0 0 0 0 0
fl=/build/glibc-FcXrgv/glibc-2.31/signal/../sysdeps/unix/sysv/linux/sigaction.c
fn=__libc_sigaction
43 528 6 4 132 4 0 198 1 0
48 66 0 0 0 0 0 0 0 0
50 8 0 0 4 0 0 0 0 0
51 68 3 3 64 0 0 64 1 0
52 12 0 0 4 0 0 8 0 0
53 4 0 0 0 0 0 0 0 0
58 598 4 3 0 0 0 0 0 0
62 198 1 1 0 0 0 0 0 0
64 198 0 0 66 0 0 66 0 0
65 1122 3 3 1056 0 0 1056 0 0
66 132 2 2 66 0 0 66 0 0
67 132 0 0 66 0 0 66 0 0
70 528 0 0 330 0 0 0 0 0
fl=/build/glibc-FcXrgv/glibc-2.31/signal/sigempty.c
fn=sigemptyset
25 4 3 2 0 0 0 0 0 0
26 4 0 0 0 0 0 0 0 0
32 32 3 3 0 0 0 64 0 0
34 4 0 0 0 0 0 0 0 0
35 4 0 0 0 0 0 0 0 0
fl=/build/glibc-FcXrgv/glibc-2.31/stdio-common/../libio/libioP.h
fn=__vfprintf_internal
941 21 0 0 0 0 0 3 0 0
943 21 1 1 0 0 0 0 0 0
944 60 3 3 18 0 0 0 0 0
fl=/build/glibc-FcXrgv/glibc-2.31/stdio-common/../sysdeps/pthread/flockfile.c
fn=flockfile
26 215 3 2 0 0 0 215 11 0
27 129 0 0 43 0 0 43 0 0
28 688 3 2 172 28 0 86 0 0
29 172 0 0 215 0 0 0 0 0
fl=/build/glibc-FcXrgv/glibc-2.31/stdio-common/../sysdeps/pthread/funlockfile.c
fn=funlockfile
26 129 2 2 0 0 0 129 0 0
27 430 5 2 86 0 0 86 0 0
28 129 0 0 129 0 0 0 0 0
fl=/build/glibc-FcXrgv/glibc-2.31/stdio-common/_itoa.c
fn=_itoa_word
165 2 0 0 0 0 0 0 0 0
168 6 2 2 0 0 0 0 0 0
170 2 0 0 0 0 0 0 0 0
179 11 1 1 1 1 1 1 0 0
188 1 0 0 0 0 0 0 0 0
fl=/build/glibc-FcXrgv/glibc-2.31/stdio-common/printf-parse.h
fn=__vfprintf_internal
111 39 4 4 0 0 0 0 0 0
fn=read_int
75 5 0 0 0 0 0 0 0 0
76 20 1 1 10 0 0 0 0 0
78 45 1 1 9 0 0 9 0 0
79 4 0 0 0 0 0 0 0 0
81 20 1 1 0 0 0 0 0 0
82 4 0 0 0 0 0 0 0 0
87 8 0 0 0 0 0 0 0 0
88 12 0 0 0 0 0 0 0 0
91 12 0 0 0 0 0 0 0 0
96 5 0 0 0 0 0 0 0 0
fl=/build/glibc-FcXrgv/glibc-2.31/stdio-common/vfprintf-internal.c
fn=__vfprintf_internal
1289 63 4 4 12 0 0 48 5 4
1320 36 2 2 15 2 2 15 1 1
1324 3 0 0 0 0 0 3 0 0
1328 12 2 2 3 0 0 0 0 0
1332 9 0 0 3 0 0 0 0 0
1343 6 0 0 0 0 0 0 0 0
1350 6 2 2 0 0 0 3 0 0
1354 18 0 0 12 0 0 12 2 2
1358 3 0 0 0 0 0 3 0 0
1365 3 0 0 0 0 0 3 1 1
1369 6 0 0 0 0 0 3 0 0
1373 36 2 2 6 2 2 0 0 0
1377 9 0 0 6 0 0 0 0 0
1381 30 2 2 9 4 4 3 1 1
1402 9 0 0 0 0 0 9 0 0
1403 9 0 0 0 0 0 9 0 0
1404 9 0 0 0 0 0 9 0 0
1405 9 0 0 0 0 0 9 0 0
1406 9 0 0 0 0 0 0 0 0
1407 9 0 0 0 0 0 0 0 0
1408 9 0 0 0 0 0 0 0 0
1409 9 0 0 0 0 0 0 0 0
1410 9 0 0 0 0 0 0 0 0
1411 9 2 2 0 0 0 0 0 0
1412 18 0 0 9 2 2 0 0 0
1415 9 2 2 0 0 0 9 0 0
1416 18 0 0 0 0 0 9 0 0
1419 18 0 0 0 0 0 9 0 0
1420 42 0 0 9 0 0 3 0 0
1423 117 0 0 27 4 4 12 0 0
1574 15 1 1 5 0 0 5 0 0
1575 15 0 0 5 0 0 0 0 0
1601 15 0 0 0 0 0 0 0 0
1603 45 1 1 0 0 0 35 0 0
1607 50 1 1 35 0 0 0 0 0
1615 5 0 0 0 0 0 0 0 0
1616 25 1 1 0 0 0 0 0 0
1623 27 0 0 0 0 0 0 0 0
1644 55 1 1 15 1 1 0 0 0
1682 6 0 0 0 0 0 3 0 0
1687 119 22 22 33 0 0 9 0 0
1688 392 11 11 80 0 0 34 0 0
1705 27 2 2 9 0 0 9 0 0
1707 18 0 0 9 0 0 0 0 0
1715 36 0 0 9 0 0 18 0 0
1719 144 2 2 27 0 0 0 0 0
1721 21 0 0 9 0 0 0 0 0
1741 6 0 0 3 0 0 0 0 0
1742 6 2 2 3 0 0 0 0 0
1745 48 0 0 45 0 0 0 0 0
fl=/build/glibc-FcXrgv/glibc-2.31/stdlib/../sysdeps/pthread/allocalim.h
fn=__add_to_environ
27 4 0 0 0 0 0 0 0 0
29 6 0 0 0 0 0 0 0 0
fl=/build/glibc-FcXrgv/glibc-2.31/stdlib/../sysdeps/unix/sysv/linux/getrandom.c
fn=getrandom
29 5 1 1 0 0 0 5 0 0
30 9 1 1 1 0 0 0 0 0
31 5 0 0 5 0 0 0 0 0
fl=/build/glibc-FcXrgv/glibc-2.31/stdlib/canonicalize.c
fn=realpath@@GLIBC_2.17
44 15 1 1 2 0 0 13 0 0
50 1 0 0 0 0 0 0 0 0
60 2 1 1 1 0 0 0 0 0
76 2 0 0 0 0 0 0 0 0
84 1 0 0 0 0 0 0 0 0
86 2 0 0 0 0 0 0 0 0
88 4 1 1 0 0 0 0 0 0
93 4 1 1 0 0 0 0 0 0
101 2 0 0 1 0 0 0 0 0
107 5 1 1 0 0 0 0 0 0
111 30 0 0 6 0 0 0 0 0
114 2 0 0 0 0 0 0 0 0
116 3 1 1 0 0 0 0 0 0
118 3 0 0 0 0 0 0 0 0
128 3 0 0 1 0 0 0 0 0
129 4 0 0 0 0 0 1 0 0
131 3 0 0 0 0 0 0 0 0
158 4 2 2 0 0 0 0 0 0
159 1 0 0 0 0 0 1 0 0
161 8 0 0 0 0 0 1 0 0
164 4 0 0 1 0 0 0 0 0
201 4 1 1 1 0 0 0 0 0
208 4 0 0 1 0 0 0 0 0
209 3 0 0 0 0 0 0 0 0
210 1 0 0 0 0 0 1 0 0
212 3 0 0 0 0 0 0 0 0
220 16 0 0 15 0 0 0 0 0
fl=/build/glibc-FcXrgv/glibc-2.31/stdlib/cxa_atexit.c
fn=__cxa_atexit
70 3 1 1 0 0 0 0 0 0
fn=__internal_atexit
36 5 2 2 0 0 0 8 0 0
41 1 0 0 0 0 0 0 0 0
43 11 0 0 1 0 0 0 0 0
44 3 0 0 0 0 0 0 0 0
46 1 1 1 0 0 0 0 0 0
53 4 0 0 2 0 0 0 0 0
55 1 0 0 0 0 0 2 0 0
57 1 0 0 0 0 0 2 0 0
58 1 0 0 0 0 0 0 0 0
59 6 0 0 1 0 0 0 0 0
60 1 0 0 0 0 0 0 0 0
61 6 1 1 8 0 0 0 0 0
fn=__new_exitfn
82 4 1 1 0 0 0 4 0 0
83 2 0 0 0 0 0 0 0 0
88 3 0 0 1 1 0 0 0 0
93 6 2 2 2 1 0 0 0 0
95 2 0 0 1 0 0 0 0 0
96 1 0 0 0 0 0 0 0 0
103 1 0 0 0 0 0 1 0 0
124 1 0 0 0 0 0 0 0 0
125 3 1 1 0 0 0 1 0 0
138 2 0 0 0 0 0 1 0 0
139 4 0 0 1 0 0 1 0 0
143 3 0 0 4 0 0 0 0 0
fl=/build/glibc-FcXrgv/glibc-2.31/stdlib/cxa_finalize.c
fn=__cxa_finalize
30 56 2 2 0 0 0 84 0 0
33 49 0 0 7 1 0 0 0 0
36 42 1 1 14 0 0 0 0 0
40 42 0 0 7 0 0 0 0 0
43 7 0 0 0 0 0 0 0 0
79 14 0 0 7 0 0 0 0 0
94 35 0 0 14 1 1 0 0 0
98 42 1 1 7 1 1 0 0 0
106 7 0 0 0 0 0 0 0 0
107 14 1 1 0 0 0 0 0 0
109 49 0 0 7 0 0 0 0 0
110 49 0 0 84 0 0 0 0 0
fl=/build/glibc-FcXrgv/glibc-2.31/stdlib/cxa_thread_atexit_impl.c
fn=__call_tls_dtors
145 4 1 1 0 0 0 6 0 0
146 5 0 0 2 0 0 0 0 0
164 4 1 1 6 0 0 0 0 0
fl=/build/glibc-FcXrgv/glibc-2.31/stdlib/exit.c
fn=__run_exit_handlers
40 11 1 1 0 0 0 13 1 1
45 2 1 1 0 0 0 0 0 0
46 2 1 1 0 0 0 0 0 0
56 12 0 0 3 1 0 1 0 0
59 2 0 0 2 1 1 0 0 0
61 2 0 0 0 0 0 0 0 0
65 3 1 1 0 0 0 1 0 0
66 6 0 0 1 0 0 0 0 0
70 4 1 1 2 1 1 0 0 0
72 2 0 0 0 0 0 1 0 0
73 2 0 0 1 0 0 0 0 0
76 7 1 1 1 0 0 0 0 0
77 6 0 0 1 0 0 0 0 0
96 3 0 0 1 1 1 0 0 0
103 1 0 0 0 0 0 1 0 0
106 4 1 1 3 0 0 0 0 0
108 3 0 0 1 0 0 0 0 0
112 6 1 0 1 0 0 0 0 0
114 3 0 0 1 0 0 0 0 0
120 2 1 1 1 0 0 1 0 0
121 1 0 0 0 0 0 0 0 0
126 6 0 0 1 0 0 0 0 0
129 2 0 0 1 0 0 0 0 0
130 17 1 1 1 1 1 0 0 0
132 2 0 0 0 0 0 0 0 0
fn=exit
138 2 1 1 0 0 0 2 1 1
139 5 0 0 0 0 0 0 0 0
fl=/build/glibc-FcXrgv/glibc-2.31/stdlib/getenv.c
fn=getenv
34 561 14 3 0 0 0 748 0 0
35 374 0 0 0 0 0 0 0 0
39 1122 14 3 561 28 19 0 0 0
42 561 0 0 374 5 3 0 0 0
67 561 0 0 187 0 0 374 0 0
72 187 0 0 0 0 0 0 0 0
75 5303 0 0 2558 10 5 0 0 0
84 8069 0 0 2563 36 19 0 0 0
85 15 0 0 5 0 0 0 0 0
86 25 0 0 20 0 0 0 0 0
91 1299 32 9 1476 0 0 374 0 0
fl=/build/glibc-FcXrgv/glibc-2.31/stdlib/mbstowcs.c
fn=mbstowcs
28 1248 13 6 312 0 0 624 0 0
31 156 0 0 0 0 0 312 0 0
33 468 13 5 0 0 0 0 0 0
34 1248 0 0 780 0 0 0 0 0
fl=/build/glibc-FcXrgv/glibc-2.31/stdlib/msort.c
fn=msort_with_tmp.part.0
40 1780 3 1 0 0 0 2314 20 6
45 1252 0 0 0 0 0 0 0 0
48 178 0 0 0 0 0 0 0 0
49 178 0 0 0 0 0 0 0 0
50 923 1 1 0 0 0 1134 0 0
51 356 3 1 178 0 0 0 0 0
56 178 3 1 178 0 0 0 0 0
59 178 0 0 356 0 0 0 0 0
60 534 2 1 356 0 0 0 0 0
99 2318 1 1 0 0 0 0 0 0
105 6237 0 0 1701 0 0 567 0 0
108 1116 0 0 0 0 0 0 0 0
109 1116 2 1 0 0 0 0 0 0
114 9 0 0 0 0 0 0 0 0
115 18 0 0 0 0 0 0 0 0
117 5103 0 0 0 0 0 0 0 0
118 2268 0 0 1134 0 0 1134 16 1
158 178 3 1 0 0 0 0 0 0
159 10 1 1 0 0 0 0 0 0
160 1068 3 1 356 0 0 0 0 0
161 1068 0 0 2136 0 0 0 0 0
fn=qsort
308 6 3 1 0 0 0 0 0 0
fn=qsort_r
45 18 0 0 0 0 0 0 0 0
166 54 3 1 6 4 0 39 0 0
167 12 1 1 0 0 0 0 0 0
168 2 0 0 0 0 0 2 0 0
175 6 0 0 0 0 0 0 0 0
177 26 1 1 0 0 0 4 1 0
185 3 0 0 1 1 1 0 0 0
187 3 1 1 0 0 0 0 0 0
189 6 0 0 0 0 0 0 0 0
198 2 0 0 0 0 0 1 0 0
201 1 0 0 0 0 0 0 0 0
203 4 1 0 0 0 0 1 0 0
214 6 1 1 1 0 0 0 0 0
221 5 0 0 2 1 1 0 0 0
222 3 0 0 0 0 0 1 0 0
223 1 0 0 0 0 0 1 0 0
224 1 0 0 0 0 0 0 0 0
231 1 0 0 0 0 0 1 0 0
235 6 1 1 0 0 0 6 0 0
237 3 0 0 0 0 0 6 0 0
239 6 0 0 0 0 0 0 0 0
284 3 2 1 0 0 0 0 0 0
285 6 0 0 0 0 0 0 0 0
287 6 2 1 0 0 0 0 0 0
289 6 0 0 0 0 0 0 0 0
293 6 0 0 0 0 0 0 0 0
295 9 0 0 0 0 0 3 0 0
299 6 0 0 3 0 0 0 0 0
300 42 1 1 45 0 0 0 0 0
fl=/build/glibc-FcXrgv/glibc-2.31/stdlib/setenv.c
fn=__add_to_environ
118 34 2 2 4 0 0 30 0 0
128 4 0 0 0 0 0 0 0 0
130 2 0 0 0 0 0 0 0 0
131 8 2 1 2 0 0 2 0 0
133 14 0 0 0 0 0 0 0 0
137 6 1 1 4 0 0 0 0 0
139 4 0 0 0 0 0 0 0 0
140 2 0 0 0 0 0 0 0 0
142 58 0 0 28 0 0 0 0 0
143 138 1 1 1 0 0 0 0 0
146 51 0 0 0 0 0 0 0 0
149 2 1 0 1 0 0 0 0 0
154 5 0 0 1 0 0 0 0 0
156 1 1 1 0 0 0 0 0 0
162 5 0 0 2 0 0 0 0 0
163 2 0 0 0 0 0 0 0 0
166 2 0 0 0 0 0 1 0 0
167 1 0 0 0 0 0 1 0 0
170 5 0 0 2 0 0 2 0 0
172 8 2 1 2 0 0 0 0 0
177 2 0 0 0 0 0 0 0 0
181 6 1 1 2 0 0 0 0 0
186 24 1 1 0 0 0 2 0 0
197 16 1 1 4 0 0 2 0 0
205 15 0 0 1 0 0 0 0 0
206 1 0 0 0 0 0 0 0 0
215 3 0 0 0 0 0 0 0 0
216 1 0 0 0 0 0 0 0 0
223 3 1 1 0 0 0 0 0 0
231 6 0 0 0 0 0 0 0 0
242 2 0 0 0 0 0 2 0 0
245 12 0 0 0 0 0 0 0 0
247 2 0 0 0 0 0 0 0 0
248 30 1 1 30 0 0 0 0 0
fn=setenv
252 10 0 0 0 0 0 8 0 0
253 16 2 1 2 2 1 2 0 0
259 12 1 1 2 0 0 0 0 0
260 4 0 0 8 0 0 0 0 0
fl=/build/glibc-FcXrgv/glibc-2.31/stdlib/wcstombs.c
fn=wcstombs
28 24 3 2 6 2 0 12 0 0
31 3 0 0 0 0 0 6 0 0
34 9 3 2 0 0 0 0 0 0
35 24 1 0 15 0 0 0 0 0
fl=/build/glibc-FcXrgv/glibc-2.31/string/../sysdeps/aarch64/memcmp.S
fn=bcmp
49 6798 800 8 0 0 0 0 0 0
50 6798 0 0 0 0 0 0 0 0
52 308 0 0 616 58 31 0 0 0
53 308 0 0 616 3 3 0 0 0
54 308 0 0 0 0 0 0 0 0
55 308 0 0 0 0 0 0 0 0
56 308 0 0 0 0 0 0 0 0
58 156 0 0 0 0 0 0 0 0
59 156 0 0 0 0 0 0 0 0
60 8 0 0 0 0 0 0 0 0
61 8 0 0 0 0 0 0 0 0
104 8 8 8 16 0 0 0 0 0
105 8 0 0 16 0 0 0 0 0
106 8 0 0 0 0 0 0 0 0
107 8 0 0 0 0 0 0 0 0
108 8 0 0 0 0 0 0 0 0
110 8 0 0 0 0 0 0 0 0
111 8 4 0 0 0 0 0 0 0
114 156 26 0 0 0 0 0 0 0
115 156 0 0 0 0 0 0 0 0
116 156 0 0 312 46 32 0 0 0
117 156 0 0 312 13 7 0 0 0
121 308 16 1 0 0 0 0 0 0
122 308 0 0 0 0 0 0 0 0
123 308 0 0 0 0 0 0 0 0
126 6110 287 24 0 0 0 0 0 0
127 6110 0 0 0 0 0 0 0 0
129 6110 0 0 0 0 0 0 0 0
130 6110 0 0 0 0 0 0 0 0
131 6110 0 0 0 0 0 0 0 0
132 6110 0 0 0 0 0 0 0 0
136 6490 400 7 0 0 0 0 0 0
137 6490 0 0 0 0 0 0 0 0
138 2630 0 0 2630 1 1 0 0 0
139 2630 0 0 2630 7 1 0 0 0
141 2630 0 0 0 0 0 0 0 0
142 2630 0 0 0 0 0 0 0 0
144 991 0 0 991 0 0 0 0 0
145 991 0 0 991 0 0 0 0 0
146 991 0 0 0 0 0 0 0 0
150 3860 0 0 0 0 0 0 0 0
151 3860 0 0 0 0 0 0 0 0
152 3172 0 0 3172 0 0 0 0 0
153 3172 0 0 3172 2 1 0 0 0
154 3172 216 13 0 0 0 0 0 0
155 3172 0 0 0 0 0 0 0 0
156 1149 0 0 1149 0 0 0 0 0
157 1149 0 0 1149 0 0 0 0 0
158 1149 0 0 0 0 0 0 0 0
162 688 82 2 0 0 0 0 0 0
163 688 0 0 0 0 0 0 0 0
166 1148 0 0 1148 0 0 0 0 0
167 1148 0 0 1148 0 0 0 0 0
168 1148 0 0 0 0 0 0 0 0
169 1148 0 0 0 0 0 0 0 0
170 1148 0 0 0 0 0 0 0 0
171 688 0 0 0 0 0 0 0 0
172 688 130 23 0 0 0 0 0 0
fl=/build/glibc-FcXrgv/glibc-2.31/string/../sysdeps/aarch64/memrchr.S
fn=memrchr
67 60 60 28 0 0 0 0 0 0
72 60 0 0 0 0 0 0 0 0
73 60 0 0 0 0 0 0 0 0
74 60 0 0 0 0 0 0 0 0
76 60 0 0 0 0 0 0 0 0
77 60 0 0 0 0 0 0 0 0
78 60 0 0 0 0 0 0 0 0
79 60 0 0 0 0 0 0 0 0
80 60 60 26 0 0 0 0 0 0
81 60 0 0 0 0 0 0 0 0
82 60 0 0 0 0 0 0 0 0
83 60 0 0 0 0 0 0 0 0
84 60 0 0 0 0 0 0 0 0
92 54 0 0 0 0 0 0 0 0
93 54 0 0 108 18 1 0 0 0
94 54 0 0 0 0 0 0 0 0
95 54 0 0 0 0 0 0 0 0
96 54 0 0 0 0 0 0 0 0
97 54 0 0 0 0 0 0 0 0
98 54 0 0 0 0 0 0 0 0
99 54 0 0 0 0 0 0 0 0
100 54 0 0 0 0 0 0 0 0
101 54 0 0 0 0 0 0 0 0
102 54 0 0 0 0 0 0 0 0
104 54 54 26 0 0 0 0 0 0
105 54 0 0 0 0 0 0 0 0
106 54 0 0 0 0 0 0 0 0
108 54 0 0 0 0 0 0 0 0
110 26 0 0 0 0 0 0 0 0
113 29 6 1 0 0 0 0 0 0
114 29 0 0 58 0 0 0 0 0
115 29 0 0 0 0 0 0 0 0
116 29 0 0 0 0 0 0 0 0
117 29 0 0 0 0 0 0 0 0
119 29 0 0 0 0 0 0 0 0
129 29 0 0 0 0 0 0 0 0
130 29 29 10 0 0 0 0 0 0
131 29 0 0 0 0 0 0 0 0
132 29 0 0 0 0 0 0 0 0
133 29 0 0 0 0 0 0 0 0
135 29 0 0 0 0 0 0 0 0
139 57 28 12 0 0 0 0 0 0
140 57 0 0 0 0 0 0 0 0
141 57 0 0 0 0 0 0 0 0
142 57 0 0 0 0 0 0 0 0
143 57 0 0 0 0 0 0 0 0
144 57 0 0 0 0 0 0 0 0
148 60 3 1 0 0 0 0 0 0
150 60 0 0 0 0 0 0 0 0
152 60 0 0 0 0 0 0 0 0
154 60 0 0 0 0 0 0 0 0
155 60 0 0 0 0 0 0 0 0
157 60 54 27 0 0 0 0 0 0
158 60 0 0 0 0 0 0 0 0
fl=/build/glibc-FcXrgv/glibc-2.31/string/../sysdeps/aarch64/memset.S
fn=__GI_memset
37 9754 881 8 0 0 0 0 0 0
38 9754 0 0 0 0 0 0 0 0
40 9754 0 0 0 0 0 0 0 0
41 9754 0 0 0 0 0 0 0 0
42 8148 0 0 0 0 0 0 0 0
43 8148 0 0 0 0 0 0 0 0
44 1816 0 0 0 0 0 0 0 0
47 1816 0 0 0 0 0 0 0 0
48 1803 0 0 0 0 0 1803 21 17
49 1803 0 0 0 0 0 1803 12 2
50 1803 0 0 0 0 0 0 0 0
52 13 0 0 0 0 0 0 0 0
53 3 0 0 0 0 0 3 0 0
54 3 0 0 0 0 0 3 0 0
55 3 0 0 0 0 0 0 0 0
56 10 2 0 0 0 0 0 0 0
57 7 0 0 0 0 0 7 0 0
58 7 0 0 0 0 0 0 0 0
59 7 0 0 0 0 0 7 0 0
60 10 0 0 0 0 0 0 0 0
64 6332 691 14 0 0 0 6332 895 671
65 6332 0 0 0 0 0 0 0 0
66 5878 0 0 0 0 0 5878 208 93
67 5878 0 0 0 0 0 0 0 0
68 3481 0 0 0 0 0 3481 0 0
69 3481 0 0 0 0 0 3481 0 0
70 5878 0 0 0 0 0 0 0 0
76 454 0 0 0 0 0 454 85 52
77 454 0 0 0 0 0 908 105 50
78 454 0 0 0 0 0 908 33 10
79 454 0 0 0 0 0 0 0 0
84 1606 533 64 0 0 0 0 0 0
85 1606 0 0 0 0 0 0 0 0
86 1606 0 0 0 0 0 1606 258 157
87 1606 0 0 0 0 0 0 0 0
88 1606 0 0 0 0 0 0 0 0
89 1606 0 0 0 0 0 0 0 0
91 1606 0 0 0 0 0 0 0 0
92 1606 0 0 0 0 0 0 0 0
93 1606 0 0 0 0 0 0 0 0
94 19231 0 0 0 0 0 38462 7089 5951
95 19231 0 0 0 0 0 38462 6677 4326
97 19231 0 0 0 0 0 0 0 0
98 19231 0 0 0 0 0 0 0 0
99 1606 0 0 0 0 0 3212 132 57
100 1606 0 0 0 0 0 3212 214 61
101 2026 461 26 0 0 0 0 0 0
108 420 0 0 0 0 0 0 0 0
109 420 0 0 0 0 0 0 0 0
fn=memset
37 28 2 2 0 0 0 0 0 0
38 28 0 0 0 0 0 0 0 0
40 28 0 0 0 0 0 0 0 0
41 28 0 0 0 0 0 0 0 0
42 24 0 0 0 0 0 0 0 0
43 24 0 0 0 0 0 0 0 0
44 19 0 0 0 0 0 0 0 0
47 19 0 0 0 0 0 0 0 0
48 13 0 0 0 0 0 13 5 5
49 13 0 0 0 0 0 13 0 0
50 13 0 0 0 0 0 0 0 0
52 6 0 0 0 0 0 0 0 0
53 4 0 0 0 0 0 4 0 0
54 4 0 0 0 0 0 4 0 0
55 4 0 0 0 0 0 0 0 0
56 2 0 0 0 0 0 0 0 0
57 2 0 0 0 0 0 2 0 0
58 2 0 0 0 0 0 0 0 0
59 2 0 0 0 0 0 2 0 0
60 2 0 0 0 0 0 0 0 0
64 5 2 2 0 0 0 5 1 1
65 5 0 0 0 0 0 0 0 0
66 4 0 0 0 0 0 4 0 0
67 4 0 0 0 0 0 0 0 0
70 4 0 0 0 0 0 0 0 0
76 1 0 0 0 0 0 1 1 1
77 1 0 0 0 0 0 2 0 0
78 1 0 0 0 0 0 2 0 0
79 1 0 0 0 0 0 0 0 0
84 4 3 1 0 0 0 0 0 0
85 4 0 0 0 0 0 0 0 0
86 4 0 0 0 0 0 4 3 3
87 4 0 0 0 0 0 0 0 0
88 4 0 0 0 0 0 0 0 0
89 4 0 0 0 0 0 0 0 0
91 4 0 0 0 0 0 0 0 0
92 4 0 0 0 0 0 0 0 0
93 4 0 0 0 0 0 0 0 0
94 117 0 0 0 0 0 234 53 53
95 117 0 0 0 0 0 234 64 64
97 117 0 0 0 0 0 0 0 0
98 117 0 0 0 0 0 0 0 0
99 4 0 0 0 0 0 8 0 0
100 4 0 0 0 0 0 8 2 2
101 7 3 1 0 0 0 0 0 0
108 3 0 0 0 0 0 0 0 0
109 3 0 0 0 0 0 0 0 0
fl=/build/glibc-FcXrgv/glibc-2.31/string/../sysdeps/aarch64/multiarch/../memchr.S
fn=__GI_memchr
68 22 12 7 0 0 0 0 0 0
73 22 0 0 0 0 0 0 0 0
74 22 0 0 0 0 0 0 0 0
75 22 0 0 0 0 0 0 0 0
77 22 0 0 0 0 0 0 0 0
78 22 0 0 0 0 0 0 0 0
79 22 0 0 0 0 0 0 0 0
80 22 0 0 0 0 0 0 0 0
81 22 0 0 0 0 0 0 0 0
89 8 0 0 16 0 0 0 0 0
90 8 0 0 0 0 0 0 0 0
91 8 0 0 0 0 0 0 0 0
92 8 0 0 0 0 0 0 0 0
93 8 0 0 0 0 0 0 0 0
94 8 0 0 0 0 0 0 0 0
95 8 0 0 0 0 0 0 0 0
96 8 3 2 0 0 0 0 0 0
97 8 0 0 0 0 0 0 0 0
98 8 0 0 0 0 0 0 0 0
100 8 0 0 0 0 0 0 0 0
101 8 0 0 0 0 0 0 0 0
102 8 0 0 0 0 0 0 0 0
104 8 0 0 0 0 0 0 0 0
106 2 0 0 0 0 0 0 0 0
109 65 7 4 130 8 1 0 0 0
110 65 0 0 0 0 0 0 0 0
111 65 0 0 0 0 0 0 0 0
112 65 0 0 0 0 0 0 0 0
114 65 0 0 0 0 0 0 0 0
116 52 0 0 0 0 0 0 0 0
117 52 0 0 0 0 0 0 0 0
118 52 0 0 0 0 0 0 0 0
120 52 4 2 0 0 0 0 0 0
124 15 5 3 0 0 0 0 0 0
125 15 0 0 0 0 0 0 0 0
126 15 0 0 0 0 0 0 0 0
127 15 0 0 0 0 0 0 0 0
128 15 0 0 0 0 0 0 0 0
130 15 0 0 0 0 0 0 0 0
134 19 2 1 0 0 0 0 0 0
135 19 0 0 0 0 0 0 0 0
136 19 0 0 0 0 0 0 0 0
137 19 0 0 0 0 0 0 0 0
138 19 0 0 0 0 0 0 0 0
139 19 0 0 0 0 0 0 0 0
143 22 1 1 0 0 0 0 0 0
145 22 0 0 0 0 0 0 0 0
147 22 0 0 0 0 0 0 0 0
149 22 12 6 0 0 0 0 0 0
151 22 0 0 0 0 0 0 0 0
153 22 0 0 0 0 0 0 0 0
154 22 0 0 0 0 0 0 0 0
fl=/build/glibc-FcXrgv/glibc-2.31/string/../sysdeps/aarch64/multiarch/../memcpy.S
fn=__GI_memcpy
91 11404 1199 7 0 0 0 0 0 0
92 11404 0 0 0 0 0 0 0 0
93 11404 0 0 0 0 0 0 0 0
94 11404 0 0 0 0 0 0 0 0
95 11404 0 0 0 0 0 0 0 0
96 2639 0 0 0 0 0 0 0 0
97 2639 0 0 0 0 0 0 0 0
100 1767 0 0 3534 102 80 0 0 0
101 1767 0 0 3534 80 73 0 0 0
102 1767 0 0 3534 97 83 0 0 0
103 1767 0 0 3534 86 66 0 0 0
104 1767 0 0 0 0 0 0 0 0
105 1767 274 1 0 0 0 0 0 0
106 827 0 0 0 0 0 1654 12 3
107 827 0 0 0 0 0 1654 112 81
108 827 0 0 0 0 0 1654 0 0
109 827 0 0 0 0 0 1654 21 4
110 827 0 0 0 0 0 0 0 0
116 8765 546 3 0 0 0 0 0 0
117 8765 0 0 0 0 0 0 0 0
118 2350 0 0 4700 122 73 0 0 0
119 2350 0 0 4700 30 25 0 0 0
120 2350 0 0 0 0 0 4700 27 6
121 2350 0 0 0 0 0 4700 114 26
122 2350 0 0 0 0 0 0 0 0
126 6415 429 4 0 0 0 0 0 0
127 2958 0 0 2958 48 48 0 0 0
128 2958 0 0 2958 13 13 0 0 0
129 2958 0 0 0 0 0 2958 2 0
130 2958 0 0 0 0 0 2958 0 0
131 2958 0 0 0 0 0 0 0 0
135 3457 0 0 0 0 0 0 0 0
136 1763 0 0 1763 29 21 0 0 0
137 1763 0 0 1763 0 0 0 0 0
138 1763 0 0 0 0 0 1763 0 0
139 1763 0 0 0 0 0 1763 0 0
140 1763 0 0 0 0 0 0 0 0
145 1694 0 0 0 0 0 0 0 0
146 1677 0 0 0 0 0 0 0 0
147 1677 314 2 1677 9 8 0 0 0
148 1677 0 0 1677 2 2 0 0 0
149 1677 0 0 1677 0 0 0 0 0
150 1677 0 0 0 0 0 1677 2 1
151 1677 0 0 0 0 0 1677 0 0
152 1677 0 0 0 0 0 1677 0 0
153 1694 11 0 0 0 0 0 0 0
159 940 215 1 1880 0 0 0 0 0
160 940 0 0 1880 0 0 0 0 0
161 940 0 0 1880 0 0 0 0 0
162 940 0 0 1880 0 0 0 0 0
163 940 0 0 0 0 0 1880 45 40
164 940 0 0 0 0 0 1880 127 47
165 940 0 0 0 0 0 1880 61 32
166 940 0 0 0 0 0 1880 61 32
167 940 226 3 0 0 0 1880 6 5
168 940 0 0 0 0 0 1880 43 13
169 940 0 0 0 0 0 1880 20 4
170 940 0 0 0 0 0 1880 90 21
171 940 0 0 0 0 0 0 0 0
180 872 144 2 0 0 0 0 0 0
181 872 0 0 0 0 0 0 0 0
182 872 0 0 1744 69 29 0 0 0
183 872 0 0 0 0 0 0 0 0
184 872 0 0 0 0 0 0 0 0
185 872 0 0 1744 50 30 0 0 0
186 872 0 0 0 0 0 1744 72 64
187 872 0 0 1744 50 34 0 0 0
188 872 433 19 1744 35 15 0 0 0
189 872 0 0 1744 51 31 0 0 0
190 872 0 0 0 0 0 0 0 0
191 872 0 0 0 0 0 0 0 0
193 5157 0 0 0 0 0 10314 991 852
194 5157 0 0 10314 753 233 0 0 0
195 5157 0 0 0 0 0 10314 883 486
196 5157 0 0 10314 368 173 0 0 0
197 5157 0 0 0 0 0 10314 781 605
198 5157 0 0 10314 612 202 0 0 0
199 5157 0 0 0 0 0 10314 943 640
200 5157 0 0 10314 418 89 0 0 0
201 5157 0 0 0 0 0 0 0 0
202 5157 0 0 0 0 0 0 0 0
208 872 0 0 1744 3 3 0 0 0
209 872 0 0 0 0 0 1744 170 146
210 872 483 20 1744 30 20 0 0 0
211 872 0 0 0 0 0 1744 151 113
212 872 0 0 1744 41 16 0 0 0
213 872 0 0 0 0 0 1744 108 88
214 872 0 0 1744 51 22 0 0 0
215 872 0 0 0 0 0 1744 69 46
216 872 0 0 0 0 0 1744 31 28
217 872 0 0 0 0 0 1744 26 19
218 872 0 0 0 0 0 1744 44 33
219 872 0 0 0 0 0 1744 47 29
220 872 0 0 0 0 0 0 0 0
224 56 1 0 0 0 0 0 0 0
226 56 0 0 0 0 0 0 0 0
227 56 0 0 0 0 0 0 0 0
234 56 0 0 0 0 0 0 0 0
235 56 2 2 112 0 0 0 0 0
236 56 0 0 0 0 0 0 0 0
237 56 0 0 0 0 0 0 0 0
238 56 0 0 112 0 0 0 0 0
239 56 0 0 0 0 0 112 0 0
240 56 0 0 112 0 0 0 0 0
241 56 0 0 112 0 0 0 0 0
242 56 0 0 112 0 0 0 0 0
243 56 0 0 0 0 0 0 0 0
244 56 0 0 0 0 0 0 0 0
245 56 0 0 0 0 0 0 0 0
247 55 0 0 0 0 0 0 0 0
249 78 0 0 0 0 0 156 0 0
250 78 0 0 156 0 0 0 0 0
251 78 0 0 0 0 0 156 0 0
252 78 0 0 156 0 0 0 0 0
253 78 2 2 0 0 0 156 0 0
254 78 0 0 156 0 0 0 0 0
255 78 0 0 0 0 0 156 0 0
256 78 0 0 156 0 0 0 0 0
257 78 0 0 0 0 0 0 0 0
258 78 0 0 0 0 0 0 0 0
264 56 0 0 112 0 0 0 0 0
265 56 0 0 0 0 0 112 0 0
266 56 0 0 112 0 0 0 0 0
267 56 0 0 0 0 0 112 0 0
268 56 0 0 112 0 0 0 0 0
269 56 0 0 0 0 0 112 0 0
270 56 0 0 112 0 0 0 0 0
271 56 0 0 0 0 0 112 0 0
272 56 0 0 0 0 0 112 0 0
273 56 0 0 0 0 0 112 0 0
274 56 2 2 0 0 0 112 0 0
275 56 0 0 0 0 0 112 0 0
276 56 0 0 0 0 0 0 0 0
fn=__GI_memmove
77 338 1 0 0 0 0 0 0 0
78 338 0 0 0 0 0 0 0 0
79 338 0 0 0 0 0 0 0 0
80 338 0 0 0 0 0 0 0 0
fn=memcpy
91 93 1 1 0 0 0 0 0 0
92 93 0 0 0 0 0 0 0 0
93 93 0 0 0 0 0 0 0 0
94 93 0 0 0 0 0 0 0 0
95 93 0 0 0 0 0 0 0 0
96 29 0 0 0 0 0 0 0 0
97 29 0 0 0 0 0 0 0 0
100 28 0 0 56 0 0 0 0 0
101 28 0 0 56 0 0 0 0 0
102 28 0 0 56 0 0 0 0 0
103 28 0 0 56 0 0 0 0 0
104 28 0 0 0 0 0 0 0 0
105 28 1 1 0 0 0 0 0 0
106 23 0 0 0 0 0 46 3 1
107 23 0 0 0 0 0 46 0 0
108 23 0 0 0 0 0 46 0 0
109 23 0 0 0 0 0 46 7 7
110 23 0 0 0 0 0 0 0 0
116 64 1 1 0 0 0 0 0 0
117 64 0 0 0 0 0 0 0 0
118 17 0 0 34 1 0 0 0 0
119 17 0 0 34 0 0 0 0 0
120 17 0 0 0 0 0 34 8 8
121 17 0 0 0 0 0 34 0 0
122 17 0 0 0 0 0 0 0 0
126 47 2 2 0 0 0 0 0 0
127 36 0 0 36 2 1 0 0 0
128 36 0 0 36 0 0 0 0 0
129 36 0 0 0 0 0 36 9 8
130 36 0 0 0 0 0 36 1 1
131 36 0 0 0 0 0 0 0 0
135 11 0 0 0 0 0 0 0 0
136 2 0 0 2 0 0 0 0 0
137 2 0 0 2 0 0 0 0 0
138 2 0 0 0 0 0 2 0 0
139 2 0 0 0 0 0 2 0 0
140 2 0 0 0 0 0 0 0 0
145 9 0 0 0 0 0 0 0 0
146 2 0 0 0 0 0 0 0 0
147 2 1 1 2 2 2 0 0 0
148 2 0 0 2 0 0 0 0 0
149 2 0 0 2 0 0 0 0 0
150 2 0 0 0 0 0 2 2 2
151 2 0 0 0 0 0 2 0 0
152 2 0 0 0 0 0 2 0 0
153 9 0 0 0 0 0 0 0 0
159 5 0 0 10 0 0 0 0 0
160 5 0 0 10 0 0 0 0 0
161 5 0 0 10 0 0 0 0 0
162 5 0 0 10 0 0 0 0 0
163 5 0 0 0 0 0 10 2 2
164 5 0 0 0 0 0 10 2 2
165 5 0 0 0 0 0 10 0 0
166 5 0 0 0 0 0 10 1 1
167 5 0 0 0 0 0 10 0 0
168 5 0 0 0 0 0 10 0 0
169 5 0 0 0 0 0 10 0 0
170 5 0 0 0 0 0 10 1 1
171 5 0 0 0 0 0 0 0 0
180 1 1 1 0 0 0 0 0 0
181 1 0 0 0 0 0 0 0 0
182 1 0 0 2 0 0 0 0 0
183 1 0 0 0 0 0 0 0 0
184 1 0 0 0 0 0 0 0 0
185 1 0 0 2 0 0 0 0 0
186 1 0 0 0 0 0 2 1 1
187 1 0 0 2 0 0 0 0 0
188 1 1 1 2 0 0 0 0 0
189 1 0 0 2 0 0 0 0 0
190 1 0 0 0 0 0 0 0 0
191 1 0 0 0 0 0 0 0 0
193 9 0 0 0 0 0 18 8 8
194 9 0 0 18 0 0 0 0 0
195 9 0 0 0 0 0 18 0 0
196 9 0 0 18 0 0 0 0 0
197 9 0 0 0 0 0 18 0 0
198 9 0 0 18 0 0 0 0 0
199 9 0 0 0 0 0 18 0 0
200 9 0 0 18 0 0 0 0 0
201 9 0 0 0 0 0 0 0 0
202 9 0 0 0 0 0 0 0 0
208 1 0 0 2 0 0 0 0 0
209 1 0 0 0 0 0 2 1 1
210 1 1 1 2 0 0 0 0 0
211 1 0 0 0 0 0 2 0 0
212 1 0 0 2 0 0 0 0 0
213 1 0 0 0 0 0 2 0 0
214 1 0 0 2 0 0 0 0 0
215 1 0 0 0 0 0 2 0 0
216 1 0 0 0 0 0 2 0 0
217 1 0 0 0 0 0 2 0 0
218 1 0 0 0 0 0 2 0 0
219 1 0 0 0 0 0 2 1 1
220 1 0 0 0 0 0 0 0 0
fn=memmove
77 4 1 1 0 0 0 0 0 0
78 4 0 0 0 0 0 0 0 0
79 4 0 0 0 0 0 0 0 0
80 4 0 0 0 0 0 0 0 0
fl=/build/glibc-FcXrgv/glibc-2.31/string/../sysdeps/aarch64/multiarch/../strlen.S
fn=__GI_strlen
94 8379 501 21 0 0 0 0 0 0
95 8379 0 0 0 0 0 0 0 0
96 8379 0 0 0 0 0 0 0 0
97 8379 0 0 0 0 0 0 0 0
98 8359 0 0 16718 3220 1618 0 0 0
107 8359 0 0 0 0 0 0 0 0
108 8359 0 0 0 0 0 0 0 0
109 8359 0 0 0 0 0 0 0 0
110 8359 0 0 0 0 0 0 0 0
111 8359 0 0 0 0 0 0 0 0
112 8359 0 0 0 0 0 0 0 0
113 8359 0 0 0 0 0 0 0 0
114 8359 0 0 0 0 0 0 0 0
117 6978 0 0 0 0 0 0 0 0
118 6978 0 0 0 0 0 0 0 0
119 6978 0 0 0 0 0 0 0 0
120 6978 277 10 0 0 0 0 0 0
121 6978 0 0 0 0 0 0 0 0
122 6978 0 0 0 0 0 0 0 0
123 6978 0 0 0 0 0 0 0 0
130 1381 216 7 0 0 0 0 0 0
131 1381 0 0 0 0 0 0 0 0
133 2767 0 0 5534 381 273 0 0 0
135 2787 0 0 0 0 0 0 0 0
136 2787 0 0 0 0 0 0 0 0
137 2787 0 0 0 0 0 0 0 0
138 2787 0 0 0 0 0 0 0 0
139 2787 0 0 0 0 0 0 0 0
140 1966 0 0 3932 526 417 0 0 0
141 1966 0 0 0 0 0 0 0 0
142 1966 0 0 0 0 0 0 0 0
143 1966 0 0 0 0 0 0 0 0
144 1966 175 11 0 0 0 0 0 0
145 1966 0 0 0 0 0 0 0 0
146 580 0 0 0 0 0 0 0 0
149 1401 184 19 0 0 0 0 0 0
150 1401 0 0 0 0 0 0 0 0
151 1401 0 0 0 0 0 0 0 0
152 1401 0 0 0 0 0 0 0 0
153 1401 0 0 0 0 0 0 0 0
154 1401 0 0 0 0 0 0 0 0
169 1401 0 0 0 0 0 0 0 0
171 1401 0 0 0 0 0 0 0 0
172 1401 0 0 0 0 0 0 0 0
173 1401 0 0 0 0 0 0 0 0
174 1401 0 0 0 0 0 0 0 0
175 1401 0 0 0 0 0 0 0 0
176 1401 0 0 0 0 0 0 0 0
177 1401 418 28 0 0 0 0 0 0
180 16 0 0 32 15 3 0 0 0
181 16 0 0 0 0 0 0 0 0
182 16 0 0 0 0 0 0 0 0
183 16 0 0 0 0 0 0 0 0
184 16 0 0 0 0 0 0 0 0
185 16 0 0 0 0 0 0 0 0
186 16 0 0 0 0 0 0 0 0
187 16 0 0 0 0 0 0 0 0
188 16 0 0 0 0 0 0 0 0
189 2 0 0 4 0 0 0 0 0
190 2 0 0 0 0 0 0 0 0
191 2 0 0 0 0 0 0 0 0
192 2 0 0 0 0 0 0 0 0
193 2 0 0 0 0 0 0 0 0
194 2 0 0 0 0 0 0 0 0
195 2 0 0 0 0 0 0 0 0
196 2 0 0 0 0 0 0 0 0
197 2 0 0 0 0 0 0 0 0
198 1 0 0 0 0 0 0 0 0
204 20 18 8 0 0 0 0 0 0
205 20 0 0 40 1 1 0 0 0
206 20 0 0 0 0 0 0 0 0
207 20 0 0 0 0 0 0 0 0
213 20 0 0 0 0 0 0 0 0
215 20 0 0 0 0 0 0 0 0
216 20 0 0 0 0 0 0 0 0
217 20 0 0 0 0 0 0 0 0
218 20 0 0 0 0 0 0 0 0
219 20 0 0 0 0 0 0 0 0
220 20 0 0 0 0 0 0 0 0
221 20 0 0 0 0 0 0 0 0
fn=strlen
94 42 3 1 0 0 0 0 0 0
95 42 0 0 0 0 0 0 0 0
96 42 0 0 0 0 0 0 0 0
97 42 0 0 0 0 0 0 0 0
98 41 0 0 82 2 2 0 0 0
107 41 0 0 0 0 0 0 0 0
108 41 0 0 0 0 0 0 0 0
109 41 0 0 0 0 0 0 0 0
110 41 0 0 0 0 0 0 0 0
111 41 0 0 0 0 0 0 0 0
112 41 0 0 0 0 0 0 0 0
113 41 0 0 0 0 0 0 0 0
114 41 0 0 0 0 0 0 0 0
117 17 0 0 0 0 0 0 0 0
118 17 0 0 0 0 0 0 0 0
119 17 0 0 0 0 0 0 0 0
120 17 2 0 0 0 0 0 0 0
121 17 0 0 0 0 0 0 0 0
122 17 0 0 0 0 0 0 0 0
123 17 0 0 0 0 0 0 0 0
130 24 0 0 0 0 0 0 0 0
131 24 0 0 0 0 0 0 0 0
133 27 0 0 54 0 0 0 0 0
135 28 1 1 0 0 0 0 0 0
136 28 0 0 0 0 0 0 0 0
137 28 0 0 0 0 0 0 0 0
138 28 0 0 0 0 0 0 0 0
139 28 0 0 0 0 0 0 0 0
140 27 0 0 54 0 0 0 0 0
141 27 0 0 0 0 0 0 0 0
142 27 0 0 0 0 0 0 0 0
143 27 0 0 0 0 0 0 0 0
144 27 8 0 0 0 0 0 0 0
145 27 0 0 0 0 0 0 0 0
146 24 0 0 0 0 0 0 0 0
149 25 1 1 0 0 0 0 0 0
150 25 0 0 0 0 0 0 0 0
151 25 0 0 0 0 0 0 0 0
152 25 0 0 0 0 0 0 0 0
153 25 0 0 0 0 0 0 0 0
154 25 0 0 0 0 0 0 0 0
169 25 0 0 0 0 0 0 0 0
171 25 0 0 0 0 0 0 0 0
172 25 0 0 0 0 0 0 0 0
173 25 0 0 0 0 0 0 0 0
174 25 0 0 0 0 0 0 0 0
175 25 0 0 0 0 0 0 0 0
176 25 0 0 0 0 0 0 0 0
177 25 2 1 0 0 0 0 0 0
204 1 1 1 0 0 0 0 0 0
205 1 0 0 2 0 0 0 0 0
206 1 0 0 0 0 0 0 0 0
207 1 0 0 0 0 0 0 0 0
213 1 0 0 0 0 0 0 0 0
215 1 0 0 0 0 0 0 0 0
216 1 0 0 0 0 0 0 0 0
217 1 0 0 0 0 0 0 0 0
218 1 0 0 0 0 0 0 0 0
219 1 0 0 0 0 0 0 0 0
220 1 0 0 0 0 0 0 0 0
221 1 0 0 0 0 0 0 0 0
fl=/build/glibc-FcXrgv/glibc-2.31/string/../sysdeps/aarch64/multiarch/memchr.c
fn=memchr
34 18 4 4 4 2 1 0 0 0
fl=/build/glibc-FcXrgv/glibc-2.31/string/../sysdeps/aarch64/multiarch/memcpy.c
fn=memcpy
37 19 5 5 2 0 0 0 0 0
fl=/build/glibc-FcXrgv/glibc-2.31/string/../sysdeps/aarch64/multiarch/memmove.c
fn=memmove
37 17 4 4 2 1 0 0 0 0
fl=/build/glibc-FcXrgv/glibc-2.31/string/../sysdeps/aarch64/multiarch/memset.c
fn=memset
36 16 3 3 3 0 0 0 0 0
fl=/build/glibc-FcXrgv/glibc-2.31/string/../sysdeps/aarch64/multiarch/strlen.c
fn=strlen
36 22 4 2 4 0 0 0 0 0
fl=/build/glibc-FcXrgv/glibc-2.31/string/../sysdeps/aarch64/rawmemchr.S
fn=rawmemchr
28 1 1 1 0 0 0 0 0 0
33 1 0 0 0 0 0 0 0 0
35 1 0 0 0 0 0 0 0 0
36 1 0 0 0 0 0 0 0 0
37 1 0 0 0 0 0 0 0 0
38 1 0 0 0 0 0 0 0 0
fl=/build/glibc-FcXrgv/glibc-2.31/string/../sysdeps/aarch64/strchr.S
fn=index
66 317 200 47 0 0 0 0 0 0
67 317 0 0 0 0 0 0 0 0
68 317 0 0 0 0 0 0 0 0
69 317 0 0 0 0 0 0 0 0
70 317 203 23 0 0 0 0 0 0
71 317 0 0 0 0 0 0 0 0
72 317 0 0 0 0 0 0 0 0
73 317 0 0 0 0 0 0 0 0
79 309 0 0 618 210 121 0 0 0
80 309 0 0 0 0 0 0 0 0
81 309 0 0 0 0 0 0 0 0
82 309 0 0 0 0 0 0 0 0
83 309 0 0 0 0 0 0 0 0
84 309 0 0 0 0 0 0 0 0
85 309 0 0 0 0 0 0 0 0
86 309 0 0 0 0 0 0 0 0
87 309 0 0 0 0 0 0 0 0
88 309 0 0 0 0 0 0 0 0
89 309 0 0 0 0 0 0 0 0
90 309 0 0 0 0 0 0 0 0
91 309 197 26 0 0 0 0 0 0
92 309 0 0 0 0 0 0 0 0
93 309 0 0 0 0 0 0 0 0
94 309 0 0 0 0 0 0 0 0
95 309 0 0 0 0 0 0 0 0
97 309 0 0 0 0 0 0 0 0
98 309 0 0 0 0 0 0 0 0
99 309 0 0 0 0 0 0 0 0
102 49 0 0 98 6 2 0 0 0
103 49 0 0 0 0 0 0 0 0
104 49 0 0 0 0 0 0 0 0
105 49 0 0 0 0 0 0 0 0
106 49 0 0 0 0 0 0 0 0
108 49 0 0 0 0 0 0 0 0
109 49 0 0 0 0 0 0 0 0
110 49 0 0 0 0 0 0 0 0
111 49 1 0 0 0 0 0 0 0
112 49 0 0 0 0 0 0 0 0
113 49 0 0 0 0 0 0 0 0
117 26 0 0 0 0 0 0 0 0
118 26 0 0 0 0 0 0 0 0
119 26 0 0 0 0 0 0 0 0
120 26 0 0 0 0 0 0 0 0
121 26 0 0 0 0 0 0 0 0
122 26 0 0 0 0 0 0 0 0
123 26 0 0 0 0 0 0 0 0
124 26 0 0 0 0 0 0 0 0
126 26 0 0 0 0 0 0 0 0
128 317 196 37 0 0 0 0 0 0
129 317 0 0 0 0 0 0 0 0
130 317 0 0 0 0 0 0 0 0
133 317 0 0 0 0 0 0 0 0
134 317 201 22 0 0 0 0 0 0
135 317 0 0 0 0 0 0 0 0
136 317 0 0 0 0 0 0 0 0
fl=/build/glibc-FcXrgv/glibc-2.31/string/../sysdeps/aarch64/strchrnul.S
fn=strchrnul
66 18 8 3 0 0 0 0 0 0
67 18 0 0 0 0 0 0 0 0
68 18 0 0 0 0 0 0 0 0
69 18 0 0 0 0 0 0 0 0
70 18 8 3 0 0 0 0 0 0
71 18 0 0 0 0 0 0 0 0
72 18 0 0 0 0 0 0 0 0
78 16 0 0 32 1 1 0 0 0
79 16 0 0 0 0 0 0 0 0
80 16 0 0 0 0 0 0 0 0
81 16 0 0 0 0 0 0 0 0
82 16 0 0 0 0 0 0 0 0
83 16 0 0 0 0 0 0 0 0
84 16 0 0 0 0 0 0 0 0
85 16 0 0 0 0 0 0 0 0
86 16 0 0 0 0 0 0 0 0
87 16 0 0 0 0 0 0 0 0
88 16 0 0 0 0 0 0 0 0
89 16 0 0 0 0 0 0 0 0
90 16 0 0 0 0 0 0 0 0
91 16 7 2 0 0 0 0 0 0
92 16 0 0 0 0 0 0 0 0
94 16 0 0 0 0 0 0 0 0
95 16 0 0 0 0 0 0 0 0
96 16 0 0 0 0 0 0 0 0
99 6 1 1 12 2 2 0 0 0
100 6 0 0 0 0 0 0 0 0
101 6 0 0 0 0 0 0 0 0
102 6 0 0 0 0 0 0 0 0
103 6 0 0 0 0 0 0 0 0
105 6 0 0 0 0 0 0 0 0
106 6 0 0 0 0 0 0 0 0
107 6 0 0 0 0 0 0 0 0
108 6 0 0 0 0 0 0 0 0
109 6 0 0 0 0 0 0 0 0
110 6 0 0 0 0 0 0 0 0
114 6 5 1 0 0 0 0 0 0
115 6 0 0 0 0 0 0 0 0
116 6 0 0 0 0 0 0 0 0
117 6 0 0 0 0 0 0 0 0
119 6 0 0 0 0 0 0 0 0
122 18 3 2 0 0 0 0 0 0
124 18 0 0 0 0 0 0 0 0
125 18 0 0 0 0 0 0 0 0
127 18 0 0 0 0 0 0 0 0
128 18 0 0 0 0 0 0 0 0
fl=/build/glibc-FcXrgv/glibc-2.31/string/../sysdeps/aarch64/strcmp.S
fn=strcmp
54 1796 90 26 0 0 0 0 0 0
55 1796 0 0 0 0 0 0 0 0
56 1796 0 0 0 0 0 0 0 0
57 1796 0 0 0 0 0 0 0 0
58 896 0 0 0 0 0 0 0 0
59 896 0 0 0 0 0 0 0 0
64 1163 0 0 1163 60 43 0 0 0
65 1163 0 0 1163 52 34 0 0 0
67 1262 0 0 0 0 0 0 0 0
68 1262 0 0 0 0 0 0 0 0
69 1262 0 0 0 0 0 0 0 0
70 1262 0 0 0 0 0 0 0 0
71 1262 0 0 0 0 0 0 0 0
72 1262 0 0 0 0 0 0 0 0
77 1314 0 0 0 0 0 0 0 0
78 1314 0 0 0 0 0 0 0 0
83 1314 74 22 0 0 0 0 0 0
84 1314 0 0 0 0 0 0 0 0
85 1314 0 0 0 0 0 0 0 0
86 1314 0 0 0 0 0 0 0 0
89 1314 0 0 0 0 0 0 0 0
90 1314 0 0 0 0 0 0 0 0
91 1314 0 0 0 0 0 0 0 0
130 99 11 2 0 0 0 0 0 0
131 99 0 0 0 0 0 0 0 0
132 99 0 0 0 0 0 0 0 0
133 99 0 0 99 14 9 0 0 0
134 99 0 0 0 0 0 0 0 0
135 99 0 0 99 5 2 0 0 0
136 99 0 0 0 0 0 0 0 0
142 99 0 0 0 0 0 0 0 0
144 99 0 0 0 0 0 0 0 0
145 99 5 3 0 0 0 0 0 0
146 99 0 0 0 0 0 0 0 0
152 900 50 17 0 0 0 0 0 0
153 900 0 0 0 0 0 0 0 0
155 1984 0 0 1984 199 114 0 0 0
156 1984 0 0 1984 111 23 0 0 0
157 1984 0 0 0 0 0 0 0 0
158 1984 0 0 0 0 0 0 0 0
159 1984 0 0 0 0 0 0 0 0
160 1502 0 0 0 0 0 0 0 0
161 1502 0 0 0 0 0 0 0 0
166 691 0 0 0 0 0 0 0 0
167 691 0 0 0 0 0 0 0 0
168 691 0 0 0 0 0 0 0 0
169 690 0 0 690 61 40 0 0 0
170 690 0 0 690 32 18 0 0 0
172 690 33 17 0 0 0 0 0 0
173 690 0 0 0 0 0 0 0 0
174 690 0 0 0 0 0 0 0 0
175 690 0 0 0 0 0 0 0 0
176 690 0 0 0 0 0 0 0 0
177 690 0 0 0 0 0 0 0 0
178 418 0 0 0 0 0 0 0 0
181 482 7 3 0 0 0 0 0 0
182 482 0 0 0 0 0 0 0 0
fl=/build/glibc-FcXrgv/glibc-2.31/string/../sysdeps/aarch64/strcpy.S
fn=stpcpy
112 184 15 8 0 0 0 0 0 0
113 184 0 0 0 0 0 0 0 0
114 184 0 0 0 0 0 0 0 0
115 184 0 0 0 0 0 0 0 0
116 184 0 0 0 0 0 0 0 0
121 184 0 0 0 0 0 0 0 0
124 184 0 0 368 0 0 0 0 0
140 184 0 0 0 0 0 0 0 0
141 184 0 0 0 0 0 0 0 0
142 184 0 0 0 0 0 0 0 0
143 184 0 0 0 0 0 0 0 0
144 72 0 0 0 0 0 0 0 0
145 72 0 0 0 0 0 0 0 0
147 72 0 0 0 0 0 0 0 0
148 72 0 0 0 0 0 0 0 0
154 66 0 0 0 0 0 0 0 0
155 66 12 3 0 0 0 0 0 0
156 66 0 0 0 0 0 0 0 0
157 66 0 0 0 0 0 0 0 0
158 66 0 0 0 0 0 0 0 0
162 66 0 0 0 0 0 0 0 0
164 66 0 0 0 0 0 66 0 0
165 66 0 0 0 0 0 66 0 0
167 66 0 0 0 0 0 0 0 0
169 66 0 0 0 0 0 0 0 0
172 112 3 1 0 0 0 0 0 0
173 112 0 0 0 0 0 0 0 0
174 112 0 0 0 0 0 0 0 0
175 112 0 0 0 0 0 0 0 0
176 112 0 0 0 0 0 0 0 0
183 34 0 0 0 0 0 0 0 0
186 34 0 0 0 0 0 34 3 3
187 34 0 0 0 0 0 34 0 0
189 34 0 0 0 0 0 0 0 0
191 34 0 0 0 0 0 0 0 0
193 78 2 1 0 0 0 0 0 0
198 78 0 0 0 0 0 78 4 1
202 78 0 0 0 0 0 78 0 0
204 78 0 0 0 0 0 0 0 0
206 78 0 0 0 0 0 0 0 0
211 6 0 0 0 0 0 0 0 0
212 6 0 0 0 0 0 12 0 0
213 6 0 0 0 0 0 0 0 0
214 6 0 0 0 0 0 0 0 0
215 6 0 0 0 0 0 0 0 0
222 6 0 0 0 0 0 6 0 0
224 12 0 0 12 0 0 0 0 0
225 12 0 0 0 0 0 0 0 0
226 12 2 1 0 0 0 0 0 0
227 12 0 0 0 0 0 0 0 0
236 6 0 0 0 0 0 0 0 0
237 6 0 0 0 0 0 0 0 0
238 6 0 0 0 0 0 0 0 0
239 6 0 0 0 0 0 0 0 0
240 6 0 0 0 0 0 0 0 0
241 6 0 0 0 0 0 0 0 0
242 6 0 0 0 0 0 0 0 0
243 6 0 0 0 0 0 0 0 0
244 6 0 0 0 0 0 0 0 0
245 6 0 0 0 0 0 0 0 0
246 6 0 0 0 0 0 0 0 0
247 6 0 0 0 0 0 0 0 0
248 6 0 0 6 0 0 0 0 0
249 6 0 0 0 0 0 6 0 0
251 6 1 1 0 0 0 0 0 0
253 6 0 0 0 0 0 0 0 0
fn=strcpy
112 3 1 1 0 0 0 0 0 0
113 3 0 0 0 0 0 0 0 0
114 3 0 0 0 0 0 0 0 0
115 3 0 0 0 0 0 0 0 0
116 3 0 0 0 0 0 0 0 0
121 3 0 0 0 0 0 0 0 0
124 3 0 0 6 0 0 0 0 0
140 3 0 0 0 0 0 0 0 0
141 3 0 0 0 0 0 0 0 0
142 3 0 0 0 0 0 0 0 0
143 3 0 0 0 0 0 0 0 0
144 2 0 0 0 0 0 0 0 0
145 2 0 0 0 0 0 0 0 0
147 2 0 0 0 0 0 0 0 0
148 2 0 0 0 0 0 0 0 0
154 2 0 0 0 0 0 0 0 0
155 2 1 1 0 0 0 0 0 0
156 2 0 0 0 0 0 0 0 0
157 2 0 0 0 0 0 0 0 0
158 2 0 0 0 0 0 0 0 0
162 2 0 0 0 0 0 0 0 0
164 2 0 0 0 0 0 2 0 0
165 2 0 0 0 0 0 2 0 0
169 2 0 0 0 0 0 0 0 0
172 1 0 0 0 0 0 0 0 0
173 1 0 0 0 0 0 0 0 0
174 1 0 0 0 0 0 0 0 0
175 1 0 0 0 0 0 0 0 0
176 1 0 0 0 0 0 0 0 0
183 1 0 0 0 0 0 0 0 0
186 1 0 0 0 0 0 1 0 0
187 1 0 0 0 0 0 1 0 0
191 1 1 1 0 0 0 0 0 0
fl=/build/glibc-FcXrgv/glibc-2.31/string/../sysdeps/aarch64/strncmp.S
fn=strncmp
58 327 148 9 0 0 0 0 0 0
59 327 0 0 0 0 0 0 0 0
60 327 0 0 0 0 0 0 0 0
61 327 0 0 0 0 0 0 0 0
62 327 0 0 0 0 0 0 0 0
63 327 0 0 0 0 0 0 0 0
64 164 0 0 0 0 0 0 0 0
66 111 0 0 0 0 0 0 0 0
67 111 0 0 0 0 0 0 0 0
74 130 103 6 130 54 40 0 0 0
75 130 0 0 130 2 1 0 0 0
77 183 3 0 0 0 0 0 0 0
78 183 0 0 0 0 0 0 0 0
79 183 0 0 0 0 0 0 0 0
80 183 0 0 0 0 0 0 0 0
81 183 0 0 0 0 0 0 0 0
82 183 0 0 0 0 0 0 0 0
83 183 0 0 0 0 0 0 0 0
84 183 0 0 0 0 0 0 0 0
88 164 0 0 0 0 0 0 0 0
91 93 0 0 0 0 0 0 0 0
92 93 0 0 0 0 0 0 0 0
94 81 0 0 0 0 0 0 0 0
95 81 0 0 0 0 0 0 0 0
99 81 0 0 0 0 0 0 0 0
101 81 30 4 0 0 0 0 0 0
102 81 0 0 0 0 0 0 0 0
105 81 0 0 0 0 0 0 0 0
108 164 64 2 0 0 0 0 0 0
111 164 0 0 0 0 0 0 0 0
112 164 0 0 0 0 0 0 0 0
117 164 0 0 0 0 0 0 0 0
118 164 0 0 0 0 0 0 0 0
119 164 0 0 0 0 0 0 0 0
120 164 0 0 0 0 0 0 0 0
123 164 0 0 0 0 0 0 0 0
124 164 0 0 0 0 0 0 0 0
125 164 0 0 0 0 0 0 0 0
166 53 1 0 0 0 0 0 0 0
167 53 0 0 0 0 0 0 0 0
168 53 0 0 53 0 0 0 0 0
169 53 1 1 0 0 0 0 0 0
170 53 0 0 53 0 0 0 0 0
171 53 0 0 0 0 0 0 0 0
172 53 0 0 0 0 0 0 0 0
178 53 0 0 0 0 0 0 0 0
180 53 0 0 0 0 0 0 0 0
181 53 0 0 0 0 0 0 0 0
183 53 0 0 0 0 0 0 0 0
184 53 0 0 0 0 0 0 0 0
185 53 0 0 0 0 0 0 0 0
186 53 0 0 0 0 0 0 0 0
187 53 0 0 0 0 0 0 0 0
188 53 0 0 0 0 0 0 0 0
193 163 66 9 0 0 0 0 0 0
194 163 0 0 0 0 0 0 0 0
198 594 0 0 594 40 33 0 0 0
199 594 0 0 594 31 4 0 0 0
200 594 0 0 0 0 0 0 0 0
201 594 0 0 0 0 0 0 0 0
202 594 0 0 0 0 0 0 0 0
203 594 0 0 0 0 0 0 0 0
205 162 0 0 0 0 0 0 0 0
206 162 0 0 0 0 0 0 0 0
211 1 0 0 0 0 0 0 0 0
212 1 0 0 0 0 0 0 0 0
232 1 1 1 0 0 0 0 0 0
233 1 0 0 0 0 0 0 0 0
234 1 0 0 0 0 0 0 0 0
236 3 0 0 0 0 0 0 0 0
237 3 0 0 0 0 0 0 0 0
238 3 0 0 0 0 0 0 0 0
240 3 0 0 3 1 1 0 0 0
241 3 0 0 3 0 0 0 0 0
242 3 0 0 0 0 0 0 0 0
243 3 1 1 0 0 0 0 0 0
244 3 0 0 0 0 0 0 0 0
245 3 0 0 0 0 0 0 0 0
246 3 0 0 0 0 0 0 0 0
247 3 0 0 0 0 0 0 0 0
248 3 0 0 0 0 0 0 0 0
249 3 0 0 0 0 0 0 0 0
253 1 0 0 0 0 0 0 0 0
254 1 0 0 0 0 0 0 0 0
256 1 0 0 0 0 0 0 0 0
257 1 0 0 0 0 0 0 0 0
258 1 0 0 1 0 0 0 0 0
259 1 0 0 1 0 0 0 0 0
260 1 0 0 0 0 0 0 0 0
261 1 0 0 0 0 0 0 0 0
262 1 0 0 0 0 0 0 0 0
263 1 1 1 0 0 0 0 0 0
264 1 0 0 0 0 0 0 0 0
265 1 0 0 0 0 0 0 0 0
268 1 0 0 0 0 0 0 0 0
269 1 0 0 0 0 0 0 0 0
fl=/build/glibc-FcXrgv/glibc-2.31/string/../sysdeps/aarch64/strnlen.S
fn=strnlen
61 451 132 23 0 0 0 0 0 0
62 451 0 0 0 0 0 0 0 0
63 451 0 0 0 0 0 0 0 0
64 451 0 0 0 0 0 0 0 0
65 451 0 0 0 0 0 0 0 0
67 183 0 0 0 0 0 0 0 0
68 183 0 0 0 0 0 0 0 0
80 183 117 21 366 110 54 0 0 0
82 451 13 2 0 0 0 0 0 0
83 451 0 0 0 0 0 0 0 0
84 451 0 0 0 0 0 0 0 0
85 451 0 0 0 0 0 0 0 0
86 451 0 0 0 0 0 0 0 0
87 451 0 0 0 0 0 0 0 0
88 451 0 0 0 0 0 0 0 0
89 451 0 0 0 0 0 0 0 0
90 451 0 0 0 0 0 0 0 0
91 451 0 0 0 0 0 0 0 0
94 416 0 0 0 0 0 0 0 0
95 416 0 0 0 0 0 0 0 0
101 337 0 0 0 0 0 0 0 0
102 337 0 0 0 0 0 0 0 0
106 46 0 0 0 0 0 0 0 0
107 46 37 2 0 0 0 0 0 0
119 337 79 19 0 0 0 0 0 0
120 337 0 0 0 0 0 0 0 0
121 337 0 0 0 0 0 0 0 0
122 337 0 0 0 0 0 0 0 0
123 337 0 0 0 0 0 0 0 0
124 337 0 0 0 0 0 0 0 0
125 337 0 0 0 0 0 0 0 0
128 56 13 3 56 1 0 0 0 0
129 56 0 0 0 0 0 0 0 0
130 56 0 0 0 0 0 0 0 0
131 56 0 0 0 0 0 0 0 0
132 56 0 0 0 0 0 0 0 0
133 56 0 0 0 0 0 0 0 0
134 32 0 0 32 0 0 0 0 0
135 32 0 0 0 0 0 0 0 0
136 32 10 3 0 0 0 0 0 0
137 32 0 0 0 0 0 0 0 0
138 32 0 0 0 0 0 0 0 0
139 32 0 0 0 0 0 0 0 0
143 35 6 4 0 0 0 0 0 0
156 24 0 0 0 0 0 0 0 0
157 24 0 0 0 0 0 0 0 0
158 24 0 0 0 0 0 0 0 0
159 24 0 0 0 0 0 0 0 0
160 24 0 0 0 0 0 0 0 0
161 24 0 0 0 0 0 0 0 0
162 24 0 0 0 0 0 0 0 0
163 24 0 0 0 0 0 0 0 0
164 24 0 0 0 0 0 0 0 0
165 24 0 0 0 0 0 0 0 0
166 24 0 0 0 0 0 0 0 0
167 24 0 0 0 0 0 0 0 0
168 24 0 0 0 0 0 0 0 0
169 24 0 0 0 0 0 0 0 0
170 24 0 0 0 0 0 0 0 0
181 268 15 6 0 0 0 0 0 0
182 268 0 0 0 0 0 0 0 0
183 268 0 0 0 0 0 0 0 0
185 268 0 0 0 0 0 0 0 0
186 268 0 0 0 0 0 0 0 0
187 268 0 0 0 0 0 0 0 0
189 268 0 0 536 1 1 0 0 0
190 268 0 0 0 0 0 0 0 0
191 268 0 0 0 0 0 0 0 0
198 268 0 0 0 0 0 0 0 0
200 268 0 0 0 0 0 0 0 0
202 268 0 0 0 0 0 0 0 0
203 268 15 5 0 0 0 0 0 0
205 268 0 0 0 0 0 0 0 0
206 268 0 0 0 0 0 0 0 0
207 268 0 0 0 0 0 0 0 0
210 90 2 1 0 0 0 0 0 0
211 90 0 0 0 0 0 0 0 0
fl=/build/glibc-FcXrgv/glibc-2.31/string/../sysdeps/aarch64/strrchr.S
fn=rindex
72 161 73 11 0 0 0 0 0 0
76 161 0 0 0 0 0 0 0 0
77 161 0 0 0 0 0 0 0 0
78 161 0 0 0 0 0 0 0 0
79 161 0 0 0 0 0 0 0 0
80 161 0 0 0 0 0 0 0 0
81 161 0 0 0 0 0 0 0 0
82 161 0 0 0 0 0 0 0 0
83 161 0 0 0 0 0 0 0 0
84 161 0 0 0 0 0 0 0 0
90 113 0 0 226 91 47 0 0 0
91 113 0 0 0 0 0 0 0 0
92 113 0 0 0 0 0 0 0 0
93 113 0 0 0 0 0 0 0 0
94 113 0 0 0 0 0 0 0 0
95 113 0 0 0 0 0 0 0 0
96 113 105 10 0 0 0 0 0 0
97 113 0 0 0 0 0 0 0 0
98 113 0 0 0 0 0 0 0 0
99 113 0 0 0 0 0 0 0 0
100 113 0 0 0 0 0 0 0 0
101 113 0 0 0 0 0 0 0 0
102 113 0 0 0 0 0 0 0 0
103 113 0 0 0 0 0 0 0 0
104 113 0 0 0 0 0 0 0 0
105 113 0 0 0 0 0 0 0 0
106 113 0 0 0 0 0 0 0 0
107 113 0 0 0 0 0 0 0 0
108 113 0 0 0 0 0 0 0 0
110 113 0 0 0 0 0 0 0 0
111 113 0 0 0 0 0 0 0 0
112 113 0 0 0 0 0 0 0 0
115 49 44 6 0 0 0 0 0 0
116 49 0 0 0 0 0 0 0 0
117 49 0 0 0 0 0 0 0 0
119 97 40 3 194 50 37 0 0 0
120 97 0 0 0 0 0 0 0 0
121 97 0 0 0 0 0 0 0 0
122 97 0 0 0 0 0 0 0 0
123 97 0 0 0 0 0 0 0 0
124 97 0 0 0 0 0 0 0 0
125 97 0 0 0 0 0 0 0 0
126 97 0 0 0 0 0 0 0 0
127 97 0 0 0 0 0 0 0 0
128 97 0 0 0 0 0 0 0 0
129 97 0 0 0 0 0 0 0 0
130 97 0 0 0 0 0 0 0 0
131 97 0 0 0 0 0 0 0 0
132 97 81 5 0 0 0 0 0 0
134 96 0 0 0 0 0 0 0 0
135 96 0 0 0 0 0 0 0 0
136 96 0 0 0 0 0 0 0 0
137 96 0 0 0 0 0 0 0 0
138 96 0 0 0 0 0 0 0 0
142 161 61 6 0 0 0 0 0 0
143 161 0 0 0 0 0 0 0 0
144 161 0 0 0 0 0 0 0 0
146 161 0 0 0 0 0 0 0 0
147 161 0 0 0 0 0 0 0 0
150 161 0 0 0 0 0 0 0 0
154 161 0 0 0 0 0 0 0 0
155 161 0 0 0 0 0 0 0 0
157 161 0 0 0 0 0 0 0 0
158 161 0 0 0 0 0 0 0 0
160 161 70 11 0 0 0 0 0 0
fl=/build/glibc-FcXrgv/glibc-2.31/string/_strerror.c
fn=strerror_r
38 156 24 6 24 11 0 108 3 0
39 72 0 0 12 9 3 0 0 0
40 36 0 0 12 12 6 0 0 0
71 48 11 3 0 0 0 0 0 0
72 132 0 0 132 0 0 0 0 0
fl=/build/glibc-FcXrgv/glibc-2.31/string/memmem.c
fn=memmem
55 60 2 1 12 0 0 42 0 0
59 24 6 1 0 0 0 6 0 0
61 18 0 0 0 0 0 0 0 0
65 18 0 0 0 0 0 12 0 0
68 12 0 0 0 0 0 0 0 0
70 12 0 0 0 0 0 0 0 0
75 18 0 0 18 0 0 0 0 0
79 18 0 0 0 0 0 12 0 0
84 6 0 0 0 0 0 0 0 0
85 6 0 0 0 0 0 0 0 0
87 30 3 1 0 0 0 0 0 0
88 54 0 0 0 0 0 0 0 0
89 60 0 0 24 1 0 12 0 0
92 42 6 1 18 0 0 0 0 0
93 6 0 0 0 0 0 6 0 0
95 30 4 1 12 0 0 0 0 0
100 12 0 0 0 0 0 0 0 0
101 60 6 1 36 0 0 0 0 0
103 36 0 0 0 0 0 0 0 0
107 6 0 0 0 0 0 0 0 0
108 12 0 0 0 0 0 0 0 0
119 6 0 0 0 0 0 0 0 0
126 60 6 1 54 0 0 0 0 0
fl=/build/glibc-FcXrgv/glibc-2.31/string/mempcpy.c
fn=mempcpy
34 272 31 8 0 0 0 204 1 1
35 68 0 0 0 0 0 0 0 0
36 272 27 8 204 0 0 0 0 0
fl=/build/glibc-FcXrgv/glibc-2.31/string/strcspn.c
fn=strcspn
32 4 0 0 0 0 0 3 1 1
33 2 0 0 1 1 1 0 0 0
34 2 1 1 1 0 0 0 0 0
39 5 0 0 0 0 0 8 1 1
40 4 0 0 0 0 0 8 0 0
41 4 1 1 0 0 0 8 1 1
42 4 0 0 0 0 0 8 1 1
44 3 0 0 2 0 0 0 0 0
47 10 0 0 0 0 0 3 0 0
48 3 0 0 0 0 0 0 0 0
51 4 0 0 2 0 0 0 0 0
52 4 1 1 2 0 0 0 0 0
53 4 0 0 2 0 0 0 0 0
54 4 0 0 2 0 0 0 0 0
56 2 0 0 0 0 0 0 0 0
62 32 1 1 32 0 0 0 0 0
63 16 0 0 16 0 0 0 0 0
64 32 0 0 32 0 0 0 0 0
65 16 0 0 16 0 0 0 0 0
67 112 0 0 32 0 0 0 0 0
69 1 0 0 0 0 0 0 0 0
70 5 0 0 0 0 0 0 0 0
71 3 0 0 3 0 0 0 0 0
fl=/build/glibc-FcXrgv/glibc-2.31/string/strdup.c
fn=strdup
40 56 5 3 0 0 0 56 0 0
41 28 0 0 0 0 0 0 0 0
42 28 6 1 0 0 0 0 0 0
44 14 4 1 0 0 0 0 0 0
47 42 0 0 0 0 0 0 0 0
48 28 0 0 56 0 0 0 0 0
fl=/build/glibc-FcXrgv/glibc-2.31/string/strerror.c
fn=strerror
30 48 24 6 0 0 0 48 0 0
31 36 0 0 0 0 0 0 0 0
34 12 0 0 0 0 0 0 0 0
43 36 0 0 48 0 0 0 0 0
fl=/build/glibc-FcXrgv/glibc-2.31/string/strncpy.c
fn=strncpy
28 2121 83 22 0 0 0 1818 43 0
29 1212 86 21 0 0 0 0 0 0
30 606 0 0 0 0 0 0 0 0
31 664 0 0 0 0 0 0 0 0
32 1212 0 0 0 0 0 0 0 0
33 909 0 0 1818 0 0 0 0 0
fl=/build/glibc-FcXrgv/glibc-2.31/string/strndup.c
fn=strndup
41 4 1 1 0 0 0 4 0 0
42 2 0 0 0 0 0 0 0 0
43 2 1 1 0 0 0 0 0 0
45 1 0 0 0 0 0 0 0 0
48 1 0 0 0 0 0 1 0 0
49 3 0 0 0 0 0 0 0 0
50 2 0 0 4 0 0 0 0 0
fl=/build/glibc-FcXrgv/glibc-2.31/string/strstr.c
fn=strstr
77 26 2 2 4 0 0 22 2 2
82 4 2 2 2 2 2 0 0 0
84 6 0 0 0 0 0 0 0 0
85 2 0 0 0 0 0 0 0 0
129 2 2 2 0 0 0 0 0 0
161 26 0 0 26 0 0 0 0 0
fl=/build/glibc-FcXrgv/glibc-2.31/termios/../sysdeps/unix/sysv/linux/tcgetattr.c
fn=tcgetattr
34 192 48 38 48 0 0 72 0 0
38 276 36 36 18 0 0 18 1 0
40 24 0 0 0 0 0 0 0 0
44 18 0 0 18 0 0 12 0 0
46 12 0 0 6 0 0 6 0 0
51 12 0 0 0 0 0 0 0 0
58 6 0 0 0 0 0 12 0 0
63 54 6 1 18 0 0 36 0 0
77 192 0 0 120 0 0 0 0 0
fl=/build/glibc-FcXrgv/glibc-2.31/time/../bits/byteswap.h
fn=__tzfile_read
52 30 1 1 18 0 0 0 0 0
73 472 1 1 236 0 0 0 0 0
fl=/build/glibc-FcXrgv/glibc-2.31/time/../include/alloc_buffer.h
fn=__tzfile_read
126 3 0 0 2 0 0 0 0 0
fl=/build/glibc-FcXrgv/glibc-2.31/time/../include/stdio.h
fn=__tzfile_read
255 156 3 3 87 1 1 25 0 0
fl=/build/glibc-FcXrgv/glibc-2.31/time/../sysdeps/unix/sysv/linux/clock_gettime.c
fn=clock_gettime@@GLIBC_2.17
31 20 4 4 0 0 0 16 0 0
38 44 2 2 8 4 4 0 0 0
73 12 0 0 16 0 0 0 0 0
fl=/build/glibc-FcXrgv/glibc-2.31/time/../time/time.c
fn=time
24 9 2 2 2 1 0 5 0 0
26 3 0 0 0 0 0 0 0 0
28 1 0 0 0 0 0 0 0 0
29 1 0 0 1 0 0 0 0 0
31 9 1 1 7 0 0 0 0 0
fl=/build/glibc-FcXrgv/glibc-2.31/time/localtime.c
fn=localtime_r
30 8 1 1 2 0 0 0 0 0
fl=/build/glibc-FcXrgv/glibc-2.31/time/offtime.c
fn=__offtime
30 10 0 0 0 0 0 12 0 0
34 14 1 1 0 0 0 0 0 0
35 6 1 1 0 0 0 0 0 0
37 4 0 0 0 0 0 0 0 0
42 8 2 1 0 0 0 0 0 0
47 16 0 0 0 0 0 2 0 0
48 8 0 0 0 0 0 0 0 0
49 16 1 1 0 0 0 2 0 0
50 10 0 0 0 0 0 2 0 0
52 34 0 0 0 0 0 2 0 0
55 6 0 0 0 0 0 0 0 0
60 60 3 2 0 0 0 0 0 0
63 30 1 1 0 0 0 0 0 0
66 6 0 0 0 0 0 0 0 0
67 89 5 5 0 0 0 0 0 0
68 83 0 0 0 0 0 0 0 0
69 3 0 0 0 0 0 0 0 0
71 4 0 0 0 0 0 2 0 0
72 6 0 0 0 0 0 0 0 0
78 2 1 1 0 0 0 2 0 0
79 15 1 1 0 0 0 0 0 0
80 33 0 0 7 2 2 0 0 0
82 2 0 0 0 0 0 0 0 0
83 2 0 0 0 0 0 4 0 0
84 2 0 0 0 0 0 0 0 0
85 2 0 0 0 0 0 0 0 0
86 16 1 1 12 0 0 0 0 0
fl=/build/glibc-FcXrgv/glibc-2.31/time/tzfile.c
fn=__tzfile_compute
582 14 1 1 0 0 0 14 0 0
585 2 0 0 0 0 0 0 0 0
587 6 2 1 2 0 0 4 0 0
588 2 0 0 0 0 0 4 0 0
590 22 2 1 6 0 0 4 0 0
620 8 0 0 2 0 0 0 0 0
657 2 0 0 0 0 0 0 0 0
664 18 1 1 0 0 0 4 0 0
665 4 0 0 0 0 0 0 0 0
667 10 0 0 0 0 0 2 0 0
668 8 0 0 2 0 0 0 0 0
670 12 0 0 2 0 0 0 0 0
673 8 1 1 2 0 0 0 0 0
707 2 0 0 2 0 0 0 0 0
708 22 2 2 14 0 0 2 0 0
710 8 0 0 4 0 0 0 0 0
713 6 1 1 4 0 0 0 0 0
716 10 0 0 4 0 0 0 0 0
718 10 0 0 4 0 0 2 0 0
720 10 1 1 6 0 0 0 0 0
727 6 0 0 4 0 0 0 0 0
730 8 0 0 8 0 0 0 0 0
733 2 0 0 0 0 0 0 0 0
734 14 1 1 6 0 0 2 0 0
735 8 0 0 2 0 0 2 0 0
737 2 0 0 0 0 0 0 0 0
744 6 0 0 4 0 0 0 0 0
747 4 0 0 2 0 0 2 0 0
748 18 1 1 8 0 0 0 0 0
749 2 0 0 0 0 0 4 0 0
750 10 0 0 14 0 0 0 0 0
754 8 1 1 2 0 0 2 0 0
755 2 0 0 0 0 0 2 0 0
758 2 0 0 0 0 0 0 0 0
760 4 0 0 0 0 0 0 0 0
769 2 1 1 0 0 0 0 0 0
780 8 0 0 12 0 0 0 0 0
fn=__tzfile_read
102 13 2 2 2 0 0 11 0 0
109 2 0 0 1 1 1 0 0 0
110 4 1 1 0 0 0 3 0 0
111 1 0 0 0 0 0 1 0 0
116 1 0 0 0 0 0 1 0 0
118 1 0 0 0 0 0 0 0 0
121 3 0 0 1 0 0 0 0 0
130 4 1 1 2 2 2 0 0 0
131 1 0 0 0 0 0 0 0 0
140 1 1 1 0 0 0 0 0 0
154 1 1 1 0 0 0 0 0 0
162 5 1 1 0 0 0 0 0 0
163 1 0 0 0 0 0 0 0 0
167 8 0 0 0 0 0 1 0 0
170 2 1 1 1 1 1 0 0 0
171 1 0 0 0 0 0 1 0 0
174 2 0 0 0 0 0 0 0 0
175 3 0 0 2 0 0 1 0 0
176 2 0 0 1 0 0 2 1 1
179 5 0 0 1 0 0 2 0 0
182 14 1 1 0 0 0 0 0 0
184 10 0 0 2 0 0 0 0 0
187 3 0 0 0 0 0 0 0 0
188 4 0 0 0 0 0 4 0 0
189 2 0 0 0 0 0 0 0 0
190 4 0 0 0 0 0 2 0 0
191 2 0 0 0 0 0 0 0 0
192 2 0 0 0 0 0 0 0 0
194 10 0 0 0 0 0 0 0 0
197 8 1 1 3 0 0 0 0 0
200 2 0 0 0 0 0 1 0 0
203 5 0 0 0 0 0 1 0 0
204 2 0 0 0 0 0 0 0 0
209 5 1 1 0 0 0 0 0 0
218 4 1 1 1 0 0 0 0 0
220 4 1 1 1 0 0 1 0 0
221 4 0 0 0 0 0 0 0 0
222 1 0 0 0 0 0 0 0 0
223 3 1 1 2 0 0 0 0 0
224 1 0 0 0 0 0 0 0 0
226 1 0 0 0 0 0 0 0 0
229 7 0 0 1 0 0 0 0 0
230 3 0 0 0 0 0 0 0 0
232 1 1 1 0 0 0 0 0 0
233 3 0 0 1 0 0 0 0 0
236 5 0 0 0 0 0 0 0 0
238 1 0 0 0 0 0 0 0 0
239 3 0 0 0 0 0 1 0 0
243 2 0 0 0 0 0 1 0 0
269 6 0 0 1 0 0 2 0 0
271 2 0 0 0 0 0 0 0 0
275 4 1 1 0 0 0 1 0 0
276 1 0 0 0 0 0 0 0 0
278 1 0 0 0 0 0 2 0 0
283 6 0 0 0 0 0 1 0 0
284 9 1 1 1 0 0 1 0 0
285 7 1 1 1 0 0 1 0 0
286 7 0 0 1 0 0 1 0 0
287 6 0 0 0 0 0 1 0 0
288 4 0 0 2 0 0 0 0 0
289 8 1 1 2 0 0 1 1 1
292 1 0 0 0 0 0 0 0 0
294 3 1 1 1 0 0 1 0 0
297 12 0 0 4 0 0 0 0 0
300 7 1 1 2 0 0 0 0 0
306 714 0 0 3 0 0 0 0 0
307 708 0 0 236 0 0 0 0 0
310 3 0 0 1 0 0 0 0 0
324 474 0 0 1 0 0 0 0 0
325 236 0 0 0 0 0 236 0 0
328 24 0 0 6 0 0 0 0 0
332 48 1 1 0 0 0 12 0 0
337 12 0 0 0 0 0 0 0 0
339 27 0 0 6 0 0 6 0 0
341 12 0 0 0 0 0 0 0 0
344 18 0 0 6 0 0 6 0 0
345 6 0 0 0 0 0 6 0 0
348 11 1 1 2 0 0 1 0 0
351 2 0 0 1 0 0 0 0 0
367 20 0 0 0 0 0 0 0 0
372 32 1 1 6 0 0 6 0 0
374 5 1 1 1 0 0 0 0 0
375 3 0 0 1 0 0 0 0 0
377 15 1 1 0 0 0 0 0 0
382 39 0 0 6 0 0 6 0 0
384 5 2 2 1 0 0 0 0 0
385 3 0 0 1 0 0 0 0 0
388 4 0 0 1 0 0 0 0 0
390 2 0 0 1 0 0 0 0 0
392 2 0 0 0 0 0 0 0 0
393 11 2 2 2 0 0 0 0 0
397 2 0 0 1 0 0 1 0 0
401 3 0 0 1 0 0 0 0 0
404 2 0 0 0 0 0 0 0 0
407 31 1 1 7 0 0 0 0 0
408 42 0 0 18 0 0 0 0 0
414 2 0 0 1 0 0 0 0 0
415 1 0 0 0 0 0 2 0 0
416 3 0 0 1 0 0 0 0 0
418 4 0 0 4 0 0 0 0 0
419 8 0 0 4 0 0 0 0 0
421 7 1 1 4 0 0 0 0 0
425 10 1 1 4 0 0 2 0 0
427 7 0 0 2 0 0 0 0 0
431 3 0 0 2 0 0 0 0 0
438 3 0 0 2 0 0 0 0 0
441 5 0 0 2 0 0 0 0 0
446 1 0 0 0 0 0 0 0 0
447 1 0 0 0 0 0 2 0 0
448 1 1 1 0 0 0 0 0 0
451 9 1 1 4 0 0 0 0 0
453 1 0 0 0 0 0 1 0 0
454 2 0 0 1 0 0 0 0 0
456 12 1 1 3 0 0 0 0 0
458 2 0 0 0 0 0 0 0 0
459 2 1 1 1 0 0 0 0 0
461 6 0 0 2 0 0 0 0 0
464 3 0 0 0 0 0 0 0 0
467 9 1 1 0 0 0 2 0 0
470 9 0 0 5 0 0 1 0 0
471 5 0 0 1 0 0 1 0 0
474 2 0 0 0 0 0 1 1 0
475 2 1 1 1 0 0 0 0 0
476 1 0 0 0 0 0 0 0 0
484 12 1 0 13 0 0 0 0 0
fl=/build/glibc-FcXrgv/glibc-2.31/time/tzset.c
fn=__tz_convert
568 26 4 2 4 0 0 18 0 0
572 14 1 1 0 0 0 0 0 0
577 12 0 0 0 0 0 0 0 0
579 6 0 0 2 0 0 0 0 0
580 12 1 1 0 0 0 0 0 0
592 14 0 0 0 0 0 0 0 0
594 2 0 0 0 0 0 0 0 0
596 4 0 0 2 0 0 0 0 0
603 12 2 1 2 0 0 0 0 0
604 10 0 0 4 0 0 2 0 0
609 2 0 0 0 0 0 0 0 0
610 22 2 1 22 0 0 0 0 0
fn=__tzstring
120 48 1 1 0 0 0 36 0 0
121 48 0 0 0 0 0 0 0 0
122 24 0 0 36 0 0 0 0 0
fn=__tzstring_len
83 84 1 1 0 0 0 84 0 0
89 78 0 0 33 1 0 0 0 0
90 84 1 1 28 0 0 0 0 0
92 106 0 0 0 0 0 0 0 0
93 140 0 0 0 0 0 0 0 0
98 15 1 1 0 0 0 0 0 0
99 5 0 0 0 0 0 0 0 0
103 5 0 0 0 0 0 10 0 0
104 25 2 2 0 0 0 0 0 0
105 10 0 0 0 0 0 5 0 0
108 4 0 0 0 0 0 4 0 0
110 1 0 0 0 0 0 1 0 0
113 72 0 0 84 0 0 0 0 0
fn=tzset_internal
368 8 2 1 0 0 0 12 0 0
372 16 0 0 2 0 0 0 0 0
374 2 1 1 0 0 0 1 0 0
377 4 0 0 0 0 0 0 0 0
378 1 0 0 0 0 0 0 0 0
397 1 0 0 0 0 0 1 0 0
398 1 0 0 0 0 0 1 1 1
401 2 1 1 1 1 1 0 0 0
402 6 0 0 0 0 0 1 0 0
405 4 0 0 0 0 0 0 0 0
406 4 2 1 1 0 0 0 0 0
424 8 1 1 12 0 0 0 0 0
fl=/build/glibc-FcXrgv/glibc-2.31/wcsmbs/./wcsmbsload.h
fn=wcsrtombs
70 6 0 0 3 2 1 0 0 0
72 4 1 1 0 0 0 0 0 0
74 3 0 0 1 0 0 0 0 0
76 1 0 0 0 0 0 0 0 0
fl=/build/glibc-FcXrgv/glibc-2.31/wcsmbs/mbsrtowcs.c
fn=mbsrtowcs
29 1404 13 4 312 0 0 0 0 0
fl=/build/glibc-FcXrgv/glibc-2.31/wcsmbs/mbsrtowcs_l.c
fn=__mbsrtowcs_l
42 2340 26 8 312 0 0 2028 20 1
52 156 0 0 0 0 0 156 0 0
53 312 0 0 0 0 0 156 0 0
54 156 0 0 0 0 0 156 0 0
57 156 0 0 156 11 4 0 0 0
60 156 0 0 156 13 3 0 0 0
61 156 0 0 156 13 4 0 0 0
63 312 0 0 156 12 3 0 0 0
68 312 0 0 156 0 0 0 0 0
72 14 0 0 0 0 0 14 0 0
73 98 25 9 0 0 0 0 0 0
75 42 0 0 28 0 0 14 0 0
76 28 0 0 0 0 0 14 0 0
78 14 0 0 0 0 0 0 0 0
79 56 0 0 0 0 0 14 0 0
82 14 0 0 0 0 0 14 0 0
84 154 13 4 0 0 0 0 0 0
87 42 0 0 14 0 0 0 0 0
89 28 12 3 0 0 0 0 0 0
91 28 0 0 0 0 0 0 0 0
94 28 0 0 14 0 0 0 0 0
96 112 0 0 0 0 0 0 0 0
104 142 0 0 0 0 0 142 0 0
108 284 13 5 0 0 0 284 0 0
112 710 0 0 0 0 0 0 0 0
116 568 13 4 0 0 0 0 0 0
118 1562 0 0 0 0 0 0 0 0
120 568 0 0 284 0 0 0 0 0
121 142 13 5 0 0 0 0 0 0
123 28 0 0 0 0 0 0 0 0
125 28 0 0 14 0 0 0 0 0
132 142 0 0 0 0 0 142 0 0
134 284 0 0 0 0 0 0 0 0
138 284 0 0 0 0 0 0 0 0
139 42 0 0 14 0 0 0 0 0
141 14 0 0 0 0 0 0 0 0
142 42 0 0 28 0 0 0 0 0
143 84 0 0 0 0 0 14 0 0
144 28 0 0 0 0 0 0 0 0
150 540 14 5 0 0 0 0 0 0
155 156 12 5 0 0 0 0 0 0
156 468 0 0 0 0 0 0 0 0
158 128 0 0 0 0 0 0 0 0
159 640 0 0 128 0 0 128 0 0
163 2184 1 1 2340 0 0 0 0 0
fl=/build/glibc-FcXrgv/glibc-2.31/wcsmbs/wcscat.c
fn=wcscat
28 35 1 1 0 0 0 28 0 0
29 28 1 0 0 0 0 0 0 0
31 28 0 0 28 0 0 0 0 0
fl=/build/glibc-FcXrgv/glibc-2.31/wcsmbs/wcschr.c
fn=wcschr
43 652 1 1 132 6 0 0 0 0
46 10 0 0 0 0 0 0 0 0
fl=/build/glibc-FcXrgv/glibc-2.31/wcsmbs/wcscmp.c
fn=wcscmp
30 1434 32 8 0 0 0 0 0 0
35 6429 0 0 6429 30 5 0 0 0
36 6429 0 0 6429 65 14 0 0 0
37 12858 0 0 0 0 0 0 0 0
38 357 0 0 0 0 0 0 0 0
40 12501 0 0 0 0 0 0 0 0
42 720 0 0 0 0 0 0 0 0
43 717 0 0 0 0 0 0 0 0
fl=/build/glibc-FcXrgv/glibc-2.31/wcsmbs/wcscpy.c
fn=wcscpy
30 35 2 1 0 0 0 28 0 0
32 49 0 0 0 0 0 0 0 0
50 14 0 0 28 0 0 0 0 0
fl=/build/glibc-FcXrgv/glibc-2.31/wcsmbs/wcslen.c
fn=wcslen
28 242 45 12 0 0 0 0 0 0
29 481 0 0 0 0 0 0 0 0
31 2721 0 0 1241 75 37 0 0 0
33 3444 45 15 1148 0 0 0 0 0
35 3524 0 0 1095 9 4 0 0 0
37 3350 0 0 1037 0 0 0 0 0
39 1127 0 0 0 0 0 0 0 0
43 242 0 0 0 0 0 0 0 0
fl=/build/glibc-FcXrgv/glibc-2.31/wcsmbs/wcsmbsload.c
fn=__wcsmbs_getfct
84 18 2 2 4 0 0 10 0 0
92 10 0 0 0 0 0 0 0 0
112 6 0 0 4 0 0 0 0 0
120 2 0 0 0 0 0 2 0 0
123 18 0 0 14 0 0 0 0 0
fn=__wcsmbs_load_conv
153 12 1 1 2 0 0 9 0 0
155 12 2 2 4 3 0 0 0 0
159 2 0 0 1 0 0 0 0 0
168 4 0 0 0 0 0 0 0 0
169 1 0 0 0 0 0 0 0 0
173 1 0 0 1 1 0 0 0 0
180 88 5 5 18 6 0 9 0 0
186 7 0 0 0 0 0 1 0 0
188 1 1 1 0 0 0 0 0 0
189 5 0 0 0 0 0 1 0 0
195 1 0 0 0 0 0 0 0 0
207 1 0 0 0 0 0 2 0 0
208 2 0 0 0 0 0 0 0 0
212 11 1 1 4 0 0 0 0 0
213 12 1 1 11 0 0 0 0 0
fl=/build/glibc-FcXrgv/glibc-2.31/wcsmbs/wcsmbsload.h
fn=__mbsrtowcs_l
70 312 0 0 156 12 3 0 0 0
72 528 2 2 0 0 0 0 0 0
73 396 0 0 0 0 0 0 0 0
fl=/build/glibc-FcXrgv/glibc-2.31/wcsmbs/wcsncpy.c
fn=wcsncpy
28 168 4 4 0 0 0 144 5 0
29 96 0 0 0 0 0 0 0 0
30 48 0 0 0 0 0 0 0 0
31 8 0 0 0 0 0 0 0 0
32 96 0 0 0 0 0 0 0 0
33 72 2 2 144 4 0 0 0 0
fl=/build/glibc-FcXrgv/glibc-2.31/wcsmbs/wcsnlen.c
fn=wcsnlen
28 135 2 2 0 0 0 108 0 0
29 81 0 0 0 0 0 0 0 0
31 81 0 0 0 0 0 0 0 0
33 108 0 0 108 0 0 0 0 0
fl=/build/glibc-FcXrgv/glibc-2.31/wcsmbs/wcsrchr.c
fn=wcsrchr
29 1 1 1 0 0 0 0 0 0
30 1 0 0 0 0 0 0 0 0
44 235 0 0 47 0 0 0 0 0
47 1 0 0 0 0 0 0 0 0
fl=/build/glibc-FcXrgv/glibc-2.31/wcsmbs/wcsrtombs.c
fn=wcsrtombs
39 45 6 5 6 0 0 39 2 0
48 3 0 0 0 0 0 3 0 0
49 6 0 0 0 0 0 3 0 0
50 15 0 0 0 0 0 3 0 0
53 15 0 0 9 6 2 0 0 0
56 3 0 0 3 1 1 0 0 0
57 3 0 0 3 0 0 0 0 0
59 6 0 0 3 1 1 0 0 0
64 6 3 2 3 0 0 0 0 0
104 21 0 0 3 0 0 3 0 0
108 6 0 0 0 0 0 6 0 0
110 33 3 2 0 0 0 0 0 0
115 6 0 0 3 0 0 0 0 0
119 6 0 0 0 0 0 0 0 0
120 6 0 0 3 0 0 0 0 0
122 6 0 0 0 0 0 0 0 0
123 9 3 2 6 0 0 0 0 0
124 3 0 0 0 0 0 3 0 0
125 6 0 0 0 0 0 0 0 0
137 12 0 0 0 0 0 0 0 0
144 42 6 4 45 0 0 0 0 0
fl=/build/glibc-FcXrgv/glibc-2.31/wcsmbs/wmemchr.c
fn=wmemchr
27 27 0 0 0 0 0 0 0 0
29 178 7 2 0 0 0 0 0 0
31 201 8 2 67 3 1 0 0 0
33 201 0 0 67 0 0 0 0 0
34 3 2 0 0 0 0 0 0 0
35 192 0 0 64 0 0 0 0 0
36 2 2 1 0 0 0 0 0 0
37 186 0 0 62 0 0 0 0 0
39 62 0 0 0 0 0 0 0 0
40 67 0 0 0 0 0 0 0 0
43 22 0 0 0 0 0 0 0 0
45 80 0 0 20 0 0 0 0 0
50 40 0 0 0 0 0 0 0 0
52 36 0 0 12 0 0 0 0 0
54 16 0 0 0 0 0 0 0 0
57 24 0 0 0 0 0 0 0 0
58 8 0 0 8 0 0 0 0 0
61 34 5 1 0 0 0 0 0 0
62 27 1 1 0 0 0 0 0 0
fl=/build/glibc-FcXrgv/glibc-2.31/wcsmbs/wmemcpy.c
fn=wmemcpy
26 62 7 2 0 0 0 0 0 0
fl=/build/glibc-FcXrgv/glibc-2.31/wcsmbs/wmemset.c
fn=wmemset
28 2 2 2 0 0 0 0 0 0
30 4084 2 2 0 0 0 0 0 0
33 2034 0 0 0 0 0 4068 258 239
35 2034 0 0 0 0 0 4068 252 252
36 2034 0 0 0 0 0 0 0 0
37 2034 0 0 0 0 0 0 0 0
40 2 0 0 0 0 0 0 0 0
42 1 0 0 0 0 0 1 0 0
44 2 0 0 0 0 0 0 0 0
46 1 0 0 0 0 0 1 0 0
48 2 0 0 0 0 0 0 0 0
54 2 0 0 0 0 0 0 0 0
fl=???
fn=???
0 18821490 201977 40854 5272405 424833 186319 2803054 33289 12979
fn=PyAST_CompileObject
0 138 15 11 32 10 4 39 1 0
fn=PyAST_FromNodeObject
0 129 10 8 24 4 0 16 0 0
fn=PyArena_AddPyObject
0 335 13 5 131 3 0 93 1 1
fn=PyArena_Free
0 22 2 2 8 4 4 5 0 0
fn=PyArena_Malloc
0 1081 2 2 470 1 0 282 1 0
fn=PyArena_New
0 20 2 2 4 0 0 6 1 0
fn=PyArg_ParseTuple
0 6464 455 36 1010 60 0 4242 397 13
fn=PyArg_ParseTupleAndKeywords
0 4780 417 105 604 100 0 2831 94 1
fn=PyArg_UnpackTuple
0 7796 622 186 1289 28 0 3882 16 0
fn=PyAsyncGen_ClearFreeLists
0 80 11 10 36 8 6 20 0 0
fn=PyAsyncGen_New
0 15 1 1 2 0 0 5 0 0
fn=PyBool_FromLong
0 630 95 38 90 39 0 90 0 0
fn=PyBuffer_FillInfo
0 62 6 6 4 0 0 26 0 0
fn=PyBuffer_IsContiguous
0 216 18 17 54 0 0 0 0 0
fn=PyBuffer_Release
0 448 39 33 180 43 7 120 0 0
fn=PyBytes_AsString
0 15 3 2 6 0 0 0 0 0
fn=PyBytes_Concat
0 22 2 2 8 0 0 6 0 0
fn=PyBytes_Fini
0 906 7 7 265 37 37 12 0 0
fn=PyBytes_FromString
0 924 84 12 168 0 0 224 10 1
fn=PyBytes_FromStringAndSize
0 121714 1213 236 29391 1561 145 29090 1639 1349
fn=PyCFunction_Call
0 13744 1178 122 5718 288 100 3072 11 0
fn=PyCFunction_ClearFreeList
0 18112 35 35 5194 596 471 2636 3 3
fn=PyCFunction_NewEx
0 11047 827 63 2610 192 9 3374 18 4
fn=PyCallable_Check
0 54 2 2 18 1 0 0 0 0
fn=PyCapsule_GetPointer
0 125 10 2 30 3 0 15 0 0
fn=PyCapsule_New
0 63 6 2 21 2 1 30 1 0
fn=PyCell_Set
0 68 8 4 20 0 0 16 0 0
fn=PyCode_NewWithPosOnlyArgs
0 480982 2482 782 127538 6967 300 40464 1971 1883
fn=PyCode_Optimize
0 9625 149 49 842 2 0 398 0 0
fn=PyCodec_LookupError
0 138 4 3 54 9 6 30 0 0
fn=PyCodec_Register
0 17 2 2 6 1 0 4 0 0
fn=PyCodec_RegisterError
0 160 2 2 56 0 0 40 0 0
fn=PyConfig_Clear
0 350 24 19 105 12 12 110 1 1
fn=PyConfig_InitPythonConfig
0 46 6 3 12 5 2 20 0 0
fn=PyConfig_Read
0 553 43 41 139 8 3 88 3 1
fn=PyConfig_SetBytesArgv
0 11 1 1 2 0 0 6 0 0
fn=PyConfig_SetString
0 974 7 3 287 0 0 410 1 0
fn=PyContext_ClearFreeList
0 48 4 4 24 4 3 16 0 0
fn=PyCoro_New
0 22 2 2 6 0 0 5 0 0
fn=PyDescr_NewClassMethod
0 168 18 3 48 0 0 48 0 0
fn=PyDict_Clear
0 14323 12 11 3926 1593 598 1818 1 0
fn=PyDict_ClearFreeList
0 7436 40 40 1861 311 192 975 1 0
fn=PyDict_Contains
0 4931 291 118 1532 126 13 795 0 0
fn=PyDict_Copy
0 49537 1453 256 15245 3978 656 8924 179 91
fn=PyDict_DelItem
0 300 32 12 89 0 0 55 0 0
fn=PyDict_DelItemString
0 88 9 9 20 0 0 20 1 0
fn=PyDict_GetItem
0 56397 2129 232 20030 1211 103 11001 9 0
fn=PyDict_GetItemString
0 300 21 14 70 1 0 50 0 0
fn=PyDict_GetItemWithError
0 8018 300 74 3075 67 24 1236 0 0
fn=PyDict_Keys
0 8788 67 44 2774 995 784 1550 33 0
fn=PyDict_New
0 15246 1503 99 4130 561 8 5558 121 15
fn=PyDict_Next
0 1146 6 6 318 18 17 102 0 0
fn=PyDict_SetDefault
0 761357 3558 572 226795 12563 6099 111476 1426 887
fn=PyDict_SetItem
0 428653 4829 581 136614 3605 588 85244 787 135
fn=PyDict_SetItemString
0 67183 863 236 19406 393 153 10608 96 11
fn=PyDict_Update
0 8 4 3 0 0 0 0 0 0
fn=PyErr_CheckSignals
0 145 8 2 50 6 0 20 1 0
fn=PyErr_Clear
0 19809 891 60 9018 175 8 7385 4 0
fn=PyErr_Display
0 32 3 3 8 1 0 8 0 0
fn=PyErr_ExceptionMatches
0 1369 106 35 580 24 15 198 2 0
fn=PyErr_Fetch
0 348 50 21 116 20 0 174 7 3
fn=PyErr_Format
0 32011 1002 172 11664 378 126 14656 147 30
fn=PyErr_GivenExceptionMatches
0 9416 749 108 3916 183 80 1219 0 0
fn=PyErr_NewException
0 84 8 8 17 6 2 13 0 0
fn=PyErr_Occurred
0 2442 263 29 814 36 11 0 0 0
fn=PyErr_PrintEx
0 13 2 2 5 0 0 4 0 0
fn=PyErr_Restore
0 863 64 21 352 15 1 312 1 1
fn=PyErr_SetFromErrno
0 9 3 1 0 0 0 0 0 0
fn=PyErr_SetFromErrnoWithFilenameObject
0 18 9 2 0 0 0 0 0 0
fn=PyErr_SetFromErrnoWithFilenameObjects
0 747 72 16 168 3 0 132 0 0
fn=PyErr_SetImportError
0 8 2 2 1 1 1 0 0 0
fn=PyErr_SetImportErrorSubclass
0 65 5 5 13 0 0 10 0 0
fn=PyErr_SetNone
0 18 3 1 3 0 0 0 0 0
fn=PyErr_SetObject
0 112 32 7 16 0 0 0 0 0
fn=PyErr_SetString
0 132 10 10 48 5 5 28 0 0
fn=PyEval_CallObjectWithKeywords
0 9 1 1 4 1 0 2 0 0
fn=PyEval_EvalCode
0 323 56 50 38 19 12 171 0 0
fn=PyEval_GetBuiltins
0 272 36 36 109 19 18 54 0 0
fn=PyEval_GetGlobals
0 144 10 6 60 7 0 24 0 0
fn=PyEval_InitThreads
0 22 3 3 4 0 0 3 0 0
fn=PyEval_RestoreThread
0 8100 351 77 2025 55 4 1485 2 0
fn=PyEval_SaveThread
0 4995 212 49 1215 74 2 1215 9 0
fn=PyException_GetCause
0 3 0 0 1 0 0 0 0 0
fn=PyException_GetContext
0 3 1 1 1 0 0 0 0 0
fn=PyException_GetTraceback
0 12 2 2 4 0 0 2 0 0
fn=PyException_SetCause
0 12 4 2 2 0 0 4 0 0
fn=PyException_SetTraceback
0 28 3 3 6 2 0 5 0 0
fn=PyFile_GetLine
0 61 6 5 16 0 0 6 2 0
fn=PyFile_NewStdPrinter
0 22 2 2 5 0 0 4 0 0
fn=PyFile_OpenCodeObject
0 544 80 48 128 31 0 80 0 0
fn=PyFile_WriteObject
0 405 13 8 72 2 0 72 0 0
fn=PyFile_WriteString
0 147 9 6 30 0 0 30 0 0
fn=PyFloat_ClearFreeList
0 128 8 7 46 18 18 32 0 0
fn=PyFloat_FromDouble
0 135 8 8 36 7 6 36 1 1
fn=PyFloat_GetInfo
0 50 4 4 3 0 0 14 0 0
fn=PyFrame_ClearFreeList
0 91 7 7 37 7 4 26 0 0
fn=PyFrame_FastToLocalsWithError
0 136 12 12 84 18 7 40 1 1
fn=PyFrame_LocalsToFast
0 232 20 20 132 20 0 80 0 0
fn=PyFrozenSet_New
0 132 33 5 0 0 0 0 0 0
fn=PyFunction_NewWithQualName
0 143275 3793 302 44865 5594 1827 38741 1783 1307
fn=PyFuture_FromASTObject
0 76 6 6 24 3 0 13 0 0
fn=PyGC_Collect
0 26 2 2 9 3 3 6 0 0
fn=PyGrammar_AddAccelerators
0 899928 40 40 149826 592 285 17775 882 853
fn=PyGrammar_RemoveAccelerators
0 16489 10 10 4254 464 375 2130 276 261
fn=PyImport_AddModule
0 61 8 8 15 0 0 15 0 0
fn=PyImport_Cleanup
0 2242 19 17 560 164 97 116 3 0
fn=PyImport_GetImporter
0 85 11 6 13 5 1 11 0 0
fn=PyImport_GetMagicNumber
0 30 3 3 7 1 0 6 0 0
fn=PyImport_GetModule
0 139 14 13 48 9 4 20 1 1
fn=PyImport_GetModuleDict
0 210 29 13 90 37 8 0 0 0
fn=PyImport_Import
0 3212 280 218 996 115 21 409 1 0
fn=PyImport_ImportFrozenModule
0 16 3 3 5 1 1 5 0 0
fn=PyImport_ImportFrozenModuleObject
0 48 6 4 11 3 2 8 0 0
fn=PyImport_ImportModule
0 456 75 44 130 4 3 130 1 0
fn=PyImport_ImportModuleLevel
0 300 30 13 80 3 0 80 0 0
fn=PyImport_ImportModuleLevelObject
0 20627 1501 837 5518 975 236 2254 0 0
fn=PyInit__abc
0 16 2 2 3 0 0 4 0 0
fn=PyInit__codecs
0 5 1 1 0 0 0 0 0 0
fn=PyInit__imp
0 35 4 3 7 1 1 6 1 0
fn=PyInit__io
0 471 42 31 54 12 8 62 12 8
fn=PyInit__signal
0 1467 35 25 208 5 3 211 20 17
fn=PyInit__stat
0 319 25 21 3 0 0 3 0 0
fn=PyInit__thread
0 112 10 7 15 7 2 16 4 0
fn=PyInit__weakref
0 51 5 4 9 3 2 9 0 0
fn=PyInit_posix
0 2100 84 66 130 19 12 97 10 3
fn=PyInit_time
0 74 9 6 8 2 1 8 0 0
fn=PyInterpreterState_Clear
0 6 1 1 0 0 0 0 0 0
fn=PyInterpreterState_Delete
0 40 3 3 14 2 0 6 0 0
fn=PyInterpreterState_New
0 50 4 4 9 0 0 15 0 0
fn=PyIter_Next
0 888 48 10 378 0 0 156 0 0
fn=PyList_Append
0 127964 1228 153 46353 227 13 35757 374 249
fn=PyList_AsTuple
0 3088 285 157 1046 65 20 802 8 2
fn=PyList_ClearFreeList
0 312 7 7 108 10 7 60 0 0
fn=PyList_GetItem
0 36 3 2 21 5 1 6 0 0
fn=PyList_Insert
0 8 2 2 4 4 2 0 0 0
fn=PyList_New
0 15239 1057 77 4152 744 51 5424 326 40
fn=PyList_SetItem
0 300 45 30 120 6 1 60 0 0
fn=PyList_SetSlice
0 20 2 2 10 1 0 0 0 0
fn=PyList_Size
0 35 7 4 21 10 2 0 0 0
fn=PyList_Sort
0 612 65 12 180 25 1 108 0 0
fn=PyLong_AsLong
0 885 51 28 387 25 17 204 0 0
fn=PyLong_AsLongAndOverflow
0 540 54 46 162 7 0 108 12 1
fn=PyLong_AsSsize_t
0 648 108 45 324 0 0 108 0 0
fn=PyLong_AsUnsignedLong
0 30 4 2 12 0 0 4 0 0
fn=PyLong_AsUnsignedLongLongMask
0 8 2 2 4 0 0 2 0 0
fn=PyLong_Fini
0 17 2 2 4 0 0 4 0 0
fn=PyLong_FromLong
0 28001 1223 283 7520 643 120 7280 142 53
fn=PyLong_FromLongLong
0 2054 83 21 534 43 7 556 0 0
fn=PyLong_FromSize_t
0 128 64 12 0 0 0 0 0 0
fn=PyLong_FromUnsignedLong
0 9753 936 110 2021 290 3 2683 36 5
fn=PyLong_GetInfo
0 20 2 2 3 0 0 5 0 0
fn=PyMapping_Check
0 136 17 17 51 34 7 0 0 0
fn=PyMapping_Items
0 320 64 12 32 0 0 0 0 0
fn=PyMapping_Keys
0 21 6 6 3 0 0 0 0 0
fn=PyMapping_SetItemString
0 25 3 3 6 0 0 6 0 0
fn=PyMarshal_Init
0 19 3 2 3 1 0 3 0 0
fn=PyMarshal_ReadObjectFromString
0 87 9 8 18 3 0 33 0 0
fn=PyMem_Calloc
0 5841 485 212 1661 252 33 1166 21 10
fn=PyMem_Free
0 14903 653 110 4168 549 91 2750 42 7
fn=PyMem_GetAllocator
0 170 12 9 85 6 2 85 0 0
fn=PyMem_Malloc
0 14012 916 172 4406 617 63 3258 231 93
fn=PyMem_RawFree
0 2637 7 6 293 8 0 0 0 0
fn=PyMem_RawMalloc
0 3224 29 2 806 57 0 0 0 0
fn=PyMem_RawRealloc
0 477 66 9 106 20 0 0 0 0
fn=PyMem_Realloc
0 32400 1946 333 10283 1245 57 6443 101 33
fn=PyMem_SetAllocator
0 340 5 4 170 1 0 170 1 0
fn=PyMember_SetOne
0 819 52 19 306 20 5 210 2 0
fn=PyMemoryView_FromBuffer
0 96 8 8 40 0 0 48 2 0
fn=PyMethod_ClearFreeList
0 144 11 11 52 10 7 36 1 1
fn=PyModuleDef_Init
0 323 30 20 89 29 24 116 5 5
fn=PyModule_AddFunctions
0 345 17 10 90 8 0 90 0 0
fn=PyModule_AddIntConstant
0 40497 163 97 10211 112 38 5811 58 0
fn=PyModule_AddObject
0 1334 51 12 368 16 0 276 5 0
fn=PyModule_Create2
0 169 26 21 65 1 0 52 0 0
fn=PyModule_ExecDef
0 234 28 22 88 17 0 62 2 0
fn=PyModule_GetDef
0 650 23 11 250 6 0 150 7 0
fn=PyModule_GetDict
0 507 41 24 195 5 4 117 0 0
fn=PyModule_GetFilenameObject
0 25 2 2 6 0 0 3 0 0
fn=PyModule_GetName
0 168 12 9 48 0 0 48 3 0
fn=PyModule_GetNameObject
0 675 80 41 216 7 0 108 4 0
fn=PyModule_GetState
0 273 18 14 105 9 6 63 1 0
fn=PyModule_New
0 240 15 10 75 1 0 75 0 0
fn=PyModule_NewObject
0 442 49 41 68 0 0 119 0 0
fn=PyModule_SetDocString
0 322 36 21 70 0 0 70 0 0
fn=PyNode_Free
0 12 4 1 3 0 0 3 0 0
fn=PyNode_New
0 17 1 1 3 0 0 9 0 0
fn=PyNumber_Add
0 1009 81 39 452 73 6 296 0 0
fn=PyNumber_AsOff_t
0 853 87 64 305 1 0 200 0 0
fn=PyNumber_AsSsize_t
0 3625 142 74 1625 27 1 1000 11 0
fn=PyNumber_Check
0 245 37 35 94 41 18 0 0 0
fn=PyNumber_InPlaceAdd
0 1122 102 71 442 98 29 272 0 0
fn=PyNumber_InPlaceOr
0 500 4 3 220 7 2 160 2 0
fn=PyNumber_Index
0 330 44 37 132 0 0 88 0 0
fn=PyNumber_Multiply
0 885 88 8 360 60 7 135 0 0
fn=PyNumber_Negative
0 29 4 3 8 2 0 3 0 0
fn=PyNumber_Subtract
0 54 3 3 24 1 0 16 0 0
fn=PyOS_FSPath
0 136 17 2 51 0 0 17 0 0
fn=PyOS_getsig
0 642 2 1 190 0 0 128 0 0
fn=PyOS_setsig
0 72 5 5 16 0 0 20 0 0
fn=PyOS_snprintf
0 90 4 4 16 0 0 70 1 0
fn=PyOS_string_to_double
0 31 3 3 10 0 0 7 0 0
fn=PyOS_strtol
0 19 2 2 5 0 0 3 1 1
fn=PyOS_strtoul
0 239 8 6 43 11 6 7 0 0
fn=PyObject_AsFileDescriptor
0 43 4 4 12 1 1 6 1 0
fn=PyObject_Call
0 3984 463 161 1450 55 7 868 0 0
fn=PyObject_CallFunction
0 3249 362 253 828 69 40 1323 25 0
fn=PyObject_CallFunctionObjArgs
0 3348 307 43 648 36 0 2808 46 1
fn=PyObject_CallMethod
0 1171 100 19 225 4 3 675 13 0
fn=PyObject_CallMethodObjArgs
0 22708 558 210 7144 640 379 6424 76 5
fn=PyObject_ClearWeakRefs
0 1056 46 11 528 29 11 264 2 0
fn=PyObject_DelItem
0 2348 244 100 650 60 4 304 0 0
fn=PyObject_Dir
0 43 5 4 10 4 0 6 0 0
fn=PyObject_Format
0 42 3 3 14 0 0 12 0 0
fn=PyObject_Free
0 51736 920 157 13958 1318 312 8917 205 75
fn=PyObject_GC_Del
0 22860 830 105 5133 494 118 2474 1 1
fn=PyObject_GC_Track
0 252 36 24 72 3 0 72 3 0
fn=PyObject_GC_UnTrack
0 377 21 13 116 21 5 116 19 5
fn=PyObject_GenericGetAttr
0 9375 659 213 3638 476 80 1583 67 2
fn=PyObject_GenericGetDict
0 560 15 7 180 9 0 140 0 0
fn=PyObject_GetAttr
0 252651 4131 268 96521 9590 2068 44457 383 73
fn=PyObject_GetAttrString
0 1537 101 30 371 45 4 265 3 0
fn=PyObject_GetBuffer
0 140 19 14 60 33 12 0 0 0
fn=PyObject_GetItem
0 15010 489 55 5530 671 138 3160 2 0
fn=PyObject_GetIter
0 10820 677 42 3787 732 130 1623 11 0
fn=PyObject_HasAttr
0 13 1 1 4 0 0 3 0 0
fn=PyObject_Hash
0 4060 384 48 2436 120 4 1624 5 0
fn=PyObject_Init
0 51 6 2 15 3 1 15 0 0
fn=PyObject_IsSubclass
0 3834 318 34 1023 47 1 717 34 2
fn=PyObject_IsTrue
0 24262 1830 91 4771 874 115 1384 8 6
fn=PyObject_LengthHint
0 4059 297 72 1346 335 82 495 2 2
fn=PyObject_Malloc
0 70723 2309 173 21785 2251 145 16649 601 478
fn=PyObject_Realloc
0 1329 121 100 368 46 19 176 1 0
fn=PyObject_Repr
0 396 25 20 156 15 2 60 0 0
fn=PyObject_RichCompare
0 61970 2729 215 22804 331 87 14758 60 22
fn=PyObject_RichCompareBool
0 19 3 3 8 0 0 8 0 0
fn=PyObject_SelfIter
0 412 91 44 103 0 0 103 0 0
fn=PyObject_SetAttr
0 235459 5646 907 77026 4271 1463 33923 238 63
fn=PyObject_SetAttrString
0 27 3 3 8 0 0 6 0 0
fn=PyObject_SetItem
0 3496 225 81 1288 203 34 736 0 0
fn=PyObject_Size
0 9 1 1 3 0 0 0 0 0
fn=PyObject_Str
0 612 26 11 210 10 3 90 0 0
fn=PyObject_Type
0 12 2 2 4 0 0 2 0 0
fn=PyParser_ASTFromFileObject
0 54 6 4 10 3 1 10 0 0
fn=PyParser_Delete
0 11 1 0 4 0 0 3 0 0
fn=PyParser_New
0 35 4 4 8 2 1 13 1 1
fn=PyParser_ParseFileObject
0 57 4 4 16 0 0 18 0 0
fn=PyPreConfig_InitPythonConfig
0 24 2 1 6 2 1 10 0 0
fn=PyRun_AnyFileExFlags
0 21 2 2 6 0 0 6 0 0
fn=PyRun_SimpleFileExFlags
0 132 11 10 17 2 2 16 0 0
fn=PyST_GetScope
0 18 2 1 6 2 0 4 0 0
fn=PySequence_DelItem
0 51 6 2 21 6 2 12 0 0
fn=PySequence_Fast
0 20 2 2 6 0 0 5 0 0
fn=PySequence_List
0 11540 615 97 2925 456 1 2510 100 40
fn=PySequence_Tuple
0 7268 715 68 2371 17 0 2237 1 0
fn=PySet_Add
0 6789 366 52 2162 124 2 1604 0 0
fn=PySet_Clear
0 130 10 2 40 6 0 30 0 0
fn=PySet_Contains
0 1676 114 32 625 44 0 384 0 0
fn=PySet_Discard
0 42 4 4 10 0 0 8 0 0
fn=PySet_Fini
0 5 2 2 1 1 0 0 0 0
fn=PySet_New
0 7638 195 82 2178 191 24 2049 64 48
fn=PySet_Size
0 180 20 6 70 0 0 50 0 0
fn=PySlice_AdjustIndices
0 1856 172 53 237 0 0 52 0 0
fn=PySlice_Fini
0 5 0 0 1 1 0 1 0 0
fn=PySlice_New
0 6668 261 68 1861 149 29 2480 68 17
fn=PySlice_Unpack
0 5438 464 154 2214 134 8 1440 0 0
fn=PyStaticMethod_New
0 80 10 6 20 0 0 25 0 0
fn=PyStructSequence_InitType2
0 1335 74 27 261 73 42 209 47 47
fn=PyStructSequence_New
0 20953 1715 332 6161 1530 341 2119 213 74
fn=PyStructSequence_NewType
0 1043 59 8 174 33 17 210 8 0
fn=PySymtable_BuildObject
0 142 11 9 25 6 2 22 1 1
fn=PySymtable_Free
0 28 2 2 9 4 0 6 0 0
fn=PySymtable_Lookup
0 104 7 2 28 2 0 24 0 0
fn=PySys_Audit
0 28332 616 109 8650 969 54 15754 154 10
fn=PySys_GetObject
0 14434 389 287 4496 390 211 1612 9 6
fn=PySys_SetObject
0 90 8 4 36 6 0 18 0 0
fn=PyThreadState_Clear
0 43 3 3 20 5 2 8 0 0
fn=PyThreadState_New
0 2 1 1 0 0 0 0 0 0
fn=PyThreadState_Swap
0 12 2 2 2 2 0 2 0 0
fn=PyThread_GetInfo
0 47 5 4 5 1 1 7 0 0
fn=PyThread_acquire_lock
0 1319 129 63 284 0 0 284 2 0
fn=PyThread_allocate_lock
0 576 48 44 156 23 1 79 0 0
fn=PyThread_free_lock
0 400 23 20 125 5 2 75 0 0
fn=PyThread_get_thread_ident
0 650 24 19 260 13 1 195 0 0
fn=PyThread_init_thread
0 8 2 2 2 1 0 0 0 0
fn=PyThread_release_lock
0 426 25 19 142 0 0 142 0 0
fn=PyThread_tss_create
0 15 1 1 4 0 0 4 0 0
fn=PyThread_tss_delete
0 12 1 1 5 1 1 4 0 0
fn=PyThread_tss_get
0 2 1 1 1 0 0 0 0 0
fn=PyThread_tss_set
0 8 0 0 3 0 0 2 0 0
fn=PyToken_TwoChars
0 784 16 6 0 0 0 0 0 0
fn=PyTokenizer_FindEncodingFilename
0 162 4 4 38 0 0 9 0 0
fn=PyTokenizer_Free
0 56 4 4 22 1 0 8 0 0
fn=PyTokenizer_FromFile
0 56 6 6 14 0 0 28 0 0
fn=PyTraceBack_Here
0 25083 947 325 7778 767 225 4236 72 18
fn=PyTraceBack_Print
0 111 16 10 25 5 0 14 0 0
fn=PyTuple_ClearFreeList
0 49943 32 32 12547 2669 1406 6365 20 9
fn=PyTuple_Fini
0 9 1 1 2 2 1 2 0 0
fn=PyTuple_GetSlice
0 189 18 9 27 0 0 0 0 0
fn=PyTuple_New
0 140687 3700 142 37239 3376 368 35483 611 293
fn=PyTuple_Pack
0 30926 2231 259 7294 435 44 10600 49 2
fn=PyTuple_Size
0 50 5 2 30 0 0 0 0 0
fn=PyType_ClearCache
0 50546 3 3 9115 1751 1559 16391 514 513
fn=PyType_FromSpecWithBases
0 2182 66 11 486 15 1 231 0 0
fn=PyType_GenericAlloc
0 212803 2479 271 64209 1803 173 53160 1709 1676
fn=PyType_GenericNew
0 21192 1275 228 6132 416 86 4796 161 147
fn=PyType_IsSubtype
0 3401 295 84 739 111 18 0 0 0
fn=PyType_Modified
0 105 70 8 35 2 1 0 0 0
fn=PyType_Ready
0 761270 13479 1753 226891 23732 3417 27165 85 0
fn=PyUnicode_Append
0 150 12 6 50 0 0 16 0 0
fn=PyUnicode_AsEncodedString
0 2760 120 72 640 75 0 240 5 0
fn=PyUnicode_AsUTF8
0 74 35 12 0 0 0 0 0 0
fn=PyUnicode_AsUTF8AndSize
0 5445 428 63 2253 67 25 1455 20 1
fn=PyUnicode_AsWideCharString
0 1028 90 13 330 5 0 238 14 6
fn=PyUnicode_Compare
0 933 75 42 405 16 0 135 0 0
fn=PyUnicode_CompareWithASCIIString
0 33 3 3 10 0 0 8 0 0
fn=PyUnicode_Concat
0 114 8 4 30 4 0 14 0 0
fn=PyUnicode_Contains
0 82 8 8 23 0 0 9 0 0
fn=PyUnicode_Decode
0 135 9 9 28 0 0 13 0 0
fn=PyUnicode_DecodeASCII
0 2549 7 7 520 0 0 768 0 0
fn=PyUnicode_DecodeFSDefault
0 10 1 1 3 0 0 3 0 0
fn=PyUnicode_DecodeFSDefaultAndSize
0 40 4 4 13 3 2 5 0 0
fn=PyUnicode_DecodeLocale
0 216 24 9 60 0 0 60 0 0
fn=PyUnicode_DecodeUTF8
0 4 2 2 0 0 0 0 0 0
fn=PyUnicode_DecodeUTF8Stateful
0 3 2 1 0 0 0 0 0 0
fn=PyUnicode_EncodeFSDefault
0 8 1 1 4 0 0 0 0 0
fn=PyUnicode_FSConverter
0 747 70 63 272 19 0 136 0 0
fn=PyUnicode_FindChar
0 5072 467 96 924 0 0 612 75 12
fn=PyUnicode_FromFormat
0 87 5 4 18 0 0 78 1 0
fn=PyUnicode_FromFormatV
0 225065 5041 1139 57054 1296 151 17595 461 79
fn=PyUnicode_FromString
0 4188 447 50 1047 0 0 1047 3 0
fn=PyUnicode_FromStringAndSize
0 40 8 2 0 0 0 0 0 0
fn=PyUnicode_FromWideChar
0 6662 213 87 1230 0 0 498 0 0
fn=PyUnicode_GetLength
0 13 2 2 7 0 0 3 0 0
fn=PyUnicode_InternFromString
0 34401 374 48 8174 449 38 4333 0 0
fn=PyUnicode_InternInPlace
0 127589 635 122 41936 1886 858 23344 42 4
fn=PyUnicode_IsIdentifier
0 153 5 5 39 5 5 3 0 0
fn=PyUnicode_New
0 51377 839 335 12666 426 20 13712 630 467
fn=PyUnicode_RichCompare
0 109818 614 124 36558 1175 333 13050 18 11
fn=PyUnicode_Substring
0 3355 169 83 750 0 0 451 4 4
fn=PyUnicode_Tailmatch
0 27 2 2 7 0 0 7 0 0
fn=PyVectorcall_Call
0 1806 172 83 731 95 42 430 24 2
fn=PyWeakref_GetObject
0 323 15 7 133 9 0 76 0 0
fn=PyWeakref_NewRef
0 52750 2557 257 15934 1157 113 14326 510 416
fn=PyWideStringList_Append
0 21 1 1 9 0 0 6 0 0
fn=PyWideStringList_Insert
0 123 3 3 36 0 0 48 0 0
fn=Py_BuildValue
0 720 72 28 144 0 0 624 0 0
fn=Py_BytesMain
0 11 2 2 2 1 1 6 0 0
fn=Py_DecodeLocale
0 176 8 4 44 0 0 33 0 0
fn=Py_FdIsInteractive
0 13 1 1 4 1 1 3 0 0
fn=Py_FinalizeEx
0 87 10 9 15 5 4 10 1 0
fn=Py_GetBuildInfo
0 24 2 2 3 0 0 3 0 0
fn=Py_GetVersion
0 21 2 2 3 0 0 3 0 0
fn=Py_InitializeFromConfig
0 187 25 16 38 2 0 27 5 5
fn=Py_MakePendingCalls
0 8 2 2 2 0 0 2 0 0
fn=Py_RunMain
0 162 18 15 39 13 8 19 1 0
fn=Py_UniversalNewlineFgets
0 22025 43 20 4752 45 22 3310 22 1
fn=_PyAST_GetDocString
0 135 8 2 49 15 0 0 0 0
fn=_PyAST_Optimize
0 11 2 2 4 0 0 2 0 0
fn=_PyArg_CheckPositional
0 26 4 2 4 0 0 4 0 0
fn=_PyArg_Fini
0 13 2 2 5 1 1 5 0 0
fn=_PyArg_ParseTupleAndKeywords_SizeT
0 1962 180 62 268 26 0 1140 19 0
fn=_PyArg_ParseTuple_SizeT
0 5312 258 47 830 63 0 3486 128 7
fn=_PyArg_UnpackStack
0 102 8 5 16 0 0 46 0 0
fn=_PyArgv_AsWstrList
0 124 8 4 44 4 0 40 1 0
fn=_PyBuiltin_Init
0 267 21 18 12 3 0 9 1 0
fn=_PyBuiltins_AddExceptions
0 476 30 30 79 39 35 15 2 1
fn=_PyBytes_Resize
0 1092 84 60 338 1 0 312 1 0
fn=_PyCode_ConstantKey
0 196 17 5 36 0 0 29 0 0
fn=_PyCodecInfo_GetIncrementalDecoder
0 6 2 2 0 0 0 0 0 0
fn=_PyCodecInfo_GetIncrementalEncoder
0 6 2 0 0 0 0 0 0 0
fn=_PyCodec_Lookup
0 1456 92 55 415 78 28 203 1 1
fn=_PyCodec_LookupTextEncoding
0 140 16 8 32 0 0 24 0 0
fn=_PyConfig_Copy
0 372 24 12 116 1 0 52 1 0
fn=_PyConfig_InitCompatConfig
0 78 2 1 15 2 1 33 0 0
fn=_PyConfig_InitPathConfig
0 199 11 10 45 2 0 39 3 0
fn=_PyConfig_SetPyArgv
0 19 2 2 6 0 0 5 0 0
fn=_PyConfig_Write
0 188 7 7 44 1 0 42 5 2
fn=_PyConfig_WritePathConfig
0 8 1 1 2 0 0 2 0 0
fn=_PyContext_Fini
0 14 2 2 4 2 1 4 0 0
fn=_PyContext_Init
0 39 7 4 6 2 0 5 1 0
fn=_PyDictView_New
0 116 5 2 36 0 0 36 0 0
fn=_PyDict_DelItemId
0 156 13 3 39 0 0 39 0 0
fn=_PyDict_DelItem_KnownHash
0 127714 1562 317 35783 429 16 23504 19 2
fn=_PyDict_GetItemId
0 565 71 37 218 37 22 180 3 2
fn=_PyDict_GetItemIdWithError
0 49808 1682 89 21184 3518 321 7396 130 9
fn=_PyDict_GetItemStringWithError
0 216 6 4 63 6 0 45 0 0
fn=_PyDict_LoadGlobal
0 370933 4278 89 115419 13251 2819 68238 1633 181
fn=_PyDict_NewPresized
0 1923 133 46 504 81 1 657 21 0
fn=_PyDict_SetItemId
0 46128 1693 417 15359 509 136 9138 57 18
fn=_PyErr_ChainExceptions
0 140 20 18 40 0 0 100 0 0
fn=_PyErr_CheckSignals
0 6 1 1 1 0 0 0 0 0
fn=_PyErr_Clear
0 20 5 4 0 0 0 0 0 0
fn=_PyErr_Display
0 53 6 5 11 2 0 8 0 0
fn=_PyErr_ExceptionMatches
0 12 4 4 4 0 0 0 0 0
fn=_PyErr_Format
0 116 12 2 24 0 0 96 0 0
fn=_PyErr_Init
0 18 3 2 4 2 1 7 2 1
fn=_PyErr_NormalizeException
0 4477 376 142 1893 14 0 1411 3 0
fn=_PyErr_Restore
0 670 82 33 298 8 0 290 2 0
fn=_PyErr_SetObject
0 7932 802 175 3139 359 119 1856 1 0
fn=_PyEval_EvalCodeWithName
0 226557 11794 1380 75515 7940 2447 49506 1813 706
fn=_PyEval_EvalFrameDefault
0 2577448 56939 4793 980956 51031 11783 314041 8040 1550
fn=_PyEval_FiniThreads
0 10 2 2 5 1 1 4 0 0
fn=_PyEval_Initialize
0 9 2 2 0 0 0 4 1 1
fn=_PyEval_SliceIndex
0 41 3 3 17 4 0 10 0 0
fn=_PyExc_Fini
0 131 2 2 70 19 19 21 0 0
fn=_PyExc_Init
0 1236 101 61 305 123 94 127 6 0
fn=_PyFaulthandler_Fini
0 43 4 4 13 1 1 10 0 0
fn=_PyFaulthandler_Init
0 41 4 4 8 0 0 17 2 2
fn=_PyFloat_Init
0 37 4 3 6 1 1 8 1 1
fn=_PyFunction_Vectorcall
0 185965 9028 570 68580 8011 3193 57094 2651 1522
fn=_PyGC_CollectIfEnabled
0 1 1 1 0 0 0 0 0 0
fn=_PyGC_CollectNoFail
0 34 6 6 8 4 4 10 0 0
fn=_PyGC_DumpShutdownStats
0 14 2 2 7 2 0 4 0 0
fn=_PyGC_Fini
0 17 2 2 6 3 1 5 0 0
fn=_PyGC_Initialize
0 24 2 2 0 0 0 10 0 0
fn=_PyGILState_Fini
0 10 2 2 3 0 0 4 0 0
fn=_PyGILState_Init
0 17 1 1 5 0 0 6 0 0
fn=_PyGen_Finalize
0 544 108 31 287 0 0 218 0 0
fn=_PyGen_yf
0 33 4 3 15 1 0 0 0 0
fn=_PyHamt_Fini
0 12 1 1 5 0 0 3 0 0
fn=_PyHamt_Init
0 34 9 3 4 1 0 4 0 0
fn=_PyIOBase_check_readable
0 432 36 36 108 18 13 90 0 0
fn=_PyIOBase_check_seekable
0 72 9 3 18 2 0 15 0 0
fn=_PyIOBase_check_writable
0 48 4 2 12 2 0 10 0 0
fn=_PyIOBase_finalize
0 1188 39 32 528 31 3 308 2 0
fn=_PyImportHooks_Init
0 51 4 4 8 0 0 12 0 0
fn=_PyImportZip_Init
0 48 5 5 10 2 1 13 4 4
fn=_PyImport_AddModuleObject
0 184 20 14 42 8 4 32 0 0
fn=_PyImport_FindExtensionObjectEx
0 499 41 28 138 17 4 104 0 0
fn=_PyImport_Fini
0 20 2 2 6 3 3 6 0 0
fn=_PyImport_Fini2
0 16 0 0 4 1 1 4 0 0
fn=_PyImport_FixupBuiltin
0 50 6 3 12 2 0 12 0 0
fn=_PyImport_FixupExtensionObject
0 811 65 46 179 22 2 128 5 0
fn=_PyImport_GetModuleId
0 6 1 1 2 0 0 2 0 0
fn=_PyImport_Init
0 14 2 2 5 3 0 9 3 1
fn=_PyImport_SetModuleString
0 11 1 1 4 0 0 4 0 0
fn=_PyIncrementalNewlineDecoder_decode
0 101 12 9 24 2 0 15 0 0
fn=_PyInterpreterState_Enable
0 12 2 2 4 0 0 8 1 0
fn=_PyInterpreterState_Get
0 300 41 29 120 4 1 60 0 0
fn=_PyLong_AsByteArray
0 85 11 11 4 0 0 4 0 0
fn=_PyLong_AsInt
0 3042 250 75 1141 40 1 624 2 0
fn=_PyLong_FromNbIndexOrNbInt
0 476 34 34 187 17 0 85 5 0
fn=_PyLong_FromNbInt
0 330 30 30 120 0 0 60 0 0
fn=_PyLong_FromUid
0 16 2 2 0 0 0 0 0 0
fn=_PyLong_Init
0 4267 8 7 541 134 132 1060 1 1
fn=_PyLong_New
0 18385 424 163 5287 85 11 4372 41 8
fn=_PyMem_RawStrdup
0 115 6 3 35 1 0 25 0 0
fn=_PyMem_RawWcsdup
0 1404 16 8 364 3 0 260 0 0
fn=_PyMem_SetDefaultAllocator
0 51 6 4 0 0 0 0 0 0
fn=_PyModule_Clear
0 42 15 2 14 0 0 0 0 0
fn=_PyModule_ClearDict
0 138343 116 40 35701 3137 1822 6707 1 1
fn=_PyModule_CreateInitialized
0 649 96 41 196 33 14 121 1 0
fn=_PyNamespace_New
0 20 2 2 5 0 0 4 0 0
fn=_PyNode_FinalizeEndPos
0 8057 11 2 3307 60 0 2330 90 0
fn=_PyOS_GetOpt
0 124 12 4 64 4 1 44 0 0
fn=_PyOS_ResetGetOpt
0 48 3 1 0 0 0 16 5 2
fn=_PyObject_CallFunction_SizeT
0 3878 342 188 985 133 71 1679 8 2
fn=_PyObject_CallMethodId
0 7039 384 48 2044 220 34 2816 138 0
fn=_PyObject_CallMethodIdObjArgs
0 7075 640 187 1831 278 127 3306 28 12
fn=_PyObject_CallMethodId_SizeT
0 6324 412 217 1724 226 98 2326 16 2
fn=_PyObject_FastCallDict
0 2873 323 51 1125 83 0 516 0 0
fn=_PyObject_GC_New
0 93706 2146 150 28233 2167 117 23934 1370 1084
fn=_PyObject_GC_NewVar
0 21798 1313 271 6294 1083 202 5529 411 342
fn=_PyObject_GC_Resize
0 606 53 45 154 25 12 73 2 0
fn=_PyObject_GenericGetAttrWithDict
0 16735 1079 219 6086 711 234 2441 42 5
fn=_PyObject_GenericSetAttrWithDict
0 7762 529 71 2673 133 16 1343 17 0
fn=_PyObject_GetAttrId
0 9124 842 147 3625 606 119 1821 24 1
fn=_PyObject_GetDictPtr
0 140 10 2 40 0 0 0 0 0
fn=_PyObject_GetMethod
0 120261 4696 287 49155 6531 1440 26291 240 20
fn=_PyObject_HasAttrId
0 12 2 2 3 0 0 3 0 0
fn=_PyObject_IsAbstract
0 1491 71 8 504 0 0 399 0 0
fn=_PyObject_LookupAttr
0 11410 491 243 4313 354 187 2087 13 5
fn=_PyObject_LookupAttrId
0 7817 739 119 3101 454 91 1898 56 17
fn=_PyObject_LookupSpecial
0 51160 1392 164 19946 3171 673 7380 31 9
fn=_PyObject_MakeTpCall
0 104191 6430 309 32926 2237 120 22870 142 8
fn=_PyObject_New
0 465 24 17 145 13 7 122 7 7
fn=_PyObject_SetAttrId
0 10288 701 331 3573 436 114 1895 8 3
fn=_PyPathConfig_Calculate
0 76 6 5 15 0 0 29 0 0
fn=_PyPathConfig_ClearGlobal
0 13 2 2 2 0 0 2 0 0
fn=_PyPathConfig_ComputeSysPath0
0 59 6 5 8 2 2 7 3 2
fn=_PyPreCmdline_Clear
0 9 2 1 3 0 0 3 0 0
fn=_PyPreCmdline_Read
0 169 16 6 53 0 0 50 1 0
fn=_PyPreCmdline_SetConfig
0 23 1 1 8 0 0 11 0 0
fn=_PyPreConfig_GetConfig
0 16 1 1 4 0 0 3 0 0
fn=_PyPreConfig_InitCompatConfig
0 48 1 1 12 10 2 18 2 0
fn=_PyPreConfig_InitFromPreConfig
0 88 7 1 28 0 0 60 0 0
fn=_PyPreConfig_Read
0 242 20 14 65 3 1 57 0 0
fn=_PyPreConfig_Write
0 49 8 4 16 0 0 14 3 2
fn=_PyRuntimeState_Fini
0 38 2 2 10 1 1 8 0 0
fn=_PyRuntimeState_Init
0 54 4 4 10 2 1 23 4 0
fn=_PyRuntime_Finalize
0 9 1 1 2 0 0 3 0 0
fn=_PyRuntime_Initialize
0 20 1 1 4 1 1 7 0 0
fn=_PySet_NextEntry
0 1594 40 11 389 4 0 241 0 0
fn=_PySignal_Init
0 20 3 3 3 0 0 3 0 0
fn=_PyStack_AsDict
0 6297 604 332 1998 304 63 1367 32 3
fn=_PyStack_UnpackDict
0 5413 406 203 1679 23 0 1365 14 1
fn=_PyState_AddModule
0 603 45 32 255 28 9 106 0 0
fn=_PyState_ClearModules
0 346 4 4 108 45 24 26 0 0
fn=_PyStructSequence_Init
0 18 2 2 3 0 0 3 0 0
fn=_PySys_ClearAuditHooks
0 26 2 2 7 1 1 4 0 0
fn=_PySys_Create
0 1481 45 39 236 28 20 126 7 4
fn=_PySys_GetObjectId
0 80 5 3 30 4 2 0 0 0
fn=_PySys_InitMain
0 229 16 16 36 4 2 27 2 0
fn=_PySys_ReadPreinitWarnOptions
0 17 2 2 6 1 1 9 1 0
fn=_PySys_ReadPreinitXOptions
0 18 2 2 6 0 0 9 0 0
fn=_PySys_SetObjectId
0 90 8 4 36 0 0 18 0 0
fn=_PySys_SetPreliminaryStderr
0 34 3 3 7 2 0 10 1 1
fn=_PyThread_cond_init
0 6 1 1 2 1 0 0 0 0
fn=_PyTime_AsSecondsDouble
0 26 2 2 2 0 0 2 0 0
fn=_PyTime_Init
0 19 2 2 2 0 0 2 0 0
fn=_PyTime_localtime
0 32 4 2 6 0 0 10 1 1
fn=_PyTraceMalloc_Init
0 2 1 1 0 0 0 0 0 0
fn=_PyTuple_FromArray
0 558 54 19 153 17 2 153 0 0
fn=_PyType_CalculateMetaclass
0 1427 118 38 417 9 2 0 0 0
fn=_PyType_Fini
0 1025 3 3 280 162 151 188 1 1
fn=_PyType_GetDocFromInternalDoc
0 32 4 1 12 0 0 8 0 0
fn=_PyTypes_Init
0 273 77 18 3 1 1 7 2 2
fn=_PyUnicodeWriter_Finish
0 626 14 12 268 0 0 165 0 0
fn=_PyUnicodeWriter_PrepareInternal
0 4170 76 71 1118 12 6 1029 35 32
fn=_PyUnicodeWriter_WriteASCIIString
0 35 3 3 13 0 0 6 0 0
fn=_PyUnicodeWriter_WriteStr
0 243 18 14 73 0 0 30 1 0
fn=_PyUnicode_ClearStaticStrings
0 1460 2 2 395 189 132 395 1 0
fn=_PyUnicode_EqualToASCIIId
0 112 12 12 31 5 3 24 0 0
fn=_PyUnicode_EqualToASCIIString
0 556 32 13 184 9 3 138 9 4
fn=_PyUnicode_FindMaxChar
0 33 6 4 6 0 0 0 0 0
fn=_PyUnicode_Fini
0 1070 8 8 326 81 78 127 0 0
fn=_PyUnicode_FormatAdvancedWriter
0 80 8 6 25 0 0 20 0 0
fn=_PyUnicode_FromASCII
0 462 36 6 108 3 0 108 5 2
fn=_PyUnicode_FromId
0 567 41 11 238 16 11 197 1 1
fn=_PyUnicode_Init
0 98 4 4 18 3 2 14 1 1
fn=_PyUnicode_InitEncodings
0 51 6 5 17 2 1 14 3 3
fn=_PyUnicode_IsAlpha
0 90 2 2 15 8 8 0 0 0
fn=_PyUnicode_IsDecimalDigit
0 36 2 2 6 0 0 0 0 0
fn=_PyUnicode_IsDigit
0 18 2 2 3 0 0 0 0 0
fn=_PyUnicode_IsNumeric
0 18 1 1 3 0 0 0 0 0
fn=_PyUnicode_JoinArray
0 788 52 49 188 10 3 56 0 0
fn=_PyWarnings_Init
0 187 15 13 49 8 2 31 1 0
fn=_PyWideStringList_AsList
0 114 3 3 40 4 4 22 0 0
fn=_PyWideStringList_Clear
0 738 10 5 336 6 6 276 0 0
fn=_PyWideStringList_Copy
0 419 10 3 147 4 0 123 0 0
fn=_PyWideStringList_Extend
0 34 2 2 14 0 0 20 0 0
fn=_Py_Assign
0 60 4 3 18 0 0 34 4 4
fn=_Py_Attribute
0 243 9 2 81 0 0 117 6 6
fn=_Py_BuildValue_SizeT
0 90 7 2 18 0 0 78 0 0
fn=_Py_Call
0 240 10 3 72 0 0 136 6 6
fn=_Py_CheckFunctionResult
0 8085 864 38 2695 0 0 1617 4 1
fn=_Py_ClassDef
0 34 3 3 12 0 0 20 1 1
fn=_Py_ClearArgcArgv
0 14 1 1 2 0 0 2 0 0
fn=_Py_ClearFileSystemEncoding
0 36 4 4 14 2 2 8 0 0
fn=_Py_ClearStandardStreamEncoding
0 36 4 4 10 3 3 6 0 0
fn=_Py_CoerceLegacyLocale
0 126 9 5 20 3 1 18 1 0
fn=_Py_Compare
0 30 3 3 9 0 0 17 0 0
fn=_Py_Constant
0 288 5 3 108 0 0 144 9 9
fn=_Py_Continue
0 22 3 3 6 0 0 8 1 1
fn=_Py_Dealloc
0 5692 343 32 2846 485 60 0 0 0
fn=_Py_DecodeLocaleEx
0 308 18 8 113 0 0 99 0 0
fn=_Py_DecodeUTF8Ex
0 18860 33 25 5054 0 0 5729 0 0
fn=_Py_DisplaySourceLine
0 174 19 13 28 4 2 21 5 0
fn=_Py_EncodeLocaleEx
0 112 28 6 0 0 0 0 0 0
fn=_Py_EncodeLocaleRaw
0 22 0 0 0 0 0 0 0 0
fn=_Py_EncodeUTF8Ex
0 12938 375 88 1902 0 0 2002 26 22
fn=_Py_Expr
0 168 5 2 42 0 0 60 10 8
fn=_Py_FinishPendingCalls
0 21 2 2 10 0 0 7 0 0
fn=_Py_FunctionDef
0 72 5 3 26 0 0 42 3 2
fn=_Py_GetEnv
0 72 3 2 16 0 0 16 0 0
fn=_Py_GetErrorHandler
0 228 24 8 36 0 0 36 0 0
fn=_Py_HandleSystemExit
0 21 3 3 10 2 1 6 0 0
fn=_Py_HashDouble
0 1314 16 5 54 0 0 36 0 0
fn=_Py_HashPointer
0 488 82 10 0 0 0 0 0 0
fn=_Py_HashRandomization_Fini
0 9 1 1 4 1 1 3 0 0
fn=_Py_HashRandomization_Init
0 24 2 2 6 0 0 9 0 0
fn=_Py_If
0 60 3 3 18 0 0 34 4 3
fn=_Py_ImportFrom
0 29 2 2 9 0 0 17 1 1
fn=_Py_Index
0 30 1 1 6 0 0 10 0 0
fn=_Py_LegacyLocaleDetected
0 19 2 2 2 0 0 2 0 0
fn=_Py_Mangle
0 357 23 7 134 5 0 67 0 0
fn=_Py_Module
0 15 1 1 4 0 0 7 1 1
fn=_Py_Name
0 31 3 3 8 0 0 12 1 1
fn=_Py_PreInitializeFromConfig
0 924 4 2 352 2 0 440 0 0
fn=_Py_PreInitializeFromPyArgv
0 46 5 4 13 2 1 13 2 0
fn=_Py_Return
0 26 3 3 7 0 0 10 1 1
fn=_Py_SetFileSystemEncoding
0 22 2 2 4 0 0 8 0 0
fn=_Py_SetLocaleFromEnv
0 20 4 2 4 0 0 6 1 1
fn=_Py_Subscript
0 64 3 3 18 0 0 34 2 2
fn=_Py_Tuple
0 30 3 3 8 0 0 12 0 0
fn=_Py_While
0 30 2 2 9 0 0 17 2 1
fn=_Py_alias
0 28 2 2 8 0 0 12 1 1
fn=_Py_arg
0 252 2 2 81 0 0 144 4 4
fn=_Py_arguments
0 54 3 3 18 0 0 32 3 2
fn=_Py_asdl_int_seq_new
0 28 2 2 5 0 0 6 0 0
fn=_Py_asdl_seq_new
0 980 5 5 315 2 1 224 0 0
fn=_Py_bytes_rfind
0 11 2 2 2 0 0 2 0 0
fn=_Py_convert_optional_to_ssize_t
0 24 3 3 8 2 2 5 0 0
fn=_Py_dg_strtod
0 173 19 19 23 1 1 18 3 1
fn=_Py_dup
0 18 2 2 4 0 0 4 0 0
fn=_Py_fstat_noraise
0 152 38 19 0 0 0 0 0 0
fn=_Py_get_env_flag
0 77 2 2 21 0 0 21 0 0
fn=_Py_get_xoption
0 144 4 2 72 0 0 64 0 0
fn=_Py_normalize_encoding
0 276 3 3 41 6 6 15 0 0
fn=_Py_read
0 3332 126 119 850 4 0 748 2 0
fn=_Py_set_inheritable
0 51 17 17 0 0 0 0 0 0
fn=_Py_wfopen
0 117 7 7 12 0 0 12 0 0
fn=_Py_wreadlink
0 106 7 7 20 1 0 19 3 3
fn=_Py_wrealpath
0 42 3 3 7 0 0 6 0 0
fn=__aarch64_cas4_acq
0 29725 238 46 5405 163 13 2702 0 0
fn=__aarch64_cas4_rel
0 506 18 5 92 0 0 46 0 0
fn=__aarch64_cas8_acq
0 3179 226 39 578 118 22 289 0 0
fn=__aarch64_cas8_rel
0 3146 221 27 572 85 1 286 0 0
fn=__aarch64_ldadd4_acq
0 370 25 10 74 1 1 37 0 0
fn=__aarch64_ldadd8_acq
0 10 2 2 2 0 0 1 0 0
fn=__aarch64_ldset4_acq
0 100 3 1 20 3 0 10 0 0
fn=__aarch64_swp4_rel
0 24273 386 84 5394 1 0 2697 0 0
fn=__aarch64_swp4_relax
0 99 5 2 22 0 0 11 0 0
fn=__aarch64_swp8_acq
0 1170 13 9 260 13 8 130 0 0
fn=__libc_csu_init
0 31 3 3 9 1 0 8 0 0
fn=init_have_lse_atomics
0 27 3 3 6 0 0 9 1 0
fn=main
0 1 1 1 0 0 0 0 0 0
summary: 31802770 470843 82880 9168232 684392 253728 4829085 94730 47877
