desc: I1 cache:         16384 B, 64 B, 4-way associative
desc: D1 cache:         16384 B, 64 B, 4-way associative
desc: LL cache:         262144 B, 64 B, 8-way associative
cmd: python3 tree.py
events: Ir I1mr ILmr Dr D1mr DLmr Dw D1mw DLmw 
fl=/build/glibc-FcXrgv/glibc-2.31/csu/../csu/libc-start.c
fn=(below main)
137 12 1 1 0 0 0 12 0 0
141 5 0 0 1 0 0 1 0 0
237 1 0 0 0 0 0 0 0 0
238 3 1 1 0 0 0 0 0 0
260 5 0 0 2 0 0 0 0 0
263 1 0 0 0 0 0 0 0 0
264 6 0 0 4 0 0 0 0 0
268 4 1 1 2 0 0 0 0 0
283 1 0 0 0 0 0 0 0 0
295 2 0 0 0 0 0 0 0 0
296 1 0 0 0 0 0 0 0 0
298 1 0 0 0 0 0 0 0 0
301 2 0 0 1 1 0 0 0 0
302 2 0 0 1 1 0 2 0 0
305 2 0 0 0 0 0 1 0 0
308 7 1 1 5 0 0 0 0 0
342 1 1 1 0 0 0 0 0 0
fl=/build/glibc-FcXrgv/glibc-2.31/csu/../sysdeps/aarch64/crti.S
fn=call_weak_fn
63 3 3 3 0 0 0 0 0 0
64 3 0 0 3 3 0 0 0 0
65 3 0 0 0 0 0 0 0 0
68 3 2 2 0 0 0 0 0 0
fl=/build/glibc-FcXrgv/glibc-2.31/csu/errno-loc.c
fn=__errno_location
26 3672 701 190 1224 98 3 0 0 0
27 2448 0 0 0 0 0 0 0 0
fl=/build/glibc-FcXrgv/glibc-2.31/csu/init-first.c
fn=_init
52 5 1 1 0 0 0 4 0 0
55 5 1 1 1 1 0 1 1 0
62 8 1 1 4 2 0 0 0 0
67 2 0 0 0 0 0 1 1 1
68 2 0 0 0 0 0 1 0 0
69 3 0 0 1 1 0 1 1 0
77 3 0 0 0 0 0 0 0 0
80 1 0 0 0 0 0 0 0 0
85 2 0 0 4 0 0 0 0 0
fl=/build/glibc-FcXrgv/glibc-2.31/ctype/../include/ctype.h
fn=__ctype_b_loc
41 456 10 7 152 10 6 0 0 0
42 304 0 0 0 0 0 0 0 0
fl=/build/glibc-FcXrgv/glibc-2.31/ctype/ctype-info.c
fn=__ctype_init
31 9 2 2 4 2 0 1 0 0
33 5 0 0 3 2 0 1 0 0
35 5 0 0 2 1 0 1 0 0
36 1 0 0 0 0 0 0 0 0
fl=/build/glibc-FcXrgv/glibc-2.31/debug/realpath_chk.c
fn=__realpath_chk
28 2 1 1 0 0 0 0 0 0
31 1 0 0 0 0 0 0 0 0
fl=/build/glibc-FcXrgv/glibc-2.31/debug/sprintf_chk.c
fn=__sprintf_chk
25 2400 111 3 240 35 0 1920 1 0
28 480 225 6 0 0 0 0 0 0
36 120 0 0 0 0 0 0 0 0
39 840 0 0 0 0 0 600 0 0
40 840 114 3 480 0 0 480 0 0
44 960 0 0 600 0 0 0 0 0
fl=/build/glibc-FcXrgv/glibc-2.31/debug/vsnprintf_chk.c
fn=__vsnprintf_chk
26 10 4 4 0 0 0 10 0 0
27 10 0 0 0 0 0 0 0 0
32 20 0 0 0 0 0 0 0 0
34 35 4 4 20 0 0 20 0 0
35 10 0 0 10 0 0 0 0 0
fl=/build/glibc-FcXrgv/glibc-2.31/debug/wcsncpy_chk.c
fn=__wcsncpy_chk
26 8 1 1 0 0 0 0 0 0
31 4 0 0 0 0 0 0 0 0
fl=/build/glibc-FcXrgv/glibc-2.31/dirent/../sysdeps/posix/closedir.c
fn=closedir
31 51 0 0 0 0 0 51 0 0
34 17 17 11 0 0 0 0 0 0
44 17 0 0 17 0 0 0 0 0
50 17 0 0 0 0 0 0 0 0
52 34 0 0 0 0 0 0 0 0
53 34 0 0 51 0 0 0 0 0
fl=/build/glibc-FcXrgv/glibc-2.31/dirent/../sysdeps/posix/opendir.c
fn=__alloc_dir
98 102 34 22 0 0 0 102 3 0
101 34 0 0 0 0 0 0 0 0
109 17 0 0 0 0 0 0 0 0
113 34 0 0 0 0 0 0 0 0
114 136 17 11 17 0 0 0 0 0
118 34 0 0 0 0 0 0 0 0
119 17 0 0 0 0 0 0 0 0
139 17 0 0 0 0 0 34 2 2
142 17 0 0 0 0 0 34 0 0
144 17 0 0 0 0 0 34 1 1
145 17 0 0 0 0 0 17 0 0
148 85 0 0 102 0 0 0 0 0
fn=opendir
39 36 18 11 18 0 0 0 0 0
88 36 0 0 0 0 0 36 0 0
92 72 0 0 0 0 0 0 0 0
93 18 0 0 36 0 0 0 0 0
fn=opendir_tail
51 162 18 11 36 0 0 90 0 0
52 18 0 0 0 0 0 0 0 0
53 2 1 1 0 0 0 0 0 0
59 119 17 11 0 0 0 17 0 0
61 68 0 0 17 0 0 0 0 0
69 102 0 0 17 0 0 0 0 0
70 162 19 11 126 0 0 0 0 0
fl=/build/glibc-FcXrgv/glibc-2.31/dirent/../sysdeps/posix/readdir.c
fn=readdir
39 5537 17 10 0 0 0 7119 0 0
41 3164 17 11 1582 0 0 0 0 0
44 4746 0 0 0 0 0 0 0 0
51 3164 19 11 791 0 0 0 0 0
65 2509 0 0 859 0 0 0 0 0
66 68 0 0 0 0 0 0 0 0
71 17 0 0 0 0 0 0 0 0
76 17 0 0 0 0 0 17 0 0
77 17 0 0 0 0 0 0 0 0
80 85 17 11 0 0 0 17 0 0
86 774 0 0 0 0 0 0 0 0
89 774 0 0 774 166 151 0 0 0
102 774 0 0 0 0 0 0 0 0
105 1548 0 0 774 0 0 1548 0 0
111 1548 0 0 774 39 25 0 0 0
114 3955 0 0 0 0 0 0 0 0
118 5537 17 13 7119 0 0 0 0 0
fl=/build/glibc-FcXrgv/glibc-2.31/dirent/../sysdeps/unix/sysv/linux/getdents64.c
fn=__getdents
32 272 17 11 0 0 0 0 0 0
33 34 0 0 0 0 0 0 0 0
fl=/build/glibc-FcXrgv/glibc-2.31/dlfcn/../sysdeps/generic/ldsodefs.h
fn=dlopen@@GLIBC_2.17
1202 10 0 0 5 5 5 0 0 0
fn=dlsym
1202 200 0 0 100 97 0 0 0 0
fl=/build/glibc-FcXrgv/glibc-2.31/dlfcn/dlerror.c
fn=_dlerror_run
132 630 105 6 0 0 0 630 0 0
136 1050 102 6 210 110 11 0 0 0
139 105 0 0 0 0 0 0 0 0
145 735 105 6 210 0 0 0 0 0
146 105 0 0 0 0 0 0 0 0
148 4 0 0 0 0 0 0 0 0
149 1 0 0 0 0 0 0 0 0
157 8 1 1 2 0 0 0 0 0
161 210 0 0 105 102 5 0 0 0
170 735 0 0 0 0 0 105 0 0
174 420 102 8 105 0 0 105 0 0
177 525 4 1 630 4 1 0 0 0
fn=check_free
194 9 1 1 2 2 1 5 0 0
195 2 0 0 1 1 1 0 0 0
213 9 1 1 7 0 0 0 0 0
fn=fini
220 4 1 1 0 0 0 0 0 0
fn=init
183 3 2 2 0 0 0 3 0 0
184 10 0 0 1 0 0 0 0 0
189 3 1 1 3 0 0 0 0 0
fl=/build/glibc-FcXrgv/glibc-2.31/dlfcn/dlfcn.c
fn=init
29 2 1 1 0 0 0 1 1 0
30 2 0 0 0 0 0 1 0 0
31 1 1 1 0 0 0 0 0 0
fl=/build/glibc-FcXrgv/glibc-2.31/dlfcn/dlopen.c
fn=dlopen@@GLIBC_2.17
75 40 10 10 10 2 1 20 0 0
77 10 0 0 5 5 5 0 0 0
82 15 0 0 0 0 0 5 0 0
83 5 0 0 0 0 0 5 0 0
84 10 0 0 0 0 0 5 0 0
87 35 5 5 5 0 0 0 0 0
97 45 0 0 30 5 1 0 0 0
fn=dlopen_doit
58 15 5 5 0 0 0 15 0 0
61 25 5 5 5 0 0 0 0 0
66 94 9 6 40 10 10 5 4 1
70 15 0 0 15 1 0 0 0 0
fl=/build/glibc-FcXrgv/glibc-2.31/dlfcn/dlsym.c
fn=dlsym
56 800 200 19 200 97 2 500 0 0
58 200 0 0 100 100 2 0 0 0
63 200 0 0 0 0 0 100 0 0
65 100 0 0 0 0 0 200 0 0
68 700 0 0 200 155 8 0 0 0
70 700 100 7 100 0 0 0 0 0
72 300 0 0 100 1 0 0 0 0
75 1000 100 6 700 0 0 0 0 0
fn=dlsym_doit
47 400 100 5 0 0 0 300 0 0
50 400 0 0 300 0 0 100 0 0
51 300 0 0 300 0 0 0 0 0
fl=/build/glibc-FcXrgv/glibc-2.31/elf/../elf/dl-sysdep.c
fn=_dl_sysdep_start
89 8 2 2 0 0 0 11 2 2
90 2 0 0 1 0 0 0 0 0
91 1 0 0 0 0 0 0 0 0
113 2 0 0 0 0 0 1 0 0
114 44 1 1 15 2 2 4 4 4
117 3 0 0 0 0 0 1 0 0
118 1 0 0 0 0 0 1 1 1
120 86 3 3 28 7 7 7 0 0
121 192 3 3 0 0 0 0 0 0
124 1 0 0 1 0 0 0 0 0
125 1 0 0 0 0 0 0 0 0
127 1 0 0 1 0 0 0 0 0
128 1 0 0 0 0 0 0 0 0
130 1 0 0 1 0 0 0 0 0
131 2 0 0 0 0 0 0 0 0
133 1 0 0 1 0 0 0 0 0
134 2 0 0 0 0 0 0 0 0
154 1 0 0 1 0 0 0 0 0
155 2 0 0 0 0 0 0 0 0
157 1 0 0 1 0 0 0 0 0
158 2 0 0 0 0 0 0 0 0
160 1 0 0 1 0 0 0 0 0
161 1 0 0 0 0 0 0 0 0
166 1 1 1 1 0 0 0 0 0
167 2 0 0 0 0 0 0 0 0
182 1 0 0 1 0 0 0 0 0
183 2 0 0 0 0 0 0 0 0
223 1 1 1 0 0 0 0 0 0
234 3 1 1 1 0 0 0 0 0
235 2 0 0 0 0 0 1 0 0
237 6 0 0 0 0 0 0 0 0
249 3 0 0 1 0 0 0 0 0
252 6 1 1 1 0 0 0 0 0
254 8 1 1 12 3 0 0 0 0
fn=_dl_sysdep_start_cleanup
259 1 1 1 0 0 0 0 0 0
fl=/build/glibc-FcXrgv/glibc-2.31/elf/../include/inline-hashtab.h
fn=_dl_make_tlsdesc_dynamic
50 3 1 1 0 0 0 0 0 0
52 1 0 0 0 0 0 0 0 0
54 2 0 0 0 0 0 1 0 0
55 5 0 0 0 0 0 1 0 0
56 3 1 1 1 1 1 1 0 0
57 1 0 0 0 0 0 0 0 0
64 1 0 0 0 0 0 1 0 0
197 1 0 0 0 0 0 0 0 0
204 3 0 0 0 0 0 0 0 0
206 1 0 0 0 0 0 0 0 0
207 2 0 0 1 0 0 0 0 0
230 3 1 1 1 0 0 1 0 0
fl=/build/glibc-FcXrgv/glibc-2.31/elf/../include/scratch_buffer.h
fn=_dl_map_object_deps
77 15 4 4 0 0 0 5 0 0
78 10 0 0 0 0 0 10 1 1
85 25 0 0 10 2 0 0 0 0
131 52 0 0 13 2 0 0 0 0
fl=/build/glibc-FcXrgv/glibc-2.31/elf/../misc/sbrk.c
fn=sbrk
32 5 1 1 0 0 0 5 0 0
40 6 0 0 2 1 1 0 0 0
44 2 0 0 0 0 0 0 0 0
60 5 1 1 5 0 0 0 0 0
fl=/build/glibc-FcXrgv/glibc-2.31/elf/../sysdeps/aarch64/dl-irel.h
fn=_dl_fixup
37 12 0 0 0 0 0 6 0 0
38 152 4 4 6 2 1 0 0 0
39 12 0 0 6 5 2 12 0 0
40 30 0 0 0 0 0 0 0 0
fn=_dl_relocate_object
37 64 0 0 0 0 0 32 0 0
38 126 1 1 32 10 0 60 0 0
39 64 0 0 32 20 2 64 4 0
40 158 0 0 32 1 0 30 11 2
fn=_dl_start
38 3 1 1 0 0 0 0 0 0
fl=/build/glibc-FcXrgv/glibc-2.31/elf/../sysdeps/aarch64/dl-machine.h
fn=_dl_fixup
223 140 59 27 0 0 0 140 6 0
fn=_dl_relocate_object
70 95 0 0 19 0 0 0 0 0
76 18 0 0 18 8 0 0 0 0
77 18 0 0 9 9 9 0 0 0
81 9 0 0 0 0 0 9 0 0
89 18 0 0 9 0 0 0 0 0
104 27 1 1 9 9 0 9 0 0
250 7544 0 0 0 0 0 0 0 0
252 15088 0 0 0 0 0 0 0 0
254 7544 0 0 0 0 0 0 0 0
259 273760 23 23 61802 5072 3146 36711 57 1
260 67296 14 14 29868 26 0 0 0 0
263 22413 1 1 0 0 0 0 0 0
265 120 9 9 30 3 0 0 0 0
268 71064 11 11 90 0 0 0 0 0
271 5 0 0 5 0 0 0 0 0
274 20 0 0 10 1 0 0 0 0
275 30 0 0 5 0 0 0 0 0
284 30 1 1 5 0 0 0 0 0
287 5 0 0 0 0 0 0 0 0
296 22548 5 5 7516 1482 937 7516 2789 1025
297 7516 0 0 0 0 0 0 0 0
304 8 1 1 4 0 0 0 0 0
307 152 5 5 0 0 0 57 0 0
316 34 1 1 13 1 1 6 1 0
318 8 1 1 4 1 1 3 0 0
320 167 1 1 1 0 0 37 7 0
326 3 1 1 0 0 0 3 0 0
327 12 0 0 6 0 0 0 0 0
328 39 0 0 0 0 0 3 0 0
351 38 0 0 19 0 0 0 0 0
353 76 0 0 19 2 0 0 0 0
354 38 0 0 0 0 0 19 3 1
355 76 0 0 38 2 2 0 0 0
367 16 2 2 0 0 0 0 0 0
380 13192 0 0 6596 1248 1238 3298 859 836
390 711 0 0 0 0 0 0 0 0
391 711 0 0 1422 266 266 0 0 0
393 1422 1 1 0 0 0 0 0 0
395 1418 0 0 709 2 0 0 0 0
398 2127 2 2 709 87 86 709 0 0
399 709 0 0 0 0 0 0 0 0
427 4 0 0 0 0 0 0 0 0
445 4 1 1 0 0 0 0 0 0
447 6 1 1 4 0 0 0 0 0
448 4 0 0 2 0 0 0 0 0
450 4 0 0 0 0 0 2 0 0
fn=_dl_start
46 1 0 0 0 0 0 0 0 0
61 4 1 1 1 1 1 0 0 0
250 12 0 0 0 0 0 0 0 0
252 24 0 0 0 0 0 0 0 0
254 12 0 0 0 0 0 0 0 0
260 120 1 1 48 10 10 0 0 0
263 24 0 0 0 0 0 0 0 0
268 84 0 0 0 0 0 0 0 0
296 36 1 1 12 1 1 12 1 1
297 12 0 0 0 0 0 0 0 0
328 6 0 0 0 0 0 5 0 0
380 208 1 1 104 20 20 52 26 26
fn=_dl_sysdep_start
204 5 0 0 2 1 1 0 0 0
fl=/build/glibc-FcXrgv/glibc-2.31/elf/../sysdeps/aarch64/dl-trampoline.S
fn=_dl_runtime_resolve
48 140 58 35 0 0 0 280 14 5
53 140 0 0 0 0 0 280 7 3
57 140 0 0 0 0 0 280 0 0
61 140 0 0 0 0 0 280 1 0
65 140 0 0 0 0 0 280 4 3
69 140 0 0 0 0 0 280 8 4
73 140 0 0 0 0 0 280 6 2
77 140 0 0 0 0 0 280 4 2
81 140 50 25 0 0 0 280 0 0
86 140 0 0 140 0 0 0 0 0
89 140 0 0 140 0 0 0 0 0
91 140 0 0 0 0 0 0 0 0
92 140 0 0 0 0 0 0 0 0
93 140 0 0 0 0 0 0 0 0
94 140 0 0 0 0 0 0 0 0
95 140 0 0 0 0 0 0 0 0
98 140 0 0 0 0 0 0 0 0
101 140 0 0 0 0 0 0 0 0
104 140 0 0 280 2 0 0 0 0
105 140 0 0 280 0 0 0 0 0
106 140 0 0 280 2 0 0 0 0
107 140 0 0 280 1 0 0 0 0
108 140 0 0 280 0 0 0 0 0
109 140 0 0 280 0 0 0 0 0
110 140 50 25 280 1 0 0 0 0
111 140 0 0 280 0 0 0 0 0
112 140 0 0 280 0 0 0 0 0
115 140 0 0 280 1 0 0 0 0
119 140 0 0 0 0 0 0 0 0
fl=/build/glibc-FcXrgv/glibc-2.31/elf/../sysdeps/generic/dl-cache.h
fn=_dl_load_cache_lookup
153 20 0 0 0 0 0 0 0 0
fl=/build/glibc-FcXrgv/glibc-2.31/elf/../sysdeps/generic/ldsodefs.h
fn=_dl_fini
1208 4 1 1 0 0 0 1 0 0
fn=_dl_new_object
1208 82 0 0 0 0 0 0 0 0
fn=_dl_relocate_object
126 22584 6 6 7528 0 0 0 0 0
fn=do_lookup_x
126 16746 0 0 5582 0 0 0 0 0
fl=/build/glibc-FcXrgv/glibc-2.31/elf/../sysdeps/posix/dl-fileid.h
fn=_dl_map_object_from_fd
37 85 5 5 0 0 0 0 0 0
40 34 0 0 17 0 0 17 0 0
41 34 0 0 17 0 0 17 0 0
49 946 9 5 320 133 54 0 0 0
fl=/build/glibc-FcXrgv/glibc-2.31/elf/../sysdeps/unix/sysv/linux/aarch64/cpu-features.c
fn=_dl_sysdep_start
63 5 1 1 1 0 0 0 0 0
64 1 0 0 0 0 0 0 0 0
72 4 1 1 1 0 0 0 0 0
78 2 0 0 0 0 0 1 0 0
82 1 0 0 0 0 0 0 0 0
84 1 0 0 0 0 0 0 0 0
fl=/build/glibc-FcXrgv/glibc-2.31/elf/../sysdeps/unix/sysv/linux/dl-osinfo.h
fn=dl_main
64 1 0 0 0 0 0 0 0 0
fl=/build/glibc-FcXrgv/glibc-2.31/elf/../sysdeps/unix/sysv/linux/dl-sysdep.c
fn=_dl_discover_osversion
46 4 1 1 0 0 0 4 1 1
48 3 1 1 1 0 0 0 0 0
88 4 0 0 0 0 0 0 0 0
103 1 0 0 0 0 0 0 0 0
107 1 0 0 0 0 0 0 0 0
108 1 0 0 0 0 0 0 0 0
110 15 0 0 3 1 1 0 0 0
112 3 0 0 0 0 0 0 0 0
114 25 1 1 5 1 1 0 0 0
116 2 0 0 0 0 0 0 0 0
117 2 0 0 0 0 0 0 0 0
120 3 0 0 0 0 0 0 0 0
122 3 0 0 0 0 0 0 0 0
124 13 1 1 0 0 0 0 0 0
129 2 0 0 0 0 0 0 0 0
133 4 1 1 4 0 0 0 0 0
fn=_dl_sysdep_start
36 2 0 0 0 0 0 0 0 0
fl=/build/glibc-FcXrgv/glibc-2.31/elf/../sysdeps/unix/sysv/linux/dl-vdso-setup.h
fn=dl_main
30 5 2 2 0 0 0 2 0 0
33 2 0 0 0 0 0 1 0 0
45 2 1 1 0 0 0 1 0 0
fl=/build/glibc-FcXrgv/glibc-2.31/elf/../sysdeps/unix/sysv/linux/dl-vdso.h
fn=dl_main
40 2 1 1 1 0 0 0 0 0
41 1 0 0 0 0 0 0 0 0
55 2 0 0 0 0 0 0 0 0
fl=/build/glibc-FcXrgv/glibc-2.31/elf/../sysdeps/unix/sysv/linux/generic/brk.c
fn=brk
33 1 1 1 0 0 0 0 0 0
36 4 0 0 0 0 0 1 1 1
37 2 0 0 0 0 0 0 0 0
43 1 0 0 0 0 0 0 0 0
44 1 0 0 0 0 0 0 0 0
fl=/build/glibc-FcXrgv/glibc-2.31/elf/./dl-load.h
fn=_dl_map_object_from_fd
90 36 0 0 0 0 0 0 0 0
91 68 7 5 34 0 0 17 0 0
93 72 0 0 36 1 1 0 0 0
94 60 20 10 30 0 0 0 0 0
95 75 0 0 30 0 0 0 0 0
96 45 0 0 15 0 0 0 0 0
98 60 0 0 0 0 0 15 0 0
fl=/build/glibc-FcXrgv/glibc-2.31/elf/./dl-map-segments.h
fn=_dl_map_object_from_fd
50 34 0 0 17 8 0 0 0 0
51 34 0 0 0 0 0 0 0 0
56 204 17 5 34 0 0 68 0 0
60 119 17 5 102 0 0 0 0 0
63 34 0 0 0 0 0 17 0 0
64 34 0 0 0 0 0 17 0 0
66 17 0 0 0 0 0 0 0 0
73 255 17 5 102 0 0 68 0 0
80 51 0 0 17 0 0 17 0 0
82 17 0 0 0 0 0 0 0 0
90 144 0 0 0 0 0 0 0 0
92 76 0 0 57 0 0 0 0 0
94 304 6 5 133 0 0 95 0 0
104 108 0 0 72 0 0 0 0 0
110 34 0 0 17 0 0 0 0 0
111 17 0 0 0 0 0 0 0 0
112 102 7 5 17 0 0 0 0 0
113 17 0 0 0 0 0 0 0 0
115 34 0 0 0 0 0 0 0 0
120 34 0 0 0 0 0 0 0 0
123 17 0 0 0 0 0 0 0 0
131 153 0 0 0 0 0 119 0 0
132 85 0 0 119 0 0 0 0 0
137 34 0 0 0 0 0 0 0 0
141 27 2 2 0 0 0 12 0 0
144 12 0 0 12 0 0 0 0 0
149 36 8 5 0 0 0 0 0 0
fl=/build/glibc-FcXrgv/glibc-2.31/elf/./setup-vdso.h
fn=dl_main
24 3 1 1 1 0 0 0 0 0
fl=/build/glibc-FcXrgv/glibc-2.31/elf/./tlsdeschtab.h
fn=_dl_make_tlsdesc_dynamic
50 1 0 0 1 0 0 0 0 0
51 3 0 0 1 0 0 0 0 0
57 3 1 1 1 1 1 0 0 0
63 4 0 0 1 1 1 0 0 0
78 3 0 0 1 0 0 0 0 0
83 9 1 1 0 0 0 12 0 0
89 6 0 0 1 1 1 0 0 0
91 1 0 0 1 0 0 0 0 0
92 1 1 1 0 0 0 0 0 0
100 1 0 0 0 0 0 1 0 0
103 2 0 0 1 1 1 0 0 0
119 4 0 0 0 0 0 1 0 0
123 1 0 0 0 0 0 1 0 0
124 1 0 0 0 0 0 2 0 0
126 4 0 0 1 1 0 0 0 0
128 8 1 1 12 0 0 0 0 0
fl=/build/glibc-FcXrgv/glibc-2.31/elf/dl-addr-obj.c
fn=_dl_addr_inside_object
66 3 3 3 3 3 3 0 0 0
67 6 0 0 3 2 2 0 0 0
69 45 0 0 0 0 0 0 0 0
70 105 3 3 24 21 21 0 0 0
71 30 3 3 12 0 0 0 0 0
74 3 0 0 0 0 0 0 0 0
fl=/build/glibc-FcXrgv/glibc-2.31/elf/dl-addr.c
fn=_dl_addr
30 1 0 0 1 0 0 0 0 0
31 2 0 0 1 0 0 2 1 0
34 2 0 0 1 1 0 0 0 0
38 1 1 1 1 0 0 0 0 0
39 1 0 0 2 0 0 0 0 0
40 1 0 0 1 0 0 0 0 0
42 2 0 0 2 1 0 0 0 0
44 1 0 0 0 0 0 0 0 0
45 2 0 0 1 1 0 0 0 0
49 3035 0 0 1 0 0 0 0 0
51 1014 0 0 1012 64 18 0 0 0
52 1011 0 0 0 0 0 0 0 0
54 2745 1 1 915 0 0 0 0 0
60 2284 1 1 0 0 0 0 0 0
61 11420 0 0 2284 496 454 0 0 0
63 6841 0 0 0 0 0 0 0 0
64 9088 0 0 2272 0 0 0 0 0
65 15359 1 1 5207 360 328 0 0 0
70 4568 0 0 2284 144 77 0 0 0
100 1 0 0 0 0 0 0 0 0
101 1 0 0 0 0 0 1 1 0
102 1 0 0 0 0 0 0 0 0
105 1 1 1 0 0 0 0 0 0
118 2 0 0 0 0 0 2 0 0
126 9 2 2 0 0 0 8 0 0
128 1 0 0 0 0 0 0 0 0
131 5 0 0 2 2 0 0 0 0
133 2 0 0 0 0 0 0 0 0
135 1 0 0 0 0 0 0 0 0
138 1 0 0 0 0 0 0 0 0
141 4 1 1 2 2 0 0 0 0
144 6 0 0 8 1 0 0 0 0
fl=/build/glibc-FcXrgv/glibc-2.31/elf/dl-cache.c
fn=_dl_cache_libcmp
142 1030 5 5 515 0 0 0 0 0
144 3521 5 5 503 69 61 0 0 0
146 28 5 5 0 0 0 0 0 0
152 14 0 0 0 0 0 0 0 0
153 28 0 0 0 0 0 0 0 0
154 70 0 0 14 0 0 0 0 0
156 70 5 5 14 0 0 0 0 0
158 28 0 0 0 0 0 0 0 0
164 978 0 0 0 0 0 0 0 0
165 1 0 0 0 0 0 0 0 0
166 976 0 0 0 0 0 0 0 0
167 77 0 0 0 0 0 0 0 0
170 411 0 0 0 0 0 0 0 0
171 411 0 0 0 0 0 0 0 0
174 24 0 0 12 0 0 0 0 0
175 90 0 0 0 0 0 0 0 0
fn=_dl_load_cache_lookup
187 84 5 5 0 0 0 84 1 1
195 36 5 5 12 0 0 0 0 0
198 48 0 0 12 4 4 0 0 0
201 30 10 10 0 0 0 0 0 0
209 25 0 0 5 0 0 0 0 0
210 95 5 5 15 5 5 0 0 0
213 5 0 0 5 0 0 0 0 0
218 10 5 5 0 0 0 5 0 0
219 10 0 0 0 0 0 5 0 0
264 14 0 0 0 0 0 0 0 0
270 60 0 0 24 0 0 0 0 0
279 12 0 0 0 0 0 0 0 0
285 60 5 5 12 0 0 0 0 0
293 36 0 0 12 3 2 0 0 0
294 24 0 0 0 0 0 0 0 0
308 1891 47 25 186 63 50 0 0 0
324 24 0 0 12 0 0 0 0 0
328 12 0 0 0 0 0 0 0 0
336 168 12 5 0 0 0 12 0 0
337 48 12 5 0 0 0 0 0 0
338 12 0 0 0 0 0 0 0 0
339 84 8 5 84 0 0 0 0 0
fn=_dl_unload_cache
348 18 6 6 0 0 0 18 3 1
349 30 6 6 6 6 2 0 0 0
351 15 0 0 5 0 0 0 0 0
352 5 0 0 0 0 0 5 0 0
354 18 0 0 18 0 0 0 0 0
fl=/build/glibc-FcXrgv/glibc-2.31/elf/dl-debug.c
fn=_dl_debug_initialize
46 34 15 7 0 0 0 0 0 0
49 34 0 0 0 0 0 0 0 0
50 68 12 7 34 24 5 0 0 0
54 101 14 6 34 10 6 0 0 0
57 2 0 0 0 0 0 1 0 0
58 2 0 0 0 0 0 1 0 0
59 6 1 1 1 0 0 0 0 0
60 3 0 0 0 0 0 2 0 0
64 34 0 0 0 0 0 0 0 0
fn=_dl_debug_state
74 10 0 0 0 0 0 0 0 0
fl=/build/glibc-FcXrgv/glibc-2.31/elf/dl-deps.c
fn=_dl_map_object_deps
144 6 0 0 0 0 0 6 0 0
145 1 0 0 0 0 0 0 0 0
146 15 0 0 0 0 0 12 0 0
148 4 0 0 0 0 0 4 0 0
152 29 6 6 11 0 0 6 0 0
159 55 5 5 0 0 0 75 4 4
160 75 10 10 0 0 0 5 1 1
176 28 4 4 5 0 0 6 0 0
177 1 0 0 1 0 0 0 0 0
180 10 0 0 5 0 0 5 0 0
198 15 5 5 5 0 0 5 0 0
199 10 0 0 0 0 0 0 0 0
200 15 0 0 0 0 0 10 0 0
202 26 0 0 26 0 0 0 0 0
206 31 0 0 0 0 0 0 0 0
209 119 0 0 57 0 0 31 0 0
213 62 0 0 31 18 12 0 0 0
214 191 5 5 80 13 0 0 0 0
217 26 0 0 0 0 0 0 0 0
221 26 0 0 13 0 0 0 0 0
224 86 5 5 43 14 4 0 0 0
226 75 0 0 50 12 0 25 0 0
231 25 0 0 0 0 0 25 0 0
232 25 0 0 0 0 0 25 1 0
233 50 0 0 25 0 0 25 0 0
234 50 0 0 25 0 0 25 0 0
237 1473 6 5 749 146 42 25 0 0
238 1348 5 5 0 0 0 0 0 0
244 472 18 5 118 8 0 0 0 0
246 59 0 0 0 0 0 59 0 0
248 295 7 5 0 0 0 0 0 0
249 118 0 0 59 0 0 0 0 0
258 59 7 5 59 0 0 0 0 0
260 177 0 0 59 0 0 0 0 0
265 75 0 0 0 0 0 25 1 0
269 25 0 0 0 0 0 25 0 0
270 25 0 0 0 0 0 50 3 0
271 50 0 0 25 3 0 25 1 0
273 75 0 0 25 0 0 25 0 0
275 125 12 4 25 0 0 50 0 0
279 59 0 0 0 0 0 0 0 0
280 50 0 0 0 0 0 25 2 0
282 3075 7 6 0 0 0 0 0 0
303 60 0 0 0 0 0 0 0 0
433 31 4 0 0 0 0 0 0 0
435 26 0 0 0 0 0 13 1 1
438 65 0 0 0 0 0 0 0 0
439 13 5 5 0 0 0 0 0 0
445 13 0 0 0 0 0 13 0 0
446 52 0 0 0 0 0 0 0 0
447 65 0 0 0 0 0 0 0 0
449 13 0 0 0 0 0 0 0 0
450 13 0 0 0 0 0 13 1 0
451 39 0 0 13 0 0 13 0 0
455 93 4 0 62 6 0 0 0 0
457 93 5 5 62 1 0 31 0 0
458 83 0 0 26 2 0 0 0 0
464 30 5 5 10 1 0 0 0 0
465 4 1 1 1 0 0 1 0 0
468 20 0 0 10 2 0 5 0 0
479 30 5 5 5 0 0 0 0 0
481 5 0 0 0 0 0 0 0 0
486 20 0 0 5 0 0 5 2 0
487 15 0 0 5 0 0 5 0 0
489 67 0 0 31 0 0 0 0 0
491 93 0 0 62 1 0 0 0 0
495 93 0 0 31 0 0 31 9 7
499 93 5 5 31 4 0 31 0 0
502 15 0 0 5 0 0 0 0 0
553 20 0 0 10 0 0 0 0 0
555 50 5 5 10 1 0 15 0 0
590 20 5 5 5 0 0 0 0 0
594 25 0 0 5 0 0 0 0 0
597 5 0 0 0 0 0 5 0 0
598 5 5 5 0 0 0 0 0 0
599 5 0 0 0 0 0 5 0 0
600 25 0 0 10 0 0 5 0 0
608 10 5 5 5 0 0 0 0 0
611 5 0 0 0 0 0 0 0 0
614 45 0 0 60 7 0 0 0 0
fn=openaux
61 236 6 5 0 0 0 177 3 1
64 539 0 0 295 0 0 59 13 0
65 59 0 0 59 4 0 0 0 0
69 177 0 0 177 9 0 0 0 0
fl=/build/glibc-FcXrgv/glibc-2.31/elf/dl-environ.c
fn=_dl_next_ld_env_entry
28 3 0 0 0 0 0 0 0 0
29 3 1 1 3 0 0 0 0 0
32 29 0 0 14 0 0 0 0 0
34 39 1 1 13 0 0 0 0 0
35 15 0 0 5 0 0 0 0 0
37 2 0 0 0 0 0 0 0 0
40 4 0 0 0 0 0 2 0 0
49 3 0 0 0 0 0 0 0 0
fl=/build/glibc-FcXrgv/glibc-2.31/elf/dl-error-skeleton.c
fn=_dl_catch_error
225 1479 206 18 210 99 0 740 0 0
227 212 0 0 0 0 0 0 0 0
228 106 0 0 0 0 0 106 4 1
229 212 4 1 212 0 0 106 0 0
230 424 102 6 106 0 0 106 0 0
232 949 0 0 845 0 0 0 0 0
fn=_dl_catch_exception
175 2608 215 24 630 224 9 1696 131 6
178 174 0 0 0 0 0 0 0 0
181 4 4 1 0 0 0 4 0 0
182 12 0 0 4 0 0 0 0 0
184 8 1 0 4 1 0 4 1 0
185 8 0 0 0 0 0 0 0 0
199 170 0 0 170 0 0 0 0 0
200 340 0 0 0 0 0 340 106 2
203 340 102 6 0 0 0 170 0 0
206 850 0 0 0 0 0 0 0 0
208 340 0 0 340 0 0 0 0 0
209 806 104 8 488 11 2 170 0 0
210 340 0 0 0 0 0 510 14 2
219 1912 1 1 1304 43 2 0 0 0
fn=_dl_receive_error
238 5 1 0 0 0 0 6 1 0
239 3 0 0 1 0 0 0 0 0
240 1 0 0 1 0 0 0 0 0
243 1 0 0 0 0 0 1 0 0
244 1 0 0 0 0 0 1 0 0
246 2 1 1 0 0 0 0 0 0
248 1 0 0 0 0 0 1 0 0
249 1 0 0 0 0 0 1 0 0
250 4 1 1 6 1 0 0 0 0
fl=/build/glibc-FcXrgv/glibc-2.31/elf/dl-fini.c
fn=_dl_fini
30 8 1 1 0 0 0 12 0 0
47 6 0 0 0 0 0 1 0 0
50 11 0 0 1 1 1 0 0 0
53 3 1 1 1 1 1 0 0 0
55 1 0 0 1 1 1 0 0 0
58 1 0 0 0 0 0 0 0 0
60 6 0 0 3 1 0 0 0 0
65 2 0 0 0 0 0 1 0 0
68 13 1 1 0 0 0 1 0 0
73 40 1 1 19 2 2 0 0 0
75 57 0 0 19 17 15 0 0 0
77 38 0 0 0 0 0 0 0 0
79 19 0 0 0 0 0 19 0 0
80 19 0 0 0 0 0 19 17 17
81 19 0 0 0 0 0 0 0 0
85 57 0 0 19 16 15 19 0 0
87 5 1 1 0 0 0 0 0 0
88 5 0 0 0 0 0 0 0 0
94 8 3 3 0 0 0 0 0 0
104 3 0 0 1 1 0 0 0 0
109 42 0 0 1 0 0 0 0 0
111 19 0 0 19 0 0 0 0 0
113 38 0 0 19 11 0 0 0 0
116 38 0 0 0 0 0 19 0 0
119 38 0 0 19 19 18 0 0 0
120 4 1 1 2 2 2 0 0 0
123 51 1 1 17 0 0 0 0 0
134 51 0 0 34 12 8 0 0 0
135 17 0 0 17 2 2 0 0 0
136 34 0 0 17 17 16 0 0 0
137 122 1 1 0 0 0 0 0 0
138 36 0 0 18 17 16 0 0 0
142 34 0 0 17 17 16 0 0 0
143 68 0 0 34 12 12 0 0 0
149 114 0 0 38 1 1 0 0 0
168 76 1 1 19 0 0 19 0 0
174 6 0 0 2 0 0 0 0 0
180 2 0 0 1 0 0 0 0 0
187 8 0 0 12 1 0 0 0 0
fl=/build/glibc-FcXrgv/glibc-2.31/elf/dl-hwcaps.c
fn=_dl_important_hwcaps
42 12 2 2 0 0 0 16 0 0
43 6 0 0 1 0 0 0 0 0
45 3 1 1 1 0 0 0 0 0
46 2 0 0 0 0 0 0 0 0
55 2 0 0 0 0 0 0 0 0
65 4 1 1 1 0 0 0 0 0
148 13 2 2 0 0 0 1 0 0
149 1 0 0 0 0 0 0 0 0
185 2 0 0 0 0 0 0 0 0
193 2 0 0 1 0 0 0 0 0
195 1 0 0 0 0 0 1 0 0
196 2 0 0 1 0 0 1 0 0
197 2 0 0 0 0 0 0 0 0
200 2 0 0 0 0 0 0 0 0
201 2 1 1 0 0 0 2 0 0
204 2 0 0 0 0 0 0 0 0
207 3 0 0 1 0 0 0 0 0
211 8 1 1 1 0 0 2 0 0
212 2 0 0 0 0 0 0 0 0
221 2 1 1 0 0 0 0 0 0
230 6 1 1 1 0 0 2 0 0
231 4 1 1 0 0 0 0 0 0
232 1 0 0 0 0 0 0 0 0
252 2 1 1 0 0 0 0 0 0
263 7 0 0 0 0 0 3 0 0
266 5 0 0 0 0 0 2 0 0
268 4 0 0 2 0 0 1 0 0
269 4 0 0 1 0 0 1 0 0
282 1 0 0 0 0 0 0 0 0
289 1 1 1 0 0 0 0 0 0
294 18 0 0 5 0 0 0 0 0
295 8 0 0 0 0 0 4 0 0
299 9 0 0 0 0 0 0 0 0
302 10 1 1 0 0 0 0 0 0
303 28 0 0 0 0 0 0 0 0
304 24 0 0 8 0 0 4 0 0
306 4 1 1 0 0 0 0 0 0
309 3 0 0 1 0 0 0 0 0
310 1 0 0 0 0 0 0 0 0
311 5 0 0 1 0 0 0 0 0
324 11 2 2 4 0 0 2 0 0
327 4 0 0 0 0 0 0 0 0
330 3 0 0 2 0 0 1 0 0
333 9 1 1 12 0 0 0 0 0
fl=/build/glibc-FcXrgv/glibc-2.31/elf/dl-init.c
fn=_dl_init
30 114 1 1 32 4 0 0 0 0
79 50 5 5 0 0 0 45 1 1
80 5 0 0 5 0 0 0 0 0
81 5 0 0 5 5 1 0 0 0
84 20 5 5 5 0 0 0 0 0
87 3 0 0 0 0 0 1 0 0
92 15 0 0 0 0 0 0 0 0
117 5 0 0 5 0 0 0 0 0
118 82 6 5 0 0 0 0 0 0
119 155 0 0 62 5 0 0 0 0
125 30 4 4 45 1 0 0 0 0
fn=call_init.part.0
28 171 5 5 0 0 0 133 1 0
36 57 0 0 19 0 0 19 0 0
39 57 0 0 38 22 3 0 0 0
40 3 0 0 0 0 0 0 0 0
44 36 5 5 18 15 3 0 0 0
45 2 0 0 1 1 0 0 0 0
49 54 0 0 18 0 0 0 0 0
58 119 0 0 34 17 3 0 0 0
62 34 0 0 17 17 3 0 0 0
68 54 0 0 36 16 3 0 0 0
70 54 5 5 36 2 0 0 0 0
71 240 1 0 0 0 0 0 0 0
72 375 0 0 75 26 10 0 0 0
74 95 6 5 133 1 0 0 0 0
fl=/build/glibc-FcXrgv/glibc-2.31/elf/dl-load.c
fn=_dl_dst_count
231 198 8 5 0 0 0 264 11 4
232 1 0 0 0 0 0 0 0 0
234 132 0 0 0 0 0 0 0 0
237 66 0 0 0 0 0 0 0 0
238 66 8 5 0 0 0 0 0 0
244 1 1 1 0 0 0 0 0 0
246 6 0 0 0 0 0 0 0 0
247 5 0 0 0 0 0 1 0 0
248 2 0 0 0 0 0 0 0 0
249 2 1 1 0 0 0 0 0 0
252 3 0 0 0 0 0 0 0 0
254 1 0 0 0 0 0 0 0 0
257 268 0 0 267 0 0 2 0 0
fn=_dl_dst_substitute
269 16 1 1 1 0 0 12 0 0
278 3 1 1 0 0 0 1 0 0
282 3 0 0 0 0 0 0 0 0
288 7 0 0 0 0 0 0 0 0
310 3 1 1 1 0 0 0 0 0
315 3 0 0 1 0 0 0 0 0
325 2 0 0 0 0 0 0 0 0
327 3 0 0 0 0 0 0 0 0
328 1 0 0 0 0 0 0 0 0
347 2 0 0 1 0 0 0 0 0
358 1 0 0 0 0 0 0 0 0
365 1 0 0 0 0 0 1 0 0
368 8 1 1 12 0 0 0 0 0
fn=_dl_init_paths
681 7 1 1 0 0 0 8 0 0
694 10 1 1 2 0 0 1 0 0
698 1 0 0 0 0 0 1 0 0
699 2 0 0 0 0 0 0 0 0
700 1 0 0 0 0 0 0 0 0
707 4 0 0 0 0 0 0 0 0
708 4 0 0 1 0 0 0 0 0
711 4 1 1 0 0 0 1 0 0
713 1 0 0 0 0 0 0 0 0
719 1 0 0 0 0 0 1 0 0
720 7 0 0 0 0 0 1 0 0
728 3 0 0 0 0 0 3 0 0
730 3 0 0 0 0 0 0 0 0
731 4 0 0 0 0 0 8 4 4
733 2 0 0 0 0 0 0 0 0
734 10 1 1 3 1 1 8 1 1
735 13 0 0 0 0 0 0 0 0
738 15 0 0 3 1 1 0 0 0
739 56 0 0 0 0 0 0 0 0
740 16 0 0 0 0 0 16 1 1
742 17 1 1 0 0 0 4 0 0
748 3 1 1 0 0 0 1 0 0
749 1 0 0 0 0 0 1 0 0
753 1 0 0 1 0 0 0 0 0
754 1 0 0 0 0 0 0 0 0
756 4 0 0 1 0 0 0 0 0
758 2 0 0 1 0 0 0 0 0
775 2 0 0 0 0 0 1 0 0
777 2 1 1 1 0 0 0 0 0
791 2 2 2 0 0 0 1 0 0
796 3 1 1 1 0 0 0 0 0
798 18 0 0 0 0 0 1 0 0
802 1 0 0 0 0 0 0 0 0
803 32 0 0 15 0 0 0 0 0
804 70 1 1 0 0 0 0 0 0
807 2 0 0 0 0 0 1 0 0
808 2 0 0 0 0 0 0 0 0
809 1 0 0 0 0 0 0 0 0
815 8 1 1 0 0 0 0 0 0
818 3 0 0 2 0 0 0 0 0
824 2 0 0 0 0 0 1 0 0
828 6 1 1 8 0 0 0 0 0
fn=_dl_map_object
659 96 8 8 32 2 0 0 0 0
662 23 0 0 3 0 0 3 0 0
1927 520 6 6 0 0 0 780 22 21
1929 17 0 0 0 0 0 17 0 0
1935 130 0 0 0 0 0 0 0 0
1936 455 6 6 65 8 1 0 0 0
1939 1361 0 0 453 1 0 0 0 0
1944 2180 16 6 436 154 40 0 0 0
1946 1744 0 0 0 0 0 0 0 0
1950 776 0 0 388 0 0 0 0 0
1951 776 0 0 388 151 52 0 0 0
1954 248 0 0 248 115 32 0 0 0
1955 496 0 0 496 355 71 0 0 0
1956 992 5 5 0 0 0 0 0 0
1972 102 5 5 17 0 0 17 4 3
1982 34 0 0 17 4 4 0 0 0
2016 17 0 0 0 0 0 17 9 7
2018 68 0 0 0 0 0 0 0 0
2022 48 6 5 0 0 0 12 0 0
2024 24 0 0 12 0 0 0 0 0
2031 36 5 5 12 1 0 0 0 0
2035 70 8 8 10 0 0 30 0 0
2040 20 0 0 10 0 0 0 0 0
2041 22 0 0 3 0 0 0 0 0
2043 70 0 0 0 0 0 30 0 0
2055 20 10 4 10 0 0 0 0 0
2056 70 0 0 30 0 0 0 0 0
2057 10 0 0 0 0 0 0 0 0
2066 72 10 4 12 4 4 12 0 0
2067 202 10 10 24 0 0 12 0 0
2073 36 0 0 0 0 0 0 0 0
2074 23 0 0 0 0 0 0 0 0
2076 24 1 1 2 0 0 2 0 0
2080 4 0 0 0 0 0 0 0 0
2082 12 4 4 0 0 0 12 0 0
2096 12 0 0 0 0 0 0 0 0
2098 36 0 0 12 0 0 0 0 0
2102 36 5 5 0 0 0 0 0 0
2104 12 0 0 0 0 0 0 0 0
2108 12 0 0 0 0 0 0 0 0
2116 36 0 0 12 3 0 0 0 0
2139 84 0 0 0 0 0 0 0 0
2143 24 1 1 0 0 0 0 0 0
2144 12 0 0 0 0 0 12 0 0
2161 24 0 0 12 0 0 0 0 0
2167 5 0 0 0 0 0 5 0 0
2168 15 0 0 0 0 0 0 0 0
2169 5 5 5 0 0 0 0 0 0
2170 10 0 0 0 0 0 0 0 0
2174 35 0 0 0 0 0 0 0 0
2177 10 0 0 0 0 0 0 0 0
2189 51 5 5 17 0 0 0 0 0
2191 48 0 0 0 0 0 0 0 0
2235 51 0 0 17 1 0 17 0 0
2236 204 5 5 34 0 0 34 0 0
2238 585 2 2 780 7 0 0 0 0
fn=_dl_map_object_from_fd
866 289 18 15 17 0 0 221 11 8
876 68 0 0 0 0 0 0 0 0
877 13 2 1 0 0 0 13 0 0
883 51 0 0 0 0 0 17 0 0
901 476 6 5 187 28 0 17 0 0
902 340 0 0 170 33 0 0 0 0
920 17 5 5 0 0 0 0 0 0
944 51 0 0 0 0 0 17 0 0
954 51 0 0 17 0 0 0 0 0
961 34 0 0 17 0 0 0 0 0
965 4 4 4 0 0 0 0 0 0
966 16 0 0 4 0 0 0 0 0
988 8 0 0 0 0 0 4 0 0
989 4 0 0 0 0 0 0 0 0
990 4 0 0 0 0 0 0 0 0
991 8 0 0 0 0 0 4 0 0
994 26 0 0 0 0 0 0 0 0
997 136 4 4 0 0 0 0 0 0
998 17 0 0 0 0 0 0 0 0
1009 34 0 0 0 0 0 17 7 7
1010 34 0 0 17 0 0 17 0 0
1011 34 0 0 17 0 0 17 0 0
1013 34 0 0 0 0 0 0 0 0
1014 85 9 5 51 0 0 0 0 0
1015 34 0 0 0 0 0 17 1 0
1030 17 0 0 0 0 0 0 0 0
1032 17 0 0 0 0 0 0 0 0
1034 221 7 5 17 0 0 17 8 4
1035 17 0 0 0 0 0 0 0 0
1036 17 0 0 0 0 0 0 0 0
1042 486 22 10 17 0 0 0 0 0
1043 1136 23 10 128 5 2 0 0 0
1049 34 0 0 17 0 0 0 0 0
1054 34 0 0 17 0 0 17 0 0
1055 68 0 0 17 0 0 17 0 0
1060 4 0 0 2 0 0 2 0 0
1061 2 0 0 0 0 0 0 0 0
1066 176 10 5 53 4 4 0 0 0
1071 180 0 0 72 0 0 0 0 0
1079 108 0 0 0 0 0 0 0 0
1080 125 16 5 0 0 0 36 5 3
1081 216 6 5 36 0 0 0 0 0
1082 36 0 0 0 0 0 72 3 0
1083 108 0 0 36 0 0 36 0 0
1084 72 0 0 0 0 0 36 3 3
1088 91 0 0 19 0 0 0 0 0
1089 55 0 0 0 0 0 0 0 0
1093 108 0 0 0 0 0 36 0 0
1094 178 5 5 36 0 0 0 0 0
1104 36 0 0 0 0 0 0 0 0
1107 6 2 2 3 2 1 0 0 0
1111 3 0 0 0 0 0 3 1 1
1112 6 0 0 3 0 0 3 0 0
1116 15 0 0 0 0 0 3 0 0
1117 6 0 0 3 0 0 3 0 0
1120 3 0 0 0 0 0 3 0 0
1125 15 2 2 6 0 0 0 0 0
1126 70 0 0 17 12 4 17 0 0
1132 17 0 0 0 0 0 0 0 0
1140 17 0 0 17 0 0 0 0 0
1141 17 0 0 0 0 0 0 0 0
1144 34 0 0 17 0 0 17 1 1
1145 34 0 0 17 1 0 17 0 0
1157 17 0 0 0 0 0 0 0 0
1170 51 0 0 17 0 0 0 0 0
1180 136 0 0 34 0 0 51 1 0
1192 51 5 5 17 0 0 0 0 0
1201 51 5 5 17 0 0 17 0 0
1208 51 0 0 0 0 0 0 0 0
1210 68 17 5 17 0 0 0 0 0
1229 34 0 0 17 0 0 0 0 0
1248 51 0 0 17 0 0 17 0 0
1250 85 0 0 34 16 0 0 0 0
1298 34 0 0 17 7 7 0 0 0
1299 9 2 1 3 0 0 3 0 0
1302 51 8 4 0 0 0 0 0 0
1311 51 0 0 17 0 0 0 0 0
1313 68 0 0 34 0 0 17 0 0
1315 51 0 0 17 0 0 0 0 0
1331 34 6 5 0 0 0 0 0 0
1335 17 0 0 0 0 0 0 0 0
1336 34 0 0 17 0 0 0 0 0
1353 34 0 0 17 0 0 0 0 0
1354 6 0 0 2 0 0 2 1 0
1357 51 0 0 34 0 0 34 1 0
1362 34 0 0 17 0 0 0 0 0
1372 68 5 5 17 0 0 0 0 0
1381 34 0 0 17 0 0 0 0 0
1382 12 0 0 3 0 0 0 0 0
1385 8 2 1 4 0 0 0 0 0
1387 6 0 0 0 0 0 3 0 0
1394 51 0 0 0 0 0 0 0 0
1398 68 10 5 17 0 0 0 0 0
1417 153 18 0 204 5 0 0 0 0
fn=cache_rpath.part.0
654 21 0 0 0 0 0 0 0 0
665 21 4 4 7 0 0 0 0 0
668 12 0 0 0 0 0 6 0 0
673 5 0 0 1 0 0 0 0 0
674 2 0 0 2 1 0 0 0 0
676 12 3 3 0 0 0 0 0 0
fn=decompose_rpath.isra.0
555 9 1 1 0 0 0 7 0 0
559 1 0 0 1 0 0 0 0 0
568 3 0 0 1 1 1 0 0 0
599 2 1 1 1 0 0 0 0 0
606 4 0 0 0 0 0 2 0 0
607 1 0 0 0 0 0 0 0 0
614 1 0 0 0 0 0 0 0 0
615 19 1 1 8 0 0 0 0 0
617 14 0 0 0 0 0 0 0 0
621 2 0 0 0 0 0 0 0 0
623 1 0 0 0 0 0 0 0 0
631 8 1 1 0 0 0 0 0 0
635 2 0 0 0 0 0 0 0 0
638 2 0 0 1 0 0 0 0 0
645 1 0 0 0 0 0 1 1 0
647 3 0 0 2 0 0 1 0 0
648 1 0 0 0 0 0 0 0 0
649 5 1 1 7 0 0 0 0 0
fn=expand_dynamic_string_token
378 42 12 10 0 0 0 42 1 1
388 14 0 0 0 0 0 0 0 0
391 7 0 0 0 0 0 0 0 0
392 12 0 0 0 0 0 0 0 0
395 18 1 1 2 0 0 0 0 0
398 4 1 1 0 0 0 0 0 0
399 1 0 0 0 0 0 0 0 0
402 3 0 0 0 0 0 0 0 0
403 21 0 0 42 0 0 0 0 0
fn=fillin_rpath
447 28 4 4 0 0 0 30 0 0
449 2 0 0 0 0 0 0 0 0
451 20 2 2 0 0 0 0 0 0
458 4 0 0 2 0 0 0 0 0
460 8 2 2 0 0 0 0 0 0
464 2 0 0 0 0 0 0 0 0
469 4 0 0 0 0 0 0 0 0
470 2 0 0 0 0 0 0 0 0
477 12 0 0 2 0 0 0 0 0
482 10 2 2 0 0 0 2 0 0
486 32 2 2 13 1 1 0 0 0
487 27 0 0 9 4 4 0 0 0
505 10 2 2 3 0 0 2 0 0
509 30 2 2 6 0 0 10 0 0
511 4 0 0 4 0 0 0 0 0
515 2 0 0 0 0 0 2 2 2
516 2 0 0 0 0 0 0 0 0
517 10 0 0 0 0 0 4 0 0
518 2 0 0 0 0 0 2 0 0
520 10 2 2 4 0 0 0 0 0
521 1 0 0 0 0 0 1 0 0
526 10 0 0 2 0 0 0 0 0
527 30 0 0 0 0 0 0 0 0
528 8 0 0 0 0 0 8 0 0
530 4 2 2 2 0 0 2 0 0
531 4 0 0 2 0 0 0 0 0
532 4 0 0 2 0 0 1 0 0
533 2 0 0 1 0 0 0 0 0
536 2 0 0 0 0 0 1 0 0
538 2 0 0 0 0 0 2 0 0
539 4 0 0 2 0 0 2 0 0
542 6 0 0 0 0 0 2 0 0
544 4 2 2 0 0 0 0 0 0
548 2 0 0 0 0 0 2 0 0
551 16 0 0 24 0 0 0 0 0
fn=is_dst
195 18 2 2 0 0 0 10 0 0
199 6 0 0 2 0 0 0 0 0
209 10 0 0 0 0 0 0 0 0
211 8 1 1 2 0 0 0 0 0
212 4 0 0 0 0 0 0 0 0
213 2 1 1 0 0 0 0 0 0
214 4 0 0 0 0 0 0 0 0
215 4 0 0 0 0 0 0 0 0
222 10 1 1 10 0 0 0 0 0
fn=open_path
1443 42 0 0 0 0 0 14 0 0
1779 182 24 10 0 0 0 252 25 21
1780 28 0 0 14 0 0 14 1 1
1783 14 0 0 0 0 0 14 0 0
1784 28 0 0 14 5 4 14 0 0
1786 14 0 0 0 0 0 0 0 0
1789 14 0 0 0 0 0 0 0 0
1791 308 18 10 42 2 0 14 6 5
1798 14 0 0 0 0 0 0 0 0
1803 42 0 0 14 0 0 0 0 0
1810 56 0 0 28 7 4 0 0 0
1811 390 17 11 70 0 0 8 0 0
1814 168 0 0 56 0 0 0 0 0
1818 220 0 0 80 6 4 0 0 0
1821 40 6 5 0 0 0 20 0 0
1824 60 0 0 20 0 0 0 0 0
1827 160 0 0 60 0 0 0 0 0
1829 40 0 0 20 0 0 0 0 0
1831 16 2 2 0 0 0 0 0 0
1836 32 1 1 0 0 0 0 0 0
1837 72 2 2 24 1 0 0 0 0
1843 32 4 4 8 0 0 8 0 0
1845 40 0 0 8 0 0 0 0 0
1846 4 0 0 2 1 1 0 0 0
1848 24 0 0 0 0 0 0 0 0
1855 36 4 4 0 0 0 0 0 0
1857 48 0 0 0 0 0 0 0 0
1858 42 0 0 0 0 0 14 0 0
1865 28 0 0 0 0 0 14 0 0
1875 160 5 5 0 0 0 0 0 0
1896 84 5 5 14 0 0 0 0 0
1901 42 0 0 14 0 0 14 0 0
1903 56 0 0 28 0 0 14 0 0
1906 14 1 1 0 0 0 0 0 0
1920 126 0 0 168 0 0 0 0 0
fn=open_verify.isra.0.constprop.0
1466 481 25 10 0 0 0 444 15 9
1505 222 0 0 37 0 0 0 0 0
1518 20 0 0 0 0 0 0 0 0
1536 148 0 0 0 0 0 0 0 0
1538 74 0 0 0 0 0 0 0 0
1543 17 0 0 0 0 0 0 0 0
1549 51 17 5 0 0 0 17 0 0
1550 34 0 0 0 0 0 17 4 1
1555 85 0 0 0 0 0 0 0 0
1557 51 0 0 17 0 0 0 0 0
1559 34 0 0 0 0 0 17 0 0
1561 34 0 0 0 0 0 0 0 0
1567 34 8 5 0 0 0 0 0 0
1583 449 15 12 136 13 6 0 0 0
1657 51 0 0 17 3 3 0 0 0
1662 51 6 5 17 0 0 0 0 0
1664 85 0 0 17 0 0 0 0 0
1670 51 0 0 17 5 1 0 0 0
1676 34 0 0 17 0 0 0 0 0
1677 68 11 5 17 0 0 0 0 0
1678 17 0 0 0 0 0 0 0 0
1698 637 0 0 107 0 0 0 0 0
1699 387 10 5 129 44 32 0 0 0
1700 68 0 0 17 4 3 0 0 0
1704 85 0 0 34 0 0 0 0 0
1705 17 0 0 0 0 0 0 0 0
1710 3 1 1 0 0 0 0 0 0
1711 12 1 1 0 0 0 1 1 1
1721 9 0 0 4 0 0 4 0 0
1729 154 20 14 49 17 11 0 0 0
1731 17 0 0 0 0 0 0 0 0
1732 170 0 0 51 0 0 0 0 0
1735 51 0 0 0 0 0 0 0 0
1740 5 0 0 0 0 0 0 0 0
1741 5 0 0 0 0 0 0 0 0
1744 5 0 0 0 0 0 0 0 0
1747 10 1 1 5 0 0 0 0 0
1748 10 0 0 5 0 0 0 0 0
1749 5 0 0 5 1 1 0 0 0
1750 10 0 0 5 0 0 0 0 0
1751 25 0 0 5 0 0 0 0 0
1761 51 8 5 0 0 0 0 0 0
1765 333 5 5 444 0 0 0 0 0
fl=/build/glibc-FcXrgv/glibc-2.31/elf/dl-lookup.c
fn=_dl_lookup_symbol_x
209 1608 2 2 534 0 0 0 0 0
581 11310 0 0 0 0 0 0 0 0
582 484359 161 32 239352 6970 4566 0 0 0
583 467394 0 0 0 0 0 0 0 0
598 14226 0 0 0 0 0 0 0 0
611 118 0 0 118 30 0 0 0 0
614 118 0 0 0 0 0 0 0 0
618 118 0 0 118 1 1 0 0 0
619 118 4 4 0 0 0 0 0 0
621 1698 0 0 566 173 3 0 0 0
622 1346 0 0 116 0 0 0 0 0
628 2 2 2 0 0 0 0 0 0
629 67 2 2 0 0 0 0 0 0
632 65 0 0 65 47 1 0 0 0
633 260 0 0 0 0 0 0 0 0
634 260 2 2 65 0 0 0 0 0
639 4 0 0 2 2 0 2 0 0
642 6 2 2 0 0 0 2 0 0
693 18 0 0 4 2 0 4 0 0
700 14 2 2 4 1 0 0 0 0
701 84 0 0 0 0 0 0 0 0
702 26 0 0 26 9 0 0 0 0
704 2 0 0 0 0 0 0 0 0
710 8 0 0 4 0 0 0 0 0
721 2 0 0 2 0 0 0 0 0
741 6 2 2 2 0 0 0 0 0
748 8 2 2 0 0 0 0 0 0
754 14 2 2 0 0 0 4 0 0
755 4 0 0 2 0 0 0 0 0
774 4 0 0 0 0 0 0 0 0
777 4 0 0 0 0 0 2 0 0
778 4 0 0 0 0 0 2 0 0
779 2 0 0 0 0 0 0 0 0
780 2 0 0 2 0 0 0 0 0
781 2 0 0 0 0 0 2 0 0
782 2 2 2 0 0 0 2 0 0
783 2 0 0 0 0 0 0 0 0
795 6 2 2 2 0 0 0 0 0
809 12 2 2 4 1 0 0 0 0
811 4 0 0 2 0 0 0 0 0
812 4 0 0 2 0 0 0 0 0
841 90480 315 56 0 0 0 79170 357 29
843 11310 0 0 0 0 0 5655 137 7
844 5655 0 0 0 0 0 11310 8 0
847 28275 0 0 5655 166 29 5655 0 0
851 9289 0 0 0 0 0 0 0 0
853 28275 163 32 11310 0 0 5655 0 0
854 22620 0 0 16965 193 36 0 0 0
860 24715 0 0 9530 243 0 0 0 0
861 129746 163 30 15929 72 1 41388 20 4
866 11310 0 0 5655 0 0 0 0 0
868 365 5 5 73 6 0 0 0 0
885 73 0 0 0 0 0 73 0 0
886 146 5 5 0 0 0 0 0 0
890 38674 0 0 11064 38 0 0 0 0
930 27910 156 25 5582 0 0 0 0 0
933 9484 101 5 0 0 0 0 0 0
944 11164 0 0 5582 1273 43 0 0 0
945 3 2 2 0 0 0 1 0 0
947 22328 0 0 5582 0 0 0 0 0
952 11164 0 0 5582 0 0 5582 0 0
954 50895 161 33 67860 72 1 0 0 0
fn=_dl_setup_hash
964 38 5 5 19 0 0 0 0 0
966 19 0 0 19 0 0 0 0 0
968 38 0 0 19 19 19 19 1 1
970 19 0 0 38 1 1 0 0 0
972 57 0 0 0 0 0 0 0 0
973 19 0 0 0 0 0 19 0 0
974 57 11 5 19 0 0 19 0 0
976 19 0 0 0 0 0 19 0 0
977 38 0 0 0 0 0 0 0 0
979 19 0 0 0 0 0 19 0 0
980 19 0 0 0 0 0 0 0 0
981 57 0 0 0 0 0 19 0 0
986 19 0 0 0 0 0 0 0 0
fn=check_match
75 72852 154 28 16812 213 139 39228 4772 24
78 28020 150 26 5604 2080 1316 0 0 0
83 22 6 5 0 0 0 0 0 0
91 33624 0 0 0 0 0 0 0 0
94 16905 150 25 1147 0 0 0 0 0
98 5585 1 1 5585 50 3 0 0 0
99 5585 0 0 0 0 0 0 0 0
101 3637 0 0 0 0 0 0 0 0
120 3637 0 0 3637 1046 401 0 0 0
121 32733 0 0 10911 483 50 0 0 0
122 14268 52 25 7134 46 2 0 0 0
123 210 1 1 70 0 0 0 0 0
124 67 0 0 0 0 0 0 0 0
149 1948 99 3 0 0 0 0 0 0
151 7792 0 0 1948 567 228 0 0 0
152 5844 0 0 0 0 0 0 0 0
155 2 1 1 0 0 0 0 0 0
156 12 0 0 6 0 0 2 0 0
158 6 0 0 2 0 0 2 0 0
160 5582 49 24 0 0 0 0 0 0
167 28020 1 1 39228 0 0 0 0 0
fn=do_lookup_x
175 210 0 0 0 0 0 0 0 0
176 210 0 0 0 0 0 0 0 0
177 720 1 1 250 0 0 0 0 0
179 98 0 0 0 0 0 0 0 0
180 294 0 0 0 0 0 0 0 0
181 288 1 1 0 0 0 0 0 0
184 152 0 0 0 0 0 152 0 0
186 152 0 0 0 0 0 304 17 0
187 152 0 0 0 0 0 152 0 0
188 70 0 0 0 0 0 0 0 0
196 3 0 0 0 0 0 1 0 0
209 492 0 0 246 0 0 0 0 0
227 124 1 1 124 0 0 0 0 0
229 2108 1 1 124 33 2 372 0 0
231 248 0 0 0 0 0 124 0 0
232 124 0 0 248 0 0 0 0 0
233 248 0 0 124 0 0 0 0 0
235 615 0 0 0 0 0 123 0 0
236 2046 1 1 190 0 0 369 0 0
239 1024 1 1 512 124 24 0 0 0
240 126 0 0 0 0 0 0 0 0
242 84 0 0 42 0 0 0 0 0
252 126 1 1 84 3 1 42 0 0
253 126 0 0 42 0 0 42 0 0
255 210 0 0 84 0 0 0 0 0
259 214 0 0 0 0 0 0 0 0
262 133 0 0 0 0 0 0 0 0
263 399 0 0 0 0 0 0 0 0
264 134 1 1 0 0 0 0 0 0
267 1458 0 0 486 4 1 0 0 0
274 10 0 0 0 0 0 2 0 0
276 8 1 1 0 0 0 0 0 0
277 2 0 0 0 0 0 0 0 0
284 288 0 0 4 0 0 0 0 0
285 184 1 1 92 25 7 0 0 0
286 140 0 0 210 1 0 0 0 0
290 24 1 1 6 0 0 4 0 0
291 4 0 0 0 0 0 4 0 0
293 6 0 0 2 0 0 0 0 0
294 66978 153 26 27904 2 1 4 0 0
310 1 1 1 0 0 0 0 0 0
318 17790 12 9 8081 0 0 0 0 0
319 6 0 0 0 0 0 2 0 0
320 1 1 1 0 0 0 0 0 0
323 8 0 0 0 0 0 0 0 0
324 3 0 0 0 0 0 2 0 0
325 7 1 1 1 1 0 1 1 1
328 328 2 2 164 0 0 0 0 0
336 328 1 1 82 0 0 0 0 0
340 2 0 0 1 0 0 0 0 0
347 820 1 1 164 0 0 82 0 0
352 492 0 0 164 0 0 82 0 0
354 164 0 0 164 0 0 0 0 0
355 82 0 0 0 0 0 164 0 0
368 155205 299 65 31041 0 0 175899 574 74
369 10347 0 0 10347 330 3 0 0 0
374 10347 0 0 0 0 0 0 0 0
375 41388 0 0 10347 0 0 10347 0 0
379 114948 153 32 114948 17596 144 0 0 0
382 114948 0 0 0 0 0 0 0 0
386 115014 0 0 22 1 0 0 0 0
390 114938 0 0 57469 4446 92 0 0 0
394 172407 0 0 57469 49 19 0 0 0
395 41388 0 0 0 0 0 10347 0 0
400 114938 0 0 57469 3194 64 0 0 0
404 57469 0 0 0 0 0 57469 0 0
405 57469 0 0 0 0 0 57469 0 0
408 114938 0 0 172407 11471 92 0 0 0
409 57469 150 32 57469 38111 80 0 0 0
412 57469 0 0 57469 0 0 0 0 0
413 57469 0 0 0 0 0 0 0 0
415 57469 0 0 57469 38877 785 0 0 0
416 20694 0 0 0 0 0 10347 0 0
417 172407 0 0 114938 0 0 0 0 0
420 114938 0 0 57469 0 0 0 0 0
423 229876 0 0 0 0 0 0 0 0
426 15632 0 0 15632 6348 1278 0 0 0
427 23448 160 31 0 0 0 0 0 0
428 7816 0 0 0 0 0 0 0 0
430 115136 150 29 21588 0 0 35980 0 0
433 77365 148 36 15473 6653 2011 0 0 0
435 11208 0 0 5604 0 0 0 0 0
436 72852 148 38 16812 0 0 16812 4609 6
437 11208 0 0 0 0 0 0 0 0
440 5652 0 0 24 0 0 0 0 0
443 19786 0 0 0 0 0 0 0 0
474 4850 12 9 1618 0 0 0 0 0
476 2 0 0 0 0 0 0 0 0
482 11164 154 31 5582 0 0 0 0 0
498 72429 148 32 0 0 0 10347 0 0
533 11164 148 28 0 0 0 0 0 0
536 34176 0 0 5582 0 0 0 0 0
540 7674 37 19 2558 106 15 0 0 0
552 5458 0 0 5458 0 0 0 0 0
553 5458 0 0 0 0 0 10916 5 0
554 5706 0 0 0 0 0 0 0 0
571 155676 0 0 0 0 0 0 0 0
574 4765 3 2 0 0 0 0 0 0
575 82776 0 0 124164 29 1 0 0 0
fl=/build/glibc-FcXrgv/glibc-2.31/elf/dl-minimal.c
fn=calloc
92 20 9 1 0 0 0 0 0 0
96 20 0 0 0 0 0 0 0 0
99 20 0 0 0 0 0 0 0 0
100 80 1 1 0 0 0 0 0 0
103 20 0 0 0 0 0 0 0 0
fn=free
109 27 0 0 0 0 0 36 1 1
111 45 0 0 9 0 0 0 0 0
118 27 1 1 36 0 0 0 0 0
fn=malloc
49 208 1 1 0 0 0 208 4 3
50 258 0 0 103 0 0 0 0 0
55 6 0 0 2 0 0 1 0 0
56 4 1 1 1 0 0 0 0 0
57 2 0 0 0 0 0 0 0 0
61 156 0 0 0 0 0 52 0 0
62 52 0 0 0 0 0 0 0 0
64 303 2 1 0 0 0 0 0 0
69 15 0 0 3 1 0 0 0 0
70 9 0 0 0 0 0 0 0 0
72 6 0 0 0 0 0 3 0 0
73 24 0 0 0 0 0 0 0 0
75 6 0 0 0 0 0 0 0 0
77 12 0 0 3 0 0 0 0 0
79 14 0 0 3 0 0 3 0 0
82 104 15 1 0 0 0 104 0 0
85 156 0 0 208 0 0 0 0 0
fn=strsep
265 8 2 2 4 2 2 0 0 0
267 8 0 0 4 0 0 0 0 0
268 4 0 0 0 0 0 0 0 0
272 113 2 2 23 0 0 0 0 0
277 70 0 0 0 0 0 0 0 0
279 70 0 0 35 0 0 0 0 0
290 2 0 0 0 0 0 2 0 0
293 2 0 0 0 0 0 0 0 0
294 4 0 0 0 0 0 0 0 0
fl=/build/glibc-FcXrgv/glibc-2.31/elf/dl-misc.c
fn=_dl_higher_prime_number
338 6 0 0 0 0 0 0 0 0
340 26 1 1 0 0 0 0 0 0
342 40 0 0 0 0 0 0 0 0
343 37 0 0 10 4 4 0 0 0
344 6 0 0 0 0 0 0 0 0
359 4 0 0 2 0 0 0 0 0
fn=_dl_name_match_p
282 3830 12 12 0 0 0 3064 10 7
283 2298 0 0 766 94 36 0 0 0
284 93 0 0 0 0 0 0 0 0
286 765 0 0 765 47 13 0 0 0
288 1503 0 0 0 0 0 0 0 0
289 3320 0 0 830 169 52 0 0 0
292 738 0 0 738 0 0 0 0 0
294 673 5 5 0 0 0 0 0 0
295 2298 1 1 3064 0 0 0 0 0
fn=_dl_sysdep_read_whole_file
44 30 5 5 0 0 0 25 0 0
47 10 0 0 0 0 0 0 0 0
48 5 0 0 0 0 0 0 0 0
50 30 5 5 0 0 0 0 0 0
52 10 0 0 5 0 0 5 0 0
55 5 0 0 0 0 0 0 0 0
57 40 5 5 0 0 0 0 0 0
68 10 0 0 0 0 0 0 0 0
71 25 0 0 25 0 0 0 0 0
fl=/build/glibc-FcXrgv/glibc-2.31/elf/dl-object.c
fn=_dl_add_to_namespace_list
31 126 18 5 0 0 0 126 0 0
33 108 18 5 18 0 0 0 0 0
35 126 0 0 18 1 0 0 0 0
38 510 9 4 170 16 0 0 0 0
40 17 0 0 0 0 0 17 0 0
42 17 0 0 0 0 0 17 0 0
45 2 0 0 0 0 0 1 0 0
46 144 1 1 18 0 0 18 0 0
47 36 0 0 18 12 2 18 0 0
48 36 0 0 0 0 0 18 0 0
50 72 0 0 18 0 0 0 0 0
51 72 0 0 126 0 0 0 0 0
fn=_dl_new_object
59 216 26 10 0 0 0 216 13 13
62 54 0 0 0 0 0 18 3 3
64 1 1 1 0 0 0 0 0 0
65 1 0 0 0 0 0 0 0 0
69 6 0 0 0 0 0 0 0 0
74 2 0 0 0 0 0 0 0 0
77 170 17 4 17 0 0 0 0 0
89 72 1 1 0 0 0 18 0 0
92 18 0 0 0 0 0 0 0 0
95 18 0 0 0 0 0 18 9 9
96 54 0 0 0 0 0 18 9 9
99 36 7 5 0 0 0 36 1 1
100 18 0 0 0 0 0 0 0 0
101 90 0 0 18 0 0 18 7 7
103 54 0 0 18 0 0 18 0 0
116 36 0 0 18 2 0 0 0 0
122 54 0 0 0 0 0 0 0 0
124 54 8 5 18 9 9 18 0 0
127 72 0 0 18 1 1 18 0 0
128 49 12 5 13 0 0 18 9 9
129 18 0 0 0 0 0 18 0 0
133 36 0 0 0 0 0 18 0 0
136 60 1 1 1 0 0 0 0 0
138 16 0 0 0 0 0 16 5 5
146 36 0 0 0 0 0 18 7 7
147 36 6 5 0 0 0 18 9 9
150 1 1 1 0 0 0 0 0 0
152 108 8 4 18 0 0 0 0 0
154 60 0 0 0 0 0 17 1 1
157 27 4 4 0 0 0 0 0 0
161 39 0 0 13 2 0 0 0 0
165 64 0 0 0 0 0 0 0 0
167 29 5 0 0 0 0 0 0 0
173 10 0 0 0 0 0 10 1 1
176 36 6 5 0 0 0 18 0 0
186 18 0 0 0 0 0 0 0 0
188 68 0 0 0 0 0 0 0 0
192 51 0 0 0 0 0 0 0 0
196 51 1 0 0 0 0 0 0 0
197 17 0 0 0 0 0 0 0 0
205 17 0 0 0 0 0 0 0 0
209 17 0 0 0 0 0 0 0 0
222 34 0 0 0 0 0 0 0 0
242 51 7 5 0 0 0 0 0 0
247 342 0 0 0 0 0 0 0 0
248 1026 0 0 342 0 0 0 0 0
250 34 0 0 0 0 0 0 0 0
253 17 0 0 0 0 0 17 0 0
256 17 0 0 0 0 0 17 0 0
260 144 0 0 216 0 0 0 0 0
fl=/build/glibc-FcXrgv/glibc-2.31/elf/dl-open.c
fn=_dl_find_dso_for_object
201 30 6 6 0 0 0 36 5 0
205 42 6 6 6 0 0 6 0 0
206 56 3 3 28 22 19 0 0 0
207 168 0 0 56 28 24 0 0 0
208 12 0 0 6 4 3 0 0 0
209 12 3 3 0 0 0 0 0 0
211 18 6 6 6 5 4 0 0 0
215 36 0 0 42 0 0 0 0 0
fn=_dl_open
780 45 5 5 0 0 0 60 0 0
781 10 0 0 0 0 0 0 0 0
786 55 5 5 5 5 5 0 0 0
788 10 0 0 0 0 0 0 0 0
814 15 0 0 0 0 0 0 0 0
827 5 0 0 0 0 0 5 0 0
828 5 0 0 0 0 0 5 0 0
830 5 0 0 0 0 0 10 0 0
831 5 0 0 0 0 0 5 0 0
832 5 0 0 0 0 0 5 0 0
834 5 0 0 0 0 0 10 0 0
837 35 9 6 0 0 0 0 0 0
841 5 0 0 0 0 0 0 0 0
853 10 0 0 5 0 0 0 0 0
855 35 5 5 5 0 0 5 1 0
858 10 0 0 5 0 0 0 0 0
890 20 0 0 5 0 0 0 0 0
893 20 0 0 5 4 0 0 0 0
896 40 5 5 65 1 0 0 0 0
fn=call_dl_init
467 4 4 4 0 0 0 0 0 0
469 16 0 0 16 0 0 0 0 0
fn=dl_open_worker
247 79 4 4 4 0 0 0 0 0
249 42 0 0 42 3 0 0 0 0
253 92 0 0 21 2 0 0 0 0
312 100 4 4 4 0 0 0 0 0
314 42 0 0 42 0 0 0 0 0
315 21 0 0 0 0 0 0 0 0
317 88 0 0 21 0 0 0 0 0
333 4 0 0 0 0 0 0 0 0
339 42 0 0 21 0 0 0 0 0
340 21 4 4 21 0 0 0 0 0
351 8 0 0 0 0 0 0 0 0
352 92 4 4 21 0 0 0 0 0
354 42 0 0 42 0 0 0 0 0
358 60 4 4 30 6 2 0 0 0
360 4 0 0 0 0 0 0 0 0
361 4 0 0 0 0 0 0 0 0
374 20 1 1 1 0 0 0 0 0
376 12 0 0 12 0 0 0 0 0
380 18 0 0 9 0 0 0 0 0
382 6 1 1 0 0 0 0 0 0
384 4 0 0 2 0 0 0 0 0
385 4 0 0 2 0 0 0 0 0
390 6 0 0 2 0 0 1 0 0
397 17 1 1 0 0 0 0 0 0
399 10 0 0 10 0 0 0 0 0
401 15 0 0 0 0 0 0 0 0
402 6 0 0 5 1 0 0 0 0
403 2 0 0 1 0 0 0 0 0
407 3 0 0 1 0 0 1 0 0
418 2 1 1 1 0 0 0 0 0
421 3 0 0 1 1 1 0 0 0
422 4 0 0 2 0 0 0 0 0
436 93 4 4 12 5 1 0 0 0
437 61 0 0 61 27 7 0 0 0
438 122 0 0 61 17 9 0 0 0
440 4 0 0 2 0 0 0 0 0
441 8 0 0 0 0 0 0 0 0
447 8 0 0 0 0 0 2 0 0
474 45 5 5 0 0 0 60 10 1
476 5 0 0 5 0 0 0 0 0
477 5 0 0 5 0 0 0 0 0
484 15 0 0 0 0 0 0 0 0
485 22 5 5 5 0 0 0 0 0
486 6 0 0 0 0 0 1 0 0
492 25 5 5 5 5 5 5 2 0
494 10 0 0 5 0 0 0 0 0
499 15 0 0 5 0 0 0 0 0
500 8 0 0 4 0 0 4 0 0
505 40 5 5 10 0 0 5 0 0
509 15 0 0 0 0 0 0 0 0
513 45 3 0 5 0 0 5 0 0
518 5 0 0 0 0 0 0 0 0
524 10 5 5 0 0 0 0 0 0
529 20 0 0 5 0 0 5 0 0
532 10 0 0 5 1 1 0 0 0
535 3 1 1 1 0 0 0 0 0
542 1 0 0 0 0 0 0 0 0
547 1 1 1 0 0 0 0 0 0
560 5 0 0 2 0 0 0 0 0
567 4 0 0 0 0 0 0 0 0
571 32 4 4 0 0 0 0 0 0
575 75 8 4 4 0 0 0 0 0
576 105 0 0 84 18 8 0 0 0
577 27 0 0 9 3 0 0 0 0
582 16 0 0 4 2 0 0 0 0
589 4 0 0 0 0 0 0 0 0
604 20 0 0 4 3 0 4 4 0
605 4 0 0 0 0 0 4 0 0
606 4 0 0 0 0 0 0 0 0
607 4 0 0 0 0 0 0 0 0
612 8 4 4 4 0 0 0 0 0
616 20 0 0 0 0 0 0 0 0
617 8 0 0 4 1 0 0 0 0
623 4 0 0 0 0 0 0 0 0
624 4 0 0 0 0 0 0 0 0
627 18 0 0 18 3 0 0 0 0
628 18 4 4 0 0 0 0 0 0
629 9 0 0 9 0 0 0 0 0
631 9 0 0 0 0 0 0 0 0
632 64 4 4 0 0 0 8 2 0
633 4 0 0 0 0 0 0 0 0
637 27 0 0 18 0 0 0 0 0
638 31 4 4 0 0 0 13 5 1
639 9 0 0 9 0 0 0 0 0
641 9 0 0 0 0 0 0 0 0
642 20 4 4 0 0 0 0 0 0
654 17 0 0 0 0 0 0 0 0
656 9 0 0 9 2 1 0 0 0
661 4 0 0 0 0 0 0 0 0
666 36 0 0 14 13 1 0 0 0
673 12 0 0 4 0 0 4 0 0
675 12 4 4 4 1 0 4 0 0
688 27 0 0 0 0 0 0 0 0
701 12 4 4 0 0 0 4 0 0
729 4 0 0 0 0 0 0 0 0
735 8 0 0 4 0 0 0 0 0
736 4 0 0 0 0 0 0 0 0
744 8 0 0 4 0 0 0 0 0
751 20 0 0 12 7 2 16 3 1
758 20 4 4 0 0 0 0 0 0
772 16 1 0 8 1 0 0 0 0
775 40 5 2 60 7 2 0 0 0
fl=/build/glibc-FcXrgv/glibc-2.31/elf/dl-profstub.c
fn=_dl_mcount_wrapper_check
37 333 0 0 0 0 0 0 0 0
38 1332 78 30 666 70 23 0 0 0
39 333 0 0 0 0 0 0 0 0
fl=/build/glibc-FcXrgv/glibc-2.31/elf/dl-reloc.c
fn=_dl_protect_relro
309 95 5 5 19 0 0 76 7 0
310 133 0 0 57 15 2 0 0 0
313 57 5 5 19 0 0 0 0 0
317 38 0 0 0 0 0 0 0 0
318 76 0 0 0 0 0 0 0 0
324 57 0 0 57 0 0 0 0 0
fn=_dl_relocate_object
148 228 10 10 0 0 0 247 0 0
158 19 0 0 0 0 0 0 0 0
159 76 0 0 0 0 0 38 0 0
163 19 0 0 0 0 0 0 0 0
164 114 0 0 19 9 1 19 0 0
170 38 0 0 19 2 0 0 0 0
176 38 0 0 19 0 0 0 0 0
177 19 6 6 19 16 1 0 0 0
178 57 0 0 0 0 0 0 0 0
180 57 7 6 19 1 0 0 0 0
187 57 0 0 19 8 1 19 0 0
227 57 0 0 38 5 0 19 0 0
255 817 27 25 379 97 10 141 0 0
258 38 5 5 19 0 0 0 0 0
282 57 0 0 19 2 0 19 0 0
285 38 0 0 19 0 0 0 0 0
302 38 0 0 19 12 0 0 0 0
303 38 5 5 0 0 0 0 0 0
304 152 0 0 228 26 2 0 0 0
fn=_dl_try_allocate_static_tls
49 8 1 1 0 0 0 8 0 0
52 6 0 0 2 0 0 0 0 0
53 12 1 1 4 2 2 0 0 0
56 2 0 0 0 0 0 0 0 0
77 16 0 0 4 0 0 0 0 0
81 4 0 0 2 0 0 0 0 0
83 6 0 0 2 0 0 0 0 0
86 1 1 1 0 0 0 1 0 0
87 1 0 0 0 0 0 1 0 0
88 1 0 0 0 0 0 1 0 0
95 3 0 0 2 0 0 0 0 0
108 3 1 1 1 0 0 1 0 0
110 1 0 0 0 0 0 0 0 0
111 6 0 0 8 0 0 0 0 0
fl=/build/glibc-FcXrgv/glibc-2.31/elf/dl-runtime.c
fn=_dl_fixup
66 420 60 25 0 0 0 560 23 7
68 140 0 0 280 116 51 0 0 0
69 140 0 0 140 0 0 0 0 0
72 420 62 26 280 166 60 0 0 0
73 840 0 0 280 93 39 140 0 0
75 420 0 0 280 200 121 0 0 0
80 280 0 0 0 0 0 0 0 0
84 420 0 0 140 136 126 0 0 0
86 278 0 0 0 0 0 0 0 0
88 420 63 26 140 77 29 140 0 0
92 278 0 0 278 196 117 0 0 0
93 556 0 0 139 66 26 0 0 0
94 139 0 0 139 74 38 0 0 0
101 140 0 0 0 0 0 0 0 0
102 560 58 26 140 33 2 0 0 0
112 1260 0 0 280 72 30 0 0 0
116 280 0 0 140 0 0 0 0 0
126 1680 59 26 700 0 0 0 0 0
141 560 0 0 140 0 0 0 0 0
145 420 0 0 140 26 13 0 0 0
149 560 0 0 560 0 0 0 0 0
fl=/build/glibc-FcXrgv/glibc-2.31/elf/dl-sort-maps.c
fn=_dl_sort_maps
28 90 12 12 0 0 0 130 3 0
30 20 0 0 0 0 0 0 0 0
33 20 0 0 0 0 0 10 0 0
34 190 12 12 20 0 0 10 0 0
35 110 0 0 0 0 0 30 0 0
39 360 0 0 60 0 0 120 0 0
40 240 6 6 60 0 0 60 0 0
42 60 0 0 0 0 0 0 0 0
46 138 1 1 46 0 0 0 0 0
54 1447 6 6 160 0 0 0 0 0
56 498 0 0 498 20 13 0 0 0
57 249 0 0 0 0 0 0 0 0
59 1784 6 6 892 38 30 0 0 0
60 2474 0 0 0 0 0 0 0 0
65 42 0 0 0 0 0 21 0 0
66 7 0 0 0 0 0 0 0 0
67 14 3 3 14 0 0 7 0 0
69 14 0 0 7 0 0 0 0 0
77 42 0 0 14 0 0 0 0 0
84 28 0 0 7 0 0 0 0 0
85 14 2 2 7 0 0 7 0 0
87 7 0 0 0 0 0 0 0 0
90 580 1 1 169 0 0 0 0 0
96 128 0 0 22 2 2 0 0 0
97 88 0 0 22 0 0 0 0 0
101 2 0 0 2 0 0 0 0 0
102 2 0 0 0 0 0 0 0 0
103 8 0 0 4 0 0 0 0 0
104 12 0 0 0 0 0 0 0 0
115 265 0 0 63 0 0 0 0 0
118 387 6 6 43 0 0 0 0 0
122 80 0 0 120 0 0 0 0 0
fl=/build/glibc-FcXrgv/glibc-2.31/elf/dl-sym.c
fn=_dl_sym
274 300 100 5 0 0 0 0 0 0
fn=do_sym
99 1500 200 14 200 0 0 1100 0 0
100 100 0 0 0 0 0 100 1 0
105 100 0 0 0 0 0 0 0 0
107 200 0 0 0 0 0 0 0 0
141 200 0 0 0 0 0 0 0 0
165 1200 100 6 200 100 0 0 0 0
169 200 0 0 100 0 0 0 0 0
174 500 0 0 200 0 0 0 0 0
180 800 100 8 200 0 0 0 0 0
183 300 0 0 0 0 0 0 0 0
195 300 0 0 200 100 1 0 0 0
252 1300 100 6 1300 0 0 0 0 0
fl=/build/glibc-FcXrgv/glibc-2.31/elf/dl-tls.c
fn=_dl_add_to_slotinfo
887 40 4 4 0 0 0 35 0 0
893 5 0 0 5 0 0 0 0 0
896 15 0 0 5 1 0 0 0 0
901 15 2 2 5 0 0 0 0 0
942 5 0 0 0 0 0 0 0 0
944 3 0 0 0 0 0 6 1 0
945 12 0 0 3 0 0 0 0 0
947 25 0 0 35 0 0 0 0 0
fn=_dl_allocate_tls_init
437 4 1 1 0 0 0 4 2 0
438 1 0 0 0 0 0 0 0 0
442 2 0 0 1 1 0 2 0 0
444 1 0 0 0 0 0 0 0 0
445 1 0 0 0 0 0 0 0 0
448 9 1 1 2 1 0 6 0 0
460 2 0 0 1 0 0 0 0 0
465 12 1 1 1 1 0 0 0 0
471 6 1 1 0 0 0 0 0 0
474 1 0 0 1 1 0 0 0 0
475 1 0 0 0 0 0 0 0 0
481 5 0 0 2 0 0 0 0 0
482 2 0 0 0 0 0 0 0 0
484 5 1 1 1 1 0 1 1 1
485 1 0 0 0 0 0 1 0 0
487 2 0 0 0 0 0 0 0 0
488 2 0 0 1 1 0 0 0 0
491 2 0 0 0 0 0 0 0 0
492 4 0 0 2 0 0 0 0 0
497 1 0 0 0 0 0 0 0 0
504 1 0 0 0 0 0 1 0 0
507 9 0 0 5 0 0 0 0 0
521 5 1 1 8 0 0 1 0 0
524 4 0 0 4 0 0 0 0 0
fn=_dl_allocate_tls_storage
332 4 2 2 0 0 0 5 0 0
345 3 0 0 1 0 0 0 0 0
346 4 0 0 1 0 0 0 0 0
347 1 0 0 0 0 0 0 0 0
367 5 0 0 0 0 0 0 0 0
374 4 0 0 0 0 0 0 0 0
379 2 0 0 0 0 0 1 1 1
381 3 1 1 0 0 0 0 0 0
382 1 0 0 0 0 0 0 0 0
385 5 0 0 5 0 0 0 0 0
fn=_dl_count_modids
113 4 1 1 1 0 0 0 0 0
114 1 0 0 1 1 1 0 0 0
129 1 0 0 0 0 0 0 0 0
fn=_dl_determine_tlsoffset
135 2 0 0 0 0 0 2 0 0
136 1 0 0 0 0 0 0 0 0
137 1 0 0 0 0 0 0 0 0
138 1 0 0 0 0 0 0 0 0
141 4 2 2 1 0 0 0 0 0
144 2 0 0 1 0 0 0 0 0
225 1 0 0 0 0 0 0 0 0
227 9 1 1 2 1 1 0 0 0
229 4 1 1 1 0 0 0 0 0
231 3 0 0 1 0 0 0 0 0
232 2 0 0 1 0 0 0 0 0
234 2 0 0 0 0 0 0 0 0
236 5 0 0 1 0 0 0 0 0
250 4 1 1 0 0 0 0 0 0
251 1 0 0 0 0 0 0 0 0
252 3 0 0 0 0 0 0 0 0
254 2 0 0 0 0 0 1 0 0
255 1 0 0 0 0 0 0 0 0
258 3 0 0 0 0 0 0 0 0
261 1 0 0 0 0 0 0 0 0
264 2 0 0 0 0 0 1 0 0
265 1 0 0 0 0 0 1 0 0
272 1 0 0 0 0 0 1 0 0
273 2 0 0 2 0 0 0 0 0
fn=_dl_get_tls_static_info
309 4 0 0 1 1 0 1 1 1
310 2 0 0 1 0 0 1 0 0
311 1 0 0 0 0 0 0 0 0
fn=_dl_next_tls_modid
51 15 3 2 6 0 0 0 0 0
99 9 0 0 0 0 0 3 0 0
103 3 0 0 0 0 0 0 0 0
fn=_dl_update_slotinfo
623 6 1 1 0 0 0 8 0 0
624 3 1 1 0 0 0 4 0 0
625 3 1 1 1 1 1 2 0 0
643 2 0 0 1 0 0 0 0 0
645 6 1 1 2 0 0 0 0 0
651 5 0 0 2 1 1 0 0 0
658 1 0 0 0 0 0 1 0 0
664 387 0 0 64 0 0 0 0 0
666 63 1 1 63 15 15 0 0 0
668 126 0 0 0 0 0 0 0 0
676 189 1 1 63 0 0 0 0 0
680 2 0 0 2 0 0 0 0 0
681 2 0 0 0 0 0 0 0 0
696 2 0 0 2 0 0 0 0 0
697 4 0 0 0 0 0 0 0 0
698 6 1 1 2 1 1 0 0 0
714 10 0 0 2 0 0 2 0 0
715 6 0 0 2 0 0 2 0 0
716 2 0 0 0 0 0 2 0 0
718 6 0 0 2 0 0 0 0 0
722 3 1 1 1 0 0 1 0 0
724 2 0 0 1 0 0 0 0 0
727 2 0 0 2 0 0 1 0 0
731 7 0 0 10 0 0 0 0 0
fn=allocate_dtv
278 4 1 1 0 0 0 4 0 0
285 3 1 1 1 0 0 0 0 0
286 3 0 0 0 0 0 0 0 0
287 1 0 0 0 0 0 0 0 0
290 3 0 0 0 0 0 1 1 1
296 1 0 0 0 0 0 1 0 0
302 3 0 0 4 0 0 0 0 0
fl=/build/glibc-FcXrgv/glibc-2.31/elf/dl-tunables.c
fn=__GI___tunables_init
67 42 1 1 14 0 0 0 0 0
70 26 0 0 0 0 0 0 0 0
73 709 1 1 116 5 5 0 0 0
77 13 0 0 0 0 0 0 0 0
82 39 0 0 0 0 0 0 0 0
278 3 0 0 1 0 0 0 0 0
287 8 2 2 0 0 0 12 2 2
310 1092 1 1 0 0 0 0 0 0
316 1092 0 0 546 0 0 0 0 0
328 65 0 0 13 0 0 0 0 0
362 7 0 0 12 0 0 0 0 0
fn=__tunable_get_val
371 269 18 10 27 16 7 0 0 0
380 31 0 0 27 8 5 4 1 0
390 23 6 5 0 0 0 23 0 0
391 23 0 0 0 0 0 0 0 0
397 270 1 1 27 3 1 0 0 0
399 27 0 0 0 0 0 0 0 0
fl=/build/glibc-FcXrgv/glibc-2.31/elf/dl-tunables.h
fn=__GI___tunables_init
119 799 0 0 268 9 9 0 0 0
120 454 1 1 0 0 0 0 0 0
fl=/build/glibc-FcXrgv/glibc-2.31/elf/dl-version.c
fn=_dl_check_all_versions
362 3 1 1 0 0 0 4 1 0
364 5 0 0 0 0 0 2 0 0
366 22 0 0 10 0 0 0 0 0
367 10 0 0 10 3 0 0 0 0
368 80 1 1 0 0 0 0 0 0
371 5 0 0 6 1 0 0 0 0
fn=_dl_check_map_versions
37 645 5 5 90 3 0 0 0 0
38 285 0 0 285 0 0 0 0 0
39 1320 5 5 0 0 0 0 0 0
57 132 0 0 132 18 0 0 0 0
65 198 5 5 66 0 0 0 0 0
66 135 0 0 0 0 0 45 0 0
71 132 0 0 66 20 12 0 0 0
87 66 0 0 66 24 4 0 0 0
88 66 0 0 0 0 0 0 0 0
90 132 0 0 66 5 0 0 0 0
95 891 5 5 297 43 43 0 0 0
109 891 0 0 297 17 16 0 0 0
111 66 5 5 66 0 0 0 0 0
114 330 0 0 66 4 4 0 0 0
121 462 0 0 231 12 11 0 0 0
125 231 0 0 0 0 0 0 0 0
143 17 0 0 0 0 0 0 0 0
156 95 10 10 0 0 0 114 12 0
157 19 0 0 0 0 0 19 0 0
165 19 0 0 0 0 0 0 0 0
171 38 0 0 19 4 0 0 0 0
173 38 0 0 19 6 0 19 5 0
175 38 0 0 19 6 1 19 0 0
176 38 0 0 19 1 0 19 0 0
178 19 0 0 0 0 0 0 0 0
181 136 5 5 34 11 0 153 0 0
185 51 0 0 17 15 15 0 0 0
199 28 0 0 0 0 0 0 0 0
201 180 0 0 135 3 3 0 0 0
209 90 0 0 45 0 0 0 0 0
214 270 0 0 90 10 10 45 0 0
218 602 5 5 432 4 0 17 0 0
220 66 0 0 66 15 15 0 0 0
222 153 0 0 66 0 0 66 0 0
225 264 0 0 66 0 0 0 0 0
228 177 0 0 66 0 0 0 0 0
233 21 0 0 0 0 0 0 0 0
237 135 5 5 90 0 0 0 0 0
242 56 0 0 0 0 0 28 0 0
251 107 5 5 155 0 0 0 0 0
254 55 0 0 33 3 0 0 0 0
257 476 0 0 119 23 10 0 0 0
260 238 0 0 119 9 6 0 0 0
264 108 0 0 0 0 0 0 0 0
268 18 5 5 0 0 0 0 0 0
273 18 0 0 0 0 0 18 10 0
274 90 5 5 0 0 0 0 0 0
275 18 0 0 0 0 0 0 0 0
285 18 5 5 0 0 0 18 1 0
288 54 0 0 36 27 0 18 5 0
290 36 0 0 18 0 0 0 0 0
293 85 0 0 51 1 0 0 0 0
295 28 4 4 0 0 0 0 0 0
297 135 0 0 45 0 0 0 0 0
300 132 0 0 66 0 0 0 0 0
302 132 0 0 0 0 0 0 0 0
304 215 5 5 66 0 0 0 0 0
305 132 0 0 0 0 0 132 15 15
306 198 0 0 66 0 0 66 3 3
307 198 0 0 66 0 0 66 0 0
310 132 0 0 66 0 0 0 0 0
315 21 0 0 0 0 0 0 0 0
318 90 0 0 45 0 0 0 0 0
323 28 0 0 0 0 0 0 0 0
328 36 1 1 18 0 0 0 0 0
331 55 0 0 33 0 0 0 0 0
335 108 0 0 216 0 0 0 0 0
337 238 0 0 119 1 0 0 0 0
341 108 0 0 108 0 0 0 0 0
342 443 0 0 0 0 0 108 14 14
343 324 0 0 108 0 0 108 0 0
344 108 0 0 0 0 0 108 4 4
347 238 4 4 119 0 0 0 0 0
351 108 0 0 0 0 0 0 0 0
357 76 0 0 95 0 0 0 0 0
fl=/build/glibc-FcXrgv/glibc-2.31/elf/do-rel.h
fn=_dl_relocate_object
46 38 3 2 0 0 0 0 0 0
47 38 0 0 0 0 0 0 0 0
48 38 0 0 38 6 0 0 0 0
58 38 0 0 0 0 0 0 0 0
61 2151 0 0 0 0 0 0 0 0
83 29 0 0 29 3 0 0 0 0
84 29 5 5 29 0 0 0 0 0
86 58 0 0 0 0 0 0 0 0
98 116 5 5 0 0 0 0 0 0
108 29 0 0 1 1 1 0 0 0
111 9965 5 5 0 0 0 0 0 0
118 58 0 0 29 24 3 0 0 0
121 28 0 0 28 13 2 0 0 0
124 22691 2 2 18 4 0 0 0 0
136 22617 5 5 22617 5553 2222 0 0 0
137 30156 0 0 0 0 0 7539 3 0
138 23769 0 0 7539 8 0 0 0 0
139 7539 0 0 0 0 0 0 0 0
160 25 0 0 1 0 0 2 0 0
170 30 1 1 10 1 1 5 0 0
171 5 0 0 0 0 0 0 0 0
fn=_dl_start
83 1 0 0 1 0 0 0 0 0
84 1 0 0 1 0 0 0 0 0
111 159 0 0 0 0 0 0 0 0
116 2 0 0 1 0 0 0 0 0
124 42 0 0 6 0 0 0 0 0
136 24 1 1 24 3 3 0 0 0
137 24 0 0 0 0 0 0 0 0
139 12 0 0 0 0 0 0 0 0
fl=/build/glibc-FcXrgv/glibc-2.31/elf/get-dynamic-info.h
fn=_dl_map_object_from_fd
42 17 0 0 0 0 0 0 0 0
46 17 0 0 0 0 0 0 0 0
48 942 0 0 471 128 128 0 0 0
50 908 0 0 0 0 0 0 0 0
52 218 0 0 0 0 0 0 0 0
53 143 0 0 0 0 0 0 0 0
60 51 0 0 0 0 0 0 0 0
63 344 0 0 0 0 0 0 0 0
64 298 0 0 0 0 0 88 15 15
65 84 0 0 0 0 0 0 0 0
67 17 0 0 0 0 0 0 0 0
68 97 0 0 0 0 0 0 0 0
69 34 0 0 0 0 0 0 0 0
71 97 6 5 0 0 0 0 0 0
72 55 5 5 0 0 0 0 0 0
73 732 5 5 0 0 0 366 32 32
81 17 5 5 0 0 0 0 0 0
101 49 0 0 22 0 0 5 0 0
102 85 0 0 34 0 0 17 0 0
103 85 5 5 34 0 0 17 0 0
104 85 0 0 34 0 0 17 0 0
106 85 0 0 34 0 0 17 0 0
111 85 0 0 34 0 0 17 0 0
112 82 11 5 33 1 1 16 0 0
113 85 0 0 34 0 0 17 0 0
118 34 0 0 17 0 0 0 0 0
123 51 0 0 17 0 0 0 0 0
130 34 17 5 17 0 0 0 0 0
131 68 0 0 34 0 0 0 0 0
149 34 0 0 17 0 0 0 0 0
154 2 0 0 1 0 0 1 0 0
156 1 0 0 0 0 0 0 0 0
158 1 0 0 0 0 0 0 0 0
160 1 0 0 0 0 0 0 0 0
161 2 1 1 0 0 0 1 0 0
163 34 0 0 17 0 0 0 0 0
165 9 3 1 3 0 0 3 0 0
166 3 0 0 0 0 0 0 0 0
167 2 0 0 0 0 0 1 0 0
175 9 0 0 3 0 0 0 0 0
180 3 0 0 0 0 0 0 0 0
181 3 0 0 1 0 0 1 0 0
183 34 14 4 17 0 0 0 0 0
185 1 0 0 0 0 0 1 0 0
fn=_dl_start
33 1 0 0 0 0 0 0 0 0
48 42 0 0 21 6 6 0 0 0
50 40 1 1 0 0 0 0 0 0
52 10 0 0 0 0 0 0 0 0
53 7 0 0 0 0 0 0 0 0
60 3 0 0 0 0 0 0 0 0
63 16 1 1 0 0 0 0 0 0
64 14 0 0 0 0 0 4 0 0
65 4 1 1 0 0 0 0 0 0
67 1 0 0 0 0 0 0 0 0
68 5 1 1 0 0 0 0 0 0
69 2 0 0 0 0 0 0 0 0
71 5 0 0 0 0 0 0 0 0
72 3 0 0 0 0 0 0 0 0
73 18 1 1 0 0 0 16 0 0
81 1 0 0 0 0 0 0 0 0
101 5 0 0 2 0 0 1 0 0
102 5 1 1 2 0 0 1 0 0
103 5 0 0 2 0 0 1 0 0
104 5 0 0 2 0 0 1 0 0
106 5 1 1 2 0 0 1 0 0
111 5 0 0 2 0 0 1 0 0
112 5 0 0 2 0 0 1 0 0
113 5 0 0 2 0 0 1 0 0
118 2 1 1 1 0 0 0 0 0
123 3 0 0 1 0 0 0 0 0
130 2 0 0 1 0 0 0 0 0
131 4 0 0 2 0 0 0 0 0
139 2 0 0 1 0 0 0 0 0
142 2 1 1 1 0 0 0 0 0
146 2 0 0 1 0 0 0 0 0
147 2 0 0 1 0 0 0 0 0
fn=dl_main
33 1 0 0 1 0 0 0 0 0
42 1 0 0 0 0 0 0 0 0
46 1 0 0 0 0 0 0 0 0
48 62 1 1 31 8 8 0 0 0
50 60 0 0 0 0 0 0 0 0
52 8 0 0 0 0 0 0 0 0
53 6 0 0 0 0 0 0 0 0
60 3 1 1 0 0 0 0 0 0
63 13 1 1 0 0 0 0 0 0
64 11 1 1 0 0 0 3 2 2
65 4 1 1 0 0 0 0 0 0
67 1 0 0 0 0 0 0 0 0
68 5 0 0 0 0 0 0 0 0
69 2 0 0 0 0 0 0 0 0
71 5 1 1 0 0 0 0 0 0
72 3 0 0 0 0 0 0 0 0
73 28 0 0 0 0 0 27 3 3
81 2 0 0 1 0 0 0 0 0
118 2 1 1 1 0 0 0 0 0
123 3 0 0 1 0 0 0 0 0
130 2 0 0 1 0 0 0 0 0
131 4 1 1 2 0 0 0 0 0
149 2 0 0 1 1 1 0 0 0
163 2 0 0 1 0 0 0 0 0
183 2 1 1 1 0 0 0 0 0
fl=/build/glibc-FcXrgv/glibc-2.31/elf/rtld.c
fn=_dl_start
462 2 0 0 0 0 0 1 1 1
463 9 1 1 0 0 0 7 3 3
496 166 0 0 0 0 0 0 0 0
497 1 0 0 0 0 0 0 0 0
499 83 0 0 0 0 0 83 11 11
504 1 0 0 0 0 0 1 0 0
507 1 0 0 0 0 0 1 1 1
518 1 0 0 0 0 0 0 0 0
523 23 1 1 9 0 0 2 0 0
525 3 0 0 1 1 1 1 0 0
541 3 0 0 1 0 0 0 0 0
550 5 1 0 6 1 0 0 0 0
fn=_dl_start_final
412 6 2 2 0 0 0 6 1 1
423 4 0 0 1 0 0 1 1 1
424 2 0 0 1 0 0 1 1 1
425 4 0 0 0 0 0 0 0 0
427 4 0 0 2 1 1 2 1 1
428 3 1 1 1 1 1 1 0 0
430 3 0 0 0 0 0 0 0 0
431 2 0 0 0 0 0 1 0 0
432 3 1 1 0 0 0 1 0 0
433 3 0 0 0 0 0 1 1 1
434 3 0 0 0 0 0 1 0 0
443 2 0 0 0 0 0 1 0 0
449 4 0 0 0 0 0 0 0 0
451 3 1 0 1 0 0 0 0 0
459 4 0 0 6 1 0 0 0 0
fn=dl_main
817 2 0 0 1 1 0 0 0 0
821 3 0 0 1 1 0 1 0 0
830 4 0 0 3 1 0 1 0 0
835 1 0 0 0 0 0 1 0 0
1090 14 2 2 0 0 0 16 4 4
1096 3 0 0 0 0 0 0 0 0
1099 1 0 0 0 0 0 0 0 0
1102 5 0 0 0 0 0 1 0 0
1106 3 0 0 0 0 0 1 1 1
1107 3 1 1 0 0 0 1 0 0
1112 3 0 0 0 0 0 1 0 0
1122 6 1 1 2 0 0 0 0 0
1330 10 1 1 0 0 0 1 0 0
1332 1 0 0 0 0 0 0 0 0
1333 1 0 0 0 0 0 1 1 1
1334 2 0 0 1 0 0 1 0 0
1335 3 1 1 2 0 0 1 0 0
1339 2 0 0 0 0 0 0 0 0
1340 3 0 0 1 0 0 0 0 0
1361 1 0 0 0 0 0 1 0 0
1362 1 0 0 0 0 0 1 0 0
1364 2 1 1 0 0 0 1 0 0
1366 3 0 0 1 0 0 1 0 0
1369 32 0 0 1 0 0 0 0 0
1370 75 4 4 9 5 5 0 0 0
1374 3 1 1 1 0 0 1 0 0
1375 1 0 0 0 0 0 0 0 0
1379 4 0 0 2 0 0 1 0 0
1380 1 0 0 0 0 0 0 0 0
1388 4 0 0 0 0 0 1 0 0
1389 3 0 0 2 1 1 0 0 0
1391 1 0 0 0 0 0 1 0 0
1398 2 0 0 1 0 0 0 0 0
1410 1 1 1 0 0 0 0 0 0
1416 1 0 0 0 0 0 0 0 0
1424 4 0 0 2 0 0 0 0 0
1425 8 0 0 3 1 1 0 0 0
1426 6 0 0 2 0 0 0 0 0
1427 1 1 1 0 0 0 1 0 0
1430 6 0 0 2 1 1 0 0 0
1431 4 0 0 0 0 0 0 0 0
1432 4 0 0 0 0 0 2 0 0
1433 6 0 0 2 0 0 0 0 0
1434 3 0 0 0 0 0 1 0 0
1456 2 0 0 0 0 0 0 0 0
1461 3 0 0 1 0 0 1 0 0
1462 1 0 0 0 0 0 0 0 0
1465 2 0 0 1 0 0 1 0 0
1466 2 0 0 1 0 0 1 0 0
1478 2 0 0 1 1 1 0 0 0
1481 1 0 0 0 0 0 0 0 0
1483 1 0 0 0 0 0 0 0 0
1485 3 1 1 1 0 0 0 0 0
1498 3 0 0 1 0 0 0 0 0
1499 5 0 0 2 0 0 0 0 0
1500 1 0 0 1 0 0 0 0 0
1501 3 0 0 2 0 0 0 0 0
1504 4 1 1 0 0 0 1 0 0
1506 1 0 0 0 0 0 1 1 1
1507 2 0 0 0 0 0 1 0 0
1509 2 0 0 1 0 0 0 0 0
1510 1 0 0 0 0 0 1 0 0
1514 3 0 0 1 0 0 0 0 0
1516 1 0 0 0 0 0 0 0 0
1521 2 0 0 0 0 0 0 0 0
1524 3 0 0 1 0 0 0 0 0
1549 10 1 1 1 0 0 1 0 0
1554 5 1 1 1 0 0 1 0 0
1557 6 0 0 1 0 0 1 0 0
1559 1 0 0 0 0 0 1 0 0
1564 2 0 0 1 0 0 0 0 0
1567 4 1 1 2 0 0 1 0 0
1568 5 0 0 1 0 0 1 0 0
1569 2 0 0 0 0 0 1 0 0
1570 1 0 0 0 0 0 1 0 0
1571 3 0 0 1 0 0 1 0 0
1572 3 0 0 1 0 0 1 0 0
1577 4 1 1 1 0 0 0 0 0
1578 4 1 1 1 0 0 1 0 0
1595 5 1 1 1 1 1 0 0 0
1596 3 0 0 1 0 0 0 0 0
1598 2 0 0 1 0 0 0 0 0
1600 2 1 1 0 0 0 1 0 0
1601 3 0 0 1 0 0 1 0 0
1605 2 0 0 0 0 0 0 0 0
1606 1 0 0 0 0 0 0 0 0
1607 9 0 0 1 1 1 0 0 0
1609 3 0 0 1 0 0 1 1 1
1610 2 0 0 1 0 0 1 0 0
1615 3 1 1 1 1 1 0 0 0
1620 2 0 0 0 0 0 1 0 0
1621 5 0 0 1 0 0 0 0 0
1622 4 0 0 2 0 0 1 0 0
1640 2 0 0 0 0 0 1 0 0
1648 2 1 1 1 0 0 0 0 0
1651 2 0 0 1 0 0 1 0 0
1655 3 0 0 1 0 0 0 0 0
1660 3 0 0 1 0 0 1 0 0
1661 1 0 0 0 0 0 0 0 0
1662 1 0 0 0 0 0 0 0 0
1666 3 1 1 1 0 0 0 0 0
1682 3 0 0 2 0 0 0 0 0
1684 1 0 0 0 0 0 0 0 0
1686 4 0 0 2 0 0 0 0 0
1690 6 1 1 0 0 0 0 0 0
1694 4 0 0 2 0 0 0 0 0
1709 6 1 1 0 0 0 0 0 0
1785 3 0 0 2 0 0 0 0 0
1789 14 2 2 0 0 0 1 1 0
1790 1 1 1 0 0 0 0 0 0
1793 3 0 0 0 0 0 1 1 0
1794 1 0 0 1 0 0 0 0 0
1795 1 0 0 0 0 0 0 0 0
1796 2 0 0 0 0 0 0 0 0
1805 8 0 0 1 0 0 0 0 0
1810 32 0 0 1 0 0 0 0 0
1811 43 1 1 21 0 0 10 0 0
1814 4 0 0 2 0 0 1 0 0
1815 2 0 0 1 0 0 0 0 0
1816 1 1 1 0 0 0 1 0 0
1818 26 0 0 0 0 0 0 0 0
1819 40 0 0 10 0 0 0 0 0
1829 3 1 1 0 0 0 1 0 0
1831 4 0 0 1 0 0 1 0 0
1832 2 1 1 1 1 0 0 0 0
1834 3 0 0 0 0 0 1 0 0
1836 3 0 0 0 0 0 0 0 0
1838 3 0 0 1 0 0 0 0 0
1839 1 0 0 1 0 0 0 0 0
1852 2 1 1 0 0 0 0 0 0
1853 2 0 0 0 0 0 1 0 0
1854 3 0 0 1 0 0 0 0 0
1865 4 0 0 1 0 0 1 1 0
1866 1 0 0 0 0 0 1 0 0
1867 7 1 1 0 0 0 0 0 0
1877 3 0 0 1 0 0 1 1 0
1878 2 0 0 1 1 0 0 0 0
1879 3 1 1 0 0 0 1 0 0
1881 2 1 1 1 0 0 0 0 0
1886 2 0 0 1 0 0 0 0 0
2116 2 1 1 1 1 0 0 0 0
2172 2 1 1 0 0 0 1 0 0
2176 4 0 0 2 1 0 2 0 0
2182 2 0 0 1 0 0 1 1 0
2185 1 0 0 0 0 0 0 0 0
2217 3 1 1 1 0 0 0 0 0
2239 5 1 1 1 0 0 0 0 0
2242 3 0 0 1 0 0 1 0 0
2246 2 0 0 1 0 0 0 0 0
2247 31 0 0 0 0 0 0 0 0
2249 20 1 1 20 3 0 0 0 0
2254 20 0 0 20 8 0 0 0 0
2256 13 1 1 1 1 0 0 0 0
2258 2 1 1 0 0 0 1 0 0
2259 1 0 0 1 0 0 0 0 0
2262 30 0 0 10 1 0 10 0 0
2264 35 0 0 10 2 0 2 0 0
2265 63 0 0 18 8 0 0 0 0
2269 23 0 0 11 2 0 0 0 0
2270 4 0 0 0 0 0 0 0 0
2278 3 0 0 1 1 0 0 0 0
2280 1 0 0 0 0 0 0 0 0
2283 5 0 0 2 2 0 0 0 0
2285 4 1 1 1 0 0 1 0 0
2292 3 0 0 1 0 0 0 0 0
2295 3 0 0 1 1 0 0 0 0
2304 6 0 0 2 1 0 0 0 0
2306 4 1 1 1 0 0 0 0 0
2319 3 0 0 1 1 0 1 0 0
2320 6 0 0 1 1 0 0 0 0
2330 1 0 0 0 0 0 0 0 0
2334 3 0 0 1 0 0 0 0 0
2355 4 0 0 0 0 0 0 0 0
2356 1 0 0 0 0 0 1 0 0
2357 1 0 0 0 0 0 0 0 0
2358 1 0 0 0 0 0 0 0 0
2362 1 0 0 0 0 0 0 0 0
2367 9 1 1 12 2 2 0 0 0
2533 3 0 0 1 0 0 1 1 1
2535 1 0 0 0 0 0 1 0 0
2536 1 0 0 0 0 0 0 0 0
2540 7 0 0 1 0 0 1 0 0
2542 9 0 0 3 0 0 0 0 0
2544 2 0 0 0 0 0 0 0 0
2546 86 1 1 21 0 0 0 0 0
2547 19 0 0 0 0 0 0 0 0
2549 4 0 0 0 0 0 0 0 0
2555 13 3 3 0 0 0 0 0 0
2576 5 1 1 1 0 0 0 0 0
2583 11 2 2 2 0 0 0 0 0
2585 3 0 0 0 0 0 1 0 0
2586 1 0 0 0 0 0 0 0 0
2631 2 1 1 1 0 0 0 0 0
2632 12 1 1 2 0 0 0 0 0
2634 3 0 0 0 0 0 1 0 0
2635 1 0 0 0 0 0 0 0 0
2639 7 2 2 0 0 0 1 0 0
2667 4 0 0 0 0 0 0 0 0
2674 8 0 0 0 0 0 0 0 0
2704 4 1 1 1 0 0 0 0 0
2736 5 0 0 1 0 0 0 0 0
fn=do_preload
768 7 1 1 0 0 0 6 0 0
774 1 0 0 0 0 0 2 0 0
775 1 0 0 0 0 0 1 0 0
776 2 0 0 0 0 0 1 0 0
778 3 0 0 1 0 0 0 0 0
780 7 1 1 0 0 0 0 0 0
781 2 1 0 1 0 0 0 0 0
789 3 0 0 1 0 0 0 0 0
795 4 0 0 6 0 0 0 0 0
fn=dso_name_valid_for_suid
167 4 1 1 0 0 0 4 0 0
168 3 0 0 1 0 0 0 0 0
176 3 0 0 1 0 0 0 0 0
177 4 0 0 4 0 0 0 0 0
fn=handle_preload_list
858 7 1 1 0 0 0 6 2 2
859 4 1 1 0 0 0 2 0 0
863 5 0 0 2 0 0 0 0 0
866 8 0 0 0 0 0 1 0 0
867 3 1 1 0 0 0 0 0 0
869 4 1 1 0 0 0 0 0 0
870 2 0 0 0 0 0 1 0 0
876 1 0 0 0 0 0 0 0 0
877 4 0 0 1 0 0 0 0 0
880 2 0 0 0 0 0 0 0 0
881 6 0 0 0 0 0 0 0 0
884 9 0 0 9 1 0 0 0 0
fn=init_tls
699 4 1 1 0 0 0 5 0 0
701 4 0 0 1 0 0 1 0 0
705 2 1 1 1 0 0 0 0 0
711 1 0 0 0 0 0 0 0 0
714 1 0 0 0 0 0 1 0 0
715 3 0 0 0 0 0 0 0 0
716 1 0 0 0 0 0 0 0 0
720 1 0 0 0 0 0 0 0 0
721 1 0 0 0 0 0 1 0 0
722 1 0 0 0 0 0 1 0 0
726 2 0 0 1 1 1 0 0 0
727 2 0 0 0 0 0 0 0 0
728 12 1 1 1 0 0 0 0 0
729 10 0 0 10 0 0 0 0 0
730 30 0 0 10 9 0 0 0 0
734 4 0 0 0 0 0 1 0 0
736 1 0 0 0 0 0 0 0 0
738 2 0 0 0 0 0 0 0 0
741 1 0 0 0 0 0 0 0 0
748 1 1 1 0 0 0 0 0 0
749 1 0 0 0 0 0 0 0 0
755 3 0 0 1 0 0 1 0 0
758 1 0 0 0 0 0 0 0 0
761 3 0 0 0 0 0 1 0 0
764 4 0 0 5 0 0 0 0 0
fn=map_doit
606 4 2 2 0 0 0 3 0 0
608 3 0 0 1 0 0 0 0 0
609 6 1 0 2 0 0 1 0 0
611 3 0 0 3 0 0 0 0 0
fn=rtld_lock_default_lock_recursive
802 27 1 1 9 6 1 9 0 0
803 9 0 0 0 0 0 0 0 0
fn=rtld_lock_default_unlock_recursive
808 27 0 0 9 0 0 9 0 0
809 9 0 0 0 0 0 0 0 0
fn=version_check_doit
639 4 2 2 0 0 0 3 1 0
641 6 0 0 2 0 0 0 0 0
645 3 0 0 3 0 0 0 0 0
fl=/build/glibc-FcXrgv/glibc-2.31/iconv/../iconv/loop.c
fn=__gconv_transform_ascii_internal
301 264 0 0 0 0 0 0 0 0
309 328 0 0 0 0 0 0 0 0
322 452 0 0 0 0 0 0 0 0
323 160 0 0 0 0 0 0 0 0
336 1512 3 3 288 0 0 32 0 0
340 132 1 1 0 0 0 132 0 0
fn=__gconv_transform_internal_utf8
301 3 0 0 0 0 0 0 0 0
303 3 0 0 0 0 0 6 0 0
309 26 0 0 0 0 0 0 0 0
314 14 0 0 0 0 0 0 0 0
315 7 0 0 0 0 0 0 0 0
322 14 3 2 0 0 0 0 0 0
336 81 0 0 21 0 0 27 0 0
340 3 0 0 0 0 0 3 0 0
fn=__gconv_transform_utf8_internal
301 140 0 0 0 0 0 0 0 0
309 3572 0 0 0 0 0 0 0 0
322 3572 0 0 0 0 0 0 0 0
323 1716 35 15 0 0 0 0 0 0
336 12082 35 13 1716 0 0 1716 56 20
340 70 35 12 0 0 0 70 0 0
fl=/build/glibc-FcXrgv/glibc-2.31/iconv/../iconv/skeleton.c
fn=__gconv_transform_ascii_internal
399 2244 2 2 264 0 0 1452 0 0
400 132 0 0 0 0 0 0 0 0
401 132 0 0 0 0 0 0 0 0
402 132 0 0 0 0 0 0 0 0
405 264 0 0 132 0 0 0 0 0
417 132 1 1 0 0 0 0 0 0
513 528 0 0 132 0 0 264 0 0
514 132 0 0 132 0 0 0 0 0
518 132 0 0 0 0 0 132 0 0
519 660 0 0 0 0 0 132 0 0
602 132 0 0 132 0 0 0 0 0
609 396 1 1 132 0 0 0 0 0
647 132 0 0 0 0 0 0 0 0
654 396 0 0 264 0 0 132 0 0
658 132 0 0 0 0 0 0 0 0
661 132 0 0 0 0 0 132 0 0
665 528 1 1 264 0 0 132 0 0
667 264 0 0 264 0 0 0 0 0
676 264 0 0 0 0 0 132 0 0
813 1848 1 1 1716 0 0 0 0 0
fn=__gconv_transform_internal_utf8
399 57 6 6 6 0 0 42 3 0
400 3 0 0 0 0 0 0 0 0
401 3 0 0 0 0 0 0 0 0
402 3 0 0 0 0 0 0 0 0
405 6 0 0 3 0 0 0 0 0
417 3 0 0 0 0 0 0 0 0
511 3 0 0 3 0 0 0 0 0
513 9 2 2 3 0 0 0 0 0
514 3 0 0 3 0 0 0 0 0
518 3 0 0 0 0 0 3 0 0
519 12 0 0 0 0 0 3 0 0
556 3 0 0 0 0 0 0 0 0
559 12 6 4 6 0 0 0 0 0
647 6 0 0 3 0 0 0 0 0
654 9 3 2 6 0 0 3 0 0
658 3 0 0 0 0 0 0 0 0
661 3 0 0 0 0 0 3 0 0
665 21 3 2 6 0 0 3 0 0
676 21 3 2 0 0 0 9 0 0
789 9 0 0 0 0 0 0 0 0
813 45 5 4 45 0 0 0 0 0
fn=__gconv_transform_utf8_internal
399 1260 70 30 140 0 0 910 73 18
400 70 0 0 0 0 0 0 0 0
401 70 0 0 0 0 0 0 0 0
402 70 0 0 0 0 0 0 0 0
405 140 0 0 70 0 0 0 0 0
417 70 35 16 0 0 0 0 0 0
511 70 0 0 70 0 0 0 0 0
513 210 0 0 70 0 0 0 0 0
514 70 0 0 70 0 0 0 0 0
518 70 0 0 0 0 0 140 5 0
519 210 0 0 0 0 0 0 0 0
556 70 0 0 0 0 0 0 0 0
559 280 70 26 140 0 0 0 0 0
647 70 0 0 0 0 0 0 0 0
654 210 0 0 140 0 0 70 0 0
658 70 0 0 0 0 0 0 0 0
661 70 0 0 0 0 0 70 0 0
665 280 35 13 140 0 0 70 0 0
667 70 0 0 0 0 0 0 0 0
676 210 0 0 0 0 0 70 0 0
789 210 35 13 0 0 0 0 0 0
813 1050 70 27 1050 0 0 0 0 0
fl=/build/glibc-FcXrgv/glibc-2.31/iconv/../sysdeps/unix/sysv/linux/not-cancel.h
fn=__gconv_load_cache
60 2 0 0 0 0 0 0 0 0
fl=/build/glibc-FcXrgv/glibc-2.31/iconv/gconv_builtin.c
fn=__gconv_get_builtin_trans
63 40 2 2 9 3 0 12 0 0
66 29 0 0 0 0 0 0 0 0
67 33 0 0 0 0 0 0 0 0
72 10 1 1 2 0 0 2 0 0
73 4 0 0 2 0 0 2 0 0
75 2 0 0 0 0 0 4 0 0
77 2 0 0 0 0 0 4 0 0
79 2 0 0 2 0 0 0 0 0
80 4 0 0 2 0 0 4 0 0
81 2 0 0 2 0 0 0 0 0
82 4 1 1 2 0 0 4 0 0
85 2 0 0 0 0 0 2 0 0
86 8 0 0 12 0 0 0 0 0
fl=/build/glibc-FcXrgv/glibc-2.31/iconv/gconv_cache.c
fn=__gconv_compare_alias_cache
228 48 3 2 12 0 0 30 0 0
232 18 0 0 6 0 0 0 0 0
235 42 0 0 0 0 0 12 0 0
236 24 6 1 0 0 0 0 0 0
239 30 6 1 24 0 0 6 0 0
242 54 0 0 42 0 0 0 0 0
fn=__gconv_load_cache
49 8 1 1 2 0 0 5 0 0
56 5 0 0 0 0 0 1 0 0
57 1 0 0 0 0 0 0 0 0
61 6 1 1 0 0 0 0 0 0
62 2 0 0 0 0 0 0 0 0
67 5 0 0 0 0 0 0 0 0
70 4 1 1 1 0 0 2 0 0
78 3 0 0 0 0 0 1 0 0
80 7 0 0 0 0 0 1 0 0
81 2 0 0 0 0 0 0 0 0
113 2 0 0 1 0 0 0 0 0
114 5 1 1 1 1 1 0 0 0
115 4 0 0 2 0 0 0 0 0
116 3 0 0 1 0 0 0 0 0
117 2 0 0 1 0 0 0 0 0
118 2 1 1 0 0 0 0 0 0
119 1 0 0 0 0 0 0 0 0
121 3 0 0 1 0 0 0 0 0
122 4 0 0 3 0 0 0 0 0
139 1 0 0 0 0 0 0 0 0
140 9 1 1 7 0 0 0 0 0
fn=__gconv_lookup_cache
248 20 2 1 4 0 0 18 0 0
258 6 0 0 2 0 0 0 0 0
263 12 0 0 4 1 0 2 0 0
264 2 0 0 0 0 0 0 0 0
265 12 0 0 2 0 0 8 0 0
267 6 1 1 0 0 0 0 0 0
268 20 0 0 6 0 0 0 0 0
271 4 1 1 0 0 0 0 0 0
273 10 1 1 0 0 0 0 0 0
274 18 1 1 6 0 0 0 0 0
277 6 0 0 0 0 0 2 0 0
280 4 0 0 2 0 0 0 0 0
284 6 0 0 0 0 0 0 0 0
359 4 1 1 1 1 1 0 0 0
360 7 0 0 4 0 0 0 0 0
366 9 1 1 0 0 0 3 0 0
367 5 2 2 3 0 0 0 0 0
370 2 0 0 0 0 0 2 0 0
371 5 0 0 0 0 0 2 0 0
376 2 0 0 1 0 0 0 0 0
377 4 0 0 1 0 0 2 1 1
379 2 0 0 0 0 0 1 0 0
380 1 0 0 0 0 0 1 1 1
383 5 1 1 2 0 0 0 0 0
399 6 0 0 1 0 0 1 0 0
402 3 0 0 1 0 0 1 0 0
406 5 0 0 5 0 0 0 0 0
410 1 0 0 0 0 0 0 0 0
411 3 0 0 1 0 0 2 0 0
413 2 0 0 0 0 0 1 1 1
414 1 0 0 0 0 0 1 1 1
417 7 1 1 4 0 0 0 0 0
435 3 0 0 0 0 0 0 0 0
438 6 0 0 5 0 0 1 0 0
442 24 0 0 22 0 0 0 0 0
fn=find_module_idx
145 144 11 2 0 0 0 192 0 0
154 48 0 0 16 0 0 0 0 0
155 16 0 0 16 2 0 0 0 0
157 16 0 0 16 0 0 0 0 0
159 16 0 0 0 0 0 0 0 0
160 64 0 0 16 0 0 0 0 0
161 64 7 1 0 0 0 0 0 0
163 48 0 0 32 0 0 0 0 0
164 144 7 1 32 8 4 0 0 0
165 64 0 0 0 0 0 0 0 0
166 160 0 0 0 0 0 0 0 0
168 32 0 0 16 0 0 16 0 0
172 32 0 0 0 0 0 0 0 0
173 64 0 0 0 0 0 0 0 0
177 112 3 1 192 0 0 0 0 0
fl=/build/glibc-FcXrgv/glibc-2.31/iconv/gconv_conf.c
fn=__gconv_load_conf
618 128 10 2 32 0 0 0 0 0
fn=__gconv_read_conf
539 13 2 2 2 0 0 13 0 0
542 6 0 0 2 0 0 3 0 0
546 2 0 0 0 0 0 0 0 0
549 1 0 0 0 0 0 1 0 0
604 15 1 1 15 0 0 0 0 0
fl=/build/glibc-FcXrgv/glibc-2.31/iconv/gconv_db.c
fn=__gconv_compare_alias
704 66 2 1 12 0 0 42 0 0
708 6 0 0 0 0 0 0 0 0
710 36 2 1 6 0 0 0 0 0
715 60 0 0 54 0 0 0 0 0
fn=__gconv_find_transform
722 32 1 1 4 0 0 22 0 0
728 2 0 0 0 0 0 0 0 0
731 14 1 1 0 0 0 0 0 0
733 14 1 1 0 0 0 0 0 0
734 4 0 0 0 0 0 0 0 0
737 12 1 1 0 0 0 0 0 0
779 26 2 2 26 0 0 0 0 0
fl=/build/glibc-FcXrgv/glibc-2.31/iconv/gconv_simple.c
fn=__gconv_btwoc_ascii
50 128 0 0 0 0 0 0 0 0
52 128 1 1 0 0 0 0 0 0
55 256 0 0 0 0 0 0 0 0
fl=/build/glibc-FcXrgv/glibc-2.31/intl/../include/../locale/localeinfo.h
fn=__dcigettext
206 210 35 15 35 35 12 0 0 0
fl=/build/glibc-FcXrgv/glibc-2.31/intl/../string/argz.h
fn=_nl_make_l10nflist
136 10 0 0 0 0 0 0 0 0
138 18 0 0 0 0 0 5 0 0
139 20 0 0 0 0 0 0 0 0
141 15 0 0 5 0 0 0 0 0
144 15 1 1 0 0 0 0 0 0
fl=/build/glibc-FcXrgv/glibc-2.31/intl/dcgettext.c
fn=dcgettext
47 175 70 24 0 0 0 0 0 0
fl=/build/glibc-FcXrgv/glibc-2.31/intl/dcigettext.c
fn=__dcigettext
485 560 70 27 70 0 0 560 85 22
494 35 0 0 0 0 0 35 4 1
508 35 0 0 0 0 0 0 0 0
512 175 35 15 0 0 0 0 0 0
521 210 0 0 70 0 0 105 6 3
525 490 35 13 140 35 12 0 0 0
528 385 35 12 105 0 0 35 0 0
534 140 35 13 35 35 15 0 0 0
544 35 0 0 0 0 0 35 0 0
545 35 0 0 0 0 0 35 0 0
546 35 0 0 0 0 0 35 0 0
547 35 0 0 0 0 0 35 1 1
551 105 0 0 0 0 0 35 0 0
560 35 0 0 0 0 0 35 0 0
567 420 35 13 175 0 0 0 0 0
569 280 0 0 35 0 0 35 0 0
571 350 35 13 140 0 0 0 0 0
573 70 0 0 35 0 0 0 0 0
601 175 35 12 70 58 12 0 0 0
616 105 35 11 0 0 0 0 0 0
650 175 0 0 0 0 0 35 0 0
651 630 70 28 0 0 0 105 0 0
655 385 0 0 35 0 0 70 0 0
660 560 70 26 0 0 0 35 0 0
669 105 0 0 35 0 0 0 0 0
671 35 0 0 0 0 0 0 0 0
683 140 35 12 35 0 0 0 0 0
684 35 0 0 0 0 0 35 0 0
685 35 0 0 0 0 0 35 0 0
689 210 0 0 105 70 26 35 0 0
696 175 35 13 70 0 0 0 0 0
697 70 35 14 0 0 0 0 0 0
709 175 0 0 0 0 0 35 0 0
716 35 0 0 0 0 0 0 0 0
833 70 35 17 35 0 0 0 0 0
835 455 35 13 175 0 0 0 0 0
837 280 0 0 105 0 0 0 0 0
852 105 0 0 105 0 0 35 0 0
856 175 35 12 70 0 0 0 0 0
857 560 35 12 525 0 0 0 0 0
1539 105 0 0 0 0 0 0 0 0
1568 175 35 18 70 34 13 0 0 0
fl=/build/glibc-FcXrgv/glibc-2.31/intl/explodename.c
fn=_nl_explode_name
46 120 6 1 12 0 0 6 0 0
47 12 0 0 0 0 0 0 0 0
58 30 1 1 0 0 0 30 0 0
62 6 0 0 0 0 0 6 0 0
63 6 0 0 0 0 0 6 0 0
64 6 1 1 0 0 0 6 0 0
65 6 0 0 0 0 0 6 0 0
69 12 0 0 0 0 0 0 0 0
70 6 0 0 0 0 0 6 0 0
73 18 0 0 6 0 0 0 0 0
91 12 0 0 0 0 0 0 0 0
94 18 6 1 0 0 0 18 0 0
95 12 0 0 0 0 0 6 0 0
97 156 3 1 36 0 0 6 0 0
98 30 0 0 0 0 0 0 0 0
102 12 0 0 0 0 0 0 0 0
104 42 6 1 6 0 0 18 0 0
106 6 0 0 0 0 0 0 0 0
108 30 0 0 12 0 0 0 0 0
111 42 6 1 30 0 0 0 0 0
116 12 0 0 0 0 0 0 0 0
126 12 2 1 6 0 0 0 0 0
129 18 0 0 12 0 0 0 0 0
130 18 6 1 0 0 0 0 0 0
133 30 0 0 30 0 0 0 0 0
fl=/build/glibc-FcXrgv/glibc-2.31/intl/hash-string.c
fn=__hash_string
38 276 3 1 130 1 1 0 0 0
41 342 3 1 0 0 0 0 0 0
42 98 0 0 0 0 0 0 0 0
46 294 0 0 0 0 0 0 0 0
50 16 0 0 0 0 0 0 0 0
fl=/build/glibc-FcXrgv/glibc-2.31/intl/l10nflist.c
fn=_nl_make_l10nflist
73 28 1 1 0 0 0 0 0 0
74 108 1 1 0 0 0 0 0 0
76 24 0 0 0 0 0 0 0 0
77 24 0 0 0 0 0 0 0 0
78 12 0 0 0 0 0 0 0 0
79 12 1 1 0 0 0 0 0 0
96 36 0 0 0 0 0 0 0 0
98 24 0 0 0 0 0 0 0 0
100 12 0 0 0 0 0 0 0 0
101 24 2 1 0 0 0 0 0 0
102 24 0 0 0 0 0 0 0 0
157 180 3 2 0 0 0 168 0 0
166 48 1 1 0 0 0 0 0 0
167 48 0 0 0 0 0 0 0 0
169 36 2 1 0 0 0 0 0 0
171 84 0 0 8 0 0 12 0 0
173 84 2 1 8 0 0 12 0 0
175 60 0 0 0 0 0 12 0 0
176 36 0 0 12 0 0 0 0 0
178 12 0 0 0 0 0 0 0 0
185 48 0 0 0 0 0 24 0 0
188 36 0 0 0 0 0 12 0 0
189 36 0 0 0 0 0 0 0 0
191 12 0 0 0 0 0 0 0 0
194 1 0 0 0 0 0 0 0 0
196 36 3 1 12 0 0 0 0 0
198 16 4 1 0 0 0 8 0 0
199 40 4 1 8 0 0 0 0 0
201 24 0 0 12 0 0 0 0 0
203 16 0 0 0 0 0 8 0 0
204 40 0 0 8 0 0 0 0 0
206 24 0 0 12 0 0 0 0 0
212 24 0 0 0 0 0 12 0 0
213 36 0 0 12 0 0 0 0 0
217 12 0 0 0 0 0 0 0 0
218 90 3 1 40 3 1 12 0 0
219 52 0 0 26 2 0 0 0 0
221 52 0 0 0 0 0 0 0 0
222 52 0 0 0 0 0 0 0 0
225 35 0 0 0 0 0 0 0 0
235 10 0 0 5 0 0 0 0 0
237 16 0 0 0 0 0 0 0 0
238 8 0 0 16 0 0 0 0 0
242 20 1 1 0 0 0 0 0 0
245 4 0 0 0 0 0 0 0 0
251 12 0 0 0 0 0 4 1 1
255 4 0 0 0 0 0 4 0 0
256 20 2 2 0 0 0 0 0 0
257 4 1 1 0 0 0 0 0 0
258 4 0 0 0 0 0 4 1 1
260 4 0 0 0 0 0 0 0 0
262 6 0 0 3 0 0 3 0 0
263 9 0 0 3 0 0 3 0 0
267 2 0 0 1 0 0 1 0 0
268 1 0 0 0 0 0 1 0 0
275 12 0 0 0 0 0 0 0 0
276 30 1 1 0 0 0 0 0 0
277 12 0 0 0 0 0 0 0 0
280 5 1 1 0 0 0 0 0 0
284 5 0 0 0 0 0 0 0 0
285 94 1 1 40 0 0 28 0 0
290 24 0 0 4 0 0 0 0 0
300 8 0 0 0 0 0 4 0 0
302 4 0 0 8 0 0 0 0 0
303 96 1 1 120 0 0 0 0 0
fn=_nl_normalize_codeset
311 24 2 1 0 0 0 24 0 0
312 12 0 0 0 0 0 0 0 0
313 12 0 0 0 0 0 0 0 0
323 180 0 0 0 0 0 48 0 0
324 300 2 1 132 9 3 0 0 0
326 108 0 0 0 0 0 0 0 0
328 60 0 0 0 0 0 0 0 0
329 96 0 0 0 0 0 0 0 0
332 48 1 1 0 0 0 0 0 0
334 12 0 0 0 0 0 0 0 0
341 204 0 0 48 0 0 0 0 0
342 240 0 0 120 0 0 0 0 0
343 216 0 0 48 3 2 36 0 0
344 108 1 1 0 0 0 0 0 0
345 24 0 0 0 0 0 12 0 0
347 12 0 0 0 0 0 12 0 0
351 24 0 0 24 0 0 0 0 0
fl=/build/glibc-FcXrgv/glibc-2.31/intl/localealias.c
fn=_nl_expand_alias
150 42 2 1 0 0 0 60 1 0
153 6 0 0 0 0 0 0 0 0
156 48 0 0 0 0 0 0 0 0
158 18 6 1 6 0 0 0 0 0
159 4 1 1 0 0 0 1 0 0
167 31 0 0 13 0 0 0 0 0
185 22 4 1 7 1 1 0 0 0
189 5 1 1 0 0 0 0 0 0
190 7 0 0 0 0 0 0 0 0
193 52 1 1 17 1 1 0 0 0
194 17 0 0 0 0 0 0 0 0
195 17 0 0 0 0 0 0 0 0
197 2 0 0 0 0 0 0 0 0
198 3 1 1 0 0 0 1 0 0
203 42 0 0 0 0 0 0 0 0
206 42 1 0 60 0 0 0 0 0
407 6 0 0 0 0 0 0 0 0
fn=read_alias_file
211 13 2 2 2 0 0 13 0 0
217 13 0 0 0 0 0 1 0 0
219 10 1 1 2 1 1 2 0 0
229 5 0 0 0 0 0 0 0 0
234 1 0 0 0 0 0 0 0 0
235 2 1 1 0 0 0 0 0 0
381 16 2 2 15 0 0 0 0 0
fl=/build/glibc-FcXrgv/glibc-2.31/io/../sysdeps/posix/isatty.c
fn=isatty
24 688 86 74 172 15 0 344 0 0
27 344 86 79 0 0 0 0 0 0
28 688 0 0 430 0 0 0 0 0
fl=/build/glibc-FcXrgv/glibc-2.31/io/../sysdeps/unix/syscall-template.S
fn=chdir
78 8 2 2 0 0 0 0 0 0
79 2 0 0 0 0 0 0 0 0
fn=dup
78 12 3 1 0 0 0 0 0 0
79 3 3 1 0 0 0 0 0 0
fn=pipe2
78 8 2 2 0 0 0 0 0 0
79 2 0 0 0 0 0 0 0 0
fl=/build/glibc-FcXrgv/glibc-2.31/io/../sysdeps/unix/sysv/linux/access.c
fn=access
25 1 1 1 0 0 0 0 0 0
29 10 0 0 0 0 0 1 0 0
31 1 0 0 0 0 0 0 0 0
fl=/build/glibc-FcXrgv/glibc-2.31/io/../sysdeps/unix/sysv/linux/close.c
fn=close
26 255 168 158 0 0 0 340 0 0
27 935 0 0 85 67 0 0 0 0
28 340 0 0 340 0 0 0 0 0
fl=/build/glibc-FcXrgv/glibc-2.31/io/../sysdeps/unix/sysv/linux/close_nocancel.c
fn=__GI___close_nocancel
26 110 10 10 0 0 0 0 0 0
27 22 0 0 0 0 0 0 0 0
fn=__close_nocancel
26 105 20 11 0 0 0 0 0 0
27 21 0 0 0 0 0 0 0 0
fl=/build/glibc-FcXrgv/glibc-2.31/io/../sysdeps/unix/sysv/linux/fcntl64.c
fn=fcntl
38 27 4 4 6 0 0 18 0 0
42 24 0 0 0 0 0 15 0 0
48 9 0 0 0 0 0 0 0 0
51 9 2 2 0 0 0 0 0 0
52 30 2 2 21 0 0 0 0 0
fl=/build/glibc-FcXrgv/glibc-2.31/io/../sysdeps/unix/sysv/linux/fcntl_nocancel.c
fn=__fcntl64_nocancel_adjusted
51 24 4 4 6 0 0 9 0 0
52 6 0 0 0 0 0 0 0 0
64 15 0 0 0 0 0 0 0 0
65 24 0 0 15 0 0 0 0 0
fl=/build/glibc-FcXrgv/glibc-2.31/io/../sysdeps/unix/sysv/linux/generic/lxstat.c
fn=_lxstat
35 1 1 1 0 0 0 0 0 0
36 6 0 0 0 0 0 0 0 0
40 1 0 0 0 0 0 0 0 0
fl=/build/glibc-FcXrgv/glibc-2.31/io/../sysdeps/unix/sysv/linux/generic/readlink.c
fn=readlink
28 6 2 2 0 0 0 0 0 0
29 33 2 2 2 2 0 2 1 0
30 3 0 0 0 0 0 0 0 0
fl=/build/glibc-FcXrgv/glibc-2.31/io/../sysdeps/unix/sysv/linux/generic/xstat.c
fn=_xstat
35 403 387 107 0 0 0 0 0 0
36 2664 31 8 37 3 0 43 28 2
40 403 0 0 0 0 0 0 0 0
fl=/build/glibc-FcXrgv/glibc-2.31/io/../sysdeps/unix/sysv/linux/getcwd.c
fn=getcwd
47 24 2 2 4 2 0 18 0 0
53 2 0 0 0 0 0 0 0 0
64 6 2 2 0 0 0 0 0 0
78 10 2 2 0 0 0 0 0 0
79 18 0 0 4 1 1 0 0 0
82 2 2 2 0 0 0 0 0 0
86 6 2 2 0 0 0 0 0 0
129 24 2 2 22 0 0 0 0 0
fl=/build/glibc-FcXrgv/glibc-2.31/io/../sysdeps/unix/sysv/linux/lseek64.c
fn=lseek
36 1032 262 159 5 0 0 5 4 0
38 167 0 0 0 0 0 0 0 0
fl=/build/glibc-FcXrgv/glibc-2.31/io/../sysdeps/unix/sysv/linux/open64.c
fn=open
37 984 82 79 164 150 9 574 0 0
40 492 82 71 0 0 0 0 0 0
48 835 2 2 85 74 8 3 1 0
50 902 82 68 656 0 0 0 0 0
fl=/build/glibc-FcXrgv/glibc-2.31/io/../sysdeps/unix/sysv/linux/open64_nocancel.c
fn=__open_nocancel
34 398 29 18 46 32 5 134 5 2
37 390 20 13 0 0 0 0 0 0
45 426 19 14 3 0 0 23 0 0
47 268 0 0 115 0 0 0 0 0
fl=/build/glibc-FcXrgv/glibc-2.31/io/../sysdeps/unix/sysv/linux/pread64_nocancel.c
fn=__pread64_nocancel
30 5 0 0 0 0 0 0 0 0
31 1 0 0 0 0 0 0 0 0
fl=/build/glibc-FcXrgv/glibc-2.31/io/../sysdeps/unix/sysv/linux/read.c
fn=read
25 805 83 78 0 0 0 966 0 0
26 1610 83 78 161 5 0 0 0 0
27 805 0 0 966 0 0 0 0 0
fl=/build/glibc-FcXrgv/glibc-2.31/io/../sysdeps/unix/sysv/linux/read_nocancel.c
fn=__read_nocancel
26 95 35 11 0 0 0 0 0 0
27 19 0 0 0 0 0 0 0 0
fl=/build/glibc-FcXrgv/glibc-2.31/io/../sysdeps/unix/sysv/linux/wordsize-64/fxstat.c
fn=_fxstat
33 410 115 98 0 0 0 0 0 0
34 205 106 95 0 0 0 0 0 0
35 1025 5 5 0 0 0 0 0 0
39 205 0 0 0 0 0 0 0 0
fl=/build/glibc-FcXrgv/glibc-2.31/libio/../libio/libioP.h
fn=_IO_seekoff_unlocked
941 20 2 2 0 0 0 0 0 0
943 4 0 0 0 0 0 0 0 0
944 8 0 0 0 0 0 0 0 0
fn=ftello
884 1 1 1 0 0 0 0 0 0
fl=/build/glibc-FcXrgv/glibc-2.31/libio/feof.c
fn=feof
32 15 1 1 3 0 0 12 0 0
35 6 0 0 3 0 0 0 0 0
36 3 1 1 0 0 0 0 0 0
37 51 1 1 15 0 0 6 0 0
38 3 0 0 0 0 0 0 0 0
39 27 1 1 3 0 0 3 0 0
41 12 0 0 12 0 0 0 0 0
fl=/build/glibc-FcXrgv/glibc-2.31/libio/filedoalloc.c
fn=_IO_file_doallocate
78 20 2 2 4 0 0 14 0 0
84 16 2 2 6 2 2 0 0 0
86 8 2 2 2 0 0 0 0 0
97 10 0 0 2 0 0 0 0 0
98 2 2 2 0 0 0 0 0 0
101 6 0 0 0 0 0 0 0 0
102 2 0 0 0 0 0 0 0 0
104 8 0 0 0 0 0 0 0 0
105 2 0 0 0 0 0 0 0 0
106 20 0 0 18 0 0 0 0 0
fl=/build/glibc-FcXrgv/glibc-2.31/libio/fileno.c
fn=fileno
35 44 14 10 22 12 12 0 0 0
42 11 0 0 0 0 0 0 0 0
fl=/build/glibc-FcXrgv/glibc-2.31/libio/fileops.c
fn=_IO_file_close
1168 4 2 2 2 0 0 0 0 0
fn=_IO_file_close_it@@GLIBC_2.17
129 6 2 2 0 0 0 8 0 0
131 6 0 0 2 0 0 0 0 0
134 4 0 0 0 0 0 0 0 0
135 10 2 2 2 0 0 2 0 0
138 2 0 0 0 0 0 0 0 0
140 4 0 0 0 0 0 0 0 0
142 2 0 0 2 0 0 0 0 0
143 14 0 0 4 2 0 0 0 0
146 6 0 0 2 0 0 0 0 0
154 10 2 2 0 0 0 0 0 0
155 2 0 0 0 0 0 4 0 0
156 4 0 0 0 0 0 8 0 0
158 4 2 2 0 0 0 0 0 0
159 6 0 0 0 0 0 2 0 0
160 4 0 0 0 0 0 2 0 0
161 6 0 0 2 0 0 2 0 0
163 4 0 0 0 0 0 0 0 0
164 8 0 0 8 0 0 0 0 0
fn=_IO_file_finish@@GLIBC_2.17
169 8 2 2 0 0 0 8 0 0
170 6 0 0 2 0 0 0 0 0
176 6 2 2 0 0 0 0 0 0
177 4 1 1 8 0 0 0 0 0
fn=_IO_file_fopen@@GLIBC_2.17
214 50 10 6 10 0 0 35 0 0
215 10 0 0 0 0 0 0 0 0
223 15 0 0 5 0 0 0 0 0
224 6 0 0 0 0 0 0 0 0
225 25 4 3 5 2 2 0 0 0
228 5 0 0 0 0 0 0 0 0
229 5 5 3 0 0 0 0 0 0
238 5 0 0 0 0 0 0 0 0
246 10 2 2 0 0 0 0 0 0
248 80 8 6 10 0 0 0 0 0
268 6 2 2 2 0 0 2 0 0
269 2 0 0 0 0 0 0 0 0
271 2 0 0 0 0 0 0 0 0
272 6 0 0 2 0 0 2 0 0
273 2 0 0 0 0 0 0 0 0
281 25 3 1 0 0 0 0 0 0
284 5 0 0 0 0 0 0 0 0
287 8 0 0 0 0 0 0 0 0
288 2 0 0 0 0 0 0 0 0
357 55 4 3 45 0 0 0 0 0
fn=_IO_file_open
183 45 9 6 0 0 0 25 0 0
185 10 0 0 5 0 0 0 0 0
186 6 0 0 0 0 0 0 0 0
189 6 0 0 0 0 0 0 0 0
190 5 0 0 0 0 0 0 0 0
191 3 0 0 0 0 0 0 0 0
192 2 0 0 0 0 0 2 0 0
193 14 0 0 2 0 0 2 0 0
196 6 2 2 0 0 0 0 0 0
206 4 2 2 0 0 0 0 0 0
207 2 0 0 0 0 0 0 0 0
208 20 0 0 25 0 0 0 0 0
fn=_IO_file_read
1133 2 1 1 0 0 0 0 0 0
1134 18 3 2 10 0 0 0 0 0
fn=_IO_file_seek
1141 6 2 2 3 0 0 0 0 0
fn=_IO_file_seekoff@@GLIBC_2.17
843 3 1 1 1 0 0 0 0 0
847 4 1 1 2 0 0 0 0 0
849 1 0 0 2 0 0 0 0 0
851 1 0 0 1 0 0 0 0 0
856 3 0 0 0 0 0 0 0 0
866 3 1 1 1 0 0 0 0 0
867 4 0 0 2 0 0 2 0 0
880 4 2 2 0 0 0 0 0 0
883 6 0 0 2 1 1 0 0 0
885 3 1 1 2 0 0 0 0 0
890 4 0 0 0 0 0 0 0 0
901 40 2 2 8 1 0 28 0 0
909 8 2 2 0 0 0 4 0 0
914 2 0 0 0 0 0 0 0 0
915 12 0 0 8 0 0 4 0 0
918 10 2 2 2 0 0 0 0 0
930 4 0 0 2 0 0 0 0 0
943 6 2 2 0 0 0 0 0 0
947 3 1 1 2 0 0 0 0 0
949 3 0 0 1 0 0 0 0 0
976 2 1 1 0 0 0 0 0 0
981 4 2 2 2 0 0 0 0 0
998 6 0 0 0 0 0 0 0 0
1002 3 0 0 2 0 0 0 0 0
1003 1 0 0 0 0 0 0 0 0
1004 3 1 1 0 0 0 0 0 0
1007 2 1 1 0 0 0 0 0 0
1009 6 0 0 2 0 0 0 0 0
1010 1 0 0 0 0 0 0 0 0
1012 1 0 0 0 0 0 0 0 0
1023 6 1 1 0 0 0 0 0 0
1027 4 1 1 1 0 0 2 0 0
1029 2 0 0 0 0 0 4 0 0
1030 1 0 0 0 0 0 1 0 0
1031 3 0 0 1 0 0 1 0 0
1032 4 1 1 4 0 0 0 0 0
1035 2 1 1 0 0 0 0 0 0
1036 6 1 1 2 0 0 0 0 0
1037 2 0 0 0 0 0 0 0 0
1039 5 0 0 5 0 0 1 0 0
1040 1 0 0 0 0 0 1 0 0
1041 2 0 0 1 0 0 2 0 0
1042 2 0 0 0 0 0 4 0 0
1055 40 2 2 36 0 0 0 0 0
fn=_IO_file_stat
1147 2 2 2 0 0 0 0 0 0
1148 8 0 0 2 0 0 0 0 0
fn=_IO_file_sync@@GLIBC_2.17
793 32 1 1 0 0 0 32 0 0
798 24 1 1 16 2 1 0 0 0
800 8 0 0 16 0 0 0 0 0
801 16 0 0 0 0 0 0 0 0
812 24 1 1 0 0 0 8 0 0
816 24 0 0 32 0 0 0 0 0
fn=_IO_file_underflow@@GLIBC_2.17
462 20 4 2 0 0 0 20 0 0
466 10 0 0 5 0 0 0 0 0
469 5 0 0 0 0 0 0 0 0
475 15 4 2 10 0 0 0 0 0
478 25 0 0 5 0 0 30 0 0
490 15 0 0 0 0 0 0 0 0
506 10 0 0 0 0 0 0 0 0
512 5 0 0 5 0 0 0 0 0
513 5 0 0 0 0 0 10 0 0
514 5 0 0 0 0 0 10 0 0
515 5 0 0 0 0 0 10 0 0
517 30 4 2 15 2 0 0 0 0
519 10 0 0 0 0 0 0 0 0
521 1 1 0 1 0 0 0 0 0
522 4 1 1 0 0 0 1 0 0
526 12 0 0 4 0 0 4 0 0
532 2 0 0 0 0 0 1 0 0
533 4 0 0 6 0 0 0 0 0
535 12 0 0 4 0 0 0 0 0
536 4 0 0 0 0 0 2 0 0
537 20 3 2 32 1 0 0 0 0
538 15 0 0 20 0 0 0 0 0
fn=_IO_file_xsgetn
1273 117 2 2 0 0 0 117 0 0
1280 26 2 2 13 0 0 0 0 0
1283 4 2 2 2 0 0 0 0 0
1288 6 0 0 0 0 0 0 0 0
1291 29 2 2 0 0 0 0 0 0
1293 32 0 0 32 0 0 0 0 0
1294 32 2 2 0 0 0 0 0 0
1296 39 0 0 0 0 0 0 0 0
1297 52 2 2 13 0 0 13 0 0
1302 3 0 0 0 0 0 0 0 0
1310 6 0 0 3 0 0 0 0 0
1319 6 0 0 3 0 0 0 0 0
1320 12 0 0 3 0 0 0 0 0
1322 12 2 2 0 0 0 0 0 0
1361 78 0 0 117 0 0 0 0 0
fn=_IO_new_file_init_internal
107 20 9 6 0 0 0 20 0 0
111 10 0 0 0 0 0 5 0 0
112 20 0 0 5 0 0 5 0 0
114 5 0 0 0 0 0 0 0 0
115 5 0 0 0 0 0 5 0 0
116 15 0 0 20 0 0 0 0 0
fl=/build/glibc-FcXrgv/glibc-2.31/libio/fseek.c
fn=fseek
32 8 2 2 0 0 0 7 0 0
35 2 0 0 1 0 0 0 0 0
36 7 1 1 0 0 0 0 0 0
39 6 0 0 7 0 0 0 0 0
fl=/build/glibc-FcXrgv/glibc-2.31/libio/ftello.c
fn=ftello
38 5 1 1 0 0 0 5 0 0
41 2 1 1 1 0 0 0 0 0
42 6 1 1 0 0 0 0 0 0
43 3 0 0 1 0 0 0 0 0
49 2 1 1 0 0 0 0 0 0
61 5 0 0 5 0 0 0 0 0
fl=/build/glibc-FcXrgv/glibc-2.31/libio/genops.c
fn=_IO_cleanup
786 14 1 1 4 0 0 0 0 0
787 19 1 1 2 0 0 2 0 0
790 10 0 0 4 0 0 2 0 0
799 9 0 0 3 0 0 0 0 0
801 4 0 0 2 0 0 0 0 0
831 5 1 1 5 0 0 0 0 0
838 6 0 0 0 0 0 3 0 0
842 10 1 1 0 0 0 2 0 0
843 10 1 1 3 0 0 0 0 0
863 10 2 2 2 2 0 9 0 0
866 3 0 0 0 0 0 0 0 0
878 12 0 0 11 0 0 0 0 0
fn=_IO_default_finish
54 4 0 0 2 0 0 0 0 0
601 8 2 2 0 0 0 6 0 0
603 4 2 2 2 0 0 0 0 0
609 4 0 0 2 0 0 0 0 0
612 4 0 0 2 0 0 0 0 0
624 6 2 1 6 0 0 0 0 0
fn=_IO_default_uflow
361 8 2 1 0 0 0 8 0 0
362 8 1 1 4 0 0 0 0 0
363 4 0 0 0 0 0 0 0 0
365 4 0 0 2 0 0 1 0 0
366 6 0 0 8 0 0 0 0 0
fn=_IO_default_xsputn
371 1760 118 7 0 0 0 1584 239 8
374 407 118 8 0 0 0 0 0 0
375 231 118 7 0 0 0 0 0 0
379 703 236 14 352 0 0 0 0 0
381 176 0 0 0 0 0 0 0 0
382 352 0 0 0 0 0 0 0 0
384 352 0 0 0 0 0 0 0 0
386 4 0 0 0 0 0 1 0 0
387 1 0 0 0 0 0 0 0 0
389 175 0 0 0 0 0 0 0 0
393 1476 0 0 0 0 0 0 0 0
394 984 0 0 492 0 0 492 2 1
395 525 0 0 0 0 0 175 0 0
397 352 0 0 0 0 0 0 0 0
399 176 0 0 0 0 0 0 0 0
403 176 118 7 0 0 0 0 0 0
404 1287 0 0 1584 0 0 0 0 0
fn=_IO_doallocbuf
343 8 2 2 0 0 0 8 0 0
344 4 0 0 2 0 0 0 0 0
346 6 2 2 2 0 0 2 0 0
347 12 0 0 4 1 1 0 0 0
350 8 2 2 10 0 0 0 0 0
fn=_IO_flush_all_lockp
686 12 2 2 2 0 0 11 0 0
687 2 0 0 0 0 0 0 0 0
691 14 1 1 4 1 1 0 0 0
692 19 1 1 2 1 0 2 0 0
695 12 1 1 7 4 2 0 0 0
697 6 1 1 0 0 0 3 0 0
698 3 0 0 0 0 0 0 0 0
701 18 2 2 9 5 2 0 0 0
709 3 1 1 0 0 0 0 0 0
711 6 0 0 0 0 0 3 0 0
715 9 1 1 0 0 0 2 0 0
716 10 0 0 3 0 0 0 0 0
720 13 0 0 13 0 0 0 0 0
fn=_IO_free_backup_area
187 4 1 1 0 0 0 3 0 0
188 2 0 0 1 0 0 0 0 0
190 2 0 0 1 0 0 0 0 0
192 1 0 0 0 0 0 1 0 0
193 1 0 0 0 0 0 2 0 0
194 3 0 0 3 0 0 0 0 0
fn=_IO_link_in
87 70 8 6 14 0 0 49 0 0
88 14 0 0 7 0 0 0 0 0
90 10 0 0 0 0 0 5 0 0
92 75 5 3 20 3 1 10 0 0
93 95 4 3 10 0 0 10 0 0
94 5 0 0 0 0 0 5 0 0
95 80 9 6 25 0 0 10 0 0
97 20 0 0 10 4 2 5 0 0
98 5 0 0 0 0 0 5 0 0
100 50 0 0 5 0 0 10 0 0
101 10 5 3 0 0 0 5 0 0
102 50 5 3 5 0 0 10 0 0
103 50 5 3 15 0 0 0 0 0
106 75 0 0 73 0 0 0 0 0
fn=_IO_no_init
563 1040 122 10 0 0 0 780 15 0
564 130 122 10 0 0 0 0 0 0
565 130 0 0 0 0 0 130 7 3
566 130 0 0 0 0 0 0 0 0
568 5 0 0 0 0 0 5 0 0
570 5 0 0 0 0 0 10 4 3
573 5 0 0 0 0 0 10 0 0
574 5 0 0 0 0 0 10 0 0
576 5 0 0 0 0 0 10 0 0
578 5 0 0 0 0 0 10 0 0
579 5 0 0 0 0 0 5 0 0
581 5 0 0 0 0 0 5 3 2
586 250 118 7 0 0 0 125 0 0
587 130 0 0 0 0 0 130 0 0
588 520 0 0 780 0 0 0 0 0
fn=_IO_old_init
532 390 0 0 0 0 0 130 6 0
534 260 123 24 130 122 10 0 0 0
535 520 0 0 0 0 0 130 0 0
537 130 0 0 0 0 0 260 2 0
540 130 0 0 0 0 0 260 0 0
541 130 0 0 0 0 0 260 6 3
543 130 0 0 0 0 0 260 2 0
544 130 0 0 0 0 0 130 0 0
547 130 0 0 0 0 0 260 1 0
549 130 0 0 0 0 0 260 0 0
550 130 0 0 0 0 0 130 0 0
555 260 0 0 130 0 0 0 0 0
556 5 0 0 0 0 0 10 4 3
558 130 0 0 0 0 0 0 0 0
fn=_IO_setb
329 1161 127 10 129 0 0 774 4 0
330 260 0 0 129 0 0 0 0 0
331 6 1 0 2 0 0 0 0 0
333 129 0 0 0 0 0 258 0 0
335 645 124 8 0 0 0 129 0 0
338 516 0 0 774 0 0 0 0 0
fn=_IO_sgetn
409 39 2 2 0 0 0 39 0 0
411 52 2 2 26 1 1 0 0 0
412 26 0 0 39 0 0 0 0 0
fn=_IO_sputbackc
635 4 1 1 0 0 0 4 0 0
638 4 1 1 2 0 0 0 0 0
639 3 0 0 1 0 0 0 0 0
641 3 1 1 0 0 0 1 0 0
647 1 0 0 0 0 0 0 0 0
648 3 0 0 1 0 0 1 0 0
651 3 0 0 4 0 0 0 0 0
fn=_IO_switch_to_get_mode
164 20 8 4 0 0 0 20 0 0
165 20 0 0 10 0 0 0 0 0
168 10 4 2 5 0 0 0 0 0
172 10 0 0 5 0 0 5 0 0
173 15 0 0 5 0 0 0 0 0
176 5 0 0 0 0 0 5 0 0
178 10 0 0 0 0 0 10 0 0
180 10 4 2 0 0 0 5 0 0
181 5 0 0 0 0 0 0 0 0
182 15 0 0 20 0 0 0 0 0
fn=_IO_un_link
54 19 1 0 7 0 0 0 0 0
82 2 0 0 0 0 0 0 0 0
fn=_IO_unsave_markers
962 6 2 2 3 0 0 0 0 0
967 6 0 0 3 1 0 0 0 0
969 3 0 0 0 0 0 0 0 0
fn=__GI__IO_un_link.part.0
52 55 9 6 10 0 0 45 0 0
58 70 4 3 20 2 1 0 0 0
59 95 4 3 10 1 1 10 0 0
60 5 0 0 0 0 0 5 0 0
61 75 3 2 21 2 0 8 0 0
63 19 1 1 9 1 0 0 0 0
65 15 6 4 5 0 0 0 0 0
66 5 4 3 0 0 0 5 0 0
74 10 0 0 0 0 0 5 0 0
76 46 6 4 8 0 0 8 0 0
77 10 1 1 0 0 0 5 0 0
78 50 3 2 5 0 0 10 0 0
79 50 4 3 15 0 0 0 0 0
82 55 0 0 55 0 0 0 0 0
fn=__uflow
299 8 2 1 0 0 0 8 0 0
300 8 2 1 2 2 0 0 0 0
305 4 0 0 2 0 0 0 0 0
308 6 0 0 4 0 0 0 0 0
310 4 0 0 2 0 0 0 0 0
316 4 2 1 2 0 0 0 0 0
321 4 2 1 2 2 0 0 0 0
323 10 0 0 4 2 0 0 0 0
324 4 0 0 8 0 0 0 0 0
fn=__underflow
269 12 2 2 0 0 0 12 0 0
270 12 1 1 3 0 0 2 0 0
275 6 0 0 3 0 0 0 0 0
278 9 0 0 6 0 0 0 0 0
280 6 2 2 3 0 0 0 0 0
286 6 0 0 3 0 0 0 0 0
291 6 2 2 3 0 0 0 0 0
293 15 0 0 6 0 0 0 0 0
294 6 0 0 12 0 0 0 0 0
fl=/build/glibc-FcXrgv/glibc-2.31/libio/getc.c
fn=getc
34 5 1 1 0 0 0 5 0 0
37 2 0 0 1 1 0 0 0 0
38 4 1 1 2 1 0 0 0 0
43 3 1 1 5 0 0 0 0 0
fl=/build/glibc-FcXrgv/glibc-2.31/libio/iofclose.c
fn=fclose@@GLIBC_2.17
34 12 2 2 0 0 0 14 0 0
48 4 0 0 2 1 0 0 0 0
49 2 2 2 0 0 0 0 0 0
51 21 1 1 7 0 0 2 0 0
52 4 1 1 0 0 0 0 0 0
53 12 2 2 2 0 0 0 0 0
57 10 2 2 4 1 0 0 0 0
58 6 0 0 2 0 0 0 0 0
71 4 0 0 2 0 0 0 0 0
76 12 0 0 14 0 0 0 0 0
fl=/build/glibc-FcXrgv/glibc-2.31/libio/iofflush.c
fn=fflush
32 40 0 0 0 0 0 40 0 0
33 8 1 1 0 0 0 0 0 0
39 144 1 1 40 7 6 16 0 0
40 48 0 0 16 3 3 0 0 0
44 40 0 0 40 0 0 0 0 0
fl=/build/glibc-FcXrgv/glibc-2.31/libio/iofopen.c
fn=__fopen_internal
37 4 2 2 2 0 0 0 0 0
57 40 5 3 0 0 0 35 0 0
65 10 0 0 0 0 0 0 0 0
67 5 0 0 0 0 0 0 0 0
70 10 0 0 0 0 0 5 4 3
72 40 5 3 0 0 0 0 0 0
73 15 0 0 0 0 0 5 0 0
74 10 0 0 0 0 0 0 0 0
75 30 0 0 0 0 0 0 0 0
78 6 3 1 0 0 0 0 0 0
79 6 0 0 0 0 0 0 0 0
80 3 0 0 0 0 0 0 0 0
81 30 2 2 35 0 0 0 0 0
fn=fopen@@GLIBC_2.17
86 10 5 3 0 0 0 0 0 0
fl=/build/glibc-FcXrgv/glibc-2.31/libio/iofread.c
fn=fread
31 3 1 1 0 0 0 4 0 0
32 1 0 0 0 0 0 0 0 0
35 1 0 0 0 0 0 0 0 0
37 25 2 2 5 0 0 7 0 0
38 5 0 0 0 0 0 0 0 0
40 3 1 1 0 0 0 0 0 0
41 7 0 0 9 0 0 0 0 0
fl=/build/glibc-FcXrgv/glibc-2.31/libio/iofread_u.c
fn=fread_unlocked
34 36 1 1 0 0 0 48 0 0
35 12 0 0 0 0 0 0 0 0
38 12 0 0 0 0 0 0 0 0
40 72 1 1 0 0 0 12 0 0
41 48 0 0 12 0 0 0 0 0
42 60 0 0 48 0 0 0 0 0
fl=/build/glibc-FcXrgv/glibc-2.31/libio/ioftell.c
fn=ftell
34 5 1 1 0 0 0 5 0 0
37 18 2 2 5 1 0 2 0 0
38 6 0 0 0 0 0 0 0 0
39 3 0 0 1 0 0 0 0 0
45 2 0 0 0 0 0 0 0 0
57 5 0 0 5 0 0 0 0 0
fl=/build/glibc-FcXrgv/glibc-2.31/libio/ioseekoff.c
fn=_IO_seekoff_unlocked
33 36 2 2 0 0 0 28 0 0
34 8 2 2 0 0 0 0 0 0
43 14 1 1 4 0 0 0 0 0
59 32 0 0 8 2 1 0 0 0
60 16 1 1 28 0 0 0 0 0
fl=/build/glibc-FcXrgv/glibc-2.31/libio/ioungetc.c
fn=ungetc
31 4 1 1 0 0 0 4 0 0
34 2 0 0 0 0 0 0 0 0
36 4 1 1 1 0 0 2 0 0
37 4 1 1 2 0 0 0 0 0
42 2 0 0 4 0 0 0 0 0
fl=/build/glibc-FcXrgv/glibc-2.31/libio/iovsprintf.c
fn=__vsprintf_internal
72 1920 228 10 240 0 0 1200 9 0
77 120 0 0 0 0 0 120 3 0
79 840 0 0 0 0 0 0 0 0
87 720 114 4 0 0 0 0 0 0
91 960 0 0 0 0 0 120 0 0
95 1080 114 5 480 0 0 480 0 0
97 240 0 0 120 0 0 120 0 0
99 1320 114 3 1320 0 0 0 0 0
fl=/build/glibc-FcXrgv/glibc-2.31/libio/libioP.h
fn=_IO_cleanup
941 7 1 1 0 0 0 2 0 0
fn=_IO_default_uflow
941 10 0 0 0 0 0 0 0 0
943 2 0 0 0 0 0 0 0 0
944 4 0 0 0 0 0 0 0 0
fn=_IO_default_xsputn
941 880 0 0 0 0 0 0 0 0
fn=_IO_doallocbuf
941 10 0 0 0 0 0 0 0 0
943 2 0 0 0 0 0 0 0 0
944 4 2 2 0 0 0 0 0 0
fn=_IO_file_close_it@@GLIBC_2.17
941 10 0 0 0 0 0 0 0 0
943 2 0 0 0 0 0 0 0 0
944 4 2 2 0 0 0 0 0 0
fn=_IO_file_doallocate
941 10 0 0 0 0 0 0 0 0
943 2 0 0 0 0 0 0 0 0
944 4 0 0 0 0 0 0 0 0
fn=_IO_file_seekoff@@GLIBC_2.17
941 5 1 1 0 0 0 0 0 0
943 3 0 0 0 0 0 0 0 0
944 6 0 0 0 0 0 0 0 0
fn=_IO_file_underflow@@GLIBC_2.17
885 30 8 4 0 0 0 0 0 0
943 5 0 0 0 0 0 0 0 0
944 10 0 0 0 0 0 0 0 0
fn=_IO_file_xsgetn
941 65 0 0 0 0 0 0 0 0
fn=_IO_flush_all_lockp
941 6 0 0 0 0 0 2 0 0
fn=_IO_sgetn
941 65 0 0 0 0 0 0 0 0
943 13 0 0 0 0 0 0 0 0
944 26 0 0 0 0 0 0 0 0
fn=__uflow
941 10 0 0 0 0 0 0 0 0
943 2 0 0 0 0 0 0 0 0
944 4 0 0 0 0 0 0 0 0
fn=__underflow
941 15 0 0 0 0 0 0 0 0
943 3 0 0 0 0 0 0 0 0
944 6 0 0 0 0 0 0 0 0
fn=fclose@@GLIBC_2.17
857 20 2 2 6 3 3 0 0 0
863 4 0 0 0 0 0 0 0 0
884 2 2 2 0 0 0 0 0 0
885 15 1 1 4 0 0 3 0 0
941 10 0 0 0 0 0 0 0 0
943 2 0 0 0 0 0 0 0 0
944 4 0 0 0 0 0 0 0 0
fn=fflush
884 16 0 0 8 0 0 0 0 0
885 80 1 1 16 0 0 16 0 0
941 40 1 1 0 0 0 0 0 0
943 8 0 0 0 0 0 0 0 0
944 16 0 0 0 0 0 0 0 0
fn=fread
884 2 0 0 1 0 0 0 0 0
885 10 1 1 2 0 0 2 0 0
fn=fseek
884 2 1 1 1 0 0 0 0 0
fn=ftell
884 1 1 1 0 0 0 0 0 0
885 13 1 1 2 0 0 2 0 0
fn=rewind
884 1 0 0 0 0 0 0 0 0
885 10 1 1 2 0 0 2 0 0
fl=/build/glibc-FcXrgv/glibc-2.31/libio/rewind.c
fn=rewind
32 5 2 2 0 0 0 5 0 0
34 18 1 1 5 0 0 2 0 0
35 5 0 0 0 0 0 0 0 0
36 3 0 0 1 0 0 1 0 0
38 4 0 0 5 0 0 0 0 0
fl=/build/glibc-FcXrgv/glibc-2.31/libio/strops.c
fn=_IO_str_init_static_internal
36 875 124 8 0 0 0 750 0 0
40 125 0 0 0 0 0 0 0 0
42 125 118 8 0 0 0 0 0 0
43 250 0 0 0 0 0 0 0 0
46 625 118 7 0 0 0 0 0 0
48 125 0 0 0 0 0 250 0 0
50 125 0 0 0 0 0 125 0 0
51 125 0 0 0 0 0 0 0 0
54 125 0 0 0 0 0 250 0 0
55 125 0 0 0 0 0 125 0 0
64 125 0 0 0 0 0 125 0 0
65 500 0 0 750 0 0 0 0 0
fl=/build/glibc-FcXrgv/glibc-2.31/libio/vsnprintf.c
fn=__vsnprintf_internal
95 70 8 8 10 8 0 50 7 4
99 5 0 0 0 0 0 5 3 0
104 20 0 0 0 0 0 0 0 0
110 30 0 0 0 0 0 0 0 0
111 15 0 0 0 0 0 5 0 0
112 5 0 0 0 0 0 5 2 2
113 25 4 4 0 0 0 0 0 0
114 45 0 0 20 0 0 20 0 0
116 20 4 4 5 0 0 0 0 0
117 10 0 0 5 0 0 5 0 0
119 60 0 0 60 0 0 0 0 0
fl=/build/glibc-FcXrgv/glibc-2.31/libio/vtables.c
fn=check_stdfiles_vtables
84 7 1 1 2 2 0 0 0 0
85 5 1 1 2 1 0 0 0 0
86 5 0 0 2 1 0 0 0 0
88 1 0 0 0 0 0 0 0 0
fl=/build/glibc-FcXrgv/glibc-2.31/locale/../iconv/gconv_charset.h
fn=_nl_find_locale
59 12 0 0 0 0 0 0 0 0
61 162 0 0 78 0 0 0 0 0
63 150 1 1 12 0 0 0 0 0
64 672 7 2 60 0 0 0 0 0
65 240 0 0 60 7 4 60 0 0
75 120 8 2 0 0 0 0 0 0
76 72 6 1 0 0 0 24 0 0
78 12 0 0 0 0 0 12 0 0
86 480 3 1 192 1 1 96 0 0
fl=/build/glibc-FcXrgv/glibc-2.31/locale/../sysdeps/unix/sysv/linux/not-cancel.h
fn=_nl_load_locale
60 2 0 0 0 0 0 0 0 0
fl=/build/glibc-FcXrgv/glibc-2.31/locale/findlocale.c
fn=_nl_find_locale
66 166 0 0 12 0 0 0 0 0
75 18 2 1 0 0 0 0 0 0
78 12 0 0 0 0 0 0 0 0
82 42 0 0 0 0 0 0 0 0
85 12 0 0 0 0 0 0 0 0
87 6 0 0 0 0 0 0 0 0
88 54 2 1 18 0 0 0 0 0
96 30 0 0 0 0 0 0 0 0
104 954 5 2 106 0 0 636 0 0
107 106 0 0 53 0 0 53 0 0
115 106 0 0 53 0 0 0 0 0
119 200 2 1 0 0 0 50 0 0
121 150 4 1 0 0 0 50 0 0
123 184 0 0 0 0 0 46 0 0
124 4 0 0 4 0 0 0 0 0
125 230 0 0 0 0 0 46 0 0
132 216 0 0 0 0 0 0 0 0
133 30 0 0 0 0 0 0 0 0
137 94 0 0 0 0 0 47 0 0
138 188 0 0 47 2 0 0 0 0
146 12 0 0 6 0 0 6 0 0
150 6 0 0 0 0 0 0 0 0
153 24 1 0 0 0 0 0 0 0
154 6 0 0 0 0 0 0 0 0
159 18 1 1 6 0 0 6 0 0
160 6 0 0 0 0 0 0 0 0
168 12 6 1 0 0 0 0 0 0
169 6 0 0 0 0 0 0 0 0
179 18 0 0 6 0 0 6 0 0
182 102 5 2 0 0 0 6 0 0
197 42 0 0 0 0 0 0 0 0
199 12 2 1 0 0 0 0 0 0
205 90 1 1 30 0 0 18 0 0
211 6 0 0 0 0 0 0 0 0
215 14 1 1 5 0 0 3 0 0
220 1 0 0 0 0 0 0 0 0
226 6 0 0 0 0 0 0 0 0
227 18 6 1 6 0 0 0 0 0
229 12 0 0 6 0 0 0 0 0
232 12 0 0 6 0 0 0 0 0
235 24 0 0 6 0 0 0 0 0
237 12 6 1 6 0 0 0 0 0
238 3 0 0 0 0 0 0 0 0
239 36 6 1 12 0 0 0 0 0
244 6 0 0 0 0 0 6 0 0
257 12 0 0 6 0 0 0 0 0
281 18 0 0 12 1 1 0 0 0
282 12 1 1 0 0 0 0 0 0
283 6 0 0 0 0 0 0 0 0
286 96 1 1 0 0 0 6 0 0
289 96 8 2 0 0 0 6 0 0
292 24 0 0 6 0 0 0 0 0
302 12 0 0 6 0 0 0 0 0
306 4 0 0 1 0 0 0 0 0
307 1 0 0 0 0 0 0 0 0
308 23 0 0 7 0 0 0 0 0
309 6 0 0 0 0 0 0 0 0
311 3 0 0 0 0 0 1 0 0
315 12 0 0 6 0 0 0 0 0
320 18 0 0 6 0 0 0 0 0
322 3 0 0 0 0 0 1 0 0
325 795 3 2 742 0 0 0 0 0
fl=/build/glibc-FcXrgv/glibc-2.31/locale/lc-ctype.c
fn=_nl_postload_ctype
38 27 0 0 9 0 0 0 0 0
57 9 0 0 0 0 0 0 0 0
58 9 0 0 0 0 0 18 0 0
59 18 0 0 9 0 0 0 0 0
60 9 0 0 0 0 0 9 0 0
61 18 3 1 18 2 0 0 0 0
65 54 2 1 18 1 0 0 0 0
67 27 0 0 9 2 0 9 0 0
69 27 0 0 9 0 0 9 0 0
71 27 0 0 9 0 0 9 0 0
110 9 0 0 0 0 0 0 0 0
fl=/build/glibc-FcXrgv/glibc-2.31/locale/loadarchive.c
fn=_nl_load_locale_from_archive
134 90 3 2 12 0 0 84 0 0
135 6 0 0 6 0 0 0 0 0
153 12 0 0 0 0 0 0 0 0
159 24 0 0 6 1 0 0 0 0
169 18 3 1 0 0 0 0 0 0
170 30 0 0 6 0 0 0 0 0
172 30 2 1 0 0 0 0 0 0
173 30 2 1 0 0 0 0 0 0
174 6 0 0 0 0 0 0 0 0
175 12 0 0 0 0 0 0 0 0
176 24 0 0 0 0 0 0 0 0
181 18 0 0 0 0 0 0 0 0
182 18 2 1 0 0 0 0 0 0
183 90 4 1 0 0 0 6 0 0
184 54 0 0 0 0 0 0 0 0
189 18 0 0 0 0 0 0 0 0
194 24 2 1 6 0 0 0 0 0
202 2 1 1 0 0 0 1 0 0
205 5 0 0 0 0 0 0 0 0
206 2 0 0 0 0 0 0 0 0
265 10 0 0 5 0 0 0 0 0
499 90 3 1 90 0 0 0 0 0
fl=/build/glibc-FcXrgv/glibc-2.31/locale/loadlocale.c
fn=_nl_intern_locale_data
69 7 1 1 0 0 0 6 0 0
79 2 1 1 0 0 0 0 0 0
80 12 1 1 1 1 1 0 0 0
87 9 0 0 2 1 1 2 0 0
89 2 0 0 0 0 0 0 0 0
90 1 0 0 0 0 0 0 0 0
98 2 1 1 0 0 0 0 0 0
99 1 0 0 0 0 0 0 0 0
100 1 0 0 0 0 0 0 0 0
104 1 0 0 0 0 0 2 1 1
105 1 0 0 0 0 0 2 0 0
107 1 0 0 0 0 0 1 0 0
109 1 0 0 0 0 0 1 0 0
110 271 0 0 2 0 0 0 0 0
112 178 0 0 89 5 5 0 0 0
113 178 1 1 0 0 0 0 0 0
124 890 1 1 0 0 0 0 0 0
144 89 1 1 0 0 0 0 0 0
148 264 0 0 0 0 0 0 0 0
151 347 1 1 172 8 8 0 0 0
152 139 0 0 0 0 0 69 10 10
155 40 0 0 0 0 0 0 0 0
157 80 0 0 20 6 6 20 1 1
163 4 1 1 6 0 0 0 0 0
fn=_nl_load_locale
167 15 2 2 2 0 0 13 0 0
175 2 0 0 0 0 0 1 0 0
176 1 0 0 0 0 0 1 0 0
178 3 0 0 1 0 0 0 0 0
179 1 0 0 0 0 0 0 0 0
183 7 1 1 0 0 0 0 0 0
189 4 0 0 1 0 0 0 0 0
214 4 0 0 2 0 0 0 0 0
224 8 1 1 1 0 0 0 0 0
226 2 0 0 0 0 0 0 0 0
263 1 0 0 0 0 0 0 0 0
267 4 0 0 1 0 0 0 0 0
268 2 1 1 0 0 0 0 0 0
279 1 0 0 0 0 0 1 0 0
280 1 0 0 0 0 0 1 0 0
282 1 0 0 0 0 0 1 0 0
283 14 1 1 15 0 0 0 0 0
fl=/build/glibc-FcXrgv/glibc-2.31/locale/localeinfo.h
fn=_nl_find_locale
206 286 2 1 56 2 1 0 0 0
fn=new_composite_name
206 84 0 0 72 0 0 0 0 0
fl=/build/glibc-FcXrgv/glibc-2.31/locale/localename.c
fn=__current_locale_name
25 350 35 12 140 20 12 0 0 0
26 140 0 0 70 35 13 0 0 0
fl=/build/glibc-FcXrgv/glibc-2.31/locale/newlocale.c
fn=newlocale
44 16 2 2 2 0 0 13 3 3
56 2 0 0 0 0 0 0 0 0
57 2 1 1 0 0 0 0 0 0
64 1 0 0 0 0 0 0 0 0
67 4 1 1 0 0 0 0 0 0
73 4 0 0 0 0 0 0 0 0
74 6 1 1 2 0 0 0 0 0
76 1 1 1 0 0 0 0 0 0
278 16 2 2 15 0 0 0 0 0
fl=/build/glibc-FcXrgv/glibc-2.31/locale/nl_langinfo.c
fn=nl_langinfo
31 15 2 1 6 0 0 0 0 0
fl=/build/glibc-FcXrgv/glibc-2.31/locale/nl_langinfo_l.c
fn=nl_langinfo_l
32 3 0 0 0 0 0 0 0 0
33 3 0 0 0 0 0 0 0 0
36 9 0 0 0 0 0 0 0 0
42 9 3 1 0 0 0 0 0 0
58 3 0 0 3 0 0 0 0 0
61 9 0 0 3 0 0 0 0 0
66 6 0 0 3 1 0 0 0 0
67 3 0 0 0 0 0 0 0 0
fl=/build/glibc-FcXrgv/glibc-2.31/locale/setlocale.c
fn=new_composite_name
139 108 17 2 0 0 0 99 0 0
144 9 0 0 0 0 0 0 0 0
146 531 0 0 0 0 0 0 0 0
147 234 0 0 0 0 0 0 0 0
150 312 3 0 48 0 0 0 0 0
151 203 5 1 60 5 0 0 0 0
152 324 8 1 0 0 0 0 0 0
153 441 0 0 108 0 0 0 0 0
154 276 0 0 48 0 0 0 0 0
158 9 0 0 0 0 0 0 0 0
161 21 0 0 3 0 0 0 0 0
170 18 6 0 0 0 0 0 0 0
171 12 3 1 0 0 0 0 0 0
174 288 0 0 0 0 0 0 0 0
175 156 0 0 0 0 0 0 0 0
179 216 0 0 36 0 0 0 0 0
180 129 1 1 36 0 0 0 0 0
181 144 1 1 0 0 0 0 0 0
182 84 0 0 0 0 0 72 0 0
183 216 0 0 0 0 0 0 0 0
184 144 0 0 0 0 0 72 0 0
186 6 0 0 0 0 0 6 0 0
188 72 1 1 99 0 0 0 0 0
fn=setlocale
195 205 4 2 62 4 0 0 0 0
198 58 4 0 2 0 0 4 0 0
199 8 0 0 0 0 0 0 0 0
201 30 0 0 0 0 0 14 0 0
210 106 0 0 48 0 0 53 3 0
211 168 0 0 53 3 1 0 0 0
212 9 0 0 0 0 0 0 0 0
218 195 5 2 30 1 0 180 0 0
225 30 0 0 0 0 0 0 0 0
226 15 0 0 15 0 0 0 0 0
230 15 0 0 0 0 0 0 0 0
231 30 1 1 6 2 0 0 0 0
234 144 0 0 36 3 0 27 0 0
236 72 4 2 9 0 0 0 0 0
250 9 0 0 0 0 0 18 0 0
252 27 0 0 0 0 0 0 0 0
253 9 0 0 0 0 0 0 0 0
265 39 0 0 9 0 0 0 0 0
277 192 0 0 0 0 0 0 0 0
278 104 2 1 0 0 0 0 0 0
279 96 0 0 0 0 0 48 1 0
281 20 0 0 0 0 0 4 0 0
334 104 1 0 0 0 0 0 0 0
335 252 4 2 0 0 0 0 0 0
337 288 6 1 96 0 0 48 0 0
341 48 0 0 0 0 0 0 0 0
355 144 0 0 48 18 6 0 0 0
359 256 0 0 96 0 0 4 0 0
361 33 3 1 6 3 0 7 0 0
363 4 2 0 2 0 0 2 0 0
366 3 0 0 0 0 0 1 0 0
367 1 0 0 0 0 0 0 0 0
375 16 1 1 0 0 0 0 0 0
376 16 1 1 0 0 0 0 0 0
379 240 0 0 0 0 0 0 0 0
380 104 0 0 0 0 0 0 0 0
382 96 0 0 0 0 0 0 0 0
383 96 3 1 48 0 0 0 0 0
389 24 0 0 8 1 0 4 0 0
398 44 2 1 16 0 0 0 0 0
401 8 0 0 4 0 0 0 0 0
402 8 0 0 4 0 0 0 0 0
404 8 0 0 8 0 0 0 0 0
409 5 0 0 0 0 0 5 0 0
414 30 0 0 15 0 0 0 0 0
416 5 0 0 0 0 0 0 0 0
424 15 1 1 5 1 0 0 0 0
425 2 0 0 0 0 0 1 0 0
429 25 0 0 5 0 0 0 0 0
431 6 0 0 0 0 0 3 0 0
432 3 0 0 0 0 0 0 0 0
437 20 5 1 5 0 0 0 0 0
438 5 0 0 0 0 0 0 0 0
452 5 0 0 5 0 0 0 0 0
457 25 3 1 10 2 1 5 0 0
461 55 0 0 20 0 0 0 0 0
464 10 3 1 5 1 0 0 0 0
466 15 0 0 15 0 0 0 0 0
468 195 3 2 195 0 0 0 0 0
fl=/build/glibc-FcXrgv/glibc-2.31/locale/uselocale.c
fn=uselocale
31 10 1 1 4 2 1 0 0 0
33 2 0 0 0 0 0 0 0 0
36 6 1 1 0 0 0 0 0 0
37 2 0 0 0 0 0 2 0 0
65 6 0 0 2 1 1 2 0 0
66 8 0 0 6 1 1 2 0 0
68 8 0 0 4 1 0 2 0 0
72 4 1 1 0 0 0 0 0 0
73 4 0 0 0 0 0 0 0 0
fl=/build/glibc-FcXrgv/glibc-2.31/malloc/alloc_buffer_alloc_array.c
fn=__libc_alloc_buffer_alloc_array
25 6 1 1 0 0 0 0 0 0
26 6 0 0 6 0 0 0 0 0
28 24 0 0 0 0 0 0 0 0
30 24 0 0 0 0 0 0 0 0
32 6 0 0 0 0 0 0 0 0
33 12 0 0 0 0 0 0 0 0
34 30 1 1 0 0 0 0 0 0
35 18 0 0 6 0 0 0 0 0
37 6 0 0 0 0 0 6 0 0
38 6 0 0 0 0 0 0 0 0
45 6 0 0 0 0 0 0 0 0
fl=/build/glibc-FcXrgv/glibc-2.31/malloc/arena.c
fn=malloc_hook_ini
291 4 0 0 1 1 1 0 0 0
fn=ptmalloc_init.part.0
289 9 1 1 2 0 0 6 0 0
294 3 0 0 0 0 0 1 0 0
302 3 1 1 1 1 0 0 0 0
303 7 1 1 0 0 0 0 0 0
304 4 0 0 2 0 0 0 0 0
308 6 1 1 1 1 0 1 1 0
310 1 0 0 0 0 0 0 0 0
313 6 0 0 1 1 0 0 0 0
314 5 0 0 1 1 0 0 0 0
315 5 1 1 1 1 0 0 0 0
316 5 0 0 1 1 0 0 0 0
317 5 0 0 1 1 0 0 0 0
318 5 1 1 1 1 0 0 0 0
319 5 0 0 1 0 0 0 0 0
320 5 0 0 1 0 0 0 0 0
322 5 1 1 1 1 0 0 0 0
323 5 0 0 1 0 0 0 0 0
324 5 0 0 1 0 0 0 0 0
327 5 1 1 1 0 0 0 0 0
396 3 0 0 2 2 1 0 0 0
397 1 0 0 0 0 0 0 0 0
400 3 0 0 0 0 0 1 1 0
401 10 0 0 8 1 0 0 0 0
fn=realloc_hook_ini
291 3 1 1 1 0 0 0 0 0
fn=sysmalloc
536 12 0 0 0 0 0 0 0 0
fl=/build/glibc-FcXrgv/glibc-2.31/malloc/hooks.c
fn=malloc_hook_ini
29 4 1 1 0 0 0 3 0 0
30 3 1 1 1 0 0 1 0 0
32 2 0 0 0 0 0 0 0 0
33 2 0 0 3 1 0 0 0 0
fn=realloc_hook_ini
37 5 1 1 0 0 0 4 0 0
38 3 0 0 1 1 0 1 0 0
39 3 0 0 1 0 0 1 0 0
41 3 0 0 0 0 0 0 0 0
42 2 0 0 4 0 0 0 0 0
fl=/build/glibc-FcXrgv/glibc-2.31/malloc/malloc.c
fn=_int_free
1635 1744 299 91 0 0 0 0 0 0
1875 5232 0 0 1744 0 0 0 0 0
2924 4270 864 144 0 0 0 4270 0 0
2926 2135 0 0 2135 832 179 0 0 0
2927 2135 0 0 0 0 0 2135 0 0
2928 4270 889 80 0 0 0 2135 0 0
4155 46548 1765 371 7758 2958 107 34911 413 23
4165 11637 0 0 3879 1 0 7758 56 7
4171 11637 0 0 0 0 0 0 0 0
4172 7758 0 0 0 0 0 0 0 0
4176 11637 0 0 0 0 0 0 0 0
4183 7758 0 0 0 0 0 0 0 0
4184 46548 894 151 11637 988 14 0 0 0
4187 2865 0 0 0 0 0 0 0 0
4193 8595 581 60 2865 83 46 0 0 0
4206 17190 0 0 5730 1198 155 0 0 0
4209 2135 0 0 0 0 0 0 0 0
4220 5232 0 0 1744 638 13 0 0 0
4231 504 0 0 126 39 23 0 0 0
4233 504 68 45 126 30 0 0 0 0
4254 378 0 0 0 0 0 126 50 5
4255 126 0 0 0 0 0 0 0 0
4259 252 0 0 126 4 3 0 0 0
4261 504 0 0 126 27 1 0 0 0
4265 252 26 3 0 0 0 0 0 0
4267 126 0 0 0 0 0 126 0 0
4268 126 0 0 0 0 0 126 0 0
4286 504 0 0 0 0 0 0 0 0
4287 18 6 0 6 4 0 0 0 0
4295 3236 664 71 1618 0 0 0 0 0
4298 8090 0 0 1618 429 9 1618 0 0
4301 6472 0 0 0 0 0 0 0 0
4304 1618 792 123 0 0 0 0 0 0
4308 4854 0 0 1618 506 57 0 0 0
4311 6472 0 0 1618 584 24 0 0 0
4313 4854 673 146 1618 831 53 0 0 0
4316 3236 0 0 1618 666 347 0 0 0
4319 1618 0 0 0 0 0 0 0 0
4320 3236 0 0 0 0 0 0 0 0
4321 4854 0 0 1618 397 6 0 0 0
4327 3236 738 173 1618 0 0 0 0 0
4328 476 0 0 476 0 0 0 0 0
4329 476 0 0 0 0 0 0 0 0
4330 476 0 0 0 0 0 0 0 0
4331 1904 0 0 476 287 103 0 0 0
4333 952 0 0 0 0 0 0 0 0
4336 4854 0 0 1618 0 0 0 0 0
4338 2810 0 0 1405 961 569 0 0 0
4341 1405 714 174 0 0 0 0 0 0
4342 802 150 89 0 0 0 0 0 0
4343 802 0 0 0 0 0 0 0 0
4345 3012 0 0 1004 0 0 1004 0 0
4353 1405 0 0 0 0 0 0 0 0
4354 1405 0 0 1405 352 7 0 0 0
4355 4215 0 0 1405 310 8 0 0 0
4358 1405 0 0 0 0 0 2810 69 52
4359 2810 0 0 0 0 0 0 0 0
4362 2398 493 151 0 0 0 2398 94 56
4364 1405 0 0 0 0 0 1405 0 0
4365 1405 0 0 0 0 0 1405 0 0
4367 2810 0 0 0 0 0 1405 0 0
4368 1405 513 118 0 0 0 1405 0 0
4379 213 205 75 0 0 0 0 0 0
4380 426 0 0 0 0 0 213 0 0
4381 426 192 45 0 0 0 213 0 0
4398 4854 206 14 0 0 0 0 0 0
4399 234 75 59 78 0 0 0 0 0
4400 12 4 4 0 0 0 0 0 0
4402 312 0 0 0 0 0 0 0 0
4404 468 71 45 234 75 49 0 0 0
4405 156 0 0 0 0 0 0 0 0
4406 30 0 0 10 0 0 0 0 0
4418 3236 0 0 1618 0 0 0 0 0
4428 46548 1620 209 50427 0 0 0 0 0
fn=_int_malloc
1208 4130 0 0 0 0 0 4130 0 0
1210 18585 2695 269 0 0 0 12390 440 25
1635 4123 0 0 0 0 0 0 0 0
1868 14455 13 2 18585 0 0 0 0 0
2924 45 0 0 0 0 0 45 0 0
2926 135 9 9 45 4 2 45 0 0
2927 45 0 0 0 0 0 45 0 0
2928 135 0 0 0 0 0 45 0 0
2929 45 0 0 0 0 0 0 0 0
3513 6195 983 165 0 0 0 8260 1207 56
3553 2065 0 0 0 0 0 0 0 0
3577 6216 1535 75 2065 1484 96 0 0 0
3579 7 5 1 0 0 0 0 0 0
3582 134 0 0 134 42 5 0 0 0
3584 4694 791 123 0 0 0 0 0 0
3608 508 62 35 0 0 0 0 0 0
3612 6612 684 36 0 0 0 2204 146 7
3635 3862 0 0 0 0 0 0 0 0
3637 1102 0 0 0 0 0 1102 0 0
3638 2280 737 167 0 0 0 0 0 0
3640 12236 0 0 1140 1012 384 4408 0 0
3642 38 0 0 38 37 33 0 0 0
3643 114 0 0 38 13 12 0 0 0
3645 152 0 0 38 32 24 38 0 0
3646 38 0 0 0 0 0 38 0 0
3647 38 34 29 0 0 0 38 0 0
3649 152 0 0 0 0 0 0 0 0
3655 76 0 0 0 0 0 0 0 0
3656 494 33 27 114 3 0 0 0 0
3661 370 0 0 38 0 0 0 0 0
3662 222 0 0 74 0 0 0 0 0
3664 45 0 0 0 0 0 0 0 0
3666 45 0 0 45 0 0 0 0 0
3667 180 9 5 45 30 28 45 0 0
3668 204 9 9 38 5 0 0 0 0
3670 45 0 0 0 0 0 45 0 0
3671 45 0 0 0 0 0 45 36 35
3697 21426 832 134 0 0 0 6809 152 11
3698 2775 701 82 925 615 110 0 0 0
3699 351 0 0 156 0 0 156 0 0
3716 6079 0 0 0 0 0 0 0 0
3717 4054 0 0 0 0 0 0 0 0
3718 16214 1565 132 6080 115 2 0 0 0
3722 8108 0 0 0 0 0 8108 0 0
3727 1302 0 0 0 0 0 0 0 0
3728 10836 0 0 3178 1397 50 0 0 0
3730 1549 0 0 1549 269 22 0 0 0
3731 3098 0 0 1549 917 78 0 0 0
3732 1549 0 0 0 0 0 0 0 0
3734 3098 0 0 0 0 0 0 0 0
3735 4647 0 0 1549 808 13 0 0 0
3737 1549 0 0 1549 1103 100 0 0 0
3738 4647 916 117 0 0 0 0 0 0
3740 6196 0 0 1549 0 0 0 0 0
3742 4647 0 0 1549 151 20 0 0 0
3743 4647 0 0 1549 0 0 0 0 0
3745 1549 0 0 0 0 0 0 0 0
3756 4647 0 0 0 0 0 0 0 0
3757 2280 581 120 760 0 0 0 0 0
3758 966 0 0 0 0 0 0 0 0
3759 1302 0 0 0 0 0 0 0 0
3762 384 0 0 0 0 0 0 0 0
3763 384 0 0 0 0 0 0 0 0
3764 384 0 0 0 0 0 768 0 0
3765 384 0 0 0 0 0 384 0 0
3766 384 0 0 0 0 0 768 375 320
3767 768 0 0 0 0 0 0 0 0
3770 327 0 0 0 0 0 654 91 80
3773 2688 337 55 0 0 0 384 0 0
3775 768 0 0 0 0 0 384 96 76
3776 384 0 0 0 0 0 384 0 0
3779 384 0 0 0 0 0 0 0 0
3787 1165 730 102 0 0 0 1165 0 0
3788 1165 0 0 0 0 0 1165 0 0
3792 2330 0 0 0 0 0 0 0 0
3794 28 0 0 0 0 0 14 0 0
3795 6123 1221 106 14 0 0 2027 0 0
3800 28 0 0 0 0 0 0 0 0
3801 3906 0 0 1302 0 0 0 0 0
3821 2302 0 0 0 0 0 0 0 0
3823 714 0 0 0 0 0 0 0 0
3824 1428 0 0 0 0 0 0 0 0
3825 357 0 0 357 249 205 0 0 0
3829 7393 1282 250 0 0 0 0 0 0
3830 3176 177 27 0 0 0 0 0 0
3831 794 0 0 794 706 291 0 0 0
3834 1588 0 0 0 0 0 0 0 0
3837 6 0 0 0 0 0 0 0 0
3839 18 0 0 12 2 0 0 0 0
3840 12 1 0 0 0 0 0 0 0
3847 2 0 0 1 0 0 2 0 0
3848 4 0 0 0 0 0 2 0 0
3852 10 3 0 5 0 0 0 0 0
3853 10 5 5 0 0 0 0 0 0
3859 5 0 0 0 0 0 0 0 0
3862 4 2 0 2 1 0 0 0 0
3866 6 0 0 3 1 0 6 1 0
3867 12 0 0 6 0 0 0 0 0
3869 3 0 0 0 0 0 3 0 0
3870 9 0 0 3 0 0 3 0 0
3872 5 0 0 5 0 0 0 0 0
3873 25 5 2 5 0 0 0 0 0
3878 3152 746 274 0 0 0 1576 157 22
3881 5755 0 0 1151 264 35 1151 0 0
3882 1151 0 0 0 0 0 2302 0 0
3884 1151 0 0 0 0 0 1151 348 237
3885 1151 0 0 0 0 0 1151 0 0
3890 2302 638 96 0 0 0 0 0 0
3891 1151 0 0 0 0 0 0 0 0
3892 12591 0 0 2604 0 0 0 0 0
3900 4755 1540 280 0 0 0 0 0 0
3917 3258 458 50 0 0 0 0 0 0
3919 3644 620 81 911 0 0 0 0 0
3922 3644 0 0 911 819 380 0 0 0
3923 60 0 0 20 13 4 0 0 0
3927 64 0 0 16 0 0 0 0 0
3929 16 16 14 16 6 2 0 0 0
3933 48 16 14 16 0 0 0 0 0
3934 3 0 0 1 1 0 0 0 0
3935 1 0 0 1 0 0 0 0 0
3938 16 0 0 0 0 0 0 0 0
3939 32 0 0 0 0 0 0 0 0
3942 32 0 0 0 0 0 0 0 0
3951 4 0 0 0 0 0 0 0 0
3955 4 0 0 4 0 0 0 0 0
3956 12 0 0 4 0 0 0 0 0
3958 4 0 0 0 0 0 8 3 3
3960 4 0 0 0 0 0 4 0 0
3961 4 0 0 0 0 0 4 0 0
3962 8 2 1 0 0 0 0 0 0
3990 3226 445 27 1613 0 0 0 0 0
3991 4839 0 0 0 0 0 0 0 0
3992 1613 0 0 0 0 0 0 0 0
3993 4839 744 83 1613 674 42 0 0 0
3994 4839 0 0 0 0 0 0 0 0
3999 8913 0 0 0 0 0 0 0 0
4003 7464 851 82 0 0 0 0 0 0
4006 6676 0 0 1669 166 2 0 0 0
4008 2636 493 102 0 0 0 0 0 0
4009 1318 0 0 0 0 0 0 0 0
4013 24362 0 0 0 0 0 0 0 0
4015 10738 0 0 0 0 0 0 0 0
4016 10738 0 0 0 0 0 0 0 0
4017 10738 0 0 0 0 0 0 0 0
4021 1443 0 0 1443 724 221 0 0 0
4024 2886 426 52 0 0 0 0 0 0
4026 1947 0 0 0 0 0 649 0 0
4027 649 0 0 0 0 0 0 0 0
4028 649 0 0 0 0 0 0 0 0
4033 1588 646 124 794 295 92 0 0 0
4036 1588 0 0 0 0 0 0 0 0
4038 794 0 0 0 0 0 0 0 0
4041 1588 0 0 0 0 0 0 0 0
4044 1588 676 94 0 0 0 0 0 0
4046 240 50 42 60 0 0 60 0 0
4047 240 0 0 0 0 0 0 0 0
4054 746 0 0 0 0 0 0 0 0
4059 746 0 0 746 0 0 0 0 0
4060 2238 0 0 746 0 0 0 0 0
4062 746 0 0 0 0 0 1492 720 489
4064 746 0 0 0 0 0 746 0 0
4065 746 0 0 0 0 0 746 0 0
4068 1492 0 0 0 0 0 0 0 0
4069 356 0 0 0 0 0 356 0 0
4070 1492 0 0 0 0 0 0 0 0
4073 992 0 0 0 0 0 992 124 93
4075 5250 523 140 0 0 0 750 0 0
4077 1500 0 0 0 0 0 750 209 142
4078 1500 0 0 0 0 0 750 0 0
4081 848 0 0 0 0 0 0 0 0
4103 819 0 0 819 424 72 0 0 0
4104 1638 0 0 819 557 59 0 0 0
4106 2457 529 66 819 0 0 0 0 0
4109 2457 0 0 0 0 0 0 0 0
4111 805 0 0 0 0 0 0 0 0
4112 805 0 0 0 0 0 0 0 0
4113 805 0 0 0 0 0 805 0 0
4114 5635 1216 225 0 0 0 805 0 0
4116 1610 0 0 0 0 0 805 794 640
4119 805 0 0 0 0 0 0 0 0
4126 56 0 0 14 0 0 28 0 0
4141 56 14 14 0 0 0 0 0 0
4142 14 0 0 0 0 0 0 0 0
4147 8260 0 0 8260 0 0 0 0 0
fn=_int_realloc
4540 4102 285 57 0 0 0 5274 46 5
4551 1758 0 0 586 0 0 0 0 0
4552 2344 0 0 586 0 0 0 0 0
4558 1172 0 0 0 0 0 0 0 0
4560 586 301 96 0 0 0 0 0 0
4561 1758 0 0 586 97 19 0 0 0
4563 2344 0 0 0 0 0 0 0 0
4566 1172 0 0 0 0 0 0 0 0
4576 1542 49 21 456 311 16 0 0 0
4577 87 71 2 0 0 0 0 0 0
4578 87 0 0 0 0 0 0 0 0
4580 783 0 0 0 0 0 87 0 0
4581 174 0 0 0 0 0 87 0 0
4582 261 79 25 0 0 0 87 85 85
4584 174 0 0 0 0 0 0 0 0
4588 369 0 0 0 0 0 0 0 0
4589 1178 0 0 369 253 56 0 0 0
4590 220 119 55 0 0 0 0 0 0
4594 1230 0 0 205 0 0 0 0 0
4600 656 99 12 0 0 0 0 0 0
4601 164 0 0 0 0 0 0 0 0
4604 164 0 0 0 0 0 0 0 0
4610 328 0 0 0 0 0 0 0 0
4617 492 155 52 0 0 0 0 0 0
4618 656 0 0 0 0 0 0 0 0
4620 164 0 0 0 0 0 0 0 0
4629 335 173 80 0 0 0 0 0 0
4631 670 0 0 0 0 0 0 0 0
4633 1521 173 77 0 0 0 86 0 0
4634 258 0 0 86 0 0 86 0 0
4638 249 0 0 0 0 0 0 0 0
4639 1245 116 10 0 0 0 249 0 0
4640 498 0 0 0 0 0 249 201 182
4643 747 0 0 249 0 0 249 0 0
4644 996 39 11 0 0 0 0 0 0
4648 335 0 0 0 0 0 0 0 0
4649 4102 355 83 5274 1 0 0 0 0
fn=calloc
3366 102 23 15 0 0 0 136 7 4
3376 204 17 15 0 0 0 0 0 0
3384 102 0 0 68 31 2 0 0 0
3385 34 0 0 0 0 0 0 0 0
3394 272 15 15 68 19 3 136 0 0
3396 102 0 0 34 23 2 0 0 0
3406 102 0 0 34 27 6 0 0 0
3407 102 0 0 34 22 3 0 0 0
3428 136 0 0 0 0 0 0 0 0
3430 306 30 28 34 1 1 0 0 0
3433 68 0 0 34 0 0 0 0 0
3450 34 0 0 0 0 0 0 0 0
3453 68 0 0 34 0 0 0 0 0
3455 6 0 0 12 0 0 0 0 0
3461 34 0 0 0 0 0 0 0 0
3464 136 0 0 0 0 0 0 0 0
3475 34 0 0 0 0 0 0 0 0
3477 68 0 0 0 0 0 0 0 0
3479 68 15 15 0 0 0 0 0 0
3480 180 23 13 120 0 0 0 0 0
3485 4 0 0 0 0 0 8 0 0
3486 4 0 0 0 0 0 4 0 0
3487 8 0 0 0 0 0 0 0 0
3490 3 0 0 0 0 0 6 0 0
3491 6 0 0 0 0 0 0 0 0
3494 1 0 0 0 0 0 2 0 0
3495 2 0 0 0 0 0 0 0 0
3497 2 0 0 4 0 0 0 0 0
3498 2 0 0 0 0 0 2 0 0
3505 136 0 0 136 0 0 0 0 0
fn=free
3087 7380 1240 58 0 0 0 7380 89 20
3092 11070 0 0 7380 1821 102 0 0 0
3093 3690 0 0 0 0 0 0 0 0
3099 11070 0 0 0 0 0 3690 18 0
3102 3467 1232 115 0 0 0 0 0 0
3104 6934 0 0 3467 766 424 0 0 0
3108 4 1 1 1 1 1 0 0 0
3110 5 0 0 1 0 0 0 0 0
3111 8 1 1 2 1 1 0 0 0
3113 3 0 0 0 0 0 1 0 0
3114 2 0 0 0 0 0 1 0 0
3115 2 0 0 0 0 0 0 0 0
3118 3 0 0 1 0 0 0 0 0
3122 20796 0 0 6932 1374 27 0 0 0
3124 10398 0 0 0 0 0 0 0 0
3125 10621 2565 376 3689 0 0 0 0 0
3126 3913 0 0 7380 0 0 0 0 0
fn=malloc
1208 7548 0 0 0 0 0 7548 3 0
1210 15096 0 0 0 0 0 3774 0 0
2936 3816 0 0 1908 843 167 0 0 0
2937 3816 940 108 1908 969 489 1908 0 0
2938 3816 0 0 0 0 0 1908 0 0
2939 1908 0 0 0 0 0 1908 0 0
2978 3 2 2 1 0 0 0 0 0
3023 7550 1748 231 0 0 0 7550 315 13
3031 11325 1858 169 7550 3390 48 0 0 0
3032 3775 0 0 0 0 0 0 0 0
3033 4 1 1 0 0 0 0 0 0
3037 7548 0 0 0 0 0 7548 0 0
3044 33966 1908 95 7548 3567 103 0 0 0
3047 15096 0 0 3774 1666 17 0 0 0
3048 2958 1494 76 1 0 0 0 0 0
3049 5912 0 0 2956 1863 356 0 0 0
3051 3816 0 0 1908 0 0 0 0 0
3056 5598 0 0 1866 1219 61 0 0 0
3058 11196 0 0 0 0 0 0 0 0
3059 11194 1190 13 3732 6 5 0 0 0
3082 18871 688 14 22646 0 0 0 0 0
fn=malloc_consolidate
4441 301 43 42 0 0 0 430 17 3
4456 86 0 0 0 0 0 43 0 0
4458 43 0 0 0 0 0 0 0 0
4469 43 43 42 0 0 0 0 0 0
4471 1720 0 0 0 0 0 0 0 0
4472 430 0 0 0 0 0 0 0 0
4475 174 43 41 87 72 24 0 0 0
4476 435 0 0 0 0 0 0 0 0
4481 87 0 0 87 10 3 0 0 0
4484 87 0 0 0 0 0 0 0 0
4485 87 0 0 0 0 0 0 0 0
4486 174 43 41 87 43 9 0 0 0
4488 87 0 0 0 0 0 0 0 0
4489 5 0 0 5 0 0 0 0 0
4490 5 0 0 0 0 0 0 0 0
4491 5 0 0 0 0 0 0 0 0
4492 20 0 0 5 4 4 0 0 0
4494 10 0 0 0 0 0 0 0 0
4497 261 0 0 87 27 13 0 0 0
4498 172 0 0 86 67 53 0 0 0
4500 86 42 40 0 0 0 0 0 0
4501 14 0 0 0 0 0 0 0 0
4502 42 9 9 0 0 0 0 0 0
4504 216 0 0 72 0 0 72 0 0
4506 86 0 0 86 31 3 0 0 0
4507 86 0 0 0 0 0 86 0 0
4508 86 0 0 0 0 0 86 20 6
4510 172 0 0 0 0 0 0 0 0
4512 1 0 0 0 0 0 2 0 0
4515 86 0 0 0 0 0 0 0 0
4516 86 0 0 0 0 0 86 0 0
4517 86 0 0 0 0 0 172 0 0
4518 172 0 0 0 0 0 86 0 0
4522 1 0 0 0 0 0 0 0 0
4523 2 0 0 0 0 0 1 0 0
4524 1 0 0 0 0 0 1 0 0
4527 126 0 0 0 0 0 0 0 0
4530 1290 0 0 0 0 0 0 0 0
4531 258 0 0 430 0 0 0 0 0
fn=malloc_init_state
1795 258 1 1 0 0 0 0 0 0
1798 254 0 0 0 0 0 254 32 32
1802 4 0 0 0 0 0 0 0 0
1806 3 1 1 0 0 0 1 1 0
1807 2 0 0 0 0 0 1 1 0
1809 1 0 0 0 0 0 1 1 1
1810 1 0 0 0 0 0 0 0 0
fn=munmap_chunk
2809 2 1 1 0 0 0 2 0 0
2810 3 0 0 2 2 2 0 0 0
2811 1 0 0 1 0 0 0 0 0
2813 1 0 0 0 0 0 0 0 0
2817 9 2 2 2 0 0 0 0 0
2820 1 0 0 0 0 0 0 0 0
2821 3 0 0 1 0 0 2 0 0
2822 1 0 0 0 0 0 0 0 0
2828 3 0 0 0 0 0 0 0 0
2829 6 0 0 0 0 0 1 0 0
2832 5 0 0 0 0 0 0 0 0
2833 3 0 0 0 0 0 0 0 0
2838 5 0 0 3 0 0 0 0 0
2839 1 0 0 2 0 0 0 0 0
fn=realloc
1208 586 0 0 0 0 0 0 0 0
1210 2930 0 0 0 0 0 0 0 0
3131 1182 277 101 0 0 0 1182 6 2
3138 1773 0 0 1182 730 120 0 0 0
3139 591 0 0 0 0 0 0 0 0
3140 4 1 1 0 0 0 0 0 0
3143 4130 0 0 0 0 0 2360 0 0
3150 590 0 0 0 0 0 0 0 0
3151 16 2 1 16 0 0 0 0 0
3154 586 250 93 0 0 0 0 0 0
3156 2344 0 0 586 252 16 1758 0 0
3158 586 0 0 0 0 0 0 0 0
3159 586 0 0 0 0 0 0 0 0
3162 3516 528 217 1172 495 2 0 0 0
3163 2344 293 104 0 0 0 0 0 0
3172 1758 0 0 0 0 0 0 0 0
3173 1172 0 0 0 0 0 0 0 0
3183 586 232 107 0 0 0 0 0 0
3224 2344 0 0 586 366 5 0 0 0
3226 3516 0 0 0 0 0 0 0 0
3227 7032 415 74 2344 1 0 0 0 0
3254 2935 0 0 3526 0 0 0 0 0
fn=sysmalloc
2255 84 14 14 0 0 0 112 15 2
2275 42 0 0 28 23 19 0 0 0
2286 28 0 0 0 0 0 28 0 0
2287 108 14 14 14 14 14 36 0 0
2288 6 2 2 4 0 0 0 0 0
2302 68 0 0 0 0 0 12 0 0
2308 8 2 2 0 0 0 2 1 1
2310 14 2 2 0 0 0 0 0 0
2312 8 0 0 4 0 0 0 0 0
2327 8 2 2 0 0 0 4 0 0
2343 4 0 0 0 0 0 4 2 2
2348 12 0 0 0 0 0 0 0 0
2349 20 2 2 2 0 0 0 0 0
2352 10 0 0 0 0 0 0 0 0
2353 20 2 2 2 0 0 0 0 0
2368 12 0 0 12 0 0 0 0 0
2369 24 12 12 12 0 0 0 0 0
2370 12 0 0 0 0 0 0 0 0
2379 91 0 0 0 0 0 0 0 0
2385 36 0 0 0 0 0 0 0 0
2388 48 0 0 0 0 0 0 0 0
2441 12 12 12 0 0 0 0 0 0
2449 96 12 12 24 0 0 0 0 0
2460 24 12 12 0 0 0 0 0 0
2468 24 0 0 0 0 0 0 0 0
2470 84 0 0 24 12 11 24 0 0
2471 12 0 0 0 0 0 0 0 0
2474 24 12 12 24 0 0 0 0 0
2477 36 0 0 24 9 0 0 0 0
2478 12 0 0 0 0 0 0 0 0
2524 95 0 0 24 0 0 0 0 0
2525 3 1 1 0 0 0 1 0 0
2526 24 0 0 0 0 0 12 0 0
2532 36 0 0 0 0 0 0 0 0
2533 55 0 0 11 0 0 11 0 0
2535 5 1 1 1 0 0 0 0 0
2569 1 0 0 0 0 0 0 0 0
2575 2 1 1 0 0 0 0 0 0
2597 2 0 0 0 0 0 0 0 0
2598 5 0 0 0 0 0 0 0 0
2600 1 0 0 0 0 0 0 0 0
2601 6 0 0 2 0 0 0 0 0
2613 1 0 0 0 0 0 0 0 0
2621 3 0 0 2 0 0 0 0 0
2622 1 0 0 0 0 0 0 0 0
2623 3 2 2 0 0 0 0 0 0
2660 2 1 1 0 0 0 1 0 0
2661 4 1 1 0 0 0 1 1 1
2662 3 0 0 1 0 0 1 0 0
2673 1 0 0 0 0 0 0 0 0
2705 36 12 12 12 0 0 0 0 0
2706 12 0 0 0 0 0 12 0 0
2711 24 0 0 12 0 0 0 0 0
2714 24 12 12 0 0 0 0 0 0
2716 12 0 0 0 0 0 0 0 0
2717 36 0 0 0 0 0 0 0 0
2718 24 0 0 0 0 0 12 0 0
2719 36 0 0 0 0 0 12 0 0
2720 24 0 0 0 0 0 12 12 12
2722 36 0 0 48 0 0 0 0 0
2728 86 12 12 116 0 0 0 0 0
fn=systrim.isra.0.constprop.0
2741 40 10 9 0 0 0 60 1 0
2751 20 0 0 10 9 1 0 0 0
2752 50 10 9 20 0 0 0 0 0
2754 10 0 0 0 0 0 0 0 0
2755 20 0 0 0 0 0 0 0 0
2756 7 7 7 0 0 0 0 0 0
2759 30 0 0 10 9 5 0 0 0
2761 20 0 0 0 0 0 0 0 0
2768 21 3 2 6 4 0 6 0 0
2769 12 0 0 3 0 0 0 0 0
2781 9 0 0 3 0 0 0 0 0
2783 9 3 2 6 0 0 0 0 0
2784 3 0 0 0 0 0 0 0 0
2786 12 0 0 6 0 0 0 0 0
2788 3 0 0 0 0 0 0 0 0
2790 3 0 0 0 0 0 0 0 0
2794 6 0 0 0 0 0 0 0 0
2797 12 0 0 3 0 0 3 0 0
2798 15 0 0 9 0 0 3 0 0
2800 6 0 0 0 0 0 0 0 0
2805 40 0 0 60 0 0 0 0 0
fn=tcache_init.part.0
2972 4 1 1 0 0 0 6 0 0
2981 10 1 1 2 0 0 0 0 0
2982 4 0 0 0 0 0 0 0 0
2983 1 0 0 0 0 0 0 0 0
2991 5 0 0 0 0 0 0 0 0
3000 2 1 1 0 0 0 1 0 0
3001 4 0 0 0 0 0 0 0 0
3004 3 0 0 6 0 0 0 0 0
fn=unlink_chunk.isra.0
1451 3822 961 123 0 0 0 3822 108 7
1453 9555 0 0 3822 310 88 0 0 0
1457 1911 0 0 3822 255 76 0 0 0
1459 11466 0 0 3822 1269 486 0 0 0
1462 1911 0 0 0 0 0 1911 0 0
1463 1911 1008 153 0 0 0 1911 0 0
1464 6808 0 0 1493 185 40 0 0 0
1466 2373 0 0 791 1 0 0 0 0
1467 3164 0 0 1582 0 0 0 0 0
1470 1582 0 0 791 0 0 0 0 0
1484 791 0 0 0 0 0 791 0 0
1485 1582 0 0 791 0 0 791 0 0
1488 3822 1271 134 3822 0 0 0 0 0
fl=/build/glibc-FcXrgv/glibc-2.31/malloc/morecore.c
fn=__default_morecore
46 44 15 12 0 0 0 44 0 0
47 22 0 0 0 0 0 0 0 0
49 22 0 0 0 0 0 0 0 0
52 66 14 12 44 0 0 0 0 0
fl=/build/glibc-FcXrgv/glibc-2.31/malloc/scratch_buffer_set_array_size.c
fn=__libc_scratch_buffer_set_array_size
30 52 5 5 0 0 0 52 0 0
31 13 0 0 0 0 0 0 0 0
34 13 0 0 0 0 0 0 0 0
35 39 0 0 0 0 0 0 0 0
45 39 0 0 13 4 0 0 0 0
46 13 0 0 0 0 0 0 0 0
63 39 5 5 52 0 0 0 0 0
fl=/build/glibc-FcXrgv/glibc-2.31/math/../sysdeps/aarch64/fpu/math_private.h
fn=exp@@GLIBC_2.29
31 1 0 0 0 0 0 0 0 0
37 1 0 0 0 0 0 0 0 0
fn=pow@@GLIBC_2.29
31 1 0 0 0 0 0 0 0 0
37 1 0 0 0 0 0 0 0 0
fl=/build/glibc-FcXrgv/glibc-2.31/math/../sysdeps/ieee754/dbl-64/e_exp.c
fn=exp@@GLIBC_2.29
104 1 0 0 0 0 0 0 0 0
105 3 0 0 0 0 0 0 0 0
129 4 0 0 1 1 1 0 0 0
139 3 1 1 2 0 0 0 0 0
141 1 0 0 0 0 0 0 0 0
143 1 0 0 0 0 0 0 0 0
145 3 0 0 1 0 0 0 0 0
148 1 0 0 0 0 0 0 0 0
151 8 1 1 4 1 1 0 0 0
152 1 0 0 0 0 0 0 0 0
157 1 0 0 0 0 0 0 0 0
158 1 0 0 0 0 0 0 0 0
fl=/build/glibc-FcXrgv/glibc-2.31/math/../sysdeps/ieee754/dbl-64/e_log.c
fn=log@@GLIBC_2.29
39 3 0 0 0 0 0 0 0 0
61 18 0 0 0 0 0 0 0 0
85 12 2 2 0 0 0 0 0 0
102 6 0 0 0 0 0 0 0 0
104 3 0 0 0 0 0 0 0 0
105 6 0 0 0 0 0 0 0 0
106 18 2 2 0 0 0 0 0 0
114 12 0 0 3 3 3 0 0 0
119 3 0 0 0 0 0 0 0 0
122 9 0 0 6 2 2 0 0 0
123 3 0 0 0 0 0 0 0 0
124 12 0 0 3 0 0 0 0 0
127 3 0 0 0 0 0 0 0 0
130 30 2 2 15 0 0 0 0 0
132 3 0 0 0 0 0 0 0 0
fl=/build/glibc-FcXrgv/glibc-2.31/math/../sysdeps/ieee754/dbl-64/e_pow.c
fn=pow@@GLIBC_2.29
45 3 0 0 0 0 0 0 0 0
62 3 0 0 0 0 0 0 0 0
64 1 0 0 0 0 0 0 0 0
65 2 1 1 0 0 0 0 0 0
67 1 0 0 0 0 0 0 0 0
70 4 0 0 0 0 0 0 0 0
77 4 1 1 1 1 1 0 0 0
88 3 0 0 2 1 1 0 0 0
89 1 0 0 0 0 0 0 0 0
90 3 0 0 2 0 0 0 0 0
91 2 1 1 0 0 0 0 0 0
95 2 0 0 1 0 0 0 0 0
96 1 0 0 0 0 0 0 0 0
97 1 0 0 0 0 0 0 0 0
100 1 0 0 0 0 0 0 0 0
101 1 0 0 0 0 0 0 0 0
102 2 0 0 0 0 0 0 0 0
112 9 0 0 6 1 1 0 0 0
113 4 0 0 0 0 0 0 0 0
114 1 0 0 0 0 0 0 0 0
115 2 0 0 0 0 0 0 0 0
193 1 0 0 0 0 0 0 0 0
194 3 0 0 0 0 0 0 0 0
218 4 0 0 1 0 0 0 0 0
229 3 0 0 2 0 0 0 0 0
231 1 0 0 0 0 0 0 0 0
233 1 0 0 0 0 0 0 0 0
234 1 0 0 0 0 0 0 0 0
235 1 1 1 0 0 0 0 0 0
237 3 0 0 1 0 0 0 0 0
240 1 0 0 0 0 0 0 0 0
243 8 0 0 4 0 0 0 0 0
244 1 0 0 0 0 0 0 0 0
249 1 1 1 0 0 0 0 0 0
283 1 1 1 0 0 0 0 0 0
284 1 0 0 0 0 0 0 0 0
292 7 0 0 0 0 0 0 0 0
369 1 0 0 0 0 0 0 0 0
370 2 1 1 0 0 0 0 0 0
380 1 0 0 0 0 0 0 0 0
fl=/build/glibc-FcXrgv/glibc-2.31/math/../sysdeps/ieee754/dbl-64/math_config.h
fn=exp@@GLIBC_2.29
67 1 1 1 0 0 0 0 0 0
79 2 0 0 1 1 1 0 0 0
fn=log@@GLIBC_2.29
67 3 2 2 0 0 0 0 0 0
fn=pow@@GLIBC_2.29
67 3 1 1 0 0 0 0 0 0
79 2 0 0 1 1 1 0 0 0
fl=/build/glibc-FcXrgv/glibc-2.31/math/../sysdeps/ieee754/dbl-64/wordsize-64/s_modf.c
fn=modf
32 75 0 0 0 0 0 0 0 0
35 75 75 66 0 0 0 0 0 0
36 150 0 0 0 0 0 0 0 0
37 150 75 75 0 0 0 0 0 0
38 75 0 0 0 0 0 0 0 0
43 150 0 0 0 0 0 0 0 0
44 150 0 0 0 0 0 0 0 0
45 70 0 0 0 0 0 70 0 0
47 140 0 0 0 0 0 0 0 0
50 15 5 5 0 0 0 5 0 0
51 5 0 0 0 0 0 0 0 0
62 75 0 0 0 0 0 0 0 0
fl=/build/glibc-FcXrgv/glibc-2.31/misc/../sysdeps/unix/syscall-template.S
fn=mprotect
78 144 7 5 0 0 0 0 0 0
79 36 0 0 0 0 0 0 0 0
fn=munmap
78 204 38 11 0 0 0 0 0 0
79 51 34 6 0 0 0 0 0 0
fn=sysinfo
78 4 1 1 0 0 0 0 0 0
79 1 0 0 0 0 0 0 0 0
fl=/build/glibc-FcXrgv/glibc-2.31/misc/../sysdeps/unix/sysv/linux/aarch64/ioctl.S
fn=ioctl
23 1 1 1 0 0 0 0 0 0
24 1 0 0 0 0 0 0 0 0
25 1 0 0 0 0 0 0 0 0
26 1 0 0 0 0 0 0 0 0
27 1 0 0 0 0 0 0 0 0
28 1 0 0 0 0 0 0 0 0
fl=/build/glibc-FcXrgv/glibc-2.31/misc/../sysdeps/unix/sysv/linux/aarch64/syscall.S
fn=syscall
30 1 1 1 0 0 0 0 0 0
31 1 0 0 0 0 0 0 0 0
32 1 0 0 0 0 0 0 0 0
33 1 0 0 0 0 0 0 0 0
34 1 1 1 0 0 0 0 0 0
35 1 0 0 0 0 0 0 0 0
36 1 0 0 0 0 0 0 0 0
37 1 0 0 0 0 0 0 0 0
38 1 0 0 0 0 0 0 0 0
39 1 0 0 0 0 0 0 0 0
40 1 0 0 0 0 0 0 0 0
41 1 0 0 0 0 0 0 0 0
fl=/build/glibc-FcXrgv/glibc-2.31/misc/../sysdeps/unix/sysv/linux/generic/brk.c
fn=brk
33 16 14 12 0 0 0 0 0 0
36 80 0 0 16 0 0 16 0 0
37 32 0 0 0 0 0 0 0 0
43 16 0 0 0 0 0 0 0 0
44 16 0 0 0 0 0 0 0 0
fl=/build/glibc-FcXrgv/glibc-2.31/misc/../sysdeps/unix/sysv/linux/getclktck.c
fn=__getclktck
30 5 2 2 2 2 0 0 0 0
31 2 0 0 0 0 0 0 0 0
fl=/build/glibc-FcXrgv/glibc-2.31/misc/../sysdeps/unix/sysv/linux/getpagesize.c
fn=getpagesize
28 32 3 2 16 4 2 0 0 0
30 8 0 0 0 0 0 0 0 0
fl=/build/glibc-FcXrgv/glibc-2.31/misc/../sysdeps/unix/sysv/linux/getsysstats.c
fn=get_phys_pages
319 8 1 1 2 0 0 4 0 0
322 2 0 0 0 0 0 0 0 0
323 8 1 1 4 0 0 0 0 0
324 2 0 0 3 0 0 0 0 0
fn=sysinfo_mempages
295 5 1 1 0 0 0 4 0 0
296 2 1 1 0 0 0 0 0 0
298 3 0 0 0 0 0 0 0 0
303 1 0 0 0 0 0 0 0 0
304 26 0 0 0 0 0 0 0 0
306 12 0 0 0 0 0 0 0 0
307 12 0 0 0 0 0 0 0 0
310 3 1 1 4 0 0 0 0 0
fl=/build/glibc-FcXrgv/glibc-2.31/misc/../sysdeps/unix/sysv/linux/mmap64.c
fn=mmap
51 230 51 27 0 0 0 0 0 0
59 805 0 0 0 0 0 0 0 0
61 115 0 0 0 0 0 0 0 0
fl=/build/glibc-FcXrgv/glibc-2.31/misc/getauxval.c
fn=getauxval
31 10 3 3 0 0 0 0 0 0
32 14 4 3 9 2 0 0 0 0
48 5 3 2 0 0 0 0 0 0
fl=/build/glibc-FcXrgv/glibc-2.31/misc/init-misc.c
fn=__init_misc
30 4 0 0 0 0 0 4 0 0
31 3 2 2 1 1 0 0 0 0
33 3 0 0 0 0 0 0 0 0
37 4 0 0 1 1 0 0 0 0
38 5 0 0 2 1 0 2 1 0
40 3 0 0 4 0 0 0 0 0
fl=/build/glibc-FcXrgv/glibc-2.31/misc/sbrk.c
fn=sbrk
32 110 14 12 0 0 0 110 4 0
40 151 15 12 65 39 32 0 0 0
41 6 1 1 2 0 0 0 0 0
44 44 0 0 0 0 0 0 0 0
48 60 0 0 0 0 0 0 0 0
50 3 0 0 0 0 0 0 0 0
56 45 26 23 0 0 0 0 0 0
60 110 3 0 110 0 0 0 0 0
fl=/build/glibc-FcXrgv/glibc-2.31/misc/tsearch.c
fn=tfind
373 111 36 13 0 0 0 148 6 1
377 37 0 0 0 0 0 0 0 0
378 36 0 0 0 0 0 0 0 0
383 258 37 14 37 36 14 37 0 0
388 3 0 0 1 0 0 0 0 0
389 2 0 0 0 0 0 0 0 0
392 2 0 0 0 0 0 0 0 0
395 185 36 14 185 0 0 0 0 0
fn=tsearch
292 4 1 1 0 0 0 5 0 0
303 1 0 0 0 0 0 0 0 0
307 2 0 0 1 0 0 2 0 0
308 7 1 1 0 0 0 6 0 0
326 4 1 1 0 0 0 0 0 0
338 3 1 1 0 0 0 0 0 0
339 1 0 0 0 0 0 0 0 0
350 4 0 0 1 0 0 1 0 0
353 2 0 0 0 0 0 2 0 0
354 1 0 0 0 0 0 1 0 0
356 2 0 0 0 0 0 0 0 0
363 8 1 1 12 0 0 0 0 0
fl=/build/glibc-FcXrgv/glibc-2.31/nptl/../include/list.h
fn=__pthread_initialize_minimal
44 1 0 0 0 0 0 0 0 0
45 1 0 0 0 0 0 2 0 0
46 1 0 0 0 0 0 1 0 0
47 1 0 0 0 0 0 0 0 0
48 1 0 0 0 0 0 1 0 0
fl=/build/glibc-FcXrgv/glibc-2.31/nptl/../malloc/dynarray-skeleton.c
fn=__register_atfork
196 1 0 0 0 0 0 0 0 0
197 2 0 0 0 0 0 2 0 0
318 2 1 1 1 0 0 0 0 0
320 2 0 0 0 0 0 1 0 0
364 1 0 0 0 0 0 0 0 0
fn=__run_fork_handlers
239 6 1 1 2 1 1 2 0 0
248 5 1 1 0 0 0 0 0 0
250 3 1 1 1 0 0 0 0 0
fn=__unregister_atfork
250 32 0 0 16 0 0 0 0 0
fl=/build/glibc-FcXrgv/glibc-2.31/nptl/../sysdeps/nptl/futex-internal.h
fn=__pthread_once_slow
364 32 0 0 0 0 0 0 0 0
fn=pthread_rwlock_rdlock
368 105 0 0 0 0 0 0 0 0
fn=sem_post@@GLIBC_2.17
368 1063 0 0 0 0 0 0 0 0
fl=/build/glibc-FcXrgv/glibc-2.31/nptl/../sysdeps/unix/sysv/linux/pthread-pids.h
fn=__pthread_initialize_minimal
29 7 0 0 0 0 0 1 1 0
fl=/build/glibc-FcXrgv/glibc-2.31/nptl/../sysdeps/unix/sysv/linux/sigaction.c
fn=__libc_sigaction
43 16 1 1 4 0 0 6 1 0
48 2 0 0 0 0 0 0 0 0
50 4 0 0 2 0 0 0 0 0
51 34 2 2 32 0 0 32 2 2
52 6 0 0 2 0 0 4 0 0
53 2 0 0 0 0 0 0 0 0
58 20 0 0 0 0 0 0 0 0
62 6 1 1 0 0 0 0 0 0
70 16 2 2 10 0 0 0 0 0
fl=/build/glibc-FcXrgv/glibc-2.31/nptl/alloca_cutoff.c
fn=__libc_alloca_cutoff
28 20 3 2 2 1 0 0 0 0
35 4 0 0 0 0 0 0 0 0
fl=/build/glibc-FcXrgv/glibc-2.31/nptl/allocatestack.c
fn=__pthread_init_static_tls
1183 2 0 0 1 0 0 0 0 0
1189 9 0 0 4 1 1 0 0 0
1196 5 2 2 0 0 0 6 0 0
1197 8 0 0 0 0 0 0 0 0
1201 5 0 0 1 1 1 0 0 0
1205 7 2 2 2 0 0 0 0 0
1208 7 1 1 0 0 0 0 0 0
1209 4 0 0 6 0 0 0 0 0
fl=/build/glibc-FcXrgv/glibc-2.31/nptl/cleanup_compat.c
fn=_pthread_cleanup_pop
41 4 1 0 0 0 0 0 0 0
43 12 0 0 4 1 0 4 0 0
47 4 0 0 0 0 0 0 0 0
49 4 0 0 0 0 0 0 0 0
fn=_pthread_cleanup_push
27 4 3 3 0 0 0 0 0 0
30 4 0 0 0 0 0 8 0 0
31 12 3 3 4 1 0 4 0 0
33 4 0 0 0 0 0 4 0 0
34 4 0 0 0 0 0 0 0 0
fl=/build/glibc-FcXrgv/glibc-2.31/nptl/cleanup_defer_compat.c
fn=_pthread_cleanup_pop_restore
62 72 15 8 0 0 0 72 0 0
63 12 0 0 0 0 0 0 0 0
65 36 0 0 12 0 0 12 0 0
68 24 0 0 12 0 0 0 0 0
91 12 0 0 0 0 0 0 0 0
93 48 0 0 72 0 0 0 0 0
fn=_pthread_cleanup_push_defer
25 60 7 4 0 0 0 72 0 0
26 12 0 0 0 0 0 0 0 0
28 12 0 0 0 0 0 12 0 0
29 12 0 0 0 0 0 12 0 0
30 48 0 0 12 4 1 12 0 0
32 12 0 0 12 6 3 0 0 0
35 24 0 0 0 0 0 0 0 0
50 12 8 4 0 0 0 12 0 0
52 12 0 0 0 0 0 0 0 0
54 12 0 0 0 0 0 12 0 0
55 48 0 0 72 0 0 0 0 0
fl=/build/glibc-FcXrgv/glibc-2.31/nptl/forward.c
fn=pthread_cond_init@@GLIBC_2.17
99 22 2 2 8 1 0 0 0 0
fn=pthread_cond_signal@@GLIBC_2.17
110 41151 546 60 14964 711 70 0 0 0
fn=pthread_condattr_init
71 11 2 2 4 2 0 0 0 0
fn=pthread_mutex_init
156 22 2 2 8 3 0 0 0 0
fn=pthread_mutex_lock
160 61732 490 86 22448 2391 346 0 0 0
fn=pthread_mutex_unlock
162 61732 505 89 22448 0 0 0 0 0
fl=/build/glibc-FcXrgv/glibc-2.31/nptl/libc_pthread_init.c
fn=__libc_pthread_init
43 4 1 1 0 0 0 3 0 0
45 2 0 0 0 0 0 1 1 1
48 5 1 1 0 0 0 0 0 0
67 127 0 0 0 0 0 0 0 0
70 89 0 0 44 7 0 0 0 0
71 43 0 0 0 0 0 42 6 6
73 3 0 0 0 0 0 1 0 0
77 1 0 0 0 0 0 0 0 0
79 4 0 0 3 0 0 0 0 0
fl=/build/glibc-FcXrgv/glibc-2.31/nptl/nptl-init.c
fn=__pthread_initialize_minimal
244 9 2 2 2 2 0 7 2 1
246 1 0 0 0 0 0 0 0 0
248 2 0 0 0 0 0 1 1 0
249 2 0 0 0 0 0 1 1 0
254 1 0 0 0 0 0 0 0 0
256 1 0 0 0 0 0 2 0 0
258 2 0 0 0 0 0 1 0 0
262 4 1 1 0 0 0 0 0 0
272 4 0 0 2 2 0 1 1 0
275 3 0 0 0 0 0 1 1 1
276 1 0 0 0 0 0 0 0 0
280 5 1 1 1 1 0 1 0 0
283 49 0 0 0 0 0 16 2 2
288 3 0 0 0 0 0 1 0 0
289 2 0 0 0 0 0 1 0 0
290 4 0 0 0 0 0 0 0 0
293 3 1 1 0 0 0 1 0 0
294 3 0 0 0 0 0 1 0 0
295 4 0 0 0 0 0 0 0 0
301 3 0 0 1 0 0 1 0 0
304 6 1 1 0 0 0 0 0 0
311 4 0 0 0 0 0 0 0 0
314 4 0 0 1 0 0 0 0 0
316 2 1 1 0 0 0 1 0 0
318 6 0 0 1 0 0 1 0 0
323 5 0 0 0 0 0 0 0 0
324 3 0 0 1 0 0 0 0 0
328 3 0 0 0 0 0 0 0 0
335 3 0 0 2 0 0 0 0 0
336 3 1 1 1 0 0 0 0 0
341 7 0 0 0 0 0 1 0 0
342 7 1 1 0 0 0 0 0 0
343 4 0 0 1 0 0 1 1 1
344 1 0 0 0 0 0 1 0 0
345 6 0 0 0 0 0 0 0 0
350 5 1 1 2 0 0 1 1 0
351 3 0 0 1 0 0 1 0 0
352 1 0 0 1 1 0 0 0 0
353 1 0 0 0 0 0 1 0 0
354 2 0 0 0 0 0 0 0 0
355 1 0 0 0 0 0 0 0 0
357 4 1 1 1 0 0 1 0 0
360 3 0 0 0 0 0 1 0 0
362 3 0 0 0 0 0 1 0 0
366 2 0 0 0 0 0 1 0 0
368 7 0 0 0 0 0 0 0 0
372 3 1 1 0 0 0 1 0 0
375 1 0 0 0 0 0 0 0 0
377 10 0 0 9 0 0 0 0 0
fl=/build/glibc-FcXrgv/glibc-2.31/nptl/pthread_cond_init.c
fn=pthread_cond_init@@GLIBC_2.17
33 6 1 1 0 0 0 12 0 0
39 6 0 0 2 0 0 0 0 0
45 2 0 0 0 0 0 0 0 0
46 6 0 0 2 0 0 2 0 0
48 2 0 0 0 0 0 0 0 0
51 4 0 0 0 0 0 0 0 0
fl=/build/glibc-FcXrgv/glibc-2.31/nptl/pthread_cond_signal.c
fn=pthread_cond_signal@@GLIBC_2.17
36 14964 599 75 0 0 0 14964 364 97
37 3741 0 0 0 0 0 0 0 0
42 7482 0 0 3741 502 83 0 0 0
43 7482 655 72 0 0 0 0 0 0
97 14964 670 85 14964 0 0 0 0 0
fl=/build/glibc-FcXrgv/glibc-2.31/nptl/pthread_condattr_init.c
fn=pthread_condattr_init
25 1 1 1 0 0 0 0 0 0
32 1 0 0 0 0 0 1 1 1
35 2 0 0 0 0 0 0 0 0
fl=/build/glibc-FcXrgv/glibc-2.31/nptl/pthread_condattr_setclock.c
fn=pthread_condattr_setclock
29 1 1 1 0 0 0 0 0 0
31 2 0 0 0 0 0 0 0 0
34 1 0 0 0 0 0 0 0 0
41 3 1 1 1 0 0 1 0 0
42 1 0 0 0 0 0 0 0 0
44 1 0 0 0 0 0 0 0 0
45 1 0 0 0 0 0 0 0 0
fl=/build/glibc-FcXrgv/glibc-2.31/nptl/pthread_getspecific.c
fn=pthread_getspecific
25 106 106 8 0 0 0 0 0 0
30 212 0 0 0 0 0 0 0 0
31 424 106 7 0 0 0 0 0 0
55 106 0 0 106 105 8 0 0 0
56 106 0 0 0 0 0 0 0 0
60 728 0 0 208 104 5 0 0 0
65 106 0 0 0 0 0 0 0 0
fl=/build/glibc-FcXrgv/glibc-2.31/nptl/pthread_key_create.c
fn=pthread_key_create
26 18 4 4 0 0 0 16 0 0
28 6 0 0 0 0 0 0 0 0
30 3 0 0 3 3 3 0 0 0
32 12 0 0 0 0 0 0 0 0
34 12 2 2 0 0 0 0 0 0
38 6 0 0 0 0 0 2 0 0
41 2 0 0 0 0 0 2 0 0
44 2 0 0 0 0 0 0 0 0
49 10 0 0 16 0 0 0 0 0
fl=/build/glibc-FcXrgv/glibc-2.31/nptl/pthread_key_delete.c
fn=pthread_key_delete
26 3 0 0 0 0 0 3 0 0
29 2 1 1 0 0 0 0 0 0
31 5 1 1 1 1 1 0 0 0
33 1 0 0 0 0 0 0 0 0
34 6 0 0 0 0 0 0 0 0
37 1 0 0 0 0 0 0 0 0
41 3 1 1 3 0 0 0 0 0
fl=/build/glibc-FcXrgv/glibc-2.31/nptl/pthread_mutex_conf.c
fn=__pthread_tunables_init
42 8 1 1 2 1 0 4 0 0
43 5 0 0 0 0 0 0 0 0
45 8 1 1 5 1 0 0 0 0
fl=/build/glibc-FcXrgv/glibc-2.31/nptl/pthread_mutex_init.c
fn=pthread_mutex_init
53 22 2 2 4 2 0 14 0 0
65 2 0 0 0 0 0 0 0 0
89 6 0 0 0 0 0 12 2 2
92 2 1 1 0 0 0 0 0 0
134 2 0 0 0 0 0 0 0 0
140 4 1 1 0 0 0 2 0 0
149 2 0 0 0 0 0 0 0 0
151 2 0 0 0 0 0 0 0 0
152 20 1 1 18 0 0 0 0 0
fl=/build/glibc-FcXrgv/glibc-2.31/nptl/pthread_mutex_lock.c
fn=pthread_mutex_lock
64 17565 632 148 0 0 0 23420 53 0
67 23420 628 125 5855 632 88 0 0 0
69 5855 0 0 0 0 0 0 0 0
71 11710 0 0 0 0 0 0 0 0
75 17565 0 0 0 0 0 11710 0 0
80 28060 0 0 0 0 0 0 0 0
81 22448 560 66 5612 0 0 0 0 0
95 972 214 15 243 0 0 0 0 0
99 486 0 0 0 0 0 0 0 0
102 972 0 0 486 173 9 0 0 0
105 9 0 0 3 0 0 0 0 0
109 6 0 0 0 0 0 3 0 0
111 6 3 3 0 0 0 0 0 0
115 960 0 0 0 0 0 0 0 0
117 480 0 0 240 0 0 0 0 0
118 720 115 12 0 0 0 240 0 0
159 5852 0 0 5852 517 77 0 0 0
161 17556 0 0 5852 0 0 11704 0 0
164 5852 0 0 0 0 0 0 0 0
166 5852 0 0 0 0 0 0 0 0
167 23420 0 0 35130 0 0 0 0 0
fl=/build/glibc-FcXrgv/glibc-2.31/nptl/pthread_mutex_unlock.c
fn=__pthread_mutex_unlock_usercnt
38 17565 635 80 0 0 0 23420 2 0
41 23420 0 0 5855 5 0 0 0 0
42 11710 0 0 0 0 0 0 0 0
47 17565 0 0 0 0 0 0 0 0
52 11704 0 0 0 0 0 11704 1 0
53 5852 783 78 0 0 0 0 0 0
55 23408 704 142 5852 0 0 5852 0 0
58 35112 0 0 5852 0 0 0 0 0
60 5852 0 0 0 0 0 0 0 0
62 5852 0 0 5852 0 0 0 0 0
64 486 116 8 0 0 0 0 0 0
70 972 116 10 243 0 0 0 0 0
74 1458 107 11 486 5 0 0 0 0
77 1212 0 0 243 0 0 243 0 0
94 23420 2 0 23420 0 0 0 0 0
fn=pthread_mutex_unlock
357 11710 898 161 0 0 0 0 0 0
fl=/build/glibc-FcXrgv/glibc-2.31/nptl/pthread_once.c
fn=__pthread_once_slow
68 56 6 6 8 4 2 40 3 2
76 4 0 0 4 0 0 0 0 0
80 4 0 0 0 0 0 0 0 0
88 12 3 3 4 3 2 0 0 0
92 28 3 3 0 0 0 0 0 0
96 4 0 0 0 0 0 0 0 0
101 12 0 0 0 0 0 0 0 0
114 24 3 3 0 0 0 0 0 0
116 4 0 0 0 0 0 0 0 0
118 12 3 3 0 0 0 0 0 0
124 8 0 0 0 0 0 4 0 0
132 52 0 0 48 1 0 0 0 0
fn=pthread_once
139 157 112 9 157 110 10 0 0 0
140 157 0 0 0 0 0 0 0 0
143 4 0 0 0 0 0 0 0 0
144 306 0 0 0 0 0 0 0 0
fl=/build/glibc-FcXrgv/glibc-2.31/nptl/pthread_rwlock_common.c
fn=pthread_rwlock_rdlock
299 735 35 11 210 90 42 0 0 0
311 315 0 0 105 32 12 0 0 0
353 315 0 0 0 0 0 0 0 0
355 105 0 0 0 0 0 0 0 0
370 105 0 0 0 0 0 0 0 0
390 105 0 0 0 0 0 0 0 0
395 2 0 0 0 0 0 0 0 0
396 1 1 1 0 0 0 0 0 0
402 7 0 0 0 0 0 0 0 0
413 5 1 1 0 0 0 0 0 0
fn=pthread_rwlock_unlock
221 345 35 12 0 0 0 0 0 0
227 105 0 0 105 0 0 0 0 0
232 105 0 0 105 0 0 0 0 0
236 105 0 0 0 0 0 0 0 0
240 210 0 0 0 0 0 0 0 0
243 315 35 13 0 0 0 0 0 0
244 210 0 0 0 0 0 0 0 0
254 840 0 0 0 0 0 0 0 0
259 105 0 0 0 0 0 0 0 0
275 210 35 14 0 0 0 0 0 0
529 10 4 1 10 0 0 0 0 0
531 10 0 0 0 0 0 10 0 0
535 40 0 0 0 0 0 0 0 0
536 10 0 0 0 0 0 0 0 0
538 20 0 0 10 2 1 0 0 0
559 10 0 0 10 0 0 0 0 0
561 100 3 1 0 0 0 0 0 0
569 20 0 0 0 0 0 0 0 0
582 10 0 0 0 0 0 0 0 0
fn=pthread_rwlock_wrlock
604 70 9 1 20 5 1 0 0 0
623 70 0 0 0 0 0 40 0 0
625 20 0 0 0 0 0 0 0 0
720 1 1 1 0 0 0 0 0 0
779 20 0 0 0 0 0 10 0 0
784 10 0 0 0 0 0 0 0 0
789 1 0 0 0 0 0 0 0 0
790 4 0 0 0 0 0 0 0 0
796 12 1 1 0 0 0 0 0 0
803 3 0 0 0 0 0 1 0 0
948 20 8 0 10 0 0 10 0 0
950 30 0 0 40 0 0 0 0 0
fl=/build/glibc-FcXrgv/glibc-2.31/nptl/pthread_rwlock_rdlock.c
fn=pthread_rwlock_rdlock
24 420 35 12 0 0 0 420 31 7
25 105 0 0 0 0 0 0 0 0
28 105 0 0 0 0 0 0 0 0
30 315 35 13 420 0 0 0 0 0
fl=/build/glibc-FcXrgv/glibc-2.31/nptl/pthread_rwlock_unlock.c
fn=pthread_rwlock_unlock
31 690 44 13 0 0 0 920 6 2
32 115 0 0 0 0 0 0 0 0
39 575 0 0 230 0 0 0 0 0
40 230 0 0 0 0 0 0 0 0
45 690 18 2 920 0 0 0 0 0
fl=/build/glibc-FcXrgv/glibc-2.31/nptl/pthread_rwlock_wrlock.c
fn=pthread_rwlock_wrlock
24 50 8 1 0 0 0 60 0 0
25 10 0 0 0 0 0 0 0 0
28 10 0 0 0 0 0 0 0 0
30 40 9 1 60 0 0 0 0 0
fl=/build/glibc-FcXrgv/glibc-2.31/nptl/pthread_self.c
fn=pthread_self
25 3277 1897 83 0 0 0 0 0 0
26 6554 0 0 0 0 0 0 0 0
fl=/build/glibc-FcXrgv/glibc-2.31/nptl/pthread_setspecific.c
fn=pthread_setspecific
26 12 4 4 0 0 0 12 0 0
33 2 0 0 0 0 0 0 0 0
37 4 0 0 0 0 0 0 0 0
40 12 0 0 2 1 0 0 0 0
42 2 0 0 0 0 0 0 0 0
44 4 0 0 0 0 0 0 0 0
47 2 0 0 0 0 0 0 0 0
48 6 2 2 0 0 0 2 2 1
88 2 0 0 0 0 0 4 1 0
90 2 0 0 0 0 0 0 0 0
91 8 0 0 12 0 0 0 0 0
fl=/build/glibc-FcXrgv/glibc-2.31/nptl/pthread_testcancel.c
fn=pthread_testcancel
25 30 6 5 0 0 0 40 2 0
26 70 0 0 10 6 3 0 0 0
27 30 0 0 40 0 0 0 0 0
fl=/build/glibc-FcXrgv/glibc-2.31/nptl/register-atfork.c
fn=__register_atfork
39 9 1 1 0 0 0 8 0 0
40 7 1 1 0 0 0 0 0 0
42 3 0 0 1 1 1 0 0 0
45 3 0 0 0 0 0 1 0 0
49 1 0 0 0 0 0 0 0 0
52 1 0 0 0 0 0 2 1 1
54 1 0 0 0 0 0 2 0 0
58 6 0 0 0 0 0 0 0 0
60 1 0 0 0 0 0 0 0 0
61 6 1 1 8 0 0 0 0 0
fn=__run_fork_handlers
111 8 1 1 0 0 0 8 0 0
114 2 0 0 0 0 0 0 0 0
116 2 0 0 0 0 0 2 0 0
117 1 0 0 0 0 0 0 0 0
119 3 0 0 0 0 0 0 0 0
121 1 0 0 0 0 0 0 0 0
122 4 0 0 2 1 1 0 0 0
129 10 0 0 2 0 0 2 0 0
132 2 0 0 0 0 0 0 0 0
134 4 1 1 1 0 0 0 0 0
137 2 0 0 2 0 0 0 0 0
140 7 1 1 10 0 0 0 0 0
fn=__unregister_atfork
68 128 0 0 0 0 0 0 0 0
71 48 1 1 16 1 1 0 0 0
79 80 1 1 0 0 0 80 0 0
80 112 1 1 0 0 0 0 0 0
82 32 0 0 16 0 0 0 0 0
106 96 1 1 0 0 0 0 0 0
107 64 0 0 80 0 0 0 0 0
fl=/build/glibc-FcXrgv/glibc-2.31/nptl/sem_destroy.c
fn=sem_destroy@@GLIBC_2.17
31 668 204 139 0 0 0 0 0 0
fl=/build/glibc-FcXrgv/glibc-2.31/nptl/sem_init.c
fn=sem_init@@GLIBC_2.17
29 335 214 173 0 0 0 0 0 0
33 335 0 0 0 0 0 0 0 0
51 670 0 0 0 0 0 335 0 0
59 335 0 0 0 0 0 335 0 0
60 1005 0 0 0 0 0 0 0 0
62 335 0 0 0 0 0 0 0 0
63 335 0 0 0 0 0 0 0 0
fl=/build/glibc-FcXrgv/glibc-2.31/nptl/sem_post.c
fn=sem_post@@GLIBC_2.17
34 5315 978 162 0 0 0 6378 1 0
36 1063 0 0 1063 210 2 0 0 0
44 1063 0 0 1063 0 0 0 0 0
47 3189 0 0 0 0 0 0 0 0
53 7441 979 186 0 0 0 0 0 0
56 2126 0 0 0 0 0 0 0 0
78 4252 0 0 6378 0 0 0 0 0
fl=/build/glibc-FcXrgv/glibc-2.31/nptl/sem_wait.c
fn=sem_trywait@@GLIBC_2.17
74 4216 897 190 0 0 0 4216 0 0
78 1053 0 0 0 0 0 0 0 0
79 5 1 0 1 1 1 1 1 1
80 2 0 0 0 0 0 0 0 0
81 3162 913 171 4216 0 0 0 0 0
fn=sem_wait@@GLIBC_2.17
25 40 6 5 0 0 0 40 0 0
37 10 0 0 0 0 0 0 0 0
44 40 0 0 40 0 0 0 0 0
fl=/build/glibc-FcXrgv/glibc-2.31/nptl/sem_waitcommon.c
fn=sem_trywait@@GLIBC_2.17
137 1054 0 0 1054 622 165 0 0 0
140 1054 0 0 0 0 0 0 0 0
142 7374 0 0 0 0 0 0 0 0
fn=sem_wait@@GLIBC_2.17
137 10 0 0 10 6 4 0 0 0
140 10 6 5 0 0 0 0 0 0
142 60 0 0 0 0 0 0 0 0
fl=/build/glibc-FcXrgv/glibc-2.31/posix/../sysdeps/nptl/fork.c
fn=fork
49 5 2 2 0 0 0 7 0 0
56 5 0 0 1 0 0 0 0 0
58 3 0 0 0 0 0 0 0 0
65 1 0 0 0 0 0 0 0 0
76 1 0 0 0 0 0 0 0 0
78 1 0 0 0 0 0 0 0 0
134 1 1 1 0 0 0 0 0 0
144 3 0 0 0 0 0 0 0 0
148 6 1 1 7 0 0 0 0 0
fl=/build/glibc-FcXrgv/glibc-2.31/posix/../sysdeps/posix/sysconf.c
fn=sysconf
54 18 7 3 0 0 0 0 0 0
77 3 2 1 0 0 0 0 0 0
215 21 3 2 0 0 0 0 0 0
634 2 1 1 0 0 0 0 0 0
fl=/build/glibc-FcXrgv/glibc-2.31/posix/../sysdeps/unix/syscall-template.S
fn=getegid
59 2 1 1 0 0 0 0 0 0
60 1 0 0 0 0 0 0 0 0
fn=geteuid
59 2 1 1 0 0 0 0 0 0
60 1 0 0 0 0 0 0 0 0
fn=getgid
59 2 0 0 0 0 0 0 0 0
60 1 0 0 0 0 0 0 0 0
fn=getuid
59 2 0 0 0 0 0 0 0 0
60 1 0 0 0 0 0 0 0 0
fn=uname
78 8 2 2 0 0 0 0 0 0
79 2 1 1 0 0 0 0 0 0
fl=/build/glibc-FcXrgv/glibc-2.31/posix/../sysdeps/unix/sysv/linux/_exit.c
fn=_Exit
27 1 1 1 0 0 0 0 0 0
31 6 0 0 1 0 0 0 0 0
fl=/build/glibc-FcXrgv/glibc-2.31/posix/../sysdeps/unix/sysv/linux/aarch64/sysconf.c
fn=sysconf
29 81 4 2 18 2 0 45 0 0
39 36 4 2 0 0 0 0 0 0
50 81 4 2 63 0 0 0 0 0
fl=/build/glibc-FcXrgv/glibc-2.31/posix/../sysdeps/unix/sysv/linux/arch-fork.h
fn=fork
40 10 1 1 0 0 0 0 0 0
53 1 0 0 0 0 0 0 0 0
fl=/build/glibc-FcXrgv/glibc-2.31/posix/../sysdeps/unix/sysv/linux/sysconf.c
fn=sysconf
44 55 1 1 0 0 0 0 0 0
100 54 16 4 9 4 3 0 0 0
fl=/build/glibc-FcXrgv/glibc-2.31/posix/../sysdeps/unix/sysv/linux/wait4.c
fn=wait4
25 6 1 1 0 0 0 6 0 0
27 10 1 1 1 0 0 0 0 0
83 5 0 0 6 0 0 0 0 0
fl=/build/glibc-FcXrgv/glibc-2.31/posix/confstr.c
fn=confstr
33 20 4 4 4 2 0 12 0 0
41 12 2 2 0 0 0 0 0 0
253 3 1 1 0 0 0 0 0 0
254 1 0 0 0 0 0 0 0 0
259 3 0 0 0 0 0 0 0 0
260 1 0 0 0 0 0 0 0 0
280 6 2 2 0 0 0 0 0 0
282 4 0 0 0 0 0 0 0 0
283 6 0 0 0 0 0 0 0 0
291 22 2 2 16 0 0 0 0 0
fl=/build/glibc-FcXrgv/glibc-2.31/posix/waitpid.c
fn=waitpid
38 2 1 1 0 0 0 0 0 0
fl=/build/glibc-FcXrgv/glibc-2.31/resource/../sysdeps/unix/sysv/linux/getrlimit64.c
fn=getrlimit
38 8 1 1 0 0 0 0 0 0
39 1 0 0 0 0 0 0 0 0
fl=/build/glibc-FcXrgv/glibc-2.31/setjmp/../sysdeps/aarch64/setjmp.S
fn=__sigsetjmp
39 171 109 8 0 0 0 342 2 1
40 171 0 0 0 0 0 342 1 0
41 171 0 0 0 0 0 342 6 0
42 171 0 0 0 0 0 342 5 3
43 171 0 0 0 0 0 342 1 1
46 662 0 0 320 224 8 0 0 0
47 171 1 1 0 0 0 342 1 0
54 171 0 0 0 0 0 0 0 0
55 171 0 0 0 0 0 342 10 1
56 171 110 12 0 0 0 342 1 1
57 171 0 0 0 0 0 342 1 0
58 171 0 0 0 0 0 342 5 0
60 171 0 0 0 0 0 0 0 0
61 662 0 0 320 0 0 0 0 0
62 171 0 0 0 0 0 171 0 0
69 22 0 0 0 0 0 0 0 0
70 22 0 0 0 0 0 0 0 0
72 149 0 0 0 0 0 0 0 0
fn=_setjmp
30 1 1 1 0 0 0 0 0 0
31 1 0 0 0 0 0 0 0 0
fl=/build/glibc-FcXrgv/glibc-2.31/setjmp/sigjmp.c
fn=__sigjmp_save
28 596 0 0 0 0 0 447 8 5
29 149 0 0 0 0 0 149 2 0
30 149 0 0 0 0 0 0 0 0
34 596 110 9 447 0 0 0 0 0
fl=/build/glibc-FcXrgv/glibc-2.31/signal/../nptl/sigaction.c
fn=sigaction
24 340 3 2 0 0 0 0 0 0
26 10 0 0 2 1 1 2 1 1
30 66 0 0 0 0 0 0 0 0
31 4 1 1 0 0 0 0 0 0
fl=/build/glibc-FcXrgv/glibc-2.31/signal/../signal/allocrtsig.c
fn=__libc_current_sigrtmax
54 1 1 1 0 0 0 0 0 0
58 2 0 0 1 0 0 0 0 0
fn=__libc_current_sigrtmin
41 1 1 1 0 0 0 0 0 0
45 2 0 0 1 1 1 0 0 0
fl=/build/glibc-FcXrgv/glibc-2.31/signal/../sysdeps/unix/syscall-template.S
fn=sigaltstack
78 12 2 2 0 0 0 0 0 0
79 3 2 2 0 0 0 0 0 0
fl=/build/glibc-FcXrgv/glibc-2.31/signal/../sysdeps/unix/sysv/linux/internal-signals.h
fn=sigaction
46 68 0 0 0 0 0 0 0 0
fl=/build/glibc-FcXrgv/glibc-2.31/signal/../sysdeps/unix/sysv/linux/sigaction.c
fn=__libc_sigaction
43 528 6 4 132 2 0 198 1 0
48 66 0 0 0 0 0 0 0 0
50 8 0 0 4 0 0 0 0 0
51 68 3 3 64 0 0 64 1 0
52 12 0 0 4 0 0 8 0 0
53 4 0 0 0 0 0 0 0 0
58 598 4 3 0 0 0 0 0 0
62 198 1 1 0 0 0 0 0 0
64 198 0 0 66 0 0 66 0 0
65 1122 3 3 1056 0 0 1056 0 0
66 132 2 2 66 0 0 66 0 0
67 132 0 0 66 0 0 66 0 0
70 528 0 0 330 0 0 0 0 0
fl=/build/glibc-FcXrgv/glibc-2.31/signal/sigempty.c
fn=sigemptyset
25 4 3 2 0 0 0 0 0 0
26 4 0 0 0 0 0 0 0 0
32 32 3 3 0 0 0 64 0 0
34 4 0 0 0 0 0 0 0 0
35 4 0 0 0 0 0 0 0 0
fl=/build/glibc-FcXrgv/glibc-2.31/stdio-common/../libio/libioP.h
fn=__vfprintf_internal
941 875 0 0 0 0 0 125 0 0
943 407 21 8 0 0 0 0 0 0
944 1096 215 10 282 0 0 0 0 0
fl=/build/glibc-FcXrgv/glibc-2.31/stdio-common/../sysdeps/pthread/flockfile.c
fn=flockfile
26 80 1 1 0 0 0 80 3 0
27 48 0 0 16 0 0 16 0 0
28 256 1 1 64 15 0 32 0 0
29 64 0 0 80 0 0 0 0 0
fl=/build/glibc-FcXrgv/glibc-2.31/stdio-common/../sysdeps/pthread/funlockfile.c
fn=funlockfile
26 48 1 1 0 0 0 48 0 0
27 160 3 1 32 0 0 32 0 0
28 48 0 0 48 0 0 0 0 0
fl=/build/glibc-FcXrgv/glibc-2.31/stdio-common/_itoa.c
fn=_itoa_word
165 194 0 0 0 0 0 0 0 0
168 582 194 13 0 0 0 0 0 0
170 388 0 0 0 0 0 0 0 0
180 582 97 4 97 97 2 97 0 0
188 97 0 0 0 0 0 0 0 0
fl=/build/glibc-FcXrgv/glibc-2.31/stdio-common/printf-parse.h
fn=__vfprintf_internal
111 923 237 22 0 0 0 0 0 0
fn=read_int
75 11 0 0 0 0 0 0 0 0
76 44 4 4 22 0 0 0 0 0
78 120 4 4 24 0 0 24 0 0
79 13 0 0 0 0 0 0 0 0
81 56 4 4 0 0 0 0 0 0
82 10 0 0 0 0 0 0 0 0
87 26 0 0 0 0 0 0 0 0
88 33 0 0 0 0 0 0 0 0
91 39 0 0 0 0 0 0 0 0
96 11 0 0 0 0 0 0 0 0
fl=/build/glibc-FcXrgv/glibc-2.31/stdio-common/vfprintf-internal.c
fn=__vfprintf_internal
1289 2625 248 15 500 0 0 2000 324 12
1320 1500 124 10 625 141 4 625 99 4
1324 125 0 0 0 0 0 125 0 0
1328 500 115 7 125 0 0 0 0 0
1332 375 0 0 125 0 0 0 0 0
1343 250 0 0 0 0 0 0 0 0
1350 250 118 7 0 0 0 125 0 0
1354 750 0 0 500 0 0 500 121 7
1358 513 97 4 0 0 0 125 0 0
1365 125 0 0 0 0 0 125 115 5
1369 250 0 0 0 0 0 125 0 0
1373 1500 115 11 250 75 7 0 0 0
1377 375 0 0 250 0 0 0 0 0
1381 1250 118 9 375 235 14 125 108 5
1402 141 0 0 0 0 0 141 0 0
1403 141 0 0 0 0 0 141 0 0
1404 141 0 0 0 0 0 141 0 0
1405 141 0 0 0 0 0 141 0 0
1406 141 0 0 0 0 0 0 0 0
1407 141 0 0 0 0 0 0 0 0
1408 141 0 0 0 0 0 0 0 0
1409 141 0 0 0 0 0 0 0 0
1410 141 0 0 0 0 0 0 0 0
1411 141 118 7 0 0 0 0 0 0
1412 282 0 0 141 118 7 0 0 0
1415 141 124 7 0 0 0 141 0 0
1416 282 0 0 0 0 0 141 0 0
1419 282 0 0 0 0 0 141 0 0
1420 814 0 0 141 0 0 125 0 0
1423 2067 0 0 423 122 10 266 3 0
1574 33 4 4 11 0 0 11 0 0
1575 33 0 0 11 3 3 0 0 0
1601 33 0 0 0 0 0 0 0 0
1603 99 4 4 0 0 0 77 0 0
1607 110 4 4 77 0 0 0 0 0
1615 11 0 0 0 0 0 0 0 0
1616 55 4 4 0 0 0 0 0 0
1623 423 0 0 0 0 0 0 0 0
1644 121 4 4 33 7 7 0 0 0
1682 250 0 0 0 0 0 125 106 3
1687 9054 1750 51 2156 0 0 1067 0 0
1688 2048 171 91 404 0 0 178 0 0
1705 423 124 8 141 0 0 141 0 0
1707 282 0 0 141 0 0 0 0 0
1715 564 0 0 141 0 0 282 0 0
1719 2256 118 13 423 0 0 0 0 0
1721 407 0 0 141 0 0 0 0 0
1741 250 0 0 125 0 0 0 0 0
1742 250 115 7 125 0 0 0 0 0
1745 2000 0 0 1875 0 0 0 0 0
fl=/build/glibc-FcXrgv/glibc-2.31/stdlib/../sysdeps/pthread/allocalim.h
fn=__add_to_environ
27 4 0 0 0 0 0 0 0 0
29 6 0 0 0 0 0 0 0 0
fl=/build/glibc-FcXrgv/glibc-2.31/stdlib/../sysdeps/unix/sysv/linux/getrandom.c
fn=getrandom
29 10 2 2 0 0 0 10 0 0
30 18 2 2 2 1 0 0 0 0
31 10 0 0 10 0 0 0 0 0
fl=/build/glibc-FcXrgv/glibc-2.31/stdlib/canonicalize.c
fn=realpath@@GLIBC_2.17
44 15 1 1 2 0 0 13 0 0
50 1 0 0 0 0 0 0 0 0
60 2 1 1 1 0 0 0 0 0
76 2 0 0 0 0 0 0 0 0
84 1 0 0 0 0 0 0 0 0
86 2 0 0 0 0 0 0 0 0
88 4 1 1 0 0 0 0 0 0
93 4 1 1 0 0 0 0 0 0
101 2 0 0 1 0 0 0 0 0
107 5 1 1 0 0 0 0 0 0
111 35 0 0 7 0 0 0 0 0
114 2 0 0 0 0 0 0 0 0
116 3 1 1 0 0 0 0 0 0
118 3 0 0 0 0 0 0 0 0
128 3 0 0 1 0 0 0 0 0
129 4 0 0 0 0 0 1 0 0
131 3 0 0 0 0 0 0 0 0
158 4 2 2 0 0 0 0 0 0
159 1 0 0 0 0 0 1 0 0
161 8 0 0 0 0 0 1 0 0
164 4 0 0 1 0 0 0 0 0
201 4 1 1 1 0 0 0 0 0
208 4 0 0 1 0 0 0 0 0
209 3 0 0 0 0 0 0 0 0
210 1 0 0 0 0 0 1 0 0
212 3 0 0 0 0 0 0 0 0
220 16 0 0 15 0 0 0 0 0
fl=/build/glibc-FcXrgv/glibc-2.31/stdlib/cxa_atexit.c
fn=__cxa_atexit
70 150 3 2 0 0 0 0 0 0
fn=__internal_atexit
36 250 6 4 0 0 0 400 0 0
41 50 0 0 0 0 0 0 0 0
43 550 0 0 50 1 0 0 0 0
44 150 0 0 0 0 0 0 0 0
46 50 3 2 0 0 0 0 0 0
53 200 0 0 100 1 1 0 0 0
55 50 0 0 0 0 0 100 0 0
57 50 0 0 0 0 0 100 0 0
58 50 0 0 0 0 0 0 0 0
59 300 0 0 50 0 0 0 0 0
60 50 0 0 0 0 0 0 0 0
61 300 3 2 400 0 0 0 0 0
fn=__new_exitfn
82 200 3 2 0 0 0 200 0 0
83 100 0 0 0 0 0 0 0 0
88 150 0 0 50 3 1 0 0 0
93 153 4 3 51 3 1 0 0 0
95 149 0 0 50 0 0 0 0 0
96 246 0 0 49 1 0 0 0 0
103 1 0 0 0 0 0 1 0 0
106 98 2 1 0 0 0 0 0 0
110 2 0 0 0 0 0 0 0 0
114 4 0 0 0 0 0 0 0 0
115 1 0 0 0 0 0 0 0 0
117 1 0 0 0 0 0 1 0 0
118 1 0 0 0 0 0 1 0 0
124 2 0 0 0 0 0 0 0 0
125 6 1 1 0 0 0 2 0 0
131 96 0 0 0 0 0 0 0 0
132 96 0 0 0 0 0 48 0 0
138 100 0 0 0 0 0 50 16 16
139 200 0 0 50 0 0 50 0 0
143 150 2 1 200 0 0 0 0 0
fl=/build/glibc-FcXrgv/glibc-2.31/stdlib/cxa_finalize.c
fn=__cxa_finalize
30 128 2 2 0 0 0 192 0 0
33 112 0 0 16 1 0 0 0 0
36 96 1 1 32 1 0 0 0 0
40 96 0 0 16 0 0 0 0 0
43 16 0 0 0 0 0 0 0 0
79 32 0 0 16 0 0 0 0 0
94 80 0 0 32 1 1 0 0 0
98 96 1 1 16 0 0 0 0 0
106 16 0 0 0 0 0 0 0 0
107 32 1 1 0 0 0 0 0 0
109 112 0 0 16 0 0 0 0 0
110 112 0 0 192 0 0 0 0 0
fl=/build/glibc-FcXrgv/glibc-2.31/stdlib/cxa_thread_atexit_impl.c
fn=__call_tls_dtors
145 4 1 1 0 0 0 6 0 0
146 5 0 0 2 0 0 0 0 0
164 4 1 1 6 0 0 0 0 0
fl=/build/glibc-FcXrgv/glibc-2.31/stdlib/exit.c
fn=__run_exit_handlers
40 11 1 1 0 0 0 13 1 1
45 2 1 1 0 0 0 0 0 0
46 2 1 1 0 0 0 0 0 0
56 17 0 0 4 1 0 1 0 0
59 3 0 0 3 1 1 0 0 0
61 3 0 0 0 0 0 0 0 0
65 3 1 1 0 0 0 1 0 0
66 6 0 0 1 0 0 0 0 0
70 104 1 1 52 2 2 0 0 0
72 100 0 0 0 0 0 50 0 0
73 52 0 0 50 0 0 0 0 0
76 254 1 1 2 0 0 0 0 0
77 300 0 0 50 24 24 0 0 0
96 3 0 0 1 1 1 0 0 0
103 50 0 0 0 0 0 50 0 0
106 200 1 1 150 0 0 0 0 0
108 150 0 0 50 1 1 0 0 0
112 300 1 0 50 0 0 0 0 0
114 150 0 0 50 0 0 0 0 0
120 4 2 1 2 0 0 2 0 0
121 2 0 0 0 0 0 0 0 0
124 2 0 0 0 0 0 0 0 0
126 12 0 0 2 0 0 0 0 0
129 2 0 0 1 0 0 0 0 0
130 17 1 1 1 1 1 0 0 0
132 2 0 0 0 0 0 0 0 0
fn=exit
138 2 1 1 0 0 0 2 1 1
139 5 0 0 0 0 0 0 0 0
fl=/build/glibc-FcXrgv/glibc-2.31/stdlib/getenv.c
fn=getenv
34 561 14 3 0 0 0 748 0 0
35 374 0 0 0 0 0 0 0 0
39 1122 14 3 561 28 20 0 0 0
42 561 0 0 374 5 3 0 0 0
67 561 0 0 187 0 0 374 0 0
72 187 0 0 0 0 0 0 0 0
75 5303 0 0 2558 10 5 0 0 0
84 8069 0 0 2563 36 19 0 0 0
85 15 0 0 5 0 0 0 0 0
86 25 0 0 20 0 0 0 0 0
91 1299 32 9 1476 0 0 374 0 0
fl=/build/glibc-FcXrgv/glibc-2.31/stdlib/mbstowcs.c
fn=mbstowcs
28 1616 36 15 404 0 0 808 0 0
31 202 0 0 0 0 0 404 0 0
33 606 36 14 0 0 0 0 0 0
34 1616 0 0 1010 0 0 0 0 0
fl=/build/glibc-FcXrgv/glibc-2.31/stdlib/msort.c
fn=msort_with_tmp.part.0
40 1780 3 1 0 0 0 2314 19 6
45 1252 0 0 0 0 0 0 0 0
48 178 0 0 0 0 0 0 0 0
49 178 0 0 0 0 0 0 0 0
50 923 1 1 0 0 0 1134 0 0
51 356 3 1 178 0 0 0 0 0
56 178 3 1 178 0 0 0 0 0
59 178 0 0 356 0 0 0 0 0
60 534 2 1 356 0 0 0 0 0
99 2318 1 1 0 0 0 0 0 0
105 6237 0 0 1701 0 0 567 0 0
108 1116 0 0 0 0 0 0 0 0
109 1116 2 1 0 0 0 0 0 0
114 9 0 0 0 0 0 0 0 0
115 18 0 0 0 0 0 0 0 0
117 5103 0 0 0 0 0 0 0 0
118 2268 0 0 1134 0 0 1134 16 1
158 178 3 1 0 0 0 0 0 0
159 10 1 1 0 0 0 0 0 0
160 1068 3 1 356 0 0 0 0 0
161 1068 0 0 2136 0 0 0 0 0
fn=qsort
308 6 3 1 0 0 0 0 0 0
fn=qsort_r
45 18 0 0 0 0 0 0 0 0
166 54 3 1 6 4 0 39 0 0
167 12 1 1 0 0 0 0 0 0
168 2 0 0 0 0 0 2 0 0
175 6 0 0 0 0 0 0 0 0
177 26 1 1 0 0 0 4 1 0
185 3 0 0 1 1 1 0 0 0
187 3 1 1 0 0 0 0 0 0
189 6 0 0 0 0 0 0 0 0
198 2 0 0 0 0 0 1 0 0
201 1 0 0 0 0 0 0 0 0
203 4 1 0 0 0 0 1 0 0
214 6 1 1 1 0 0 0 0 0
221 5 0 0 2 1 1 0 0 0
222 3 0 0 0 0 0 1 0 0
223 1 0 0 0 0 0 1 0 0
224 1 0 0 0 0 0 0 0 0
231 1 0 0 0 0 0 1 0 0
235 6 1 1 0 0 0 6 0 0
237 3 0 0 0 0 0 6 0 0
239 6 0 0 0 0 0 0 0 0
284 3 2 1 0 0 0 0 0 0
285 6 0 0 0 0 0 0 0 0
287 6 2 1 0 0 0 0 0 0
289 6 0 0 0 0 0 0 0 0
293 6 0 0 0 0 0 0 0 0
295 9 0 0 0 0 0 3 0 0
299 6 0 0 3 0 0 0 0 0
300 42 1 1 45 0 0 0 0 0
fl=/build/glibc-FcXrgv/glibc-2.31/stdlib/setenv.c
fn=__add_to_environ
118 34 2 2 4 0 0 30 0 0
128 4 0 0 0 0 0 0 0 0
130 2 0 0 0 0 0 0 0 0
131 8 2 1 2 0 0 2 0 0
133 14 0 0 0 0 0 0 0 0
137 6 1 1 4 0 0 0 0 0
139 4 0 0 0 0 0 0 0 0
140 2 0 0 0 0 0 0 0 0
142 58 0 0 28 0 0 0 0 0
143 138 1 1 1 0 0 0 0 0
146 51 0 0 0 0 0 0 0 0
149 2 1 0 1 0 0 0 0 0
154 5 0 0 1 0 0 0 0 0
156 1 1 1 0 0 0 0 0 0
162 5 0 0 2 0 0 0 0 0
163 2 0 0 0 0 0 0 0 0
166 2 0 0 0 0 0 1 0 0
167 1 0 0 0 0 0 1 0 0
170 5 0 0 2 0 0 2 0 0
172 8 2 1 2 0 0 0 0 0
177 2 0 0 0 0 0 0 0 0
181 6 1 1 2 0 0 0 0 0
186 24 1 1 0 0 0 2 0 0
197 16 1 1 4 0 0 2 0 0
205 15 0 0 1 0 0 0 0 0
206 1 0 0 0 0 0 0 0 0
215 3 0 0 0 0 0 0 0 0
216 1 0 0 0 0 0 0 0 0
223 3 1 1 0 0 0 0 0 0
231 6 0 0 0 0 0 0 0 0
242 2 0 0 0 0 0 2 0 0
245 12 0 0 0 0 0 0 0 0
247 2 0 0 0 0 0 0 0 0
248 30 1 1 30 0 0 0 0 0
fn=setenv
252 10 0 0 0 0 0 8 0 0
253 16 2 1 2 2 1 2 0 0
259 12 1 1 2 0 0 0 0 0
260 4 0 0 8 0 0 0 0 0
fl=/build/glibc-FcXrgv/glibc-2.31/stdlib/wcstombs.c
fn=wcstombs
28 24 3 2 6 2 0 12 0 0
31 3 0 0 0 0 0 6 0 0
34 9 3 2 0 0 0 0 0 0
35 24 1 0 15 0 0 0 0 0
fl=/build/glibc-FcXrgv/glibc-2.31/string/../sysdeps/aarch64/memcmp.S
fn=bcmp
49 25428 4621 38 0 0 0 0 0 0
50 25428 0 0 0 0 0 0 0 0
52 1036 0 0 2072 251 185 0 0 0
53 1036 0 0 2072 30 9 0 0 0
54 1036 0 0 0 0 0 0 0 0
55 1036 0 0 0 0 0 0 0 0
56 1036 0 0 0 0 0 0 0 0
58 714 0 0 0 0 0 0 0 0
59 714 0 0 0 0 0 0 0 0
60 51 0 0 0 0 0 0 0 0
61 51 0 0 0 0 0 0 0 0
104 51 32 31 102 0 0 0 0 0
105 51 0 0 102 0 0 0 0 0
106 51 0 0 0 0 0 0 0 0
107 51 0 0 0 0 0 0 0 0
108 51 0 0 0 0 0 0 0 0
110 51 0 0 0 0 0 0 0 0
111 51 14 1 0 0 0 0 0 0
114 714 122 0 0 0 0 0 0 0
115 714 0 0 0 0 0 0 0 0
116 714 0 0 1428 207 167 0 0 0
117 714 0 0 1428 148 121 0 0 0
121 1036 23 2 0 0 0 0 0 0
122 1036 0 0 0 0 0 0 0 0
123 1036 0 0 0 0 0 0 0 0
126 18912 1348 86 0 0 0 0 0 0
127 18912 0 0 0 0 0 0 0 0
129 18912 0 0 0 0 0 0 0 0
130 18912 0 0 0 0 0 0 0 0
131 18912 0 0 0 0 0 0 0 0
132 18912 0 0 0 0 0 0 0 0
136 24392 1998 39 0 0 0 0 0 0
137 24392 0 0 0 0 0 0 0 0
138 7781 0 0 7781 2 2 0 0 0
139 7781 0 0 7781 27 1 0 0 0
141 7781 0 0 0 0 0 0 0 0
142 7781 0 0 0 0 0 0 0 0
144 4482 0 0 4482 0 0 0 0 0
145 4482 0 0 4482 0 0 0 0 0
146 4482 0 0 0 0 0 0 0 0
150 16611 0 0 0 0 0 0 0 0
151 16611 0 0 0 0 0 0 0 0
152 10095 0 0 10095 2 1 0 0 0
153 10095 0 0 10095 6 4 0 0 0
154 10095 926 64 0 0 0 0 0 0
155 10095 0 0 0 0 0 0 0 0
156 5029 0 0 5029 0 0 0 0 0
157 5029 0 0 5029 0 0 0 0 0
158 5029 0 0 0 0 0 0 0 0
162 6516 1066 31 0 0 0 0 0 0
163 6516 0 0 0 0 0 0 0 0
166 10246 0 0 10246 0 0 0 0 0
167 10246 0 0 10246 6 0 0 0 0
168 10246 0 0 0 0 0 0 0 0
169 10246 0 0 0 0 0 0 0 0
170 10246 0 0 0 0 0 0 0 0
171 6516 0 0 0 0 0 0 0 0
172 6516 1537 104 0 0 0 0 0 0
fl=/build/glibc-FcXrgv/glibc-2.31/string/../sysdeps/aarch64/memrchr.S
fn=memrchr
67 212 212 93 0 0 0 0 0 0
72 212 0 0 0 0 0 0 0 0
73 212 0 0 0 0 0 0 0 0
74 212 0 0 0 0 0 0 0 0
76 212 0 0 0 0 0 0 0 0
77 212 0 0 0 0 0 0 0 0
78 212 0 0 0 0 0 0 0 0
79 212 0 0 0 0 0 0 0 0
80 212 212 96 0 0 0 0 0 0
81 212 0 0 0 0 0 0 0 0
82 212 0 0 0 0 0 0 0 0
83 212 0 0 0 0 0 0 0 0
84 212 0 0 0 0 0 0 0 0
92 193 0 0 0 0 0 0 0 0
93 193 0 0 386 80 6 0 0 0
94 193 0 0 0 0 0 0 0 0
95 193 0 0 0 0 0 0 0 0
96 193 0 0 0 0 0 0 0 0
97 193 0 0 0 0 0 0 0 0
98 193 0 0 0 0 0 0 0 0
99 193 0 0 0 0 0 0 0 0
100 193 0 0 0 0 0 0 0 0
101 193 0 0 0 0 0 0 0 0
102 193 0 0 0 0 0 0 0 0
104 193 193 87 0 0 0 0 0 0
105 193 0 0 0 0 0 0 0 0
106 193 0 0 0 0 0 0 0 0
108 193 0 0 0 0 0 0 0 0
110 133 0 0 0 0 0 0 0 0
113 110 19 7 0 0 0 0 0 0
114 110 0 0 220 2 0 0 0 0
115 110 0 0 0 0 0 0 0 0
116 110 0 0 0 0 0 0 0 0
117 110 0 0 0 0 0 0 0 0
119 110 0 0 0 0 0 0 0 0
121 6 0 0 0 0 0 0 0 0
122 6 0 0 0 0 0 0 0 0
123 6 0 0 0 0 0 0 0 0
125 6 0 0 0 0 0 0 0 0
129 110 0 0 0 0 0 0 0 0
130 110 110 39 0 0 0 0 0 0
131 110 0 0 0 0 0 0 0 0
132 110 0 0 0 0 0 0 0 0
133 110 0 0 0 0 0 0 0 0
135 110 0 0 0 0 0 0 0 0
139 164 60 28 0 0 0 0 0 0
140 164 0 0 0 0 0 0 0 0
141 164 0 0 0 0 0 0 0 0
142 164 0 0 0 0 0 0 0 0
143 164 0 0 0 0 0 0 0 0
144 164 0 0 0 0 0 0 0 0
148 212 42 20 0 0 0 0 0 0
150 212 0 0 0 0 0 0 0 0
152 212 0 0 0 0 0 0 0 0
154 212 0 0 0 0 0 0 0 0
155 212 0 0 0 0 0 0 0 0
157 212 202 96 0 0 0 0 0 0
158 212 0 0 0 0 0 0 0 0
fl=/build/glibc-FcXrgv/glibc-2.31/string/../sysdeps/aarch64/memset.S
fn=__GI_memset
37 46493 5125 23 0 0 0 0 0 0
38 46493 0 0 0 0 0 0 0 0
40 46493 0 0 0 0 0 0 0 0
41 46493 0 0 0 0 0 0 0 0
42 41242 0 0 0 0 0 0 0 0
43 41242 0 0 0 0 0 0 0 0
44 12094 0 0 0 0 0 0 0 0
47 12094 0 0 0 0 0 0 0 0
48 12079 0 0 0 0 0 12079 62 55
49 12079 0 0 0 0 0 12079 69 4
50 12079 0 0 0 0 0 0 0 0
52 15 0 0 0 0 0 0 0 0
53 5 0 0 0 0 0 5 0 0
54 5 0 0 0 0 0 5 0 0
55 5 0 0 0 0 0 0 0 0
56 10 2 0 0 0 0 0 0 0
57 6 0 0 0 0 0 6 0 0
58 6 0 0 0 0 0 0 0 0
59 6 0 0 0 0 0 6 0 0
60 10 0 0 0 0 0 0 0 0
64 29148 4227 30 0 0 0 29148 2967 1609
65 29148 0 0 0 0 0 0 0 0
66 26820 0 0 0 0 0 26820 1153 414
67 26820 0 0 0 0 0 0 0 0
68 12961 0 0 0 0 0 12961 0 0
69 12961 0 0 0 0 0 12961 0 0
70 26820 0 0 0 0 0 0 0 0
76 2328 0 0 0 0 0 2328 401 212
77 2328 0 0 0 0 0 4656 631 274
78 2328 0 0 0 0 0 4656 160 44
79 2328 0 0 0 0 0 0 0 0
84 5251 2389 345 0 0 0 0 0 0
85 5251 0 0 0 0 0 0 0 0
86 5251 0 0 0 0 0 5251 1287 662
87 5251 0 0 0 0 0 0 0 0
88 5251 0 0 0 0 0 0 0 0
89 5251 0 0 0 0 0 0 0 0
91 5251 0 0 0 0 0 0 0 0
92 5251 0 0 0 0 0 0 0 0
93 5251 0 0 0 0 0 0 0 0
94 42376 0 0 0 0 0 84752 19813 16014
95 42376 0 0 0 0 0 84752 15514 10043
97 42376 0 0 0 0 0 0 0 0
98 42376 0 0 0 0 0 0 0 0
99 5251 0 0 0 0 0 10502 620 267
100 5251 0 0 0 0 0 10502 915 321
101 6781 2174 99 0 0 0 0 0 0
108 1530 0 0 0 0 0 0 0 0
109 1530 0 0 0 0 0 0 0 0
fn=memset
37 72 10 6 0 0 0 0 0 0
38 72 0 0 0 0 0 0 0 0
40 72 0 0 0 0 0 0 0 0
41 72 0 0 0 0 0 0 0 0
42 64 0 0 0 0 0 0 0 0
43 64 0 0 0 0 0 0 0 0
44 48 0 0 0 0 0 0 0 0
47 48 0 0 0 0 0 0 0 0
48 21 0 0 0 0 0 21 8 8
49 21 0 0 0 0 0 21 0 0
50 21 0 0 0 0 0 0 0 0
52 27 0 0 0 0 0 0 0 0
53 17 0 0 0 0 0 17 0 0
54 17 0 0 0 0 0 17 0 0
55 17 0 0 0 0 0 0 0 0
56 10 4 2 0 0 0 0 0 0
57 10 0 0 0 0 0 10 0 0
58 10 0 0 0 0 0 0 0 0
59 10 0 0 0 0 0 10 0 0
60 10 0 0 0 0 0 0 0 0
64 16 4 4 0 0 0 16 3 3
65 16 0 0 0 0 0 0 0 0
66 14 0 0 0 0 0 14 0 0
67 14 0 0 0 0 0 0 0 0
68 3 0 0 0 0 0 3 0 0
69 3 0 0 0 0 0 3 0 0
70 14 0 0 0 0 0 0 0 0
76 2 0 0 0 0 0 2 2 2
77 2 0 0 0 0 0 4 0 0
78 2 0 0 0 0 0 4 0 0
79 2 0 0 0 0 0 0 0 0
84 8 7 3 0 0 0 0 0 0
85 8 0 0 0 0 0 0 0 0
86 8 0 0 0 0 0 8 7 7
87 8 0 0 0 0 0 0 0 0
88 8 0 0 0 0 0 0 0 0
89 8 0 0 0 0 0 0 0 0
91 8 0 0 0 0 0 0 0 0
92 8 0 0 0 0 0 0 0 0
93 8 0 0 0 0 0 0 0 0
94 199 0 0 0 0 0 398 67 67
95 199 0 0 0 0 0 398 132 132
97 199 0 0 0 0 0 0 0 0
98 199 0 0 0 0 0 0 0 0
99 8 0 0 0 0 0 16 1 1
100 8 0 0 0 0 0 16 4 4
101 15 7 3 0 0 0 0 0 0
108 7 0 0 0 0 0 0 0 0
109 7 0 0 0 0 0 0 0 0
fl=/build/glibc-FcXrgv/glibc-2.31/string/../sysdeps/aarch64/multiarch/../memchr.S
fn=__GI_memchr
68 305 178 44 0 0 0 0 0 0
73 305 0 0 0 0 0 0 0 0
74 305 0 0 0 0 0 0 0 0
75 305 0 0 0 0 0 0 0 0
77 305 0 0 0 0 0 0 0 0
78 305 0 0 0 0 0 0 0 0
79 305 0 0 0 0 0 0 0 0
80 305 0 0 0 0 0 0 0 0
81 305 0 0 0 0 0 0 0 0
89 147 0 0 294 1 0 0 0 0
90 147 0 0 0 0 0 0 0 0
91 147 0 0 0 0 0 0 0 0
92 147 0 0 0 0 0 0 0 0
93 147 0 0 0 0 0 0 0 0
94 147 0 0 0 0 0 0 0 0
95 147 0 0 0 0 0 0 0 0
96 147 28 15 0 0 0 0 0 0
97 147 0 0 0 0 0 0 0 0
98 147 0 0 0 0 0 0 0 0
100 147 0 0 0 0 0 0 0 0
101 147 0 0 0 0 0 0 0 0
102 147 0 0 0 0 0 0 0 0
104 147 0 0 0 0 0 0 0 0
106 129 0 0 0 0 0 0 0 0
109 542 148 24 1084 82 6 0 0 0
110 542 0 0 0 0 0 0 0 0
111 542 0 0 0 0 0 0 0 0
112 542 0 0 0 0 0 0 0 0
114 542 0 0 0 0 0 0 0 0
116 462 0 0 0 0 0 0 0 0
117 462 0 0 0 0 0 0 0 0
118 462 0 0 0 0 0 0 0 0
120 462 146 17 0 0 0 0 0 0
124 200 20 10 0 0 0 0 0 0
125 200 0 0 0 0 0 0 0 0
126 200 0 0 0 0 0 0 0 0
127 200 0 0 0 0 0 0 0 0
128 200 0 0 0 0 0 0 0 0
130 200 0 0 0 0 0 0 0 0
134 98 8 7 0 0 0 0 0 0
135 98 0 0 0 0 0 0 0 0
136 98 0 0 0 0 0 0 0 0
137 98 0 0 0 0 0 0 0 0
138 98 0 0 0 0 0 0 0 0
139 98 0 0 0 0 0 0 0 0
143 305 45 6 0 0 0 0 0 0
145 305 0 0 0 0 0 0 0 0
147 305 0 0 0 0 0 0 0 0
149 305 257 39 0 0 0 0 0 0
151 305 0 0 0 0 0 0 0 0
153 305 0 0 0 0 0 0 0 0
154 305 0 0 0 0 0 0 0 0
fl=/build/glibc-FcXrgv/glibc-2.31/string/../sysdeps/aarch64/multiarch/../memcpy.S
fn=__GI_memcpy
91 56606 7070 37 0 0 0 0 0 0
92 56606 0 0 0 0 0 0 0 0
93 56606 0 0 0 0 0 0 0 0
94 56606 0 0 0 0 0 0 0 0
95 56606 0 0 0 0 0 0 0 0
96 11344 0 0 0 0 0 0 0 0
97 11344 0 0 0 0 0 0 0 0
100 7761 0 0 15522 606 464 0 0 0
101 7761 0 0 15522 487 390 0 0 0
102 7761 0 0 15522 578 484 0 0 0
103 7761 0 0 15522 492 392 0 0 0
104 7761 0 0 0 0 0 0 0 0
105 7761 905 6 0 0 0 0 0 0
106 3933 0 0 0 0 0 7866 29 6
107 3933 0 0 0 0 0 7866 319 194
108 3933 0 0 0 0 0 7866 2 1
109 3933 0 0 0 0 0 7866 79 11
110 3933 0 0 0 0 0 0 0 0
116 45262 3023 11 0 0 0 0 0 0
117 45262 0 0 0 0 0 0 0 0
118 10405 0 0 20810 545 392 0 0 0
119 10405 0 0 20810 219 167 0 0 0
120 10405 0 0 0 0 0 20810 235 116
121 10405 0 0 0 0 0 20810 510 90
122 10405 0 0 0 0 0 0 0 0
126 34857 3020 35 0 0 0 0 0 0
127 15829 0 0 15829 172 169 0 0 0
128 15829 0 0 15829 55 53 0 0 0
129 15829 0 0 0 0 0 15829 17 3
130 15829 0 0 0 0 0 15829 0 0
131 15829 0 0 0 0 0 0 0 0
135 19028 0 0 0 0 0 0 0 0
136 9869 0 0 9869 111 92 0 0 0
137 9869 0 0 9869 5 5 0 0 0
138 9869 0 0 0 0 0 9869 11 6
139 9869 0 0 0 0 0 9869 0 0
140 9869 0 0 0 0 0 0 0 0
145 9159 0 0 0 0 0 0 0 0
146 8978 0 0 0 0 0 0 0 0
147 8978 1843 10 8978 23 23 0 0 0
148 8978 0 0 8978 13 13 0 0 0
149 8978 0 0 8978 0 0 0 0 0
150 8978 0 0 0 0 0 8978 2 1
151 8978 0 0 0 0 0 8978 0 0
152 8978 0 0 0 0 0 8978 0 0
153 9159 101 2 0 0 0 0 0 0
159 3828 753 5 7656 0 0 0 0 0
160 3828 0 0 7656 0 0 0 0 0
161 3828 0 0 7656 0 0 0 0 0
162 3828 0 0 7656 0 0 0 0 0
163 3828 0 0 0 0 0 7656 192 177
164 3828 0 0 0 0 0 7656 636 245
165 3828 0 0 0 0 0 7656 219 116
166 3828 0 0 0 0 0 7656 390 151
167 3828 905 11 0 0 0 7656 25 17
168 3828 0 0 0 0 0 7656 168 56
169 3828 0 0 0 0 0 7656 166 31
170 3828 0 0 0 0 0 7656 359 78
171 3828 0 0 0 0 0 0 0 0
180 3583 790 8 0 0 0 0 0 0
181 3583 0 0 0 0 0 0 0 0
182 3583 0 0 7166 337 178 0 0 0
183 3583 0 0 0 0 0 0 0 0
184 3583 0 0 0 0 0 0 0 0
185 3583 0 0 7166 230 162 0 0 0
186 3583 0 0 0 0 0 7166 330 287
187 3583 0 0 7166 202 151 0 0 0
188 3583 1929 105 7166 264 156 0 0 0
189 3583 0 0 7166 246 171 0 0 0
190 3583 0 0 0 0 0 0 0 0
191 3583 0 0 0 0 0 0 0 0
193 18364 0 0 0 0 0 36728 3457 2782
194 18364 0 0 36728 1951 820 0 0 0
195 18364 0 0 0 0 0 36728 3651 2938
196 18364 0 0 36728 1509 593 0 0 0
197 18364 0 0 0 0 0 36728 3793 3261
198 18364 0 0 36728 1960 640 0 0 0
199 18364 0 0 0 0 0 36728 3731 3084
200 18364 0 0 36728 1649 675 0 0 0
201 18364 0 0 0 0 0 0 0 0
202 18364 0 0 0 0 0 0 0 0
208 3583 0 0 7166 24 23 0 0 0
209 3583 0 0 0 0 0 7166 735 623
210 3583 2240 103 7166 129 75 0 0 0
211 3583 0 0 0 0 0 7166 721 612
212 3583 0 0 7166 199 107 0 0 0
213 3583 0 0 0 0 0 7166 585 492
214 3583 0 0 7166 233 134 0 0 0
215 3583 0 0 0 0 0 7166 262 203
216 3583 0 0 0 0 0 7166 110 103
217 3583 0 0 0 0 0 7166 98 77
218 3583 0 0 0 0 0 7166 238 163
219 3583 0 0 0 0 0 7166 191 134
220 3583 0 0 0 0 0 0 0 0
224 96 1 0 0 0 0 0 0 0
226 96 0 0 0 0 0 0 0 0
227 96 0 0 0 0 0 0 0 0
234 96 0 0 0 0 0 0 0 0
235 96 4 4 192 0 0 0 0 0
236 96 0 0 0 0 0 0 0 0
237 96 0 0 0 0 0 0 0 0
238 96 0 0 192 0 0 0 0 0
239 96 0 0 0 0 0 192 0 0
240 96 0 0 192 0 0 0 0 0
241 96 0 0 192 0 0 0 0 0
242 96 0 0 192 0 0 0 0 0
243 96 0 0 0 0 0 0 0 0
244 96 0 0 0 0 0 0 0 0
245 96 0 0 0 0 0 0 0 0
247 95 0 0 0 0 0 0 0 0
249 175 0 0 0 0 0 350 0 0
250 175 0 0 350 0 0 0 0 0
251 175 0 0 0 0 0 350 0 0
252 175 0 0 350 0 0 0 0 0
253 175 4 4 0 0 0 350 0 0
254 175 0 0 350 0 0 0 0 0
255 175 0 0 0 0 0 350 0 0
256 175 0 0 350 0 0 0 0 0
257 175 0 0 0 0 0 0 0 0
258 175 0 0 0 0 0 0 0 0
264 96 0 0 192 0 0 0 0 0
265 96 0 0 0 0 0 192 0 0
266 96 0 0 192 0 0 0 0 0
267 96 0 0 0 0 0 192 0 0
268 96 0 0 192 0 0 0 0 0
269 96 0 0 0 0 0 192 0 0
270 96 0 0 192 0 0 0 0 0
271 96 0 0 0 0 0 192 0 0
272 96 0 0 0 0 0 192 0 0
273 96 0 0 0 0 0 192 0 0
274 96 4 4 0 0 0 192 0 0
275 96 0 0 0 0 0 192 0 0
276 96 0 0 0 0 0 0 0 0
fn=__GI_memmove
77 570 8 0 0 0 0 0 0 0
78 570 0 0 0 0 0 0 0 0
79 570 0 0 0 0 0 0 0 0
80 570 0 0 0 0 0 0 0 0
fn=memcpy
91 179 5 5 0 0 0 0 0 0
92 179 0 0 0 0 0 0 0 0
93 179 0 0 0 0 0 0 0 0
94 179 0 0 0 0 0 0 0 0
95 179 0 0 0 0 0 0 0 0
96 69 0 0 0 0 0 0 0 0
97 69 0 0 0 0 0 0 0 0
100 68 0 0 136 0 0 0 0 0
101 68 0 0 136 0 0 0 0 0
102 68 0 0 136 0 0 0 0 0
103 68 0 0 136 0 0 0 0 0
104 68 0 0 0 0 0 0 0 0
105 68 5 5 0 0 0 0 0 0
106 46 0 0 0 0 0 92 3 1
107 46 0 0 0 0 0 92 3 3
108 46 0 0 0 0 0 92 0 0
109 46 0 0 0 0 0 92 9 9
110 46 0 0 0 0 0 0 0 0
116 110 1 1 0 0 0 0 0 0
117 110 0 0 0 0 0 0 0 0
118 30 0 0 60 1 0 0 0 0
119 30 0 0 60 0 0 0 0 0
120 30 0 0 0 0 0 60 9 9
121 30 0 0 0 0 0 60 1 1
122 30 0 0 0 0 0 0 0 0
126 80 6 6 0 0 0 0 0 0
127 60 0 0 60 2 1 0 0 0
128 60 0 0 60 2 0 0 0 0
129 60 0 0 0 0 0 60 10 9
130 60 0 0 0 0 0 60 1 1
131 60 0 0 0 0 0 0 0 0
135 20 0 0 0 0 0 0 0 0
136 3 0 0 3 0 0 0 0 0
137 3 0 0 3 0 0 0 0 0
138 3 0 0 0 0 0 3 0 0
139 3 0 0 0 0 0 3 0 0
140 3 0 0 0 0 0 0 0 0
145 17 0 0 0 0 0 0 0 0
146 3 0 0 0 0 0 0 0 0
147 3 1 1 3 2 2 0 0 0
148 3 0 0 3 0 0 0 0 0
149 3 0 0 3 0 0 0 0 0
150 3 0 0 0 0 0 3 2 2
151 3 0 0 0 0 0 3 0 0
152 3 0 0 0 0 0 3 0 0
153 17 0 0 0 0 0 0 0 0
159 22 5 5 44 0 0 0 0 0
160 22 0 0 44 0 0 0 0 0
161 22 0 0 44 0 0 0 0 0
162 22 0 0 44 0 0 0 0 0
163 22 0 0 0 0 0 44 2 2
164 22 0 0 0 0 0 44 2 2
165 22 0 0 0 0 0 44 4 4
166 22 0 0 0 0 0 44 2 2
167 22 5 5 0 0 0 44 0 0
168 22 0 0 0 0 0 44 0 0
169 22 0 0 0 0 0 44 0 0
170 22 0 0 0 0 0 44 5 5
171 22 0 0 0 0 0 0 0 0
180 1 1 1 0 0 0 0 0 0
181 1 0 0 0 0 0 0 0 0
182 1 0 0 2 0 0 0 0 0
183 1 0 0 0 0 0 0 0 0
184 1 0 0 0 0 0 0 0 0
185 1 0 0 2 0 0 0 0 0
186 1 0 0 0 0 0 2 1 1
187 1 0 0 2 0 0 0 0 0
188 1 1 1 2 0 0 0 0 0
189 1 0 0 2 0 0 0 0 0
190 1 0 0 0 0 0 0 0 0
191 1 0 0 0 0 0 0 0 0
193 9 0 0 0 0 0 18 8 8
194 9 0 0 18 0 0 0 0 0
195 9 0 0 0 0 0 18 0 0
196 9 0 0 18 0 0 0 0 0
197 9 0 0 0 0 0 18 0 0
198 9 0 0 18 0 0 0 0 0
199 9 0 0 0 0 0 18 0 0
200 9 0 0 18 0 0 0 0 0
201 9 0 0 0 0 0 0 0 0
202 9 0 0 0 0 0 0 0 0
208 1 0 0 2 0 0 0 0 0
209 1 0 0 0 0 0 2 1 1
210 1 1 1 2 0 0 0 0 0
211 1 0 0 0 0 0 2 0 0
212 1 0 0 2 0 0 0 0 0
213 1 0 0 0 0 0 2 0 0
214 1 0 0 2 0 0 0 0 0
215 1 0 0 0 0 0 2 0 0
216 1 0 0 0 0 0 2 0 0
217 1 0 0 0 0 0 2 0 0
218 1 0 0 0 0 0 2 0 0
219 1 0 0 0 0 0 2 1 1
220 1 0 0 0 0 0 0 0 0
fn=memmove
77 14 1 1 0 0 0 0 0 0
78 14 0 0 0 0 0 0 0 0
79 14 0 0 0 0 0 0 0 0
80 14 0 0 0 0 0 0 0 0
fl=/build/glibc-FcXrgv/glibc-2.31/string/../sysdeps/aarch64/multiarch/../strlen.S
fn=__GI_strlen
94 19288 2229 107 0 0 0 0 0 0
95 19288 0 0 0 0 0 0 0 0
96 19288 0 0 0 0 0 0 0 0
97 19288 0 0 0 0 0 0 0 0
98 19258 0 0 38516 7318 4064 0 0 0
107 19258 0 0 0 0 0 0 0 0
108 19258 0 0 0 0 0 0 0 0
109 19258 0 0 0 0 0 0 0 0
110 19258 0 0 0 0 0 0 0 0
111 19258 0 0 0 0 0 0 0 0
112 19258 0 0 0 0 0 0 0 0
113 19258 0 0 0 0 0 0 0 0
114 19258 0 0 0 0 0 0 0 0
117 15270 0 0 0 0 0 0 0 0
118 15270 0 0 0 0 0 0 0 0
119 15270 0 0 0 0 0 0 0 0
120 15270 1115 39 0 0 0 0 0 0
121 15270 0 0 0 0 0 0 0 0
122 15270 0 0 0 0 0 0 0 0
123 15270 0 0 0 0 0 0 0 0
130 3988 996 73 0 0 0 0 0 0
131 3988 0 0 0 0 0 0 0 0
133 7211 0 0 14422 927 738 0 0 0
135 7241 1 0 0 0 0 0 0 0
136 7241 0 0 0 0 0 0 0 0
137 7241 0 0 0 0 0 0 0 0
138 7241 0 0 0 0 0 0 0 0
139 7241 0 0 0 0 0 0 0 0
140 5569 0 0 11138 1594 1083 0 0 0
141 5569 0 0 0 0 0 0 0 0
142 5569 0 0 0 0 0 0 0 0
143 5569 0 0 0 0 0 0 0 0
144 5569 921 79 0 0 0 0 0 0
145 5569 0 0 0 0 0 0 0 0
146 2346 0 0 0 0 0 0 0 0
149 4018 556 81 0 0 0 0 0 0
150 4018 0 0 0 0 0 0 0 0
151 4018 0 0 0 0 0 0 0 0
152 4018 0 0 0 0 0 0 0 0
153 4018 0 0 0 0 0 0 0 0
154 4018 0 0 0 0 0 0 0 0
169 4018 0 0 0 0 0 0 0 0
171 4018 0 0 0 0 0 0 0 0
172 4018 0 0 0 0 0 0 0 0
173 4018 0 0 0 0 0 0 0 0
174 4018 0 0 0 0 0 0 0 0
175 4018 0 0 0 0 0 0 0 0
176 4018 0 0 0 0 0 0 0 0
177 4018 1558 145 0 0 0 0 0 0
180 56 3 0 112 22 9 0 0 0
181 56 0 0 0 0 0 0 0 0
182 56 0 0 0 0 0 0 0 0
183 56 0 0 0 0 0 0 0 0
184 56 0 0 0 0 0 0 0 0
185 56 0 0 0 0 0 0 0 0
186 56 0 0 0 0 0 0 0 0
187 56 0 0 0 0 0 0 0 0
188 56 0 0 0 0 0 0 0 0
189 35 0 0 70 0 0 0 0 0
190 35 0 0 0 0 0 0 0 0
191 35 0 0 0 0 0 0 0 0
192 35 0 0 0 0 0 0 0 0
193 35 0 0 0 0 0 0 0 0
194 35 0 0 0 0 0 0 0 0
195 35 1 1 0 0 0 0 0 0
196 35 0 0 0 0 0 0 0 0
197 35 0 0 0 0 0 0 0 0
198 2 0 0 0 0 0 0 0 0
204 30 28 15 0 0 0 0 0 0
205 30 0 0 60 5 4 0 0 0
206 30 0 0 0 0 0 0 0 0
207 30 0 0 0 0 0 0 0 0
213 30 0 0 0 0 0 0 0 0
215 30 0 0 0 0 0 0 0 0
216 30 0 0 0 0 0 0 0 0
217 30 0 0 0 0 0 0 0 0
218 30 0 0 0 0 0 0 0 0
219 30 0 0 0 0 0 0 0 0
220 30 0 0 0 0 0 0 0 0
221 30 0 0 0 0 0 0 0 0
fn=strlen
94 86 7 5 0 0 0 0 0 0
95 86 0 0 0 0 0 0 0 0
96 86 0 0 0 0 0 0 0 0
97 86 0 0 0 0 0 0 0 0
98 85 0 0 170 4 4 0 0 0
107 85 0 0 0 0 0 0 0 0
108 85 0 0 0 0 0 0 0 0
109 85 0 0 0 0 0 0 0 0
110 85 0 0 0 0 0 0 0 0
111 85 0 0 0 0 0 0 0 0
112 85 0 0 0 0 0 0 0 0
113 85 0 0 0 0 0 0 0 0
114 85 0 0 0 0 0 0 0 0
117 31 0 0 0 0 0 0 0 0
118 31 0 0 0 0 0 0 0 0
119 31 0 0 0 0 0 0 0 0
120 31 7 0 0 0 0 0 0 0
121 31 0 0 0 0 0 0 0 0
122 31 0 0 0 0 0 0 0 0
123 31 0 0 0 0 0 0 0 0
130 54 4 4 0 0 0 0 0 0
131 54 0 0 0 0 0 0 0 0
133 73 0 0 146 1 0 0 0 0
135 74 1 1 0 0 0 0 0 0
136 74 0 0 0 0 0 0 0 0
137 74 0 0 0 0 0 0 0 0
138 74 0 0 0 0 0 0 0 0
139 74 0 0 0 0 0 0 0 0
140 70 0 0 140 3 1 0 0 0
141 70 0 0 0 0 0 0 0 0
142 70 0 0 0 0 0 0 0 0
143 70 0 0 0 0 0 0 0 0
144 70 17 4 0 0 0 0 0 0
145 70 0 0 0 0 0 0 0 0
146 51 0 0 0 0 0 0 0 0
149 55 1 1 0 0 0 0 0 0
150 55 0 0 0 0 0 0 0 0
151 55 0 0 0 0 0 0 0 0
152 55 0 0 0 0 0 0 0 0
153 55 0 0 0 0 0 0 0 0
154 55 0 0 0 0 0 0 0 0
169 55 0 0 0 0 0 0 0 0
171 55 0 0 0 0 0 0 0 0
172 55 0 0 0 0 0 0 0 0
173 55 0 0 0 0 0 0 0 0
174 55 0 0 0 0 0 0 0 0
175 55 0 0 0 0 0 0 0 0
176 55 0 0 0 0 0 0 0 0
177 55 11 5 0 0 0 0 0 0
204 1 1 1 0 0 0 0 0 0
205 1 0 0 2 0 0 0 0 0
206 1 0 0 0 0 0 0 0 0
207 1 0 0 0 0 0 0 0 0
213 1 0 0 0 0 0 0 0 0
215 1 0 0 0 0 0 0 0 0
216 1 0 0 0 0 0 0 0 0
217 1 0 0 0 0 0 0 0 0
218 1 0 0 0 0 0 0 0 0
219 1 0 0 0 0 0 0 0 0
220 1 0 0 0 0 0 0 0 0
221 1 0 0 0 0 0 0 0 0
fl=/build/glibc-FcXrgv/glibc-2.31/string/../sysdeps/aarch64/multiarch/memchr.c
fn=memchr
34 36 6 6 8 4 1 0 0 0
fl=/build/glibc-FcXrgv/glibc-2.31/string/../sysdeps/aarch64/multiarch/memcpy.c
fn=memcpy
37 171 31 31 18 8 2 0 0 0
fl=/build/glibc-FcXrgv/glibc-2.31/string/../sysdeps/aarch64/multiarch/memmove.c
fn=memmove
37 136 18 15 16 4 0 0 0 0
fl=/build/glibc-FcXrgv/glibc-2.31/string/../sysdeps/aarch64/multiarch/memset.c
fn=memset
36 144 11 11 27 7 0 0 0 0
fl=/build/glibc-FcXrgv/glibc-2.31/string/../sysdeps/aarch64/multiarch/strlen.c
fn=strlen
36 77 8 6 14 3 0 0 0 0
fl=/build/glibc-FcXrgv/glibc-2.31/string/../sysdeps/aarch64/rawmemchr.S
fn=rawmemchr
28 1 1 1 0 0 0 0 0 0
33 1 0 0 0 0 0 0 0 0
35 1 0 0 0 0 0 0 0 0
36 1 0 0 0 0 0 0 0 0
37 1 0 0 0 0 0 0 0 0
38 1 0 0 0 0 0 0 0 0
fl=/build/glibc-FcXrgv/glibc-2.31/string/../sysdeps/aarch64/strchr.S
fn=index
66 1783 1240 214 0 0 0 0 0 0
67 1783 0 0 0 0 0 0 0 0
68 1783 0 0 0 0 0 0 0 0
69 1783 0 0 0 0 0 0 0 0
70 1783 1240 120 0 0 0 0 0 0
71 1783 0 0 0 0 0 0 0 0
72 1783 0 0 0 0 0 0 0 0
73 1783 0 0 0 0 0 0 0 0
79 1774 0 0 3548 1212 566 0 0 0
80 1774 0 0 0 0 0 0 0 0
81 1774 0 0 0 0 0 0 0 0
82 1774 0 0 0 0 0 0 0 0
83 1774 0 0 0 0 0 0 0 0
84 1774 0 0 0 0 0 0 0 0
85 1774 0 0 0 0 0 0 0 0
86 1774 0 0 0 0 0 0 0 0
87 1774 0 0 0 0 0 0 0 0
88 1774 0 0 0 0 0 0 0 0
89 1774 0 0 0 0 0 0 0 0
90 1774 0 0 0 0 0 0 0 0
91 1774 1212 142 0 0 0 0 0 0
92 1774 0 0 0 0 0 0 0 0
93 1774 0 0 0 0 0 0 0 0
94 1774 0 0 0 0 0 0 0 0
95 1774 0 0 0 0 0 0 0 0
97 1774 0 0 0 0 0 0 0 0
98 1774 0 0 0 0 0 0 0 0
99 1774 0 0 0 0 0 0 0 0
102 97 3 1 194 15 10 0 0 0
103 97 0 0 0 0 0 0 0 0
104 97 0 0 0 0 0 0 0 0
105 97 0 0 0 0 0 0 0 0
106 97 0 0 0 0 0 0 0 0
108 97 0 0 0 0 0 0 0 0
109 97 0 0 0 0 0 0 0 0
110 97 0 0 0 0 0 0 0 0
111 97 19 6 0 0 0 0 0 0
112 97 0 0 0 0 0 0 0 0
113 97 0 0 0 0 0 0 0 0
117 65 0 0 0 0 0 0 0 0
118 65 0 0 0 0 0 0 0 0
119 65 0 0 0 0 0 0 0 0
120 65 0 0 0 0 0 0 0 0
121 65 0 0 0 0 0 0 0 0
122 65 0 0 0 0 0 0 0 0
123 65 0 0 0 0 0 0 0 0
124 65 0 0 0 0 0 0 0 0
126 65 0 0 0 0 0 0 0 0
128 1783 1149 171 0 0 0 0 0 0
129 1783 0 0 0 0 0 0 0 0
130 1783 0 0 0 0 0 0 0 0
133 1783 0 0 0 0 0 0 0 0
134 1783 1181 99 0 0 0 0 0 0
135 1783 0 0 0 0 0 0 0 0
136 1783 0 0 0 0 0 0 0 0
fl=/build/glibc-FcXrgv/glibc-2.31/string/../sysdeps/aarch64/strchrnul.S
fn=strchrnul
66 272 124 9 0 0 0 0 0 0
67 272 0 0 0 0 0 0 0 0
68 272 0 0 0 0 0 0 0 0
69 272 0 0 0 0 0 0 0 0
70 272 126 9 0 0 0 0 0 0
71 272 0 0 0 0 0 0 0 0
72 272 0 0 0 0 0 0 0 0
78 271 0 0 542 117 8 0 0 0
79 271 0 0 0 0 0 0 0 0
80 271 0 0 0 0 0 0 0 0
81 271 0 0 0 0 0 0 0 0
82 271 0 0 0 0 0 0 0 0
83 271 0 0 0 0 0 0 0 0
84 271 0 0 0 0 0 0 0 0
85 271 0 0 0 0 0 0 0 0
86 271 0 0 0 0 0 0 0 0
87 271 0 0 0 0 0 0 0 0
88 271 0 0 0 0 0 0 0 0
89 271 0 0 0 0 0 0 0 0
90 271 0 0 0 0 0 0 0 0
91 271 130 8 0 0 0 0 0 0
92 271 0 0 0 0 0 0 0 0
94 271 0 0 0 0 0 0 0 0
95 271 0 0 0 0 0 0 0 0
96 271 0 0 0 0 0 0 0 0
99 5 0 0 10 1 1 0 0 0
100 5 0 0 0 0 0 0 0 0
101 5 0 0 0 0 0 0 0 0
102 5 0 0 0 0 0 0 0 0
103 5 0 0 0 0 0 0 0 0
105 5 0 0 0 0 0 0 0 0
106 5 0 0 0 0 0 0 0 0
107 5 0 0 0 0 0 0 0 0
108 5 0 0 0 0 0 0 0 0
109 5 0 0 0 0 0 0 0 0
110 5 0 0 0 0 0 0 0 0
114 5 4 0 0 0 0 0 0 0
115 5 0 0 0 0 0 0 0 0
116 5 0 0 0 0 0 0 0 0
117 5 0 0 0 0 0 0 0 0
119 5 0 0 0 0 0 0 0 0
122 272 126 8 0 0 0 0 0 0
124 272 0 0 0 0 0 0 0 0
125 272 0 0 0 0 0 0 0 0
127 272 0 0 0 0 0 0 0 0
128 272 0 0 0 0 0 0 0 0
fl=/build/glibc-FcXrgv/glibc-2.31/string/../sysdeps/aarch64/strcmp.S
fn=strcmp
54 7727 256 67 0 0 0 0 0 0
55 7727 0 0 0 0 0 0 0 0
56 7727 0 0 0 0 0 0 0 0
57 7727 0 0 0 0 0 0 0 0
58 4273 0 0 0 0 0 0 0 0
59 4273 0 0 0 0 0 0 0 0
64 7870 0 0 7870 409 126 0 0 0
65 7870 0 0 7870 190 133 0 0 0
67 9470 0 0 0 0 0 0 0 0
68 9470 0 0 0 0 0 0 0 0
69 9470 0 0 0 0 0 0 0 0
70 9470 0 0 0 0 0 0 0 0
71 9470 0 0 0 0 0 0 0 0
72 9470 0 0 0 0 0 0 0 0
77 6315 0 0 0 0 0 0 0 0
78 6315 0 0 0 0 0 0 0 0
83 6315 237 58 0 0 0 0 0 0
84 6315 0 0 0 0 0 0 0 0
85 6315 0 0 0 0 0 0 0 0
86 6315 0 0 0 0 0 0 0 0
89 6315 0 0 0 0 0 0 0 0
90 6315 0 0 0 0 0 0 0 0
91 6315 0 0 0 0 0 0 0 0
130 1600 12 3 0 0 0 0 0 0
131 1600 0 0 0 0 0 0 0 0
132 1600 0 0 0 0 0 0 0 0
133 1600 0 0 1600 423 113 0 0 0
134 1600 0 0 0 0 0 0 0 0
135 1600 0 0 1600 27 4 0 0 0
136 1600 0 0 0 0 0 0 0 0
142 1600 0 0 0 0 0 0 0 0
144 1600 0 0 0 0 0 0 0 0
145 1600 6 4 0 0 0 0 0 0
146 1600 0 0 0 0 0 0 0 0
152 3454 159 29 0 0 0 0 0 0
153 3454 0 0 0 0 0 0 0 0
155 7934 0 0 7934 1048 665 0 0 0
156 7934 0 0 7934 474 42 0 0 0
157 7934 0 0 0 0 0 0 0 0
158 7934 0 0 0 0 0 0 0 0
159 7934 0 0 0 0 0 0 0 0
160 6522 0 0 0 0 0 0 0 0
161 6522 0 0 0 0 0 0 0 0
166 4074 0 0 0 0 0 0 0 0
167 4074 0 0 0 0 0 0 0 0
168 4074 0 0 0 0 0 0 0 0
169 4034 0 0 4034 465 336 0 0 0
170 4034 0 0 4034 181 78 0 0 0
172 4034 135 33 0 0 0 0 0 0
173 4034 0 0 0 0 0 0 0 0
174 4034 0 0 0 0 0 0 0 0
175 4034 0 0 0 0 0 0 0 0
176 4034 0 0 0 0 0 0 0 0
177 4034 0 0 0 0 0 0 0 0
178 2042 0 0 0 0 0 0 0 0
181 1412 14 5 0 0 0 0 0 0
182 1412 0 0 0 0 0 0 0 0
fl=/build/glibc-FcXrgv/glibc-2.31/string/../sysdeps/aarch64/strcpy.S
fn=stpcpy
112 208 39 19 0 0 0 0 0 0
113 208 0 0 0 0 0 0 0 0
114 208 0 0 0 0 0 0 0 0
115 208 0 0 0 0 0 0 0 0
116 208 0 0 0 0 0 0 0 0
121 208 0 0 0 0 0 0 0 0
124 208 0 0 416 0 0 0 0 0
140 208 0 0 0 0 0 0 0 0
141 208 0 0 0 0 0 0 0 0
142 208 0 0 0 0 0 0 0 0
143 208 0 0 0 0 0 0 0 0
144 96 0 0 0 0 0 0 0 0
145 96 0 0 0 0 0 0 0 0
147 96 0 0 0 0 0 0 0 0
148 96 0 0 0 0 0 0 0 0
154 89 0 0 0 0 0 0 0 0
155 89 35 13 0 0 0 0 0 0
156 89 0 0 0 0 0 0 0 0
157 89 0 0 0 0 0 0 0 0
158 89 0 0 0 0 0 0 0 0
162 89 0 0 0 0 0 0 0 0
164 89 0 0 0 0 0 89 0 0
165 89 0 0 0 0 0 89 0 0
167 89 0 0 0 0 0 0 0 0
169 89 0 0 0 0 0 0 0 0
172 112 3 1 0 0 0 0 0 0
173 112 0 0 0 0 0 0 0 0
174 112 0 0 0 0 0 0 0 0
175 112 0 0 0 0 0 0 0 0
176 112 0 0 0 0 0 0 0 0
183 34 0 0 0 0 0 0 0 0
186 34 0 0 0 0 0 34 3 3
187 34 0 0 0 0 0 34 0 0
189 34 0 0 0 0 0 0 0 0
191 34 0 0 0 0 0 0 0 0
193 78 2 1 0 0 0 0 0 0
198 78 0 0 0 0 0 78 4 1
202 78 0 0 0 0 0 78 0 0
204 78 0 0 0 0 0 0 0 0
206 78 0 0 0 0 0 0 0 0
211 7 1 1 0 0 0 0 0 0
212 7 0 0 0 0 0 14 0 0
213 7 0 0 0 0 0 0 0 0
214 7 0 0 0 0 0 0 0 0
215 7 0 0 0 0 0 0 0 0
222 8 0 0 0 0 0 8 0 0
224 15 0 0 15 0 0 0 0 0
225 15 0 0 0 0 0 0 0 0
226 15 3 2 0 0 0 0 0 0
227 15 0 0 0 0 0 0 0 0
236 7 0 0 0 0 0 0 0 0
237 7 0 0 0 0 0 0 0 0
238 7 0 0 0 0 0 0 0 0
239 7 0 0 0 0 0 0 0 0
240 7 0 0 0 0 0 0 0 0
241 7 0 0 0 0 0 0 0 0
242 7 0 0 0 0 0 0 0 0
243 7 0 0 0 0 0 0 0 0
244 7 0 0 0 0 0 0 0 0
245 7 0 0 0 0 0 0 0 0
246 7 0 0 0 0 0 0 0 0
247 7 0 0 0 0 0 0 0 0
248 7 0 0 7 0 0 0 0 0
249 7 0 0 0 0 0 7 1 0
251 7 2 2 0 0 0 0 0 0
253 7 0 0 0 0 0 0 0 0
fn=strcpy
112 87 46 16 0 0 0 0 0 0
113 87 0 0 0 0 0 0 0 0
114 87 0 0 0 0 0 0 0 0
115 87 0 0 0 0 0 0 0 0
116 87 0 0 0 0 0 0 0 0
121 87 0 0 0 0 0 0 0 0
124 87 0 0 174 0 0 0 0 0
140 87 0 0 0 0 0 0 0 0
141 87 0 0 0 0 0 0 0 0
142 87 0 0 0 0 0 0 0 0
143 87 0 0 0 0 0 0 0 0
144 14 0 0 0 0 0 0 0 0
145 14 0 0 0 0 0 0 0 0
147 14 0 0 0 0 0 0 0 0
148 14 0 0 0 0 0 0 0 0
154 2 0 0 0 0 0 0 0 0
155 2 0 0 0 0 0 0 0 0
156 2 0 0 0 0 0 0 0 0
157 2 0 0 0 0 0 0 0 0
158 2 0 0 0 0 0 0 0 0
162 2 0 0 0 0 0 0 0 0
164 2 0 0 0 0 0 2 0 0
165 2 0 0 0 0 0 2 0 0
169 2 0 0 0 0 0 0 0 0
172 73 46 14 0 0 0 0 0 0
173 73 0 0 0 0 0 0 0 0
174 73 0 0 0 0 0 0 0 0
175 73 0 0 0 0 0 0 0 0
176 73 0 0 0 0 0 0 0 0
183 27 0 0 0 0 0 0 0 0
186 27 0 0 0 0 0 27 0 0
187 27 0 0 0 0 0 27 0 0
191 27 20 9 0 0 0 0 0 0
193 46 26 6 0 0 0 0 0 0
198 46 0 0 0 0 0 46 0 0
202 46 0 0 0 0 0 46 0 0
206 46 0 0 0 0 0 0 0 0
211 12 0 0 0 0 0 0 0 0
212 12 0 0 0 0 0 24 0 0
213 12 0 0 0 0 0 0 0 0
214 12 0 0 0 0 0 0 0 0
215 12 0 0 0 0 0 0 0 0
222 21 0 0 0 0 0 21 6 3
224 33 0 0 33 0 0 0 0 0
225 33 0 0 0 0 0 0 0 0
226 33 0 0 0 0 0 0 0 0
227 33 0 0 0 0 0 0 0 0
236 12 0 0 0 0 0 0 0 0
237 12 1 1 0 0 0 0 0 0
238 12 0 0 0 0 0 0 0 0
239 12 0 0 0 0 0 0 0 0
240 12 0 0 0 0 0 0 0 0
241 12 0 0 0 0 0 0 0 0
242 12 0 0 0 0 0 0 0 0
243 12 0 0 0 0 0 0 0 0
244 12 0 0 0 0 0 0 0 0
245 12 0 0 0 0 0 0 0 0
246 12 0 0 0 0 0 0 0 0
247 12 0 0 0 0 0 0 0 0
248 12 0 0 12 0 0 0 0 0
249 12 0 0 0 0 0 12 0 0
253 12 0 0 0 0 0 0 0 0
fl=/build/glibc-FcXrgv/glibc-2.31/string/../sysdeps/aarch64/strncmp.S
fn=strncmp
58 436 214 26 0 0 0 0 0 0
59 436 0 0 0 0 0 0 0 0
60 436 0 0 0 0 0 0 0 0
61 436 0 0 0 0 0 0 0 0
62 436 0 0 0 0 0 0 0 0
63 436 0 0 0 0 0 0 0 0
64 197 0 0 0 0 0 0 0 0
66 144 0 0 0 0 0 0 0 0
67 144 0 0 0 0 0 0 0 0
74 171 139 15 171 69 52 0 0 0
75 171 0 0 171 8 3 0 0 0
77 224 3 0 0 0 0 0 0 0
78 224 0 0 0 0 0 0 0 0
79 224 0 0 0 0 0 0 0 0
80 224 0 0 0 0 0 0 0 0
81 224 0 0 0 0 0 0 0 0
82 224 0 0 0 0 0 0 0 0
83 224 0 0 0 0 0 0 0 0
84 224 0 0 0 0 0 0 0 0
88 197 0 0 0 0 0 0 0 0
91 117 0 0 0 0 0 0 0 0
92 117 0 0 0 0 0 0 0 0
94 108 0 0 0 0 0 0 0 0
95 108 0 0 0 0 0 0 0 0
99 108 0 0 0 0 0 0 0 0
101 108 52 12 0 0 0 0 0 0
102 108 0 0 0 0 0 0 0 0
105 108 0 0 0 0 0 0 0 0
108 199 76 4 0 0 0 0 0 0
111 199 0 0 0 0 0 0 0 0
112 199 0 0 0 0 0 0 0 0
117 199 0 0 0 0 0 0 0 0
118 199 0 0 0 0 0 0 0 0
119 199 0 0 0 0 0 0 0 0
120 199 0 0 0 0 0 0 0 0
123 199 0 0 0 0 0 0 0 0
124 199 0 0 0 0 0 0 0 0
125 199 0 0 0 0 0 0 0 0
166 53 1 0 0 0 0 0 0 0
167 53 0 0 0 0 0 0 0 0
168 53 0 0 53 0 0 0 0 0
169 53 1 1 0 0 0 0 0 0
170 53 0 0 53 0 0 0 0 0
171 53 0 0 0 0 0 0 0 0
172 53 0 0 0 0 0 0 0 0
178 53 0 0 0 0 0 0 0 0
180 53 0 0 0 0 0 0 0 0
181 53 0 0 0 0 0 0 0 0
183 53 0 0 0 0 0 0 0 0
184 53 0 0 0 0 0 0 0 0
185 53 0 0 0 0 0 0 0 0
186 53 0 0 0 0 0 0 0 0
187 53 0 0 0 0 0 0 0 0
188 53 0 0 0 0 0 0 0 0
193 239 115 27 0 0 0 0 0 0
194 239 0 0 0 0 0 0 0 0
198 995 0 0 995 77 70 0 0 0
199 995 0 0 995 52 13 0 0 0
200 995 0 0 0 0 0 0 0 0
201 995 0 0 0 0 0 0 0 0
202 995 0 0 0 0 0 0 0 0
203 995 0 0 0 0 0 0 0 0
205 235 0 0 0 0 0 0 0 0
206 235 0 0 0 0 0 0 0 0
211 4 0 0 0 0 0 0 0 0
212 4 0 0 0 0 0 0 0 0
232 4 4 4 0 0 0 0 0 0
233 4 0 0 0 0 0 0 0 0
234 4 0 0 0 0 0 0 0 0
236 9 0 0 0 0 0 0 0 0
237 9 0 0 0 0 0 0 0 0
238 9 0 0 0 0 0 0 0 0
240 9 0 0 9 4 4 0 0 0
241 9 0 0 9 0 0 0 0 0
242 9 0 0 0 0 0 0 0 0
243 9 4 4 0 0 0 0 0 0
244 9 0 0 0 0 0 0 0 0
245 9 0 0 0 0 0 0 0 0
246 9 0 0 0 0 0 0 0 0
247 9 0 0 0 0 0 0 0 0
248 8 0 0 0 0 0 0 0 0
249 8 0 0 0 0 0 0 0 0
253 3 0 0 0 0 0 0 0 0
254 3 0 0 0 0 0 0 0 0
256 2 0 0 0 0 0 0 0 0
257 2 0 0 0 0 0 0 0 0
258 2 0 0 2 0 0 0 0 0
259 2 0 0 2 0 0 0 0 0
260 2 0 0 0 0 0 0 0 0
261 2 0 0 0 0 0 0 0 0
262 2 0 0 0 0 0 0 0 0
263 2 2 2 0 0 0 0 0 0
264 2 0 0 0 0 0 0 0 0
265 2 0 0 0 0 0 0 0 0
268 2 0 0 0 0 0 0 0 0
269 2 0 0 0 0 0 0 0 0
fl=/build/glibc-FcXrgv/glibc-2.31/string/../sysdeps/aarch64/strnlen.S
fn=strnlen
61 2390 881 108 0 0 0 0 0 0
62 2390 0 0 0 0 0 0 0 0
63 2390 0 0 0 0 0 0 0 0
64 2390 0 0 0 0 0 0 0 0
65 2390 0 0 0 0 0 0 0 0
67 1962 0 0 0 0 0 0 0 0
68 1962 0 0 0 0 0 0 0 0
80 1962 1207 104 3924 919 288 0 0 0
82 2390 38 9 0 0 0 0 0 0
83 2390 0 0 0 0 0 0 0 0
84 2390 0 0 0 0 0 0 0 0
85 2390 0 0 0 0 0 0 0 0
86 2390 0 0 0 0 0 0 0 0
87 2390 0 0 0 0 0 0 0 0
88 2390 0 0 0 0 0 0 0 0
89 2390 0 0 0 0 0 0 0 0
90 2390 0 0 0 0 0 0 0 0
91 2390 0 0 0 0 0 0 0 0
94 2322 0 0 0 0 0 0 0 0
95 2322 0 0 0 0 0 0 0 0
101 2094 0 0 0 0 0 0 0 0
102 2094 0 0 0 0 0 0 0 0
106 311 0 0 0 0 0 0 0 0
107 311 219 15 0 0 0 0 0 0
119 2094 678 96 0 0 0 0 0 0
120 2094 0 0 0 0 0 0 0 0
121 2094 0 0 0 0 0 0 0 0
122 2094 0 0 0 0 0 0 0 0
123 2094 0 0 0 0 0 0 0 0
124 2094 0 0 0 0 0 0 0 0
125 2094 0 0 0 0 0 0 0 0
128 70 44 9 70 0 0 0 0 0
129 70 0 0 0 0 0 0 0 0
130 70 0 0 0 0 0 0 0 0
131 70 0 0 0 0 0 0 0 0
132 70 0 0 0 0 0 0 0 0
133 70 0 0 0 0 0 0 0 0
134 34 0 0 34 0 0 0 0 0
135 34 0 0 0 0 0 0 0 0
136 34 31 11 0 0 0 0 0 0
137 34 0 0 0 0 0 0 0 0
138 34 0 0 0 0 0 0 0 0
139 34 0 0 0 0 0 0 0 0
143 68 16 13 0 0 0 0 0 0
156 48 0 0 0 0 0 0 0 0
157 48 0 0 0 0 0 0 0 0
158 48 0 0 0 0 0 0 0 0
159 48 0 0 0 0 0 0 0 0
160 48 0 0 0 0 0 0 0 0
161 48 0 0 0 0 0 0 0 0
162 48 0 0 0 0 0 0 0 0
163 48 0 0 0 0 0 0 0 0
164 48 0 0 0 0 0 0 0 0
165 48 0 0 0 0 0 0 0 0
166 48 0 0 0 0 0 0 0 0
167 48 0 0 0 0 0 0 0 0
168 48 0 0 0 0 0 0 0 0
169 48 0 0 0 0 0 0 0 0
170 48 0 0 0 0 0 0 0 0
181 428 49 27 0 0 0 0 0 0
182 428 0 0 0 0 0 0 0 0
183 428 0 0 0 0 0 0 0 0
185 428 0 0 0 0 0 0 0 0
186 428 0 0 0 0 0 0 0 0
187 428 0 0 0 0 0 0 0 0
189 428 0 0 856 4 4 0 0 0
190 428 0 0 0 0 0 0 0 0
191 428 0 0 0 0 0 0 0 0
198 428 0 0 0 0 0 0 0 0
200 428 0 0 0 0 0 0 0 0
202 428 0 0 0 0 0 0 0 0
203 428 40 17 0 0 0 0 0 0
205 428 0 0 0 0 0 0 0 0
206 428 0 0 0 0 0 0 0 0
207 428 0 0 0 0 0 0 0 0
210 248 10 8 0 0 0 0 0 0
211 248 0 0 0 0 0 0 0 0
fl=/build/glibc-FcXrgv/glibc-2.31/string/../sysdeps/aarch64/strrchr.S
fn=rindex
72 272 142 32 0 0 0 0 0 0
76 272 0 0 0 0 0 0 0 0
77 272 0 0 0 0 0 0 0 0
78 272 0 0 0 0 0 0 0 0
79 272 0 0 0 0 0 0 0 0
80 272 0 0 0 0 0 0 0 0
81 272 0 0 0 0 0 0 0 0
82 272 0 0 0 0 0 0 0 0
83 272 0 0 0 0 0 0 0 0
84 272 0 0 0 0 0 0 0 0
90 200 0 0 400 151 82 0 0 0
91 200 0 0 0 0 0 0 0 0
92 200 0 0 0 0 0 0 0 0
93 200 0 0 0 0 0 0 0 0
94 200 0 0 0 0 0 0 0 0
95 200 0 0 0 0 0 0 0 0
96 200 175 29 0 0 0 0 0 0
97 200 0 0 0 0 0 0 0 0
98 200 0 0 0 0 0 0 0 0
99 200 0 0 0 0 0 0 0 0
100 200 0 0 0 0 0 0 0 0
101 200 0 0 0 0 0 0 0 0
102 200 0 0 0 0 0 0 0 0
103 200 0 0 0 0 0 0 0 0
104 200 0 0 0 0 0 0 0 0
105 200 0 0 0 0 0 0 0 0
106 200 0 0 0 0 0 0 0 0
107 200 0 0 0 0 0 0 0 0
108 200 0 0 0 0 0 0 0 0
110 200 0 0 0 0 0 0 0 0
111 200 0 0 0 0 0 0 0 0
112 200 0 0 0 0 0 0 0 0
115 98 81 15 0 0 0 0 0 0
116 98 0 0 0 0 0 0 0 0
117 98 0 0 0 0 0 0 0 0
119 170 59 12 340 73 48 0 0 0
120 170 0 0 0 0 0 0 0 0
121 170 0 0 0 0 0 0 0 0
122 170 0 0 0 0 0 0 0 0
123 170 0 0 0 0 0 0 0 0
124 170 0 0 0 0 0 0 0 0
125 170 0 0 0 0 0 0 0 0
126 170 0 0 0 0 0 0 0 0
127 170 0 0 0 0 0 0 0 0
128 170 0 0 0 0 0 0 0 0
129 170 0 0 0 0 0 0 0 0
130 170 0 0 0 0 0 0 0 0
131 170 0 0 0 0 0 0 0 0
132 170 137 15 0 0 0 0 0 0
134 169 0 0 0 0 0 0 0 0
135 169 0 0 0 0 0 0 0 0
136 169 0 0 0 0 0 0 0 0
137 169 0 0 0 0 0 0 0 0
138 169 0 0 0 0 0 0 0 0
142 272 94 16 0 0 0 0 0 0
143 272 0 0 0 0 0 0 0 0
144 272 0 0 0 0 0 0 0 0
146 272 0 0 0 0 0 0 0 0
147 272 0 0 0 0 0 0 0 0
150 272 0 0 0 0 0 0 0 0
154 272 0 0 0 0 0 0 0 0
155 272 0 0 0 0 0 0 0 0
157 272 0 0 0 0 0 0 0 0
158 272 0 0 0 0 0 0 0 0
160 272 157 31 0 0 0 0 0 0
fl=/build/glibc-FcXrgv/glibc-2.31/string/_strerror.c
fn=strerror_r
38 455 70 24 70 44 0 315 30 8
39 210 0 0 35 24 13 0 0 0
40 105 0 0 35 35 16 0 0 0
71 140 34 12 0 0 0 0 0 0
72 385 0 0 385 0 0 0 0 0
fl=/build/glibc-FcXrgv/glibc-2.31/string/memmem.c
fn=memmem
55 60 2 1 12 0 0 42 0 0
59 24 6 1 0 0 0 6 0 0
61 18 0 0 0 0 0 0 0 0
65 18 0 0 0 0 0 12 0 0
68 12 0 0 0 0 0 0 0 0
70 12 0 0 0 0 0 0 0 0
75 18 0 0 18 0 0 0 0 0
79 18 0 0 0 0 0 12 0 0
84 6 0 0 0 0 0 0 0 0
85 6 0 0 0 0 0 0 0 0
87 30 3 1 0 0 0 0 0 0
88 54 0 0 0 0 0 0 0 0
89 60 0 0 24 1 0 12 0 0
92 42 6 1 18 0 0 0 0 0
93 6 0 0 0 0 0 6 0 0
95 30 4 1 12 0 0 0 0 0
100 12 0 0 0 0 0 0 0 0
101 60 6 1 36 0 0 0 0 0
103 36 0 0 0 0 0 0 0 0
107 6 0 0 0 0 0 0 0 0
108 12 0 0 0 0 0 0 0 0
119 6 0 0 0 0 0 0 0 0
126 60 6 1 54 0 0 0 0 0
fl=/build/glibc-FcXrgv/glibc-2.31/string/mempcpy.c
fn=mempcpy
34 516 64 22 0 0 0 387 2 1
35 129 0 0 0 0 0 0 0 0
36 516 60 22 387 0 0 0 0 0
fl=/build/glibc-FcXrgv/glibc-2.31/string/strcat.c
fn=strcat
29 160 50 13 0 0 0 128 0 0
30 128 0 0 0 0 0 0 0 0
32 128 0 0 128 0 0 0 0 0
fl=/build/glibc-FcXrgv/glibc-2.31/string/strcspn.c
fn=strcspn
32 4 0 0 0 0 0 3 1 1
33 2 0 0 1 1 1 0 0 0
34 2 1 1 1 0 0 0 0 0
39 5 0 0 0 0 0 8 1 1
40 4 0 0 0 0 0 8 0 0
41 4 1 1 0 0 0 8 1 1
42 4 0 0 0 0 0 8 1 1
44 3 0 0 2 0 0 0 0 0
47 10 0 0 0 0 0 3 0 0
48 3 0 0 0 0 0 0 0 0
51 4 0 0 2 0 0 0 0 0
52 4 1 1 2 0 0 0 0 0
53 4 0 0 2 0 0 0 0 0
54 4 0 0 2 0 0 0 0 0
56 2 0 0 0 0 0 0 0 0
62 32 1 1 32 0 0 0 0 0
63 16 0 0 16 0 0 0 0 0
64 32 0 0 32 0 0 0 0 0
65 16 0 0 16 0 0 0 0 0
67 112 0 0 32 0 0 0 0 0
69 1 0 0 0 0 0 0 0 0
70 5 0 0 0 0 0 0 0 0
71 3 0 0 3 0 0 0 0 0
fl=/build/glibc-FcXrgv/glibc-2.31/string/strdup.c
fn=strdup
40 104 14 9 0 0 0 104 0 0
41 52 0 0 0 0 0 0 0 0
42 52 14 5 0 0 0 0 0 0
44 26 6 3 0 0 0 0 0 0
47 78 0 0 0 0 0 0 0 0
48 52 0 0 104 0 0 0 0 0
fl=/build/glibc-FcXrgv/glibc-2.31/string/strerror.c
fn=strerror
30 140 70 23 0 0 0 140 0 0
31 105 0 0 0 0 0 0 0 0
34 35 0 0 0 0 0 0 0 0
43 105 0 0 140 0 0 0 0 0
fl=/build/glibc-FcXrgv/glibc-2.31/string/strncpy.c
fn=strncpy
28 15491 613 115 0 0 0 13278 471 2
29 8852 1247 102 0 0 0 0 0 0
30 4426 0 0 0 0 0 0 0 0
31 7664 0 0 0 0 0 0 0 0
32 8852 0 0 0 0 0 0 0 0
33 6639 0 0 13278 0 0 0 0 0
fl=/build/glibc-FcXrgv/glibc-2.31/string/strndup.c
fn=strndup
41 4 1 1 0 0 0 4 0 0
42 2 0 0 0 0 0 0 0 0
43 2 1 1 0 0 0 0 0 0
45 1 0 0 0 0 0 0 0 0
48 1 0 0 0 0 0 1 0 0
49 3 0 0 0 0 0 0 0 0
50 2 0 0 4 0 0 0 0 0
fl=/build/glibc-FcXrgv/glibc-2.31/string/strstr.c
fn=strstr
77 26 2 2 4 0 0 22 2 2
82 4 2 2 2 2 2 0 0 0
84 6 0 0 0 0 0 0 0 0
85 2 0 0 0 0 0 0 0 0
129 2 2 2 0 0 0 0 0 0
161 26 0 0 26 0 0 0 0 0
fl=/build/glibc-FcXrgv/glibc-2.31/termios/../sysdeps/unix/sysv/linux/tcgetattr.c
fn=tcgetattr
34 688 172 160 172 0 0 258 0 0
38 1082 160 158 80 1 0 80 9 0
40 86 0 0 0 0 0 0 0 0
44 18 0 0 18 0 0 12 0 0
46 12 0 0 6 0 0 6 0 0
51 12 0 0 0 0 0 0 0 0
58 6 0 0 0 0 0 12 0 0
63 54 6 1 18 0 0 36 0 0
77 688 0 0 430 0 0 0 0 0
fl=/build/glibc-FcXrgv/glibc-2.31/time/../bits/byteswap.h
fn=__tzfile_read
52 30 1 1 18 0 0 0 0 0
73 472 1 1 236 0 0 0 0 0
fl=/build/glibc-FcXrgv/glibc-2.31/time/../include/alloc_buffer.h
fn=__tzfile_read
126 3 0 0 2 0 0 0 0 0
fl=/build/glibc-FcXrgv/glibc-2.31/time/../include/stdio.h
fn=__tzfile_read
255 156 3 3 87 1 1 25 0 0
fl=/build/glibc-FcXrgv/glibc-2.31/time/../sysdeps/unix/sysv/linux/clock_gettime.c
fn=clock_gettime@@GLIBC_2.17
31 20 4 4 0 0 0 16 0 0
38 44 2 2 8 4 4 0 0 0
73 12 0 0 16 0 0 0 0 0
fl=/build/glibc-FcXrgv/glibc-2.31/time/../sysdeps/unix/sysv/linux/dl-vdso.h
fn=gettimeofday
40 3 1 1 2 2 2 0 0 0
41 1 0 0 0 0 0 0 0 0
fl=/build/glibc-FcXrgv/glibc-2.31/time/../sysdeps/unix/sysv/linux/gettimeofday.c
fn=gettimeofday
41 3 1 1 0 0 0 0 0 0
fl=/build/glibc-FcXrgv/glibc-2.31/time/../time/time.c
fn=time
24 9 2 2 2 1 0 5 0 0
26 3 0 0 0 0 0 0 0 0
28 1 0 0 0 0 0 0 0 0
29 1 0 0 1 0 0 0 0 0
31 9 1 1 7 0 0 0 0 0
fl=/build/glibc-FcXrgv/glibc-2.31/time/localtime.c
fn=localtime_r
30 8 1 1 2 0 0 0 0 0
fl=/build/glibc-FcXrgv/glibc-2.31/time/offtime.c
fn=__offtime
30 10 0 0 0 0 0 12 0 0
34 14 1 1 0 0 0 0 0 0
35 6 1 1 0 0 0 0 0 0
37 4 0 0 0 0 0 0 0 0
42 8 2 1 0 0 0 0 0 0
47 16 0 0 0 0 0 2 0 0
48 8 0 0 0 0 0 0 0 0
49 16 1 1 0 0 0 2 0 0
50 10 0 0 0 0 0 2 0 0
52 34 0 0 0 0 0 2 0 0
55 6 0 0 0 0 0 0 0 0
60 60 3 2 0 0 0 0 0 0
63 30 1 1 0 0 0 0 0 0
66 6 0 0 0 0 0 0 0 0
67 89 5 5 0 0 0 0 0 0
68 83 0 0 0 0 0 0 0 0
69 3 0 0 0 0 0 0 0 0
71 4 0 0 0 0 0 2 0 0
72 6 0 0 0 0 0 0 0 0
78 2 1 1 0 0 0 2 0 0
79 15 1 1 0 0 0 0 0 0
80 33 0 0 7 2 2 0 0 0
82 2 0 0 0 0 0 0 0 0
83 2 0 0 0 0 0 4 0 0
84 2 0 0 0 0 0 0 0 0
85 2 0 0 0 0 0 0 0 0
86 16 1 1 12 0 0 0 0 0
fl=/build/glibc-FcXrgv/glibc-2.31/time/tzfile.c
fn=__tzfile_compute
582 14 1 1 0 0 0 14 0 0
585 2 0 0 0 0 0 0 0 0
587 6 2 1 2 0 0 4 0 0
588 2 0 0 0 0 0 4 0 0
590 22 2 1 6 0 0 4 0 0
620 8 0 0 2 0 0 0 0 0
657 2 0 0 0 0 0 0 0 0
664 18 1 1 0 0 0 4 0 0
665 4 0 0 0 0 0 0 0 0
667 10 0 0 0 0 0 2 0 0
668 8 0 0 2 0 0 0 0 0
670 12 0 0 2 0 0 0 0 0
673 8 1 1 2 0 0 0 0 0
707 2 0 0 2 0 0 0 0 0
708 22 2 2 14 0 0 2 0 0
710 8 0 0 4 0 0 0 0 0
713 6 1 1 4 0 0 0 0 0
716 10 0 0 4 0 0 0 0 0
718 10 0 0 4 0 0 2 0 0
720 10 1 1 6 0 0 0 0 0
727 6 0 0 4 0 0 0 0 0
730 8 0 0 8 0 0 0 0 0
733 2 0 0 0 0 0 0 0 0
734 14 1 1 6 0 0 2 0 0
735 8 0 0 2 0 0 2 0 0
737 2 0 0 0 0 0 0 0 0
744 6 0 0 4 0 0 0 0 0
747 4 0 0 2 0 0 2 0 0
748 18 1 1 8 0 0 0 0 0
749 2 0 0 0 0 0 4 0 0
750 10 0 0 14 0 0 0 0 0
754 8 1 1 2 0 0 2 0 0
755 2 0 0 0 0 0 2 0 0
758 2 0 0 0 0 0 0 0 0
760 4 0 0 0 0 0 0 0 0
769 2 1 1 0 0 0 0 0 0
780 8 0 0 12 0 0 0 0 0
fn=__tzfile_read
102 13 2 2 2 0 0 11 0 0
109 2 0 0 1 1 1 0 0 0
110 4 1 1 0 0 0 3 0 0
111 1 0 0 0 0 0 1 0 0
116 1 0 0 0 0 0 1 0 0
118 1 0 0 0 0 0 0 0 0
121 3 0 0 1 0 0 0 0 0
130 4 1 1 2 2 2 0 0 0
131 1 0 0 0 0 0 0 0 0
140 1 1 1 0 0 0 0 0 0
154 1 1 1 0 0 0 0 0 0
162 5 1 1 0 0 0 0 0 0
163 1 0 0 0 0 0 0 0 0
167 8 0 0 0 0 0 1 0 0
170 2 1 1 1 1 1 0 0 0
171 1 0 0 0 0 0 1 0 0
174 2 0 0 0 0 0 0 0 0
175 3 0 0 2 0 0 1 0 0
176 2 0 0 1 0 0 2 1 1
179 5 0 0 1 0 0 2 0 0
182 14 1 1 0 0 0 0 0 0
184 10 0 0 2 0 0 0 0 0
187 3 0 0 0 0 0 0 0 0
188 4 0 0 0 0 0 4 0 0
189 2 0 0 0 0 0 0 0 0
190 4 0 0 0 0 0 2 0 0
191 2 0 0 0 0 0 0 0 0
192 2 0 0 0 0 0 0 0 0
194 10 0 0 0 0 0 0 0 0
197 8 1 1 3 0 0 0 0 0
200 2 0 0 0 0 0 1 0 0
203 5 0 0 0 0 0 1 0 0
204 2 0 0 0 0 0 0 0 0
209 5 1 1 0 0 0 0 0 0
218 4 1 1 1 0 0 0 0 0
220 4 1 1 1 0 0 1 0 0
221 4 0 0 0 0 0 0 0 0
222 1 0 0 0 0 0 0 0 0
223 3 1 1 2 0 0 0 0 0
224 1 0 0 0 0 0 0 0 0
226 1 0 0 0 0 0 0 0 0
229 7 0 0 1 0 0 0 0 0
230 3 0 0 0 0 0 0 0 0
232 1 1 1 0 0 0 0 0 0
233 3 0 0 1 0 0 0 0 0
236 5 0 0 0 0 0 0 0 0
238 1 0 0 0 0 0 0 0 0
239 3 0 0 0 0 0 1 0 0
243 2 0 0 0 0 0 1 0 0
269 6 0 0 1 0 0 2 0 0
271 2 0 0 0 0 0 0 0 0
275 4 1 1 0 0 0 1 0 0
276 1 0 0 0 0 0 0 0 0
278 1 0 0 0 0 0 2 0 0
283 6 0 0 0 0 0 1 0 0
284 9 1 1 1 0 0 1 0 0
285 7 1 1 1 0 0 1 0 0
286 7 0 0 1 0 0 1 0 0
287 6 0 0 0 0 0 1 0 0
288 4 0 0 2 0 0 0 0 0
289 8 1 1 2 0 0 1 1 1
292 1 0 0 0 0 0 0 0 0
294 3 1 1 1 0 0 1 0 0
297 12 0 0 4 0 0 0 0 0
300 7 1 1 2 0 0 0 0 0
306 714 0 0 3 0 0 0 0 0
307 708 0 0 236 0 0 0 0 0
310 3 0 0 1 0 0 0 0 0
324 474 0 0 1 0 0 0 0 0
325 236 0 0 0 0 0 236 0 0
328 24 0 0 6 0 0 0 0 0
332 48 1 1 0 0 0 12 0 0
337 12 0 0 0 0 0 0 0 0
339 27 0 0 6 0 0 6 0 0
341 12 0 0 0 0 0 0 0 0
344 18 0 0 6 0 0 6 0 0
345 6 0 0 0 0 0 6 0 0
348 11 1 1 2 0 0 1 0 0
351 2 0 0 1 0 0 0 0 0
367 20 0 0 0 0 0 0 0 0
372 32 1 1 6 0 0 6 0 0
374 5 1 1 1 0 0 0 0 0
375 3 0 0 1 0 0 0 0 0
377 15 1 1 0 0 0 0 0 0
382 39 0 0 6 0 0 6 0 0
384 5 2 2 1 0 0 0 0 0
385 3 0 0 1 0 0 0 0 0
388 4 0 0 1 0 0 0 0 0
390 2 0 0 1 0 0 0 0 0
392 2 0 0 0 0 0 0 0 0
393 11 2 2 2 0 0 0 0 0
397 2 0 0 1 0 0 1 0 0
401 3 0 0 1 0 0 0 0 0
404 2 0 0 0 0 0 0 0 0
407 31 1 1 7 0 0 0 0 0
408 42 0 0 18 0 0 0 0 0
414 2 0 0 1 0 0 0 0 0
415 1 0 0 0 0 0 2 0 0
416 3 0 0 1 0 0 0 0 0
418 4 0 0 4 0 0 0 0 0
419 8 0 0 4 0 0 0 0 0
421 7 1 1 4 0 0 0 0 0
425 10 1 1 4 0 0 2 0 0
427 7 0 0 2 0 0 0 0 0
431 3 0 0 2 0 0 0 0 0
438 3 0 0 2 0 0 0 0 0
441 5 0 0 2 0 0 0 0 0
446 1 0 0 0 0 0 0 0 0
447 1 0 0 0 0 0 2 0 0
448 1 1 1 0 0 0 0 0 0
451 9 1 1 4 0 0 0 0 0
453 1 0 0 0 0 0 1 0 0
454 2 0 0 1 0 0 0 0 0
456 12 1 1 3 0 0 0 0 0
458 2 0 0 0 0 0 0 0 0
459 2 1 1 1 0 0 0 0 0
461 6 0 0 2 0 0 0 0 0
464 3 0 0 0 0 0 0 0 0
467 9 1 1 0 0 0 2 0 0
470 9 0 0 5 0 0 1 0 0
471 5 0 0 1 0 0 1 0 0
474 2 0 0 0 0 0 1 1 0
475 2 1 1 1 0 0 0 0 0
476 1 0 0 0 0 0 0 0 0
484 12 1 0 13 0 0 0 0 0
fl=/build/glibc-FcXrgv/glibc-2.31/time/tzset.c
fn=__tz_convert
568 26 4 2 4 0 0 18 0 0
572 14 1 1 0 0 0 0 0 0
577 12 0 0 0 0 0 0 0 0
579 6 0 0 2 0 0 0 0 0
580 12 1 1 0 0 0 0 0 0
592 14 0 0 0 0 0 0 0 0
594 2 0 0 0 0 0 0 0 0
596 4 0 0 2 0 0 0 0 0
603 12 2 1 2 0 0 0 0 0
604 10 0 0 4 0 0 2 0 0
609 2 0 0 0 0 0 0 0 0
610 22 2 1 22 0 0 0 0 0
fn=__tzstring
120 48 1 1 0 0 0 36 0 0
121 48 0 0 0 0 0 0 0 0
122 24 0 0 36 0 0 0 0 0
fn=__tzstring_len
83 84 1 1 0 0 0 84 0 0
89 78 0 0 33 1 0 0 0 0
90 84 1 1 28 0 0 0 0 0
92 106 0 0 0 0 0 0 0 0
93 140 0 0 0 0 0 0 0 0
98 15 1 1 0 0 0 0 0 0
99 5 0 0 0 0 0 0 0 0
103 5 0 0 0 0 0 10 0 0
104 25 2 2 0 0 0 0 0 0
105 10 0 0 0 0 0 5 0 0
108 4 0 0 0 0 0 4 0 0
110 1 0 0 0 0 0 1 0 0
113 72 0 0 84 0 0 0 0 0
fn=tzset_internal
368 8 2 1 0 0 0 12 0 0
372 16 0 0 2 0 0 0 0 0
374 2 1 1 0 0 0 1 0 0
377 4 0 0 0 0 0 0 0 0
378 1 0 0 0 0 0 0 0 0
397 1 0 0 0 0 0 1 0 0
398 1 0 0 0 0 0 1 1 1
401 2 1 1 1 1 1 0 0 0
402 6 0 0 0 0 0 1 0 0
405 4 0 0 0 0 0 0 0 0
406 4 2 1 1 0 0 0 0 0
424 8 1 1 12 0 0 0 0 0
fl=/build/glibc-FcXrgv/glibc-2.31/wcsmbs/./wcsmbsload.h
fn=btowc
70 256 0 0 128 1 1 0 0 0
72 512 1 1 0 0 0 0 0 0
73 384 0 0 0 0 0 0 0 0
fn=wcsrtombs
70 6 0 0 3 2 1 0 0 0
72 4 1 1 0 0 0 0 0 0
74 3 0 0 1 0 0 0 0 0
76 1 0 0 0 0 0 0 0 0
fl=/build/glibc-FcXrgv/glibc-2.31/wcsmbs/btowc.c
fn=btowc
33 2304 1 1 512 0 0 1280 0 0
38 1024 1 1 0 0 0 0 0 0
39 256 0 0 0 0 0 0 0 0
43 768 0 0 0 0 0 0 0 0
47 768 1 1 384 1 1 256 0 0
48 256 0 0 256 2 2 0 0 0
50 256 0 0 128 1 1 0 0 0
55 640 0 0 128 0 0 0 0 0
58 768 0 0 384 0 0 0 0 0
99 2304 1 1 1792 0 0 0 0 0
fl=/build/glibc-FcXrgv/glibc-2.31/wcsmbs/mbsrtowcs.c
fn=mbsrtowcs
29 1818 36 13 404 0 0 0 0 0
fl=/build/glibc-FcXrgv/glibc-2.31/wcsmbs/mbsrtowcs_l.c
fn=__mbsrtowcs_l
42 3030 72 26 404 0 0 2626 55 11
52 202 0 0 0 0 0 202 0 0
53 404 0 0 0 0 0 202 0 0
54 202 0 0 0 0 0 202 0 0
57 202 0 0 202 34 12 0 0 0
60 202 0 0 202 28 12 0 0 0
61 202 0 0 202 36 13 0 0 0
63 404 0 0 202 27 12 0 0 0
68 404 0 0 202 0 0 0 0 0
72 37 0 0 0 0 0 37 0 0
73 259 71 27 0 0 0 0 0 0
75 111 0 0 74 0 0 37 0 0
76 74 0 0 0 0 0 37 0 0
78 37 0 0 0 0 0 0 0 0
79 148 0 0 0 0 0 37 0 0
82 37 0 0 0 0 0 37 0 0
84 407 36 13 0 0 0 0 0 0
87 111 0 0 37 0 0 0 0 0
89 74 35 12 0 0 0 0 0 0
91 74 0 0 0 0 0 0 0 0
94 74 0 0 37 0 0 0 0 0
96 296 0 0 0 0 0 0 0 0
104 165 0 0 0 0 0 165 0 0
108 330 36 14 0 0 0 330 0 0
112 825 0 0 0 0 0 0 0 0
116 660 36 13 0 0 0 0 0 0
118 1815 0 0 0 0 0 0 0 0
120 660 0 0 330 0 0 0 0 0
121 165 36 14 0 0 0 0 0 0
123 74 0 0 0 0 0 0 0 0
125 74 0 0 37 0 0 0 0 0
132 165 0 0 0 0 0 165 0 0
134 330 0 0 0 0 0 0 0 0
138 330 0 0 0 0 0 0 0 0
139 111 0 0 37 0 0 0 0 0
141 37 0 0 0 0 0 0 0 0
142 111 0 0 74 0 0 0 0 0
143 222 0 0 0 0 0 37 0 0
144 74 0 0 0 0 0 0 0 0
150 586 37 14 0 0 0 0 0 0
155 202 35 14 0 0 0 0 0 0
156 606 0 0 0 0 0 0 0 0
158 128 0 0 0 0 0 0 0 0
159 640 0 0 128 0 0 128 0 0
163 2828 1 1 3030 0 0 0 0 0
fl=/build/glibc-FcXrgv/glibc-2.31/wcsmbs/wcscat.c
fn=wcscat
28 35 1 1 0 0 0 28 0 0
29 28 1 0 0 0 0 0 0 0
31 28 0 0 28 0 0 0 0 0
fl=/build/glibc-FcXrgv/glibc-2.31/wcsmbs/wcschr.c
fn=wcschr
43 652 1 1 132 6 0 0 0 0
46 10 0 0 0 0 0 0 0 0
fl=/build/glibc-FcXrgv/glibc-2.31/wcsmbs/wcscmp.c
fn=wcscmp
30 1434 32 8 0 0 0 0 0 0
35 6429 0 0 6429 31 5 0 0 0
36 6429 0 0 6429 65 14 0 0 0
37 12858 0 0 0 0 0 0 0 0
38 357 0 0 0 0 0 0 0 0
40 12501 0 0 0 0 0 0 0 0
42 720 0 0 0 0 0 0 0 0
43 717 0 0 0 0 0 0 0 0
fl=/build/glibc-FcXrgv/glibc-2.31/wcsmbs/wcscpy.c
fn=wcscpy
30 35 2 1 0 0 0 28 0 0
32 49 0 0 0 0 0 0 0 0
50 14 0 0 28 0 0 0 0 0
fl=/build/glibc-FcXrgv/glibc-2.31/wcsmbs/wcslen.c
fn=wcslen
28 242 45 12 0 0 0 0 0 0
29 481 0 0 0 0 0 0 0 0
31 2721 0 0 1241 75 37 0 0 0
33 3444 45 14 1148 0 0 0 0 0
35 3524 0 0 1095 9 4 0 0 0
37 3392 0 0 1051 0 0 0 0 0
39 1141 0 0 0 0 0 0 0 0
43 242 0 0 0 0 0 0 0 0
fl=/build/glibc-FcXrgv/glibc-2.31/wcsmbs/wcsmbsload.c
fn=__wcsmbs_getfct
84 18 2 2 4 0 0 10 0 0
92 10 0 0 0 0 0 0 0 0
112 6 0 0 4 0 0 0 0 0
120 2 0 0 0 0 0 2 0 0
123 18 0 0 14 0 0 0 0 0
fn=__wcsmbs_load_conv
153 12 1 1 2 0 0 9 0 0
155 12 2 2 4 3 0 0 0 0
159 2 0 0 1 0 0 0 0 0
168 4 0 0 0 0 0 0 0 0
169 1 0 0 0 0 0 0 0 0
173 1 0 0 1 1 0 0 0 0
180 88 5 5 18 6 0 9 0 0
186 7 0 0 0 0 0 1 0 0
188 1 1 1 0 0 0 0 0 0
189 5 0 0 0 0 0 1 0 0
195 1 0 0 0 0 0 0 0 0
207 1 0 0 0 0 0 2 0 0
208 2 0 0 0 0 0 0 0 0
212 11 1 1 4 0 0 0 0 0
213 12 1 1 11 0 0 0 0 0
fl=/build/glibc-FcXrgv/glibc-2.31/wcsmbs/wcsmbsload.h
fn=__mbsrtowcs_l
70 404 0 0 202 35 12 0 0 0
72 528 2 2 0 0 0 0 0 0
73 396 0 0 0 0 0 0 0 0
fl=/build/glibc-FcXrgv/glibc-2.31/wcsmbs/wcsncpy.c
fn=wcsncpy
28 168 4 4 0 0 0 144 5 0
29 96 0 0 0 0 0 0 0 0
30 48 0 0 0 0 0 0 0 0
31 8 0 0 0 0 0 0 0 0
32 96 0 0 0 0 0 0 0 0
33 72 2 2 144 4 0 0 0 0
fl=/build/glibc-FcXrgv/glibc-2.31/wcsmbs/wcsnlen.c
fn=wcsnlen
28 135 2 2 0 0 0 108 0 0
29 81 0 0 0 0 0 0 0 0
31 81 0 0 0 0 0 0 0 0
33 108 0 0 108 0 0 0 0 0
fl=/build/glibc-FcXrgv/glibc-2.31/wcsmbs/wcsrchr.c
fn=wcsrchr
29 1 1 1 0 0 0 0 0 0
30 1 0 0 0 0 0 0 0 0
44 240 0 0 48 0 0 0 0 0
47 1 0 0 0 0 0 0 0 0
fl=/build/glibc-FcXrgv/glibc-2.31/wcsmbs/wcsrtombs.c
fn=wcsrtombs
39 45 6 5 6 0 0 39 2 0
48 3 0 0 0 0 0 3 0 0
49 6 0 0 0 0 0 3 0 0
50 15 0 0 0 0 0 3 0 0
53 15 0 0 9 6 2 0 0 0
56 3 0 0 3 1 1 0 0 0
57 3 0 0 3 0 0 0 0 0
59 6 0 0 3 1 1 0 0 0
64 6 3 2 3 0 0 0 0 0
104 21 0 0 3 0 0 3 0 0
108 6 0 0 0 0 0 6 0 0
110 33 3 2 0 0 0 0 0 0
115 6 0 0 3 0 0 0 0 0
119 6 0 0 0 0 0 0 0 0
120 6 0 0 3 0 0 0 0 0
122 6 0 0 0 0 0 0 0 0
123 9 3 2 6 0 0 0 0 0
124 3 0 0 0 0 0 3 0 0
125 6 0 0 0 0 0 0 0 0
137 12 0 0 0 0 0 0 0 0
144 42 6 4 45 0 0 0 0 0
fl=/build/glibc-FcXrgv/glibc-2.31/wcsmbs/wctob.c
fn=wctob
31 1152 1 1 256 0 0 640 0 0
40 256 0 0 0 0 0 0 0 0
45 256 1 1 0 0 0 0 0 0
46 128 0 0 0 0 0 0 0 0
82 1152 0 0 896 0 0 0 0 0
fl=/build/glibc-FcXrgv/glibc-2.31/wcsmbs/wmemchr.c
fn=wmemchr
27 27 0 0 0 0 0 0 0 0
29 178 7 2 0 0 0 0 0 0
31 201 8 2 67 3 1 0 0 0
33 201 0 0 67 0 0 0 0 0
34 3 2 0 0 0 0 0 0 0
35 192 0 0 64 0 0 0 0 0
36 1 1 0 0 0 0 0 0 0
37 189 0 0 63 0 0 0 0 0
38 1 1 1 0 0 0 0 0 0
39 62 0 0 0 0 0 0 0 0
40 67 0 0 0 0 0 0 0 0
43 22 0 0 0 0 0 0 0 0
45 80 0 0 20 0 0 0 0 0
50 40 0 0 0 0 0 0 0 0
52 36 0 0 12 0 0 0 0 0
54 16 0 0 0 0 0 0 0 0
57 24 0 0 0 0 0 0 0 0
58 8 0 0 8 0 0 0 0 0
61 34 5 1 0 0 0 0 0 0
62 27 1 1 0 0 0 0 0 0
fl=/build/glibc-FcXrgv/glibc-2.31/wcsmbs/wmemcpy.c
fn=wmemcpy
26 62 7 2 0 0 0 0 0 0
fl=/build/glibc-FcXrgv/glibc-2.31/wcsmbs/wmemset.c
fn=wmemset
28 2 2 2 0 0 0 0 0 0
30 4084 2 2 0 0 0 0 0 0
33 2034 0 0 0 0 0 4068 510 491
35 2034 0 0 0 0 0 4068 0 0
36 2034 0 0 0 0 0 0 0 0
37 2034 0 0 0 0 0 0 0 0
40 2 0 0 0 0 0 0 0 0
42 1 0 0 0 0 0 1 0 0
44 2 0 0 0 0 0 0 0 0
54 2 0 0 0 0 0 0 0 0
fl=/build/glibc-FcXrgv/glibc-2.31/wctype/wctype_l.c
fn=wctype_l
27 70 2 2 0 0 0 80 0 0
30 20 0 0 0 0 0 0 0 0
33 20 0 0 20 1 1 0 0 0
34 68 0 0 0 0 0 0 0 0
36 174 1 1 0 0 0 0 0 0
38 361 0 0 0 0 0 0 0 0
41 96 0 0 0 0 0 0 0 0
42 96 0 0 48 0 0 0 0 0
46 20 0 0 10 1 1 0 0 0
47 20 0 0 10 2 2 0 0 0
48 50 1 1 80 0 0 0 0 0
fl=???
fn=???
0 87699125 1244348 193746 25635553 1966215 832801 13541717 154315 48429
fn=Index_Free
0 4 2 2 0 0 0 0 0 0
fn=PyAST_CompileObject
0 1122 111 80 288 74 22 327 3 1
fn=PyAST_FromNodeObject
0 977 82 72 200 19 0 136 3 0
fn=PyArena_AddPyObject
0 64 4 3 26 0 0 18 0 0
fn=PyArena_Free
0 198 18 16 72 18 6 45 0 0
fn=PyArena_Malloc
0 2553 18 18 1110 0 0 666 1 0
fn=PyArena_New
0 180 18 15 36 0 0 54 2 0
fn=PyArg_ParseTuple
0 52672 3526 165 8230 520 0 34566 1913 57
fn=PyArg_ParseTupleAndKeywords
0 29918 2186 541 3756 368 0 17746 634 3
fn=PyArg_UnpackTuple
0 70903 6618 851 12160 268 0 34805 283 0
fn=PyAsyncGen_ClearFreeLists
0 80 12 12 36 8 8 20 0 0
fn=PyAsyncGen_New
0 30 2 2 4 0 0 10 0 0
fn=PyBool_FromLong
0 5187 522 189 741 174 0 741 0 0
fn=PyBuffer_FillInfo
0 31 3 3 2 0 0 13 0 0
fn=PyBuffer_IsContiguous
0 1008 81 81 252 0 0 0 0 0
fn=PyBuffer_Release
0 2110 186 147 870 207 60 588 0 0
fn=PyByteArray_FromStringAndSize
0 2048 27 20 640 13 0 550 15 12
fn=PyByteArray_Resize
0 2177 166 22 602 0 0 598 51 8
fn=PyBytes_AsString
0 5 1 1 2 0 0 0 0 0
fn=PyBytes_AsStringAndSize
0 160 3 3 48 1 0 32 0 0
fn=PyBytes_Fini
0 1214 7 7 279 51 51 40 0 0
fn=PyBytes_FromObject
0 922 95 10 230 44 1 161 0 0
fn=PyBytes_FromString
0 924 84 11 168 0 0 224 10 1
fn=PyBytes_FromStringAndSize
0 614301 6388 1087 148505 8656 906 146720 8587 7050
fn=PyBytes_Size
0 10 2 2 6 4 3 0 0 0
fn=PyCArgObject_new
0 144 12 2 36 0 0 84 11 1
fn=PyCData_FromBaseObj
0 90 12 12 28 4 3 28 0 0
fn=PyCField_FromDesc
0 490 4 4 161 6 1 175 0 0
fn=PyCFunction_Call
0 81962 6437 691 34076 1364 361 18408 27 1
fn=PyCFunction_ClearFreeList
0 23962 33 33 6866 816 637 3479 3 3
fn=PyCFunction_NewEx
0 16082 1257 189 3804 299 24 4904 33 4
fn=PyCStructUnionType_update_stgdict
0 1004 47 22 236 17 3 140 0 0
fn=PyCallable_Check
0 774 120 18 258 95 1 0 0 0
fn=PyCapsule_GetPointer
0 275 22 18 66 7 0 33 0 0
fn=PyCapsule_New
0 210 20 16 70 9 9 100 3 0
fn=PyCell_Set
0 629 74 38 185 8 0 148 0 0
fn=PyClassMethod_New
0 80 7 5 20 0 0 25 0 0
fn=PyCode_NewWithPosOnlyArgs
0 2426038 12615 3825 647983 40621 1759 209374 10180 9711
fn=PyCode_Optimize
0 16928 544 257 1511 0 0 832 0 0
fn=PyCodec_LookupError
0 138 4 3 54 9 6 30 0 0
fn=PyCodec_Register
0 17 2 2 6 1 0 4 0 0
fn=PyCodec_RegisterError
0 160 2 2 56 0 0 40 0 0
fn=PyConfig_Clear
0 350 24 19 105 12 12 110 1 1
fn=PyConfig_InitPythonConfig
0 46 6 3 12 5 2 20 0 0
fn=PyConfig_Read
0 553 43 41 139 8 3 88 3 1
fn=PyConfig_SetBytesArgv
0 11 1 1 2 0 0 6 0 0
fn=PyConfig_SetString
0 974 7 3 287 0 0 410 1 0
fn=PyContext_ClearFreeList
0 48 4 4 24 4 4 16 0 0
fn=PyCoro_New
0 44 4 4 12 0 0 10 0 0
fn=PyDescr_NewClassMethod
0 238 28 10 68 3 2 68 0 0
fn=PyDict_Clear
0 51427 66 60 14839 5006 3150 6548 1 1
fn=PyDict_ClearFreeList
0 7488 38 38 1921 342 284 1035 13 9
fn=PyDict_Contains
0 17987 1728 496 5545 500 47 2960 1 0
fn=PyDict_Copy
0 223766 7202 1206 68232 17127 901 40908 1097 529
fn=PyDict_DelItem
0 972 116 46 299 0 0 181 0 0
fn=PyDict_DelItemString
0 88 9 9 20 0 0 20 0 0
fn=PyDict_GetItem
0 189024 6943 1024 68402 4450 439 37687 47 0
fn=PyDict_GetItemString
0 540 45 34 126 9 1 90 0 0
fn=PyDict_GetItemWithError
0 20708 839 243 7762 336 109 3124 1 0
fn=PyDict_Keys
0 18378 253 204 5766 1790 1031 3146 36 0
fn=PyDict_MergeFromSeq2
0 6648 263 8 1924 4 0 908 0 0
fn=PyDict_New
0 46116 4166 455 12584 2076 43 16766 550 95
fn=PyDict_Next
0 4485 6 6 1115 54 51 366 0 0
fn=PyDict_SetDefault
0 2404666 13148 2411 716630 53949 32588 339138 4511 2799
fn=PyDict_SetItem
0 1278911 21165 2940 410466 14994 3543 253844 2863 639
fn=PyDict_SetItemString
0 85643 1695 583 24824 600 205 13624 151 15
fn=PyDict_Update
0 120 32 3 0 0 0 0 0 0
fn=PyErr_Clear
0 83871 3455 273 37062 610 37 29904 25 0
fn=PyErr_ExceptionMatches
0 13887 1028 146 6056 332 61 2130 8 0
fn=PyErr_Fetch
0 1476 224 94 492 83 0 738 11 2
fn=PyErr_Format
0 165636 6051 733 60145 2368 569 75340 806 122
fn=PyErr_GivenExceptionMatches
0 45952 3777 473 19187 975 368 5910 0 0
fn=PyErr_NewException
0 1015 101 64 211 39 10 155 0 0
fn=PyErr_NewExceptionWithDoc
0 47 5 4 10 1 0 10 0 0
fn=PyErr_Occurred
0 10788 1229 142 3596 82 32 0 0 0
fn=PyErr_Restore
0 3542 269 93 1449 76 1 1288 2 0
fn=PyErr_SetFromErrno
0 12 4 2 0 0 0 0 0 0
fn=PyErr_SetFromErrnoWithFilenameObject
0 62 31 10 0 0 0 0 0 0
fn=PyErr_SetFromErrnoWithFilenameObjects
0 2193 210 65 490 6 0 385 0 0
fn=PyErr_SetImportError
0 8 2 2 1 1 1 0 0 0
fn=PyErr_SetImportErrorSubclass
0 65 5 5 13 0 0 10 0 0
fn=PyErr_SetNone
0 132 20 9 22 0 0 0 0 0
fn=PyErr_SetObject
0 1141 217 55 163 1 0 0 0 0
fn=PyErr_SetString
0 1782 135 60 648 90 28 378 13 0
fn=PyEval_CallObjectWithKeywords
0 9 1 1 4 1 0 2 0 0
fn=PyEval_EvalCode
0 1479 250 223 174 76 51 783 0 0
fn=PyEval_GetBuiltins
0 1307 174 174 523 90 78 261 0 0
fn=PyEval_GetGlobals
0 564 78 40 235 57 7 94 0 0
fn=PyEval_GetLocals
0 19 2 2 7 1 1 4 0 0
fn=PyEval_InitThreads
0 27 5 5 5 1 1 3 0 0
fn=PyEval_MergeCompilerFlags
0 176 8 8 64 8 0 24 0 0
fn=PyEval_RestoreThread
0 32220 1411 352 8055 173 10 5907 9 0
fn=PyEval_SaveThread
0 19869 850 242 4833 223 7 4833 37 0
fn=PyException_SetCause
0 18 6 4 3 0 0 6 0 0
fn=PyFile_NewStdPrinter
0 22 2 2 5 0 0 4 0 0
fn=PyFile_OpenCodeObject
0 2584 380 228 608 135 2 380 0 0
fn=PyFloat_ClearFreeList
0 200 8 8 64 36 36 32 0 0
fn=PyFloat_FromDouble
0 1053 38 20 288 48 19 288 7 6
fn=PyFloat_GetInfo
0 50 4 4 3 0 0 14 0 0
fn=PyFrame_BlockPop
0 18 4 2 2 0 0 2 0 0
fn=PyFrame_ClearFreeList
0 127 9 9 49 11 9 34 0 0
fn=PyFrame_FastToLocalsWithError
0 544 48 47 336 62 16 160 6 3
fn=PyFrame_LocalsToFast
0 870 75 74 495 59 0 300 0 0
fn=PyFrozenSet_New
0 384 96 25 0 0 0 0 0 0
fn=PyFunction_NewWithQualName
0 747918 21318 1407 234208 29343 9664 202283 9166 6509
fn=PyFuture_FromASTObject
0 580 46 44 184 17 0 117 0 0
fn=PyGC_Collect
0 26 2 2 9 3 3 6 0 0
fn=PyGrammar_AddAccelerators
0 899928 40 40 149826 594 282 17775 883 859
fn=PyGrammar_RemoveAccelerators
0 16035 10 10 4126 464 373 2042 257 249
fn=PyImport_AddModule
0 61 8 8 15 0 0 15 0 0
fn=PyImport_Cleanup
0 7444 38 17 1811 580 398 374 3 0
fn=PyImport_GetImporter
0 85 10 6 13 5 0 11 0 0
fn=PyImport_GetMagicNumber
0 30 3 3 7 1 0 6 0 0
fn=PyImport_GetModule
0 142 13 12 50 9 4 21 1 1
fn=PyImport_GetModuleDict
0 539 76 37 231 96 10 0 0 0
fn=PyImport_Import
0 11084 837 760 3627 409 79 1434 1 0
fn=PyImport_ImportFrozenModule
0 16 3 3 5 1 1 5 0 0
fn=PyImport_ImportFrozenModuleObject
0 48 6 4 11 3 2 8 0 0
fn=PyImport_ImportModule
0 1606 264 165 450 9 4 450 0 0
fn=PyImport_ImportModuleLevel
0 270 27 11 72 2 0 72 0 0
fn=PyImport_ImportModuleLevelObject
0 107523 6734 3768 29105 4745 1319 12056 0 0
fn=PyInit__abc
0 16 2 2 3 0 0 4 0 0
fn=PyInit__bisect
0 5 1 1 0 0 0 0 0 0
fn=PyInit__bz2
0 40 4 3 8 0 0 8 0 0
fn=PyInit__codecs
0 5 1 1 0 0 0 0 0 0
fn=PyInit__collections
0 87 12 6 12 2 1 13 1 1
fn=PyInit__csv
0 137 11 8 23 4 2 11 1 0
fn=PyInit__ctypes
0 307 36 20 43 22 0 42 25 10
fn=PyInit__functools
0 71 8 4 13 2 1 11 1 1
fn=PyInit__heapq
0 24 4 3 3 0 0 3 0 0
fn=PyInit__imp
0 35 4 3 7 1 1 6 1 0
fn=PyInit__io
0 471 42 31 54 12 8 62 12 8
fn=PyInit__locale
0 354 7 6 117 16 15 5 1 1
fn=PyInit__lzma
0 268 22 18 8 1 0 10 2 0
fn=PyInit__operator
0 52 7 4 8 0 0 8 0 0
fn=PyInit__pickle
0 243 27 16 30 6 1 32 9 0
fn=PyInit__posixsubprocess
0 4 1 1 0 0 0 0 0 0
fn=PyInit__random
0 27 4 3 6 1 0 6 0 0
fn=PyInit__sha512
0 43 6 3 8 2 0 10 2 2
fn=PyInit__signal
0 1467 35 25 208 5 3 211 20 17
fn=PyInit__sre
0 95 11 7 10 1 0 10 0 0
fn=PyInit__stat
0 319 25 21 3 0 0 3 0 0
fn=PyInit__struct
0 463 8 6 111 25 22 22 6 5
fn=PyInit__thread
0 112 10 7 15 8 2 16 5 0
fn=PyInit__weakref
0 51 5 4 9 3 2 9 0 0
fn=PyInit_binascii
0 4 1 1 0 0 0 0 0 0
fn=PyInit_errno
0 851 55 54 9 1 0 9 1 0
fn=PyInit_grp
0 34 4 3 7 2 1 7 0 0
fn=PyInit_itertools
0 350 45 6 46 7 4 26 1 1
fn=PyInit_math
0 54 5 4 6 2 2 3 0 0
fn=PyInit_posix
0 2100 84 66 130 19 12 97 10 3
fn=PyInit_pwd
0 34 4 3 7 1 0 7 0 0
fn=PyInit_select
0 182 14 12 8 3 2 8 2 1
fn=PyInit_time
0 74 9 6 8 2 1 8 0 0
fn=PyInit_zlib
0 159 15 11 4 0 0 5 1 1
fn=PyInterpreterState_Clear
0 6 1 1 0 0 0 0 0 0
fn=PyInterpreterState_Delete
0 40 3 3 14 2 0 6 0 0
fn=PyInterpreterState_New
0 50 4 4 9 0 0 15 0 0
fn=PyIter_Next
0 4664 332 70 2072 191 0 906 0 0
fn=PyList_Append
0 576500 6975 625 208225 1163 45 160977 1999 1151
fn=PyList_AsTuple
0 15376 1482 735 5139 383 82 3999 13 5
fn=PyList_ClearFreeList
0 1002 7 7 338 27 23 175 1 0
fn=PyList_GetItem
0 36 3 2 21 5 1 6 0 0
fn=PyList_Insert
0 8 2 2 4 4 2 0 0 0
fn=PyList_New
0 107528 6305 338 29318 5970 468 38234 2785 350
fn=PyList_SetItem
0 760 114 88 304 6 1 152 0 0
fn=PyList_SetSlice
0 132 23 15 66 6 0 0 0 0
fn=PyList_Size
0 110 22 12 66 20 2 0 0 0
fn=PyList_Sort
0 2193 216 71 645 80 3 387 0 0
fn=PyLong_AsLong
0 3001 172 136 1295 87 78 688 0 0
fn=PyLong_AsLongAndOverflow
0 2108 193 171 646 14 0 424 58 1
fn=PyLong_AsSsize_t
0 2920 446 265 1421 1 1 478 0 0
fn=PyLong_AsUnsignedLong
0 1590 212 10 636 0 0 212 0 0
fn=PyLong_AsUnsignedLongMask
0 112 14 5 56 0 0 28 0 0
fn=PyLong_AsVoidPtr
0 1836 204 4 612 98 1 306 0 0
fn=PyLong_Fini
0 17 2 2 4 0 0 4 0 0
fn=PyLong_FromLong
0 106386 5259 1201 28658 2525 457 27569 526 157
fn=PyLong_FromLongLong
0 3806 149 47 1014 58 14 1039 0 0
fn=PyLong_FromSize_t
0 427 197 57 4 0 0 8 0 0
fn=PyLong_FromSsize_t
0 722 34 5 190 17 2 190 0 0
fn=PyLong_FromString
0 54365 3310 278 10706 837 69 4213 165 5
fn=PyLong_FromUnicodeObject
0 9450 701 24 3360 5 3 2310 0 0
fn=PyLong_FromUnsignedLong
0 25746 2898 571 5324 713 6 7090 212 56
fn=PyLong_FromVoidPtr
0 9 5 5 0 0 0 0 0 0
fn=PyLong_GetInfo
0 20 2 2 3 0 0 5 0 0
fn=PyMapping_Check
0 712 89 89 267 174 40 0 0 0
fn=PyMapping_Items
0 930 186 45 93 0 0 0 0 0
fn=PyMapping_Keys
0 131 30 29 17 0 0 0 0 0
fn=PyMapping_SetItemString
0 150 18 12 36 0 0 36 0 0
fn=PyMapping_Size
0 1410 111 36 564 19 0 188 0 0
fn=PyMarshal_Init
0 19 3 2 3 0 0 3 0 0
fn=PyMarshal_ReadObjectFromString
0 87 9 8 18 3 0 33 0 0
fn=PyMem_Calloc
0 42914 3578 1088 12165 1975 150 8593 290 89
fn=PyMem_Free
0 87046 2702 434 24114 2448 403 15877 297 65
fn=PyMem_GetAllocator
0 170 12 9 85 6 2 85 0 0
fn=PyMem_Malloc
0 88811 5656 625 28266 3651 303 20485 1141 481
fn=PyMem_RawFree
0 2646 7 6 294 8 0 0 0 0
fn=PyMem_RawMalloc
0 3224 29 2 806 57 0 0 0 0
fn=PyMem_RawRealloc
0 486 68 11 108 23 0 0 0 0
fn=PyMem_Realloc
0 178476 12627 1493 58267 7483 337 37840 593 162
fn=PyMem_SetAllocator
0 340 5 4 170 1 0 170 1 0
fn=PyMember_SetOne
0 16338 731 101 6298 782 63 4230 17 0
fn=PyMemoryView_FromBuffer
0 48 4 4 20 0 0 24 1 0
fn=PyMethod_ClearFreeList
0 198 11 11 70 16 8 48 1 1
fn=PyModuleDef_Init
0 866 78 57 238 75 63 312 11 10
fn=PyModule_AddFunctions
0 828 38 28 216 13 0 216 0 0
fn=PyModule_AddIntConstant
0 60807 310 186 15547 168 56 8965 74 0
fn=PyModule_AddObject
0 4640 171 50 1280 50 0 960 6 0
fn=PyModule_AddStringConstant
0 57 6 6 15 0 0 15 0 0
fn=PyModule_Create2
0 468 72 63 180 7 0 144 1 0
fn=PyModule_ExecDef
0 657 76 61 247 44 0 173 8 0
fn=PyModule_FromDefAndSpec2
0 72 5 5 16 4 2 11 0 0
fn=PyModule_GetDef
0 1859 58 32 715 15 3 429 8 0
fn=PyModule_GetDict
0 1378 89 61 530 13 12 318 0 0
fn=PyModule_GetFilenameObject
0 25 2 2 6 0 0 3 0 0
fn=PyModule_GetName
0 476 34 27 136 0 0 136 3 0
fn=PyModule_GetNameObject
0 1750 206 108 560 28 0 280 14 0
fn=PyModule_GetState
0 54613 107 46 21005 71 11 12603 9 0
fn=PyModule_New
0 608 38 29 190 1 0 190 0 0
fn=PyModule_NewObject
0 1066 121 103 164 1 0 287 8 6
fn=PyModule_SetDocString
0 782 82 53 170 0 0 170 0 0
fn=PyNode_Free
0 108 14 7 27 0 0 27 0 0
fn=PyNode_New
0 289 11 7 51 0 0 153 5 0
fn=PyNumber_Add
0 73505 3362 251 32693 2013 35 21728 0 0
fn=PyNumber_AsOff_t
0 2953 327 285 1025 3 0 680 0 0
fn=PyNumber_AsSsize_t
0 34026 1111 411 14659 99 2 9120 65 1
fn=PyNumber_Check
0 1046 160 158 402 170 82 0 0 0
fn=PyNumber_InPlaceAdd
0 8746 942 329 3609 573 112 2168 0 0
fn=PyNumber_InPlaceOr
0 4198 209 62 1778 89 13 1200 1 0
fn=PyNumber_Index
0 5745 532 212 2298 20 1 1532 0 0
fn=PyNumber_Invert
0 1140 177 22 240 0 0 0 0 0
fn=PyNumber_Long
0 2640 207 13 1056 37 16 924 25 1
fn=PyNumber_Multiply
0 12101 895 125 5167 216 7 3096 0 0
fn=PyNumber_Negative
0 2882 344 38 882 66 1 342 0 0
fn=PyNumber_Subtract
0 27682 1987 72 12076 708 64 7856 3 0
fn=PyNumber_Xor
0 100 25 2 0 0 0 0 0 0
fn=PyOS_FSPath
0 621 78 1 233 1 0 77 0 0
fn=PyOS_getsig
0 642 2 1 190 0 0 128 0 0
fn=PyOS_setsig
0 72 5 5 16 0 0 20 0 0
fn=PyOS_snprintf
0 225 16 16 40 0 0 175 11 0
fn=PyOS_strtoul
0 33 3 3 6 2 2 1 0 0
fn=PyObject_Call
0 23967 2499 857 8732 495 33 5211 6 0
fn=PyObject_CallFinalizerFromDealloc
0 60 7 5 24 1 0 14 0 0
fn=PyObject_CallFunction
0 12623 1404 1047 3219 267 116 5129 171 1
fn=PyObject_CallFunctionObjArgs
0 41695 2185 192 8070 149 0 34970 1043 19
fn=PyObject_CallMethod
0 1876 160 37 360 4 3 1080 10 0
fn=PyObject_CallMethodObjArgs
0 76241 1886 917 24029 1994 1551 21649 272 2
fn=PyObject_CallObject
0 244 110 9 0 0 0 0 0 0
fn=PyObject_ClearWeakRefs
0 1824 57 18 912 59 29 456 3 0
fn=PyObject_DelItem
0 9782 928 439 2753 201 8 1332 0 0
fn=PyObject_Dir
0 61 8 7 16 5 0 10 0 0
fn=PyObject_Format
0 735 77 21 245 0 0 210 0 0
fn=PyObject_Free
0 265958 4071 582 72466 7136 1846 47248 488 282
fn=PyObject_GC_Del
0 140057 3745 472 31471 2349 486 14711 21 14
fn=PyObject_GC_Track
0 2170 305 74 620 12 0 620 5 0
fn=PyObject_GC_UnTrack
0 3796 300 62 1168 190 92 1168 112 49
fn=PyObject_GenericGetAttr
0 31315 2447 894 12245 1565 404 5374 189 3
fn=PyObject_GenericGetDict
0 1630 93 41 519 39 2 420 0 0
fn=PyObject_GenericSetAttr
0 676 338 0 0 0 0 0 0 0
fn=PyObject_GetAttr
0 2646225 29301 1354 993842 74333 11381 430777 2943 282
fn=PyObject_GetAttrString
0 6815 385 85 1645 188 11 1175 7 0
fn=PyObject_GetBuffer
0 630 87 72 270 160 66 0 0 0
fn=PyObject_GetItem
0 165907 4890 223 61106 5667 658 34914 13 2
fn=PyObject_GetIter
0 73860 4985 180 26192 5074 663 11172 42 5
fn=PyObject_Hash
0 13730 1527 197 8238 427 27 5492 15 4
fn=PyObject_Init
0 510 60 32 150 29 22 150 0 0
fn=PyObject_InitVar
0 220 20 0 60 0 0 80 8 6
fn=PyObject_IsInstance
0 825 33 14 231 12 0 154 4 0
fn=PyObject_IsSubclass
0 6852 578 108 1837 72 2 1298 48 0
fn=PyObject_IsTrue
0 234776 16151 418 46290 6424 628 13906 327 30
fn=PyObject_LengthHint
0 20811 1530 377 7509 1717 440 2819 31 10
fn=PyObject_Malloc
0 261568 10294 662 81922 8016 800 60881 1961 1352
fn=PyObject_Realloc
0 6734 755 497 2071 403 101 1131 3 3
fn=PyObject_Repr
0 726 50 39 286 30 2 110 0 0
fn=PyObject_RichCompare
0 631007 26241 959 232760 2682 541 150900 348 91
fn=PyObject_RichCompareBool
0 15908 771 163 4794 33 10 3059 7 0
fn=PyObject_SelfIter
0 2496 558 187 624 0 0 624 0 0
fn=PyObject_SetAttr
0 1708756 42914 3912 565407 29468 6107 242866 1455 299
fn=PyObject_SetAttrString
0 891 27 6 264 17 1 198 0 0
fn=PyObject_SetItem
0 34504 1866 253 12712 1308 149 7264 9 0
fn=PyObject_Size
0 378 42 22 126 0 0 0 0 0
fn=PyObject_Str
0 2520 138 45 875 41 5 315 0 0
fn=PyObject_Type
0 66 18 14 22 0 0 11 0 0
fn=PyObject_stgdict
0 195 13 4 84 31 13 0 0 0
fn=PyParser_ASTFromFileObject
0 54 6 4 10 3 0 10 0 0
fn=PyParser_ASTFromStringObject
0 416 38 28 88 15 8 80 0 0
fn=PyParser_Delete
0 99 1 0 36 0 0 27 0 0
fn=PyParser_New
0 299 28 26 72 10 9 117 7 7
fn=PyParser_ParseFileObject
0 57 4 4 16 0 0 18 0 0
fn=PyParser_ParseStringObject
0 440 32 24 112 7 5 128 0 0
fn=PyPreConfig_InitPythonConfig
0 24 2 1 6 2 1 10 0 0
fn=PyRun_AnyFileExFlags
0 21 2 2 6 0 0 6 0 0
fn=PyRun_SimpleFileExFlags
0 133 11 11 18 2 2 17 0 0
fn=PyRun_StringFlags
0 352 40 20 72 10 8 72 0 0
fn=PyST_GetScope
0 9 1 1 3 1 0 2 0 0
fn=PySeqIter_New
0 3472 197 13 868 0 0 1240 23 0
fn=PySequence_Check
0 1116 248 27 496 0 0 0 0 0
fn=PySequence_DelItem
0 170 20 18 70 20 11 40 0 0
fn=PySequence_Fast
0 170 17 12 49 0 0 41 0 0
fn=PySequence_GetItem
0 270 16 4 120 1 0 75 0 0
fn=PySequence_List
0 45534 2907 633 11651 1081 29 9793 387 112
fn=PySequence_Size
0 44 6 6 20 4 2 8 0 0
fn=PySequence_Tuple
0 30822 3005 283 9587 620 4 8549 2 0
fn=PySet_Add
0 19909 816 188 6415 294 38 4783 0 0
fn=PySet_Clear
0 299 23 11 92 17 1 69 0 0
fn=PySet_Contains
0 4958 251 79 1877 98 11 1148 0 0
fn=PySet_Discard
0 73 7 7 17 0 0 12 1 1
fn=PySet_Fini
0 5 2 2 1 1 0 0 0 0
fn=PySet_New
0 28306 685 291 8108 586 121 7581 195 138
fn=PySet_Size
0 288 32 9 112 0 0 80 0 0
fn=PySlice_AdjustIndices
0 17631 1367 323 2218 0 0 688 0 0
fn=PySlice_Fini
0 5 0 0 1 1 1 1 0 0
fn=PySlice_New
0 53290 2160 378 14893 1356 194 19856 742 107
fn=PySlice_Unpack
0 56466 4198 995 22379 601 31 13739 16 1
fn=PyState_FindModule
0 86006 108 8 32764 271 11 0 0 0
fn=PyStaticMethod_New
0 432 54 38 108 0 0 135 0 0
fn=PyStructSequence_InitType2
0 1563 88 33 306 84 51 247 56 56
fn=PyStructSequence_New
0 84758 7779 1479 25697 6284 1417 9319 1216 334
fn=PyStructSequence_NewType
0 1043 59 8 174 34 17 210 7 0
fn=PySymtable_BuildObject
0 1150 89 64 209 24 11 190 6 3
fn=PySymtable_Free
0 252 18 18 81 21 1 54 0 0
fn=PySymtable_Lookup
0 494 29 18 133 10 2 114 0 0
fn=PySys_Audit
0 146376 3163 442 44719 5211 239 81334 958 55
fn=PySys_GetObject
0 50565 1447 1147 15964 1456 765 6137 27 13
fn=PySys_SetObject
0 90 8 4 36 6 0 18 0 0
fn=PyThreadState_Clear
0 50 4 4 21 6 6 10 0 0
fn=PyThreadState_Get
0 5 2 1 1 0 0 0 0 0
fn=PyThreadState_GetDict
0 195 16 16 80 8 0 49 0 0
fn=PyThreadState_New
0 2 1 1 0 0 0 0 0 0
fn=PyThreadState_Swap
0 12 2 2 2 2 0 2 0 0
fn=PyThread_GetInfo
0 47 5 4 5 1 1 7 0 0
fn=PyThread_acquire_lock
0 4796 465 249 1016 0 0 1016 8 0
fn=PyThread_allocate_lock
0 2028 180 171 552 92 1 277 0 0
fn=PyThread_free_lock
0 1440 89 84 450 16 3 270 0 0
fn=PyThread_get_thread_ident
0 2480 86 80 992 34 1 744 0 0
fn=PyThread_get_thread_native_id
0 10 2 2 3 0 0 2 0 0
fn=PyThread_init_thread
0 8 2 2 2 1 0 0 0 0
fn=PyThread_release_lock
0 1524 88 82 508 0 0 508 0 0
fn=PyThread_tss_create
0 15 1 1 4 0 0 4 0 0
fn=PyThread_tss_delete
0 12 1 1 5 1 1 4 0 0
fn=PyThread_tss_get
0 2 1 1 1 0 0 0 0 0
fn=PyThread_tss_set
0 8 0 0 3 0 0 2 0 0
fn=PyToken_TwoChars
0 2142 52 46 0 0 0 0 0 0
fn=PyTokenizer_Free
0 228 18 16 91 10 0 36 0 0
fn=PyTokenizer_FromFile
0 28 3 3 7 0 0 14 0 0
fn=PyTokenizer_FromUTF8
0 304 24 22 56 8 6 120 0 0
fn=PyTraceBack_Here
0 94741 4158 1437 30569 3158 938 18244 424 79
fn=PyTuple_ClearFreeList
0 263330 41 41 66231 14753 12521 33669 276 118
fn=PyTuple_Fini
0 9 1 1 2 2 1 2 0 0
fn=PyTuple_GetItem
0 208 32 6 96 6 0 32 0 0
fn=PyTuple_GetSlice
0 882 84 33 126 0 0 0 0 0
fn=PyTuple_New
0 781628 21497 500 205668 18704 2504 197494 3650 1671
fn=PyTuple_Pack
0 85917 6735 1112 19979 1269 201 29515 169 10
fn=PyTuple_Size
0 100 8 5 60 0 0 0 0 0
fn=PyType_ClearCache
0 51041 3 3 9445 2505 2306 16391 514 513
fn=PyType_FromSpecWithBases
0 2182 64 11 486 18 1 231 0 0
fn=PyType_GenericAlloc
0 402283 11416 1270 122224 6437 854 100772 2651 2338
fn=PyType_GenericNew
0 168363 10903 1108 49211 3768 462 37736 1024 837
fn=PyType_IsSubtype
0 23612 2057 510 5325 708 106 0 0 0
fn=PyType_Modified
0 324 208 39 108 2 1 0 0 0
fn=PyType_Ready
0 1846977 40577 8362 572582 64755 10813 50636 146 2
fn=PyType_stgdict
0 7201 449 34 3272 1183 403 0 0 0
fn=PyUnicode_Append
0 151 20 20 57 2 0 26 0 0
fn=PyUnicode_AppendAndDel
0 26 4 4 8 0 0 8 0 0
fn=PyUnicode_AsASCIIString
0 1626 123 16 447 48 6 337 9 5
fn=PyUnicode_AsEncodedString
0 14307 606 448 3307 445 14 1248 5 0
fn=PyUnicode_AsUTF8
0 556 206 45 0 0 0 0 0 0
fn=PyUnicode_AsUTF8AndSize
0 28485 2191 349 11833 385 159 7673 159 3
fn=PyUnicode_AsWideCharString
0 1028 90 13 330 6 0 238 16 6
fn=PyUnicode_Compare
0 13110 522 175 5670 76 0 1890 0 0
fn=PyUnicode_CompareWithASCIIString
0 33 3 3 10 0 0 8 0 0
fn=PyUnicode_Concat
0 513 36 13 135 22 0 63 0 0
fn=PyUnicode_Contains
0 111541 4101 202 33142 976 42 14031 0 0
fn=PyUnicode_Decode
0 1238 45 45 256 26 12 118 1 0
fn=PyUnicode_DecodeASCII
0 2697 20 20 550 1 1 817 3 1
fn=PyUnicode_DecodeFSDefault
0 70 3 3 21 0 0 21 0 0
fn=PyUnicode_DecodeFSDefaultAndSize
0 96 7 7 41 6 5 5 0 0
fn=PyUnicode_DecodeLocale
0 630 70 26 175 0 0 175 0 0
fn=PyUnicode_DecodeUTF8
0 8 4 4 0 0 0 0 0 0
fn=PyUnicode_DecodeUTF8Stateful
0 3 3 3 0 0 0 0 0 0
fn=PyUnicode_EncodeFSDefault
0 32 4 4 16 3 0 0 0 0
fn=PyUnicode_FSConverter
0 3499 322 303 1296 82 1 648 0 0
fn=PyUnicode_FindChar
0 25645 2615 418 4706 0 0 3126 414 56
fn=PyUnicode_Format
0 6541 118 72 1449 4 2 1172 5 0
fn=PyUnicode_FromEncodedObject
0 20 3 3 7 0 0 4 0 0
fn=PyUnicode_FromFormat
0 754 50 14 156 0 0 676 3 1
fn=PyUnicode_FromFormatV
0 1142992 26583 5112 290566 6562 581 89103 2626 444
fn=PyUnicode_FromKindAndData
0 2362 100 2 296 0 0 296 0 0
fn=PyUnicode_FromString
0 9120 880 200 2280 0 0 2280 17 1
fn=PyUnicode_FromStringAndSize
0 580 116 12 0 0 0 0 0 0
fn=PyUnicode_FromWideChar
0 12421 464 186 2326 0 0 871 1 0
fn=PyUnicode_GetLength
0 117 12 8 63 4 1 27 0 0
fn=PyUnicode_InternFromString
0 45566 639 124 10894 657 98 5707 0 0
fn=PyUnicode_InternInPlace
0 591309 2505 569 196738 10377 5618 108733 331 9
fn=PyUnicode_IsIdentifier
0 13746 110 67 3509 171 108 261 0 0
fn=PyUnicode_New
0 180782 4371 1264 46296 2188 80 48796 2068 959
fn=PyUnicode_Partition
0 6178 496 23 1685 68 2 1266 16 0
fn=PyUnicode_RichCompare
0 490401 7347 646 158508 6714 1235 54292 80 35
fn=PyUnicode_Splitlines
0 25855 10 10 8659 66 4 61 0 0
fn=PyUnicode_Substring
0 31385 1527 516 7468 107 32 4486 13 13
fn=PyUnicode_Tailmatch
0 27 2 2 7 0 0 7 0 0
fn=PyVectorcall_Call
0 6888 652 369 2788 346 185 1640 80 8
fn=PyWeakref_GetObject
0 493 27 12 203 12 1 116 0 0
fn=PyWeakref_NewRef
0 119156 6497 1093 36044 3210 357 32583 1162 839
fn=PyWideStringList_Append
0 21 1 1 9 0 0 6 0 0
fn=PyWideStringList_Insert
0 123 3 3 36 0 0 48 0 0
fn=Py_BuildValue
0 1440 144 55 288 0 0 1248 0 0
fn=Py_BytesMain
0 11 2 2 2 1 1 6 0 0
fn=Py_DecodeLocale
0 176 8 4 44 0 0 33 0 0
fn=Py_FdIsInteractive
0 13 1 1 4 1 1 3 0 0
fn=Py_FinalizeEx
0 87 11 9 15 6 5 10 1 0
fn=Py_GetBuildInfo
0 24 2 2 3 0 0 3 0 0
fn=Py_GetVersion
0 21 2 2 3 0 0 3 0 0
fn=Py_InitializeFromConfig
0 187 24 16 38 2 0 27 5 5
fn=Py_MakePendingCalls
0 8 2 2 2 0 0 2 0 0
fn=Py_ReprEnter
0 230 25 20 57 0 0 49 0 0
fn=Py_ReprLeave
0 272 24 22 88 0 0 24 0 0
fn=Py_RunMain
0 162 18 15 39 13 9 19 1 0
fn=Py_UniversalNewlineFgets
0 5999 17 10 1290 17 6 912 10 0
fn=SIDX_Version
0 314 24 24 90 18 18 90 2 0
fn=_GLOBAL__sub_I_Ball.cc
0 15 1 1 4 0 0 3 0 0
fn=_GLOBAL__sub_I_BoundsQuery.cc
0 15 2 1 4 1 0 3 0 0
fn=_GLOBAL__sub_I_Buffer.cc
0 15 1 1 4 0 0 3 0 0
fn=_GLOBAL__sub_I_BulkLoader.cc
0 15 1 1 4 0 0 3 0 0
fn=_GLOBAL__sub_I_CountVisitor.cc
0 15 1 1 4 0 0 3 0 0
fn=_GLOBAL__sub_I_CustomStorage.cc
0 15 1 1 4 0 0 3 0 0
fn=_GLOBAL__sub_I_DataStream.cc
0 15 1 1 4 0 0 3 0 0
fn=_GLOBAL__sub_I_DiskStorageManager.cc
0 15 1 1 4 0 0 3 0 0
fn=_GLOBAL__sub_I_Error.cc
0 15 1 1 4 0 0 3 0 0
fn=_GLOBAL__sub_I_IdVisitor.cc
0 15 1 1 4 0 0 3 0 0
fn=_GLOBAL__sub_I_Index.cc
0 60 4 4 16 0 0 12 0 0
fn=_GLOBAL__sub_I_Leaf.cc
0 45 3 3 12 0 0 9 0 0
fn=_GLOBAL__sub_I_LeafQuery.cc
0 15 1 1 4 0 0 3 0 0
fn=_GLOBAL__sub_I_LineSegment.cc
0 15 1 1 4 0 0 3 0 0
fn=_GLOBAL__sub_I_MVRTree.cc
0 15 1 1 4 0 0 3 0 0
fn=_GLOBAL__sub_I_MemoryStorageManager.cc
0 15 1 1 4 0 0 3 0 0
fn=_GLOBAL__sub_I_MovingPoint.cc
0 15 1 1 4 0 0 3 0 0
fn=_GLOBAL__sub_I_MovingRegion.cc
0 15 1 1 4 0 0 3 0 0
fn=_GLOBAL__sub_I_Node.cc
0 45 3 3 12 0 0 9 0 0
fn=_GLOBAL__sub_I_ObjVisitor.cc
0 15 1 1 4 0 0 3 0 0
fn=_GLOBAL__sub_I_Point.cc
0 15 1 1 4 0 0 3 0 0
fn=_GLOBAL__sub_I_RTree.cc
0 15 1 1 4 0 0 3 0 0
fn=_GLOBAL__sub_I_RandomEvictionsBuffer.cc
0 15 1 1 4 0 0 3 0 0
fn=_GLOBAL__sub_I_Region.cc
0 15 1 1 4 0 0 3 0 0
fn=_GLOBAL__sub_I_SpatialIndexImpl.cc
0 15 1 1 4 0 0 3 0 0
fn=_GLOBAL__sub_I_Statistics.cc
0 45 3 3 12 0 0 9 0 0
fn=_GLOBAL__sub_I_TPRTree.cc
0 15 1 1 4 0 0 3 0 0
fn=_GLOBAL__sub_I_TimePoint.cc
0 15 1 1 4 0 0 3 0 0
fn=_GLOBAL__sub_I_TimeRegion.cc
0 15 1 1 4 0 0 3 0 0
fn=_GLOBAL__sub_I_Tools.cc
0 15 1 1 4 0 0 3 0 0
fn=_GLOBAL__sub_I_Utility.cc
0 15 1 1 4 0 0 3 0 0
fn=_GLOBAL__sub_I_sidx_api.cc
0 15 1 1 4 0 0 3 0 0
fn=_PyAST_GetDocString
0 603 30 11 203 31 2 0 0 0
fn=_PyAST_Optimize
0 99 18 17 36 0 0 18 0 0
fn=_PyArg_CheckPositional
0 39 6 4 6 0 0 6 0 0
fn=_PyArg_Fini
0 49 2 2 11 7 6 11 0 0
fn=_PyArg_ParseStack_SizeT
0 31 3 3 2 0 0 20 0 0
fn=_PyArg_ParseTupleAndKeywords_SizeT
0 16872 1426 320 2148 243 0 9975 468 8
fn=_PyArg_ParseTuple_SizeT
0 67456 1580 286 10540 1081 1 44268 1428 47
fn=_PyArg_UnpackKeywords
0 1536 105 94 439 17 12 329 3 0
fn=_PyArg_UnpackStack
0 153 12 8 24 0 0 69 0 0
fn=_PyArgv_AsWstrList
0 124 8 4 44 4 0 40 1 0
fn=_PyBuiltin_Init
0 267 21 18 12 3 0 9 1 0
fn=_PyBuiltins_AddExceptions
0 476 30 30 79 39 35 15 2 1
fn=_PyBytesWriter_Alloc
0 7 1 1 0 0 0 2 0 0
fn=_PyBytesWriter_Finish
0 367 49 7 122 0 0 73 0 0
fn=_PyBytesWriter_Init
0 4 1 1 0 0 0 5 0 0
fn=_PyBytesWriter_Prepare
0 485 48 6 121 0 0 97 0 0
fn=_PyBytesWriter_Resize
0 35 3 3 13 0 0 9 1 0
fn=_PyBytes_Resize
0 5007 429 319 1619 31 20 1382 2 2
fn=_PyCode_ConstantKey
0 300 13 3 60 1 0 50 0 0
fn=_PyCode_InitOpcache
0 676 8 8 104 0 0 21 0 0
fn=_PyCodecInfo_GetIncrementalDecoder
0 9 3 3 0 0 0 0 0 0
fn=_PyCodecInfo_GetIncrementalEncoder
0 6 2 0 0 0 0 0 0 0
fn=_PyCodec_Lookup
0 1659 104 67 474 91 32 232 1 1
fn=_PyCodec_LookupTextEncoding
0 175 20 12 40 0 0 30 1 0
fn=_PyConfig_Copy
0 372 24 12 116 1 0 52 1 0
fn=_PyConfig_InitCompatConfig
0 78 2 1 15 2 1 33 0 0
fn=_PyConfig_InitPathConfig
0 199 11 10 45 2 0 39 3 0
fn=_PyConfig_SetPyArgv
0 19 2 2 6 0 0 5 0 0
fn=_PyConfig_Write
0 188 7 7 44 1 0 42 5 2
fn=_PyConfig_WritePathConfig
0 8 1 1 2 0 0 2 0 0
fn=_PyContext_Fini
0 14 2 2 4 2 1 4 0 0
fn=_PyContext_Init
0 39 7 4 6 2 0 5 1 0
fn=_PyDictView_New
0 232 13 10 72 0 0 72 0 0
fn=_PyDict_DelItemId
0 660 55 22 165 0 0 165 0 0
fn=_PyDict_DelItem_KnownHash
0 475676 6456 1214 131913 2470 57 86266 81 8
fn=_PyDict_FromKeys
0 3464 216 58 780 0 0 356 0 0
fn=_PyDict_GetItemId
0 995 154 82 419 80 43 340 10 2
fn=_PyDict_GetItemIdWithError
0 242409 7644 300 104550 17441 1726 35936 723 36
fn=_PyDict_GetItemStringWithError
0 216 8 4 63 6 0 45 0 0
fn=_PyDict_GetItem_KnownHash
0 280 35 4 140 32 5 40 0 0
fn=_PyDict_LoadGlobal
0 3328095 41189 404 1022913 107497 16305 586310 8128 690
fn=_PyDict_NewPresized
0 20882 1259 288 5386 808 5 7126 201 16
fn=_PyDict_Next
0 2217 32 28 614 17 0 228 0 0
fn=_PyDict_SetItemId
0 110026 4321 1660 37385 1627 611 21978 186 75
fn=_PyDict_SetItem_KnownHash
0 96 7 4 24 0 0 0 0 0
fn=_PyErr_ChainExceptions
0 567 81 78 162 0 0 405 0 0
fn=_PyErr_CheckSignals
0 6 1 1 1 0 0 0 0 0
fn=_PyErr_Clear
0 152 38 10 0 0 0 0 0 0
fn=_PyErr_ExceptionMatches
0 111 37 17 37 0 0 0 0 0
fn=_PyErr_Format
0 145 15 4 30 0 0 120 0 0
fn=_PyErr_GetTopmostException
0 26 6 6 7 2 0 0 0 0
fn=_PyErr_Init
0 18 3 2 4 2 1 7 2 1
fn=_PyErr_NormalizeException
0 14867 1226 642 6287 20 0 4661 4 0
fn=_PyErr_Restore
0 2762 314 105 1207 11 0 1148 4 0
fn=_PyErr_SetObject
0 39078 3820 747 15799 1934 540 9489 20 0
fn=_PyEval_EvalCodeWithName
0 1444277 72996 6154 484369 47644 12614 318069 11377 3643
fn=_PyEval_EvalFrameDefault
0 22140595 381503 22746 8461119 349101 61998 2674609 52716 7768
fn=_PyEval_FiniThreads
0 10 2 2 5 1 1 4 0 0
fn=_PyEval_GetBuiltinId
0 21 3 3 7 1 1 6 0 0
fn=_PyEval_Initialize
0 9 2 2 0 0 0 4 1 1
fn=_PyEval_SliceIndex
0 5844 385 36 2246 8 0 1350 0 0
fn=_PyExc_Fini
0 131 2 2 70 19 19 21 0 0
fn=_PyExc_Init
0 1236 101 61 305 123 94 127 6 0
fn=_PyFaulthandler_Fini
0 43 4 4 13 1 1 10 0 0
fn=_PyFaulthandler_Init
0 41 4 4 8 0 0 17 2 2
fn=_PyFloat_Init
0 37 4 3 6 1 1 8 1 1
fn=_PyFloat_Unpack8
0 480 15 12 150 19 10 90 0 0
fn=_PyFunction_Vectorcall
0 1557175 55080 2598 573574 54390 16019 476404 18935 7683
fn=_PyGC_CollectIfEnabled
0 1 1 1 0 0 0 0 0 0
fn=_PyGC_CollectNoFail
0 34 6 6 8 4 4 10 0 0
fn=_PyGC_DumpShutdownStats
0 14 2 2 7 2 2 4 0 0
fn=_PyGC_Fini
0 17 2 2 6 3 2 5 0 0
fn=_PyGC_Initialize
0 24 2 2 0 0 0 10 0 0
fn=_PyGILState_Fini
0 10 2 2 3 0 0 4 0 0
fn=_PyGILState_Init
0 17 1 1 5 0 0 6 0 0
fn=_PyGen_Finalize
0 3471 634 151 1777 9 2 1312 0 0
fn=_PyGen_yf
0 306 37 19 126 7 3 0 0 0
fn=_PyHamt_Fini
0 12 1 1 5 0 0 3 0 0
fn=_PyHamt_Init
0 34 9 3 4 1 0 4 0 0
fn=_PyIOBase_check_readable
0 1896 158 158 474 79 61 395 0 0
fn=_PyIOBase_check_seekable
0 72 9 3 18 2 0 15 0 0
fn=_PyIOBase_check_writable
0 48 4 2 12 2 0 10 0 0
fn=_PyIOBase_finalize
0 4536 163 143 2016 82 4 1176 18 0
fn=_PyIO_get_locale_module
0 19 5 5 5 1 1 5 1 0
fn=_PyIO_get_module_state
0 10 2 2 2 0 0 2 0 0
fn=_PyImportHooks_Init
0 51 4 4 8 0 0 12 0 0
fn=_PyImportZip_Init
0 48 5 5 10 2 1 13 4 4
fn=_PyImport_AddModuleObject
0 184 20 14 42 8 4 32 0 0
fn=_PyImport_FindExtensionObjectEx
0 1339 113 88 378 41 4 296 0 0
fn=_PyImport_FindSharedFuncptr
0 102 12 9 21 2 0 18 0 0
fn=_PyImport_Fini
0 20 2 2 6 4 3 6 0 0
fn=_PyImport_Fini2
0 16 1 1 4 1 1 4 0 0
fn=_PyImport_FixupBuiltin
0 50 6 3 12 2 0 12 0 0
fn=_PyImport_FixupExtensionObject
0 2267 180 146 499 46 3 356 8 0
fn=_PyImport_GetModuleId
0 6 1 1 2 0 0 2 0 0
fn=_PyImport_Init
0 14 2 2 5 3 0 9 3 1
fn=_PyImport_LoadDynamicModuleWithSpec
0 492 39 33 72 14 5 69 5 1
fn=_PyImport_SetModuleString
0 11 1 1 4 0 0 4 0 0
fn=_PyIncrementalNewlineDecoder_decode
0 39335 25 22 4333 43 2 4269 69 66
fn=_PyInterpreterState_Enable
0 12 2 2 4 0 0 8 1 0
fn=_PyInterpreterState_Get
0 580 97 75 232 15 4 116 0 0
fn=_PyLong_AsByteArray
0 218 21 21 10 0 0 14 0 0
fn=_PyLong_AsInt
0 15771 1169 312 5902 214 4 3240 12 0
fn=_PyLong_FromBytes
0 352 8 4 96 0 0 96 0 0
fn=_PyLong_FromNbIndexOrNbInt
0 2184 156 156 858 81 1 390 16 0
fn=_PyLong_FromNbInt
0 4070 261 154 1480 1 0 740 3 0
fn=_PyLong_FromUid
0 16 2 2 0 0 0 0 0 0
fn=_PyLong_Init
0 4267 8 7 541 134 132 1060 1 1
fn=_PyLong_New
0 99716 3105 832 28689 1063 42 23779 434 69
fn=_PyLong_NumBits
0 27 3 3 3 1 1 0 0 0
fn=_PyLong_Sign
0 532 76 10 76 0 0 0 0 0
fn=_PyMem_RawStrdup
0 115 6 3 35 1 0 25 0 0
fn=_PyMem_RawWcsdup
0 1404 16 8 364 3 0 260 0 0
fn=_PyMem_SetDefaultAllocator
0 51 6 4 0 0 0 0 0 0
fn=_PyModule_Clear
0 171 66 2 57 0 0 0 0 0
fn=_PyModule_ClearDict
0 441766 304 60 116201 10340 5764 21768 1 1
fn=_PyModule_CreateInitialized
0 1646 242 118 497 74 28 307 2 1
fn=_PyNamespace_New
0 20 2 2 5 0 0 4 0 0
fn=_PyNode_FinalizeEndPos
0 16497 21 18 6771 164 0 4770 140 0
fn=_PyOS_GetOpt
0 124 12 4 64 4 1 44 0 0
fn=_PyOS_ResetGetOpt
0 48 3 1 0 0 0 16 5 2
fn=_PyOS_URandomNonblock
0 3 1 1 0 0 0 0 0 0
fn=_PyObject_CallFunction_SizeT
0 15544 1345 795 3949 497 318 6720 48 2
fn=_PyObject_CallMethodId
0 19964 977 196 5851 506 114 8274 428 2
fn=_PyObject_CallMethodIdObjArgs
0 30521 2498 751 8532 1502 484 13436 36 16
fn=_PyObject_CallMethodId_SizeT
0 19734 1442 951 5477 859 435 7189 28 3
fn=_PyObject_Call_Prepend
0 1404 138 52 429 20 1 429 1 0
fn=_PyObject_FastCallDict
0 17630 1958 274 6972 608 27 3368 1 0
fn=_PyObject_FastCall_Prepend
0 540 60 40 120 12 0 140 1 0
fn=_PyObject_GC_New
0 312919 10195 783 95106 8737 596 79630 4143 2738
fn=_PyObject_GC_NewVar
0 75333 4723 1039 21976 3805 842 19050 1396 1159
fn=_PyObject_GC_Resize
0 13586 871 295 3390 468 127 1661 10 0
fn=_PyObject_GenericGetAttrWithDict
0 71978 4273 940 26547 2789 1126 10662 166 2
fn=_PyObject_GenericSetAttrWithDict
0 103558 8292 619 34855 2166 267 16499 180 11
fn=_PyObject_GetAttrId
0 28956 3055 668 11771 1966 408 5971 54 2
fn=_PyObject_GetDictPtr
0 434 36 11 124 0 0 0 0 0
fn=_PyObject_GetMethod
0 1123408 33919 1154 457785 57018 7929 224203 1758 102
fn=_PyObject_HasLen
0 7 1 1 3 0 0 0 0 0
fn=_PyObject_IsAbstract
0 3561 157 42 1205 0 0 1000 0 0
fn=_PyObject_LookupAttr
0 39720 2020 1141 15177 1346 854 7569 152 53
fn=_PyObject_LookupAttrId
0 61347 4132 641 24620 3014 541 14796 283 114
fn=_PyObject_LookupSpecial
0 291636 7154 830 113904 15382 3406 42353 131 24
fn=_PyObject_MakeTpCall
0 925473 43544 1304 293128 15332 677 203845 1274 39
fn=_PyObject_New
0 6517 419 116 2216 167 47 1651 34 25
fn=_PyObject_SetAttrId
0 32382 2296 1211 11176 1399 523 5935 21 14
fn=_PyPathConfig_Calculate
0 76 6 5 15 0 0 29 0 0
fn=_PyPathConfig_ClearGlobal
0 13 2 2 2 0 0 2 0 0
fn=_PyPathConfig_ComputeSysPath0
0 59 6 5 8 2 2 7 3 2
fn=_PyPreCmdline_Clear
0 9 2 1 3 0 0 3 0 0
fn=_PyPreCmdline_Read
0 169 16 6 53 0 0 50 1 0
fn=_PyPreCmdline_SetConfig
0 23 1 1 8 0 0 11 0 0
fn=_PyPreConfig_GetConfig
0 16 1 1 4 0 0 3 0 0
fn=_PyPreConfig_InitCompatConfig
0 48 1 1 12 10 2 18 2 0
fn=_PyPreConfig_InitFromPreConfig
0 88 7 1 28 0 0 60 0 0
fn=_PyPreConfig_Read
0 242 20 14 65 3 1 57 0 0
fn=_PyPreConfig_Write
0 49 8 4 16 0 0 14 3 2
fn=_PyRuntimeState_Fini
0 38 2 2 10 1 1 8 0 0
fn=_PyRuntimeState_Init
0 54 4 4 10 2 1 23 4 0
fn=_PyRuntime_Finalize
0 9 1 1 2 0 0 3 0 0
fn=_PyRuntime_Initialize
0 20 1 1 4 1 1 7 0 0
fn=_PySequence_BytesToCharpArray
0 278 5 5 42 0 0 36 0 0
fn=_PySet_NextEntry
0 2514 64 17 607 8 1 373 0 0
fn=_PySignal_Init
0 20 3 3 3 0 0 3 0 0
fn=_PySlice_GetLongIndices
0 5328 370 91 1406 0 0 1406 0 0
fn=_PyStack_AsDict
0 27327 2553 1297 8668 1044 308 5848 111 18
fn=_PyStack_UnpackDict
0 27124 1935 905 7959 117 1 6020 51 3
fn=_PyState_AddModule
0 1532 114 98 649 62 29 267 0 0
fn=_PyState_ClearModules
0 900 4 4 272 124 89 68 0 0
fn=_PyStructSequence_Init
0 18 2 2 3 0 0 3 0 0
fn=_PySys_ClearAuditHooks
0 26 2 2 7 2 1 4 0 0
fn=_PySys_Create
0 1481 45 39 236 28 20 126 6 4
fn=_PySys_GetObjectId
0 64 5 3 24 6 3 0 0 0
fn=_PySys_InitMain
0 229 16 16 36 4 2 27 2 0
fn=_PySys_ReadPreinitWarnOptions
0 17 2 2 6 1 1 9 1 0
fn=_PySys_ReadPreinitXOptions
0 18 2 2 6 0 0 9 0 0
fn=_PySys_SetObjectId
0 45 6 2 18 0 0 9 0 0
fn=_PySys_SetPreliminaryStderr
0 34 3 3 7 1 0 10 1 1
fn=_PyThread_cond_init
0 6 1 1 2 1 0 0 0 0
fn=_PyTime_AsSecondsDouble
0 26 2 2 2 0 0 2 0 0
fn=_PyTime_Init
0 19 2 2 2 0 0 2 0 0
fn=_PyTime_localtime
0 32 4 2 6 0 0 10 1 1
fn=_PyTraceMalloc_Init
0 2 1 1 0 0 0 0 0 0
fn=_PyTuple_FromArray
0 2153 230 80 615 42 2 604 0 0
fn=_PyTuple_Resize
0 11682 351 53 3036 3 0 1908 0 0
fn=_PyType_CalculateMetaclass
0 7441 662 159 2148 124 13 0 0 0
fn=_PyType_Fini
0 1025 3 3 280 162 148 188 1 1
fn=_PyType_GetDocFromInternalDoc
0 88 11 2 33 0 0 22 0 0
fn=_PyType_Lookup
0 63 6 6 20 0 0 12 1 1
fn=_PyType_Name
0 286 3 3 88 0 0 66 2 0
fn=_PyTypes_Init
0 273 77 18 3 1 1 7 2 2
fn=_PyUnicodeWriter_Finish
0 1156 75 52 455 0 0 270 0 0
fn=_PyUnicodeWriter_Init
0 56 8 8 0 0 0 64 0 0
fn=_PyUnicodeWriter_PrepareInternal
0 11365 657 408 3015 125 17 2596 109 49
fn=_PyUnicodeWriter_WriteStr
0 985 70 43 295 3 1 120 1 0
fn=_PyUnicode_AsASCIIString
0 51 6 6 24 0 0 9 0 0
fn=_PyUnicode_ClearStaticStrings
0 1905 2 2 512 254 180 512 1 0
fn=_PyUnicode_EqualToASCIIId
0 2171 99 46 703 26 15 472 0 0
fn=_PyUnicode_EqualToASCIIString
0 3016 108 53 1152 14 5 864 16 3
fn=_PyUnicode_FindMaxChar
0 110 20 10 20 0 0 0 0 0
fn=_PyUnicode_Fini
0 1317 8 8 371 122 116 217 0 0
fn=_PyUnicode_FormatAdvancedWriter
0 320 30 22 100 0 0 80 0 0
fn=_PyUnicode_FromASCII
0 29560 1324 122 7243 294 28 7265 366 237
fn=_PyUnicode_FromId
0 1071 100 42 532 22 18 431 1 1
fn=_PyUnicode_Init
0 98 4 4 18 3 2 14 1 1
fn=_PyUnicode_InitEncodings
0 51 6 5 17 2 1 14 3 3
fn=_PyUnicode_IsAlpha
0 90 2 2 15 8 8 0 0 0
fn=_PyUnicode_IsDecimalDigit
0 36 2 2 6 0 0 0 0 0
fn=_PyUnicode_IsDigit
0 3474 197 6 579 376 8 0 0 0
fn=_PyUnicode_IsNumeric
0 18 1 1 3 0 0 0 0 0
fn=_PyUnicode_JoinArray
0 31172 517 160 7496 209 115 2324 0 0
fn=_PyUnicode_ToDecimalDigit
0 38 4 4 6 6 0 0 0 0
fn=_PyUnicode_XStrip
0 385 40 19 108 0 0 55 2 0
fn=_PyWarnings_Init
0 187 15 13 49 7 2 31 1 0
fn=_PyWideStringList_AsList
0 114 3 3 40 4 4 22 0 0
fn=_PyWideStringList_Clear
0 738 12 6 336 6 6 276 0 0
fn=_PyWideStringList_Copy
0 419 10 3 147 4 0 123 0 0
fn=_PyWideStringList_Extend
0 34 2 2 14 0 0 20 0 0
fn=_Py_Assign
0 150 3 3 45 0 0 85 6 6
fn=_Py_Attribute
0 189 2 2 63 0 0 91 5 5
fn=_Py_BuildValue_SizeT
0 150 15 11 30 0 0 130 1 0
fn=_Py_Call
0 330 31 22 99 0 0 187 13 10
fn=_Py_CheckFunctionResult
0 35430 4041 205 11810 0 0 7086 27 0
fn=_Py_ClassDef
0 34 3 3 12 0 0 20 1 1
fn=_Py_ClearArgcArgv
0 14 1 1 2 0 0 2 0 0
fn=_Py_ClearFileSystemEncoding
0 36 4 4 14 2 2 8 0 0
fn=_Py_ClearStandardStreamEncoding
0 36 4 4 10 3 3 6 0 0
fn=_Py_CoerceLegacyLocale
0 126 9 5 20 3 1 18 1 0
fn=_Py_Constant
0 72 5 3 27 0 0 36 1 1
fn=_Py_Dealloc
0 26668 1886 133 13334 2017 208 0 0 0
fn=_Py_DecodeLocaleEx
0 308 18 8 113 0 0 99 0 0
fn=_Py_DecodeUTF8Ex
0 18860 33 25 5054 0 0 5729 0 0
fn=_Py_Dict
0 25 2 2 8 0 0 15 1 1
fn=_Py_EncodeLocaleEx
0 112 28 8 0 0 0 0 0 0
fn=_Py_EncodeLocaleRaw
0 22 0 0 0 0 0 0 0 0
fn=_Py_EncodeUTF8Ex
0 12959 376 90 1905 0 0 2005 26 22
fn=_Py_Expr
0 28 2 2 7 0 0 10 1 1
fn=_Py_FinishPendingCalls
0 21 2 2 10 0 0 7 0 0
fn=_Py_FreeCharPArray
0 48 2 2 18 2 0 8 0 0
fn=_Py_FunctionDef
0 324 27 23 117 0 0 189 12 9
fn=_Py_GetEnv
0 72 3 2 16 0 0 16 0 0
fn=_Py_GetErrorHandler
0 665 70 26 105 0 0 105 0 0
fn=_Py_HashPointer
0 3080 392 59 0 0 0 0 0 0
fn=_Py_HashRandomization_Fini
0 9 1 1 4 1 1 3 0 0
fn=_Py_HashRandomization_Init
0 24 2 2 6 0 0 9 0 0
fn=_Py_ImportFrom
0 29 2 2 9 0 0 17 1 1
fn=_Py_LegacyLocaleDetected
0 19 2 2 2 0 0 2 0 0
fn=_Py_Mangle
0 2666 94 59 952 4 0 505 0 0
fn=_Py_Module
0 135 9 9 36 0 0 63 4 3
fn=_Py_Name
0 31 3 3 8 0 0 12 1 1
fn=_Py_PreInitializeFromConfig
0 924 4 2 352 2 0 440 0 0
fn=_Py_PreInitializeFromPyArgv
0 46 5 4 13 2 1 13 2 0
fn=_Py_Return
0 208 24 24 56 0 0 80 12 9
fn=_Py_SetFileSystemEncoding
0 22 2 2 4 0 0 8 0 0
fn=_Py_SetLocaleFromEnv
0 20 4 2 4 0 0 6 1 1
fn=_Py_SourceAsString
0 216 24 24 80 0 0 64 0 0
fn=_Py_Tuple
0 240 24 24 64 0 0 96 5 5
fn=_Py_alias
0 28 2 2 8 0 0 12 1 1
fn=_Py_arg
0 1204 18 18 387 0 0 688 28 27
fn=_Py_arguments
0 243 27 25 81 0 0 144 5 5
fn=_Py_asdl_seq_new
0 2480 45 37 800 20 1 568 5 0
fn=_Py_bytes_endswith
0 30 0 0 0 0 0 0 0 0
fn=_Py_bytes_rfind
0 22 4 4 4 0 0 4 0 0
fn=_Py_bytes_startswith
0 30 12 2 0 0 0 0 0 0
fn=_Py_convert_optional_to_ssize_t
0 24 3 3 8 2 2 5 0 0
fn=_Py_device_encoding
0 11 2 2 3 0 0 3 0 0
fn=_Py_fstat_noraise
0 644 161 78 0 0 0 0 0 0
fn=_Py_get_env_flag
0 77 2 2 21 0 0 21 0 0
fn=_Py_get_xoption
0 144 4 2 72 0 0 64 0 0
fn=_Py_keyword
0 28 1 1 8 0 0 12 0 0
fn=_Py_normalize_encoding
0 276 3 3 41 6 6 15 0 0
fn=_Py_read
0 15484 560 546 3950 3 0 3476 2 0
fn=_Py_set_inheritable
0 237 78 78 0 0 0 0 0 0
fn=_Py_wfopen
0 117 7 7 12 0 0 12 0 0
fn=_Py_wreadlink
0 106 7 7 20 1 0 19 3 3
fn=_Py_wrealpath
0 42 3 3 7 0 0 6 0 0
fn=__aarch64_cas4_acq
0 75428 967 155 13715 682 28 6859 0 0
fn=__aarch64_cas4_rel
0 1265 41 14 230 0 0 115 0 0
fn=__aarch64_cas8_acq
0 11773 885 124 2141 509 85 1073 0 0
fn=__aarch64_cas8_rel
0 11703 872 100 2128 386 1 1065 0 0
fn=__aarch64_ldadd4_acq
0 1080 72 29 216 3 3 108 0 0
fn=__aarch64_ldadd4_acq_rel
0 40 4 4 8 2 1 4 0 0
fn=__aarch64_ldadd8_acq
0 30 4 4 6 1 1 3 0 0
fn=__aarch64_ldset4_acq
0 100 3 1 20 3 0 10 0 0
fn=__aarch64_swp4_rel
0 61614 1701 328 13692 9 0 6846 0 0
fn=__aarch64_swp4_relax
0 99 5 2 22 0 0 11 0 0
fn=__aarch64_swp8_acq
0 3870 43 35 860 44 37 430 0 0
fn=__cxa_guard_acquire
0 19 2 2 6 1 1 4 0 0
fn=__cxa_guard_release
0 14 2 2 4 0 0 3 0 0
fn=__cxxabiv1::__si_class_type_info::__do_dyncast(long, __cxxabiv1::__class_type_info::__sub_kind, __cxxabiv1::__class_type_info const*, void const*, __cxxabiv1::__class_type_info const*, void const*, __cxxabiv1::__class_type_info::__dyncast_result&) const
0 1848 9 9 784 0 0 840 0 0
fn=__cxxabiv1::__vmi_class_type_info::__do_dyncast(long, __cxxabiv1::__class_type_info::__sub_kind, __cxxabiv1::__class_type_info const*, void const*, __cxxabiv1::__class_type_info const*, void const*, __cxxabiv1::__class_type_info::__dyncast_result&) const
0 1040 18 13 400 6 6 304 5 0
fn=__dynamic_cast
0 3672 15 11 1440 30 23 720 0 0
fn=__gnu_cxx::stdio_sync_filebuf<char, std::char_traits<char> >::sync()
0 6 1 1 3 2 2 0 0 0
fn=__gnu_cxx::stdio_sync_filebuf<wchar_t, std::char_traits<wchar_t> >::sync()
0 6 0 0 3 1 1 0 0 0
fn=__libc_csu_init
0 31 3 3 9 1 0 8 0 0
fn=_ctypes_alloc_format_string
0 1194 114 18 235 0 0 235 0 0
fn=_ctypes_callproc
0 2047 160 67 395 36 9 264 12 1
fn=_ctypes_get_ffi_type
0 66 10 4 17 0 0 16 0 0
fn=_ctypes_get_fielddesc
0 4613 302 53 1190 655 147 176 0 0
fn=_ctypes_simple_instance
0 90 8 2 30 3 2 15 0 0
fn=bool std::has_facet<std::ctype<char> >(std::locale const&)
0 224 6 4 80 13 9 24 0 0
fn=bool std::has_facet<std::ctype<wchar_t> >(std::locale const&)
0 112 3 3 40 1 0 12 0 0
fn=bool std::has_facet<std::num_get<char, std::istreambuf_iterator<char, std::char_traits<char> > > >(std::locale const&)
0 224 6 6 80 2 1 24 0 0
fn=bool std::has_facet<std::num_get<wchar_t, std::istreambuf_iterator<wchar_t, std::char_traits<wchar_t> > > >(std::locale const&)
0 112 2 2 40 0 0 12 0 0
fn=bool std::has_facet<std::num_put<char, std::ostreambuf_iterator<char, std::char_traits<char> > > >(std::locale const&)
0 224 6 5 80 5 2 24 0 0
fn=bool std::has_facet<std::num_put<wchar_t, std::ostreambuf_iterator<wchar_t, std::char_traits<wchar_t> > > >(std::locale const&)
0 112 3 3 40 0 0 12 0 0
fn=call_weak_fn
0 4 1 1 1 1 1 0 0 0
fn=ffi_call
0 16 8 2 0 0 0 0 0 0
fn=ffi_prep_cif
0 48 8 2 0 0 0 0 0 0
fn=init_have_lse_atomics
0 36 4 3 8 0 0 12 2 1
fn=main
0 1 1 1 0 0 0 0 0 0
fn=operator delete(void*)
0 4 2 2 0 0 0 0 0 0
fn=operator new(unsigned long)
0 44 4 4 12 0 0 12 2 0
fn=std::_V2::error_category::~error_category()
0 3 0 0 0 0 0 0 0 0
fn=std::__cxx11::messages<char>::messages(unsigned long)
0 18 2 2 4 0 0 7 1 1
fn=std::__cxx11::messages<wchar_t>::messages(unsigned long)
0 18 2 2 4 0 0 7 0 0
fn=std::__cxx11::moneypunct<char, false>::_M_initialize_moneypunct(__locale_struct*, char const*)
0 114 5 5 35 1 1 29 0 0
fn=std::__cxx11::moneypunct<char, true>::_M_initialize_moneypunct(__locale_struct*, char const*)
0 115 4 4 35 0 0 29 0 0
fn=std::__cxx11::moneypunct<wchar_t, false>::_M_initialize_moneypunct(__locale_struct*, char const*)
0 106 4 4 28 1 0 29 0 0
fn=std::__cxx11::moneypunct<wchar_t, true>::_M_initialize_moneypunct(__locale_struct*, char const*)
0 105 6 6 28 0 0 29 0 0
fn=std::__cxx11::numpunct<char>::_M_initialize_numpunct(__locale_struct*)
0 475 7 7 136 3 3 75 0 0
fn=std::__cxx11::numpunct<wchar_t>::_M_initialize_numpunct(__locale_struct*)
0 348 4 4 72 0 0 74 3 3
fn=std::__timepunct<char>::_M_initialize_timepunct(__locale_struct*)
0 124 9 9 7 0 0 53 0 0
fn=std::__timepunct<char>::__timepunct(std::__timepunct_cache<char>*, unsigned long)
0 20 2 2 4 0 0 8 0 0
fn=std::__timepunct<wchar_t>::_M_initialize_timepunct(__locale_struct*)
0 124 9 9 7 0 0 53 0 0
fn=std::__timepunct<wchar_t>::__timepunct(std::__timepunct_cache<wchar_t>*, unsigned long)
0 20 2 2 4 1 0 8 0 0
fn=std::basic_ios<char, std::char_traits<char> >::_M_cache_locale(std::locale const&)
0 232 9 6 32 0 0 56 0 0
fn=std::basic_ios<char, std::char_traits<char> >::init(std::basic_streambuf<char, std::char_traits<char> >*)
0 144 6 4 32 0 0 72 0 0
fn=std::basic_ios<wchar_t, std::char_traits<wchar_t> >::_M_cache_locale(std::locale const&)
0 116 3 3 16 0 0 28 0 0
fn=std::basic_ios<wchar_t, std::char_traits<wchar_t> >::init(std::basic_streambuf<wchar_t, std::char_traits<wchar_t> >*)
0 76 2 2 16 0 0 40 0 0
fn=std::basic_ostream<char, std::char_traits<char> >& std::__ostream_insert<char, std::char_traits<char> >(std::basic_ostream<char, std::char_traits<char> >&, char const*, long)
0 122 12 12 60 2 2 28 0 0
fn=std::basic_ostream<wchar_t, std::char_traits<wchar_t> >::flush()
0 54 2 2 27 10 10 12 0 0
fn=std::basic_streambuf<char, std::char_traits<char> >::xsputn(char const*, long)
0 106 8 8 34 2 2 18 0 0
fn=std::basic_string<char, std::char_traits<char>, std::allocator<char> >::basic_string(std::allocator<char> const&)
0 48 2 2 12 0 0 16 0 0
fn=std::basic_stringbuf<char, std::char_traits<char>, std::allocator<char> >::_M_pbump(char*, char*, long)
0 18 4 4 0 0 0 6 0 0
fn=std::basic_stringbuf<char, std::char_traits<char>, std::allocator<char> >::_M_sync(char*, unsigned long, unsigned long)
0 46 6 6 16 0 0 14 0 0
fn=std::basic_stringbuf<char, std::char_traits<char>, std::allocator<char> >::overflow(int)
0 202 16 16 74 2 1 32 0 0
fn=std::codecvt<char, char, __mbstate_t>::codecvt(unsigned long)
0 16 1 1 5 0 0 7 1 1
fn=std::codecvt<wchar_t, char, __mbstate_t>::codecvt(unsigned long)
0 16 1 1 5 0 0 7 1 0
fn=std::ctype<char> const& std::use_facet<std::ctype<char> >(std::locale const&)
0 192 6 4 80 0 0 24 0 0
fn=std::ctype<char>::ctype(unsigned short const*, bool, unsigned long)
0 41 4 4 9 3 3 14 4 4
fn=std::ctype<wchar_t> const& std::use_facet<std::ctype<wchar_t> >(std::locale const&)
0 96 3 3 40 0 0 12 0 0
fn=std::ctype<wchar_t>::_M_convert_to_wmask(unsigned short) const
0 156 5 5 10 0 0 0 0 0
fn=std::ctype<wchar_t>::_M_initialize_ctype()
0 2715 5 5 9 0 0 417 20 20
fn=std::ctype<wchar_t>::ctype(unsigned long)
0 18 2 2 5 1 0 8 0 0
fn=std::error_category::error_category()
0 10 1 1 2 1 1 2 0 0
fn=std::error_category::~error_category()
0 2 1 1 0 0 0 0 0 0
fn=std::future_category()
0 24 3 3 5 1 1 4 0 0
fn=std::ios_base::Init::Init()
0 874 23 21 312 8 5 322 11 11
fn=std::ios_base::Init::~Init()
0 551 3 3 170 7 7 82 0 0
fn=std::ios_base::_M_call_callbacks(std::ios_base::event)
0 16 4 4 10 0 0 8 0 0
fn=std::ios_base::_M_dispose_callbacks()
0 24 4 4 14 0 0 14 0 0
fn=std::ios_base::_M_init()
0 372 6 4 108 2 2 96 0 0
fn=std::ios_base::ios_base()
0 490 6 4 10 2 1 260 32 30
fn=std::ios_base::~ios_base()
0 40 4 4 10 0 0 8 0 0
fn=std::locale::_Impl::_Impl(unsigned long)
0 681 43 43 98 25 18 283 40 37
fn=std::locale::_Impl::_M_install_facet(std::locale::id const*, std::locale::facet const*)
0 10528 8 8 2080 1 0 352 0 0
fn=std::locale::facet::_S_create_c_locale(__locale_struct*&, char const*, __locale_struct*)
0 11 1 1 3 0 0 4 1 1
fn=std::locale::facet::_S_get_c_locale()
0 210 2 2 98 1 1 28 0 0
fn=std::locale::facet::_S_get_c_name()
0 21 1 1 7 0 0 0 0 0
fn=std::locale::id::_M_id() const
0 1964 6 4 680 9 5 402 0 0
fn=std::locale::locale()
0 600 9 8 300 3 2 240 4 2
fn=std::locale::locale(std::locale::_Impl*)
0 2 1 1 0 0 0 1 0 0
fn=std::locale::operator=(std::locale const&)
0 264 9 6 120 0 0 72 0 0
fn=std::locale::~locale()
0 192 6 4 96 0 0 48 0 0
fn=std::messages<char>::messages(unsigned long)
0 18 2 2 4 0 0 7 1 1
fn=std::messages<wchar_t>::messages(unsigned long)
0 18 2 2 4 0 0 7 0 0
fn=std::moneypunct<char, false>::_M_initialize_moneypunct(__locale_struct*, char const*)
0 114 5 5 35 0 0 29 0 0
fn=std::moneypunct<char, true>::_M_initialize_moneypunct(__locale_struct*, char const*)
0 115 4 4 35 0 0 29 0 0
fn=std::moneypunct<wchar_t, false>::_M_initialize_moneypunct(__locale_struct*, char const*)
0 106 4 4 28 0 0 29 1 1
fn=std::moneypunct<wchar_t, true>::_M_initialize_moneypunct(__locale_struct*, char const*)
0 105 6 6 28 0 0 29 0 0
fn=std::num_get<char, std::istreambuf_iterator<char, std::char_traits<char> > > const& std::use_facet<std::num_get<char, std::istreambuf_iterator<char, std::char_traits<char> > > >(std::locale const&)
0 192 6 4 80 0 0 24 0 0
fn=std::num_get<wchar_t, std::istreambuf_iterator<wchar_t, std::char_traits<wchar_t> > > const& std::use_facet<std::num_get<wchar_t, std::istreambuf_iterator<wchar_t, std::char_traits<wchar_t> > > >(std::locale const&)
0 96 2 2 40 0 0 12 0 0
fn=std::num_put<char, std::ostreambuf_iterator<char, std::char_traits<char> > > const& std::use_facet<std::num_put<char, std::ostreambuf_iterator<char, std::char_traits<char> > > >(std::locale const&)
0 192 6 4 80 0 0 24 0 0
fn=std::num_put<wchar_t, std::ostreambuf_iterator<wchar_t, std::char_traits<wchar_t> > > const& std::use_facet<std::num_put<wchar_t, std::ostreambuf_iterator<wchar_t, std::char_traits<wchar_t> > > >(std::locale const&)
0 96 2 2 40 0 0 12 0 0
fn=std::numpunct<char>::_M_initialize_numpunct(__locale_struct*)
0 475 5 5 136 0 0 75 1 0
fn=std::numpunct<wchar_t>::_M_initialize_numpunct(__locale_struct*)
0 348 5 5 72 0 0 74 0 0
fn=std::ostream::flush()
0 54 2 2 27 10 10 12 0 0
fn=std::ostream::sentry::sentry(std::ostream&)
0 36 6 6 16 0 0 14 0 0
fn=std::string::_M_mutate(unsigned long, unsigned long, unsigned long)
0 118 12 12 44 0 0 32 0 0
fn=std::string::_M_replace_safe(unsigned long, unsigned long, char const*, unsigned long)
0 46 4 4 14 0 0 12 0 0
fn=std::string::_Rep::_M_clone(std::allocator<char> const&, unsigned long)
0 52 6 6 16 0 0 14 2 1
fn=std::string::_Rep::_M_destroy(std::allocator<char> const&)
0 4 0 0 0 0 0 0 0 0
fn=std::string::_Rep::_S_create(unsigned long, unsigned long, std::allocator<char> const&)
0 100 4 4 12 0 0 20 0 0
fn=std::string::_S_construct(unsigned long, char, std::allocator<char> const&)
0 24 4 4 4 0 0 0 0 0
fn=std::string::replace(unsigned long, unsigned long, char const*, unsigned long)
0 80 6 6 26 0 0 14 0 0
fn=std::string::reserve(unsigned long)
0 84 6 6 32 0 0 16 0 0
fn=std::string::swap(std::string&)
0 22 2 2 8 0 0 4 0 0
fn=zlibVersion
0 3 1 1 0 0 0 0 0 0
summary: 158031050 2735270 370965 48724071 3486153 1148195 24592297 430351 168262
