desc: I1 cache:         16384 B, 64 B, 4-way associative
desc: D1 cache:         16384 B, 64 B, 4-way associative
desc: LL cache:         262144 B, 64 B, 8-way associative
cmd: python3 rrt_star_3d_with_random_obstacles.py
events: Ir I1mr ILmr Dr D1mr DLmr Dw D1mw DLmw 
fl=/build/glibc-FcXrgv/glibc-2.31/csu/../csu/libc-start.c
fn=(below main)
137 12 1 1 0 0 0 12 0 0
141 5 0 0 1 0 0 1 0 0
237 1 0 0 0 0 0 0 0 0
238 3 1 1 0 0 0 0 0 0
260 5 0 0 2 0 0 0 0 0
263 1 0 0 0 0 0 0 0 0
264 6 0 0 4 0 0 0 0 0
268 4 1 1 2 0 0 0 0 0
283 1 0 0 0 0 0 0 0 0
295 2 0 0 0 0 0 0 0 0
296 1 0 0 0 0 0 0 0 0
298 1 0 0 0 0 0 0 0 0
301 2 0 0 1 1 0 0 0 0
302 2 0 0 1 1 0 2 0 0
305 2 0 0 0 0 0 1 0 0
308 7 1 1 5 0 0 0 0 0
342 1 1 1 0 0 0 0 0 0
fl=/build/glibc-FcXrgv/glibc-2.31/csu/../sysdeps/aarch64/crti.S
fn=call_weak_fn
63 3 3 3 0 0 0 0 0 0
64 3 0 0 3 3 0 0 0 0
65 3 0 0 0 0 0 0 0 0
68 3 2 2 0 0 0 0 0 0
fl=/build/glibc-FcXrgv/glibc-2.31/csu/../sysdeps/unix/sysv/linux/aarch64/sysdep.c
fn=__syscall_error
29 7 0 0 0 0 0 0 0 0
30 35 2 2 7 0 0 7 0 0
32 14 0 0 0 0 0 0 0 0
fl=/build/glibc-FcXrgv/glibc-2.31/csu/errno-loc.c
fn=__errno_location
26 61896 14323 2036 20632 1591 10 0 0 0
27 41264 0 0 0 0 0 0 0 0
fl=/build/glibc-FcXrgv/glibc-2.31/csu/init-first.c
fn=_init
52 5 1 1 0 0 0 4 0 0
55 5 1 1 1 1 0 1 1 0
62 8 1 1 4 2 0 0 0 0
67 2 0 0 0 0 0 1 1 1
68 2 0 0 0 0 0 1 0 0
69 3 0 0 1 1 0 1 1 0
77 3 0 0 0 0 0 0 0 0
80 1 0 0 0 0 0 0 0 0
85 2 0 0 4 0 0 0 0 0
fl=/build/glibc-FcXrgv/glibc-2.31/ctype/../include/ctype.h
fn=__ctype_b_loc
41 1962 77 31 654 80 26 0 0 0
42 1308 0 0 0 0 0 0 0 0
fn=__ctype_tolower_loc
53 78 1 1 26 0 0 0 0 0
54 52 0 0 0 0 0 0 0 0
fl=/build/glibc-FcXrgv/glibc-2.31/ctype/ctype-info.c
fn=__ctype_init
31 72 6 6 32 7 2 8 0 0
33 40 0 0 24 6 2 8 0 0
35 40 0 0 16 8 2 8 7 7
36 8 0 0 0 0 0 0 0 0
fl=/build/glibc-FcXrgv/glibc-2.31/debug/realpath_chk.c
fn=__realpath_chk
28 2 1 1 0 0 0 0 0 0
31 1 0 0 0 0 0 0 0 0
fl=/build/glibc-FcXrgv/glibc-2.31/debug/sprintf_chk.c
fn=__sprintf_chk
25 48280 1010 672 4828 1722 57 38624 1759 0
28 9656 2024 1261 0 0 0 0 0 0
36 2414 0 0 0 0 0 0 0 0
39 16898 0 0 0 0 0 12070 228 0
40 16898 1013 614 9656 0 0 9656 0 0
44 19312 0 0 12070 0 0 0 0 0
fl=/build/glibc-FcXrgv/glibc-2.31/debug/vsnprintf_chk.c
fn=__vsnprintf_chk
26 102 32 18 0 0 0 102 17 0
27 102 0 0 0 0 0 0 0 0
32 204 0 0 0 0 0 0 0 0
34 357 32 32 204 0 0 204 0 0
35 102 0 0 102 0 0 0 0 0
fl=/build/glibc-FcXrgv/glibc-2.31/debug/wcsncpy_chk.c
fn=__wcsncpy_chk
26 8 1 1 0 0 0 0 0 0
31 4 0 0 0 0 0 0 0 0
fl=/build/glibc-FcXrgv/glibc-2.31/dirent/../sysdeps/posix/closedir.c
fn=closedir
31 618 0 0 0 0 0 618 0 0
34 206 206 191 0 0 0 0 0 0
44 206 0 0 206 0 0 0 0 0
50 206 0 0 0 0 0 0 0 0
52 412 0 0 0 0 0 0 0 0
53 412 0 0 618 0 0 0 0 0
fl=/build/glibc-FcXrgv/glibc-2.31/dirent/../sysdeps/posix/opendir.c
fn=__alloc_dir
98 1236 412 382 0 0 0 1236 23 0
101 412 0 0 0 0 0 0 0 0
109 206 0 0 0 0 0 0 0 0
113 412 0 0 0 0 0 0 0 0
114 1648 206 193 206 0 0 0 0 0
118 412 0 0 0 0 0 0 0 0
119 206 0 0 0 0 0 0 0 0
139 206 0 0 0 0 0 412 32 26
142 206 0 0 0 0 0 412 15 15
144 206 0 0 0 0 0 412 57 56
145 206 0 0 0 0 0 206 0 0
148 1030 0 0 1236 1 0 0 0 0
fn=opendir
39 416 208 194 208 1 1 0 0 0
88 416 0 0 0 0 0 416 0 0
92 832 0 0 0 0 0 0 0 0
93 208 0 0 416 0 0 0 0 0
fn=opendir_tail
51 1872 208 191 416 0 0 1040 0 0
52 208 0 0 0 0 0 0 0 0
53 4 2 2 0 0 0 0 0 0
59 1442 206 192 0 0 0 206 0 0
61 824 0 0 206 0 0 0 0 0
69 1236 0 0 206 0 0 0 0 0
70 1872 210 198 1456 2 0 0 0 0
fl=/build/glibc-FcXrgv/glibc-2.31/dirent/../sysdeps/posix/readdir.c
fn=readdir
39 51548 206 190 0 0 0 66276 0 0
41 29456 206 190 14728 0 0 0 0 0
44 44184 0 0 0 0 0 0 0 0
51 29456 208 195 7364 0 0 0 0 0
65 23740 0 0 8188 10 0 0 0 0
66 824 0 0 0 0 0 0 0 0
71 206 0 0 0 0 0 0 0 0
76 206 0 0 0 0 0 206 0 0
77 206 0 0 0 0 0 0 0 0
80 1030 206 192 0 0 0 206 0 0
86 7158 0 0 0 0 0 0 0 0
89 7158 0 0 7158 1764 1668 0 0 0
102 7158 0 0 0 0 0 0 0 0
105 14316 0 0 7158 0 0 14316 2 0
111 14316 0 0 7158 420 384 0 0 0
114 36820 1 0 0 0 0 0 0 0
118 51548 206 194 66276 0 0 0 0 0
fl=/build/glibc-FcXrgv/glibc-2.31/dirent/../sysdeps/unix/sysv/linux/getdents64.c
fn=__getdents
32 3296 206 192 0 0 0 0 0 0
33 412 0 0 0 0 0 0 0 0
fl=/build/glibc-FcXrgv/glibc-2.31/dlfcn/../sysdeps/generic/ldsodefs.h
fn=dlopen@@GLIBC_2.17
1202 48 0 0 24 24 19 0 0 0
fn=dlsym
1202 238 0 0 119 97 1 0 0 0
fl=/build/glibc-FcXrgv/glibc-2.31/dlfcn/dlerror.c
fn=_dlerror_run
132 858 141 27 0 0 0 858 0 0
136 1430 121 24 286 167 44 0 0 0
139 143 0 0 0 0 0 0 0 0
145 1001 143 27 286 0 0 0 0 0
146 143 0 0 0 0 0 0 0 0
148 4 0 0 0 0 0 0 0 0
149 1 0 0 0 0 0 0 0 0
157 8 1 1 2 0 0 0 0 0
161 286 0 0 143 87 20 0 0 0
170 1001 0 0 0 0 0 143 0 0
174 572 121 24 143 0 0 143 0 0
177 715 20 3 858 16 2 0 0 0
fn=check_free
194 9 1 1 2 1 1 5 0 0
195 2 0 0 1 1 1 0 0 0
213 9 1 1 7 0 0 0 0 0
fn=fini
220 4 1 1 0 0 0 0 0 0
fn=init
183 3 2 2 0 0 0 3 0 0
184 10 0 0 1 0 0 0 0 0
189 3 1 1 3 0 0 0 0 0
fl=/build/glibc-FcXrgv/glibc-2.31/dlfcn/dlfcn.c
fn=init
29 2 1 1 0 0 0 1 1 0
30 2 0 0 0 0 0 1 0 0
31 1 1 1 0 0 0 0 0 0
fl=/build/glibc-FcXrgv/glibc-2.31/dlfcn/dlopen.c
fn=dlopen@@GLIBC_2.17
75 192 48 48 48 2 1 96 0 0
77 48 0 0 24 24 21 0 0 0
82 72 0 0 0 0 0 24 0 0
83 24 0 0 0 0 0 24 0 0
84 48 0 0 0 0 0 24 0 0
87 168 24 24 24 0 0 0 0 0
97 216 0 0 144 39 8 0 0 0
fn=dlopen_doit
58 72 24 24 0 0 0 72 0 0
61 120 24 24 24 0 0 0 0 0
66 436 47 27 192 49 48 24 23 3
70 72 0 0 72 8 3 0 0 0
fl=/build/glibc-FcXrgv/glibc-2.31/dlfcn/dlsym.c
fn=dlsym
56 952 238 49 238 70 0 595 0 0
58 238 0 0 119 119 2 0 0 0
63 238 0 0 0 0 0 119 0 0
65 119 0 0 0 0 0 238 0 0
68 833 0 0 238 216 8 0 0 0
70 833 119 24 119 0 0 0 0 0
72 357 0 0 119 0 0 0 0 0
75 1190 119 24 833 0 0 0 0 0
fn=dlsym_doit
47 476 119 23 0 0 0 357 0 0
50 476 0 0 357 0 0 119 0 0
51 357 0 0 357 0 0 0 0 0
fl=/build/glibc-FcXrgv/glibc-2.31/elf/../elf/dl-sysdep.c
fn=_dl_sysdep_start
89 8 2 2 0 0 0 11 2 2
90 2 0 0 1 0 0 0 0 0
91 1 0 0 0 0 0 0 0 0
113 2 0 0 0 0 0 1 0 0
114 46 1 1 16 2 2 4 4 4
117 3 0 0 0 0 0 1 0 0
118 1 0 0 0 0 0 1 1 1
120 86 3 3 28 5 5 7 0 0
121 192 3 3 0 0 0 0 0 0
124 1 0 0 1 1 1 0 0 0
125 1 0 0 0 0 0 0 0 0
127 1 0 0 1 0 0 0 0 0
128 1 0 0 0 0 0 0 0 0
130 1 0 0 1 0 0 0 0 0
131 2 0 0 0 0 0 0 0 0
133 1 0 0 1 0 0 0 0 0
134 2 0 0 0 0 0 0 0 0
154 1 0 0 1 0 0 0 0 0
155 2 0 0 0 0 0 0 0 0
157 1 0 0 1 0 0 0 0 0
158 2 0 0 0 0 0 0 0 0
160 1 0 0 1 0 0 0 0 0
161 1 0 0 0 0 0 0 0 0
166 1 1 1 1 0 0 0 0 0
167 2 0 0 0 0 0 0 0 0
182 1 0 0 1 0 0 0 0 0
183 2 0 0 0 0 0 0 0 0
223 1 1 1 0 0 0 0 0 0
234 3 1 1 1 0 0 0 0 0
235 2 0 0 0 0 0 1 0 0
237 6 0 0 0 0 0 0 0 0
249 3 0 0 1 0 0 0 0 0
252 6 1 1 1 0 0 0 0 0
254 8 1 1 12 2 1 0 0 0
fn=_dl_sysdep_start_cleanup
259 1 1 1 0 0 0 0 0 0
fl=/build/glibc-FcXrgv/glibc-2.31/elf/../include/inline-hashtab.h
fn=_dl_make_tlsdesc_dynamic
50 6 2 2 0 0 0 0 0 0
52 2 0 0 0 0 0 0 0 0
54 4 0 0 0 0 0 2 0 0
55 10 0 0 0 0 0 2 0 0
56 6 2 2 2 2 2 2 0 0
57 2 0 0 0 0 0 0 0 0
64 2 0 0 0 0 0 2 0 0
97 27 0 0 9 0 0 0 0 0
98 9 0 0 0 0 0 0 0 0
101 18 0 0 9 0 0 0 0 0
104 2 0 0 0 0 0 0 0 0
135 2 0 0 0 0 0 0 0 0
139 6 1 1 0 0 0 0 0 0
140 6 0 0 0 0 0 0 0 0
144 8 0 0 0 0 0 0 0 0
145 2 0 0 0 0 0 0 0 0
148 2 0 0 0 0 0 4 0 0
150 2 0 0 0 0 0 0 0 0
153 20 1 1 10 0 0 0 0 0
154 9 0 0 9 0 0 0 0 0
155 9 1 1 0 0 0 9 0 0
157 10 0 0 0 0 0 0 0 0
159 20 0 0 0 0 0 0 0 0
170 4 0 0 2 0 0 0 0 0
171 6 0 0 2 0 0 0 0 0
175 8 0 0 4 0 0 2 0 0
177 2 0 0 0 0 0 0 0 0
197 47 0 0 27 0 0 0 0 0
204 33 0 0 0 0 0 0 0 0
206 11 0 0 0 0 0 0 0 0
207 22 0 0 11 0 0 0 0 0
209 6 0 0 2 0 0 0 0 0
212 12 1 1 0 0 0 0 0 0
215 12 0 0 0 0 0 0 0 0
216 12 0 0 0 0 0 0 0 0
217 4 0 0 0 0 0 0 0 0
219 6 0 0 0 0 0 0 0 0
220 12 0 0 6 0 0 0 0 0
222 12 0 0 4 0 0 0 0 0
230 33 2 2 11 0 0 11 0 0
fl=/build/glibc-FcXrgv/glibc-2.31/elf/../include/scratch_buffer.h
fn=_dl_map_object_deps
77 72 23 23 0 0 0 24 0 0
78 48 0 0 0 0 0 48 1 1
85 120 3 3 48 0 0 0 0 0
131 72 0 0 18 2 0 0 0 0
fl=/build/glibc-FcXrgv/glibc-2.31/elf/../misc/sbrk.c
fn=sbrk
32 5 1 1 0 0 0 5 0 0
40 6 0 0 2 1 1 0 0 0
44 2 0 0 0 0 0 0 0 0
60 5 1 1 5 0 0 0 0 0
fl=/build/glibc-FcXrgv/glibc-2.31/elf/../sysdeps/aarch64/dl-irel.h
fn=_dl_fixup
37 12 0 0 0 0 0 6 0 0
38 171 4 4 6 2 1 0 0 0
39 12 0 0 6 4 2 12 0 0
40 30 0 0 0 0 0 0 0 0
fn=_dl_relocate_object
37 158 0 0 0 0 0 79 0 0
38 314 1 1 79 27 8 154 0 0
39 158 0 0 79 52 5 158 13 1
40 393 0 0 79 8 0 77 20 2
fn=_dl_start
38 3 1 1 0 0 0 0 0 0
fl=/build/glibc-FcXrgv/glibc-2.31/elf/../sysdeps/aarch64/dl-machine.h
fn=_dl_fixup
223 159 66 37 0 0 0 159 6 0
fn=_dl_relocate_object
70 215 0 0 43 0 0 0 0 0
76 18 0 0 18 7 0 0 0 0
77 18 0 0 9 9 9 0 0 0
81 9 0 0 0 0 0 9 0 0
89 18 0 0 9 0 0 0 0 0
104 27 1 1 9 9 0 9 0 0
250 22839 0 0 0 0 0 0 0 0
252 45678 0 0 0 0 0 0 0 0
254 22839 0 0 0 0 0 0 0 0
259 844663 69 69 192597 17020 12236 119314 499 2
260 204153 62 62 90642 29 1 0 0 0
263 68004 4 4 0 0 0 0 0 0
265 308 34 34 77 14 2 0 0 0
268 215531 21 21 231 0 0 0 0 0
271 5 0 0 5 0 0 0 0 0
274 20 0 0 10 1 0 0 0 0
275 30 0 0 5 0 0 0 0 0
284 30 1 1 5 0 0 0 0 0
287 5 0 0 0 0 0 0 0 0
296 68391 22 22 22797 4393 2845 22797 6591 2969
297 22797 0 0 0 0 0 0 0 0
304 36 4 4 18 0 0 0 0 0
307 344 24 24 0 0 0 129 0 0
316 190 3 3 77 5 4 42 3 0
318 88 2 2 44 3 3 33 3 3
320 377 4 4 11 0 0 89 19 3
326 7 3 3 0 0 0 7 2 1
327 28 0 0 14 0 0 0 0 0
328 55 0 0 0 0 0 7 0 0
351 38 0 0 19 0 0 0 0 0
353 76 0 0 19 2 0 0 0 0
354 38 0 0 0 0 0 19 3 1
355 76 0 0 38 2 2 0 0 0
367 30 3 3 0 0 0 0 0 0
380 89284 0 0 44642 8386 8374 22321 5924 5890
390 711 0 0 0 0 0 0 0 0
391 711 0 0 1422 266 266 0 0 0
393 1422 1 1 0 0 0 0 0 0
395 1418 0 0 709 2 0 0 0 0
398 2127 2 2 709 87 86 709 0 0
399 709 0 0 0 0 0 0 0 0
427 4 0 0 0 0 0 0 0 0
445 4 1 1 0 0 0 0 0 0
447 6 1 1 4 0 0 0 0 0
448 4 0 0 2 0 0 0 0 0
450 4 0 0 0 0 0 2 0 0
fn=_dl_start
46 1 0 0 0 0 0 0 0 0
61 4 1 1 1 1 1 0 0 0
250 12 0 0 0 0 0 0 0 0
252 24 0 0 0 0 0 0 0 0
254 12 0 0 0 0 0 0 0 0
260 120 1 1 48 10 10 0 0 0
263 24 0 0 0 0 0 0 0 0
268 84 0 0 0 0 0 0 0 0
296 36 1 1 12 1 1 12 1 1
297 12 0 0 0 0 0 0 0 0
328 6 0 0 0 0 0 5 0 0
380 208 1 1 104 20 20 52 26 26
fn=_dl_sysdep_start
204 5 0 0 2 1 1 0 0 0
fl=/build/glibc-FcXrgv/glibc-2.31/elf/../sysdeps/aarch64/dl-tlsdesc.S
fn=_dl_tlsdesc_dynamic
149 2108 2108 743 0 0 0 4216 0 0
150 2108 0 0 0 0 0 4216 0 0
157 2108 0 0 0 0 0 0 0 0
158 2108 0 0 2108 0 0 0 0 0
159 2108 0 0 2108 1738 0 0 0 0
160 2108 0 0 2108 2108 25 0 0 0
161 2108 0 0 2108 1837 227 0 0 0
162 2108 0 0 0 0 0 0 0 0
163 2108 0 0 0 0 0 0 0 0
165 2108 0 0 4216 2108 84 0 0 0
166 2108 0 0 0 0 0 0 0 0
167 2108 0 0 2108 2108 703 0 0 0
168 2108 0 0 0 0 0 0 0 0
169 2108 0 0 0 0 0 0 0 0
170 2107 0 0 0 0 0 0 0 0
171 2107 2107 691 0 0 0 0 0 0
173 2108 0 0 4216 0 0 0 0 0
174 2108 0 0 4216 0 0 0 0 0
176 2108 0 0 0 0 0 0 0 0
184 1 1 1 0 0 0 2 1 0
188 1 0 0 0 0 0 0 0 0
189 1 0 0 0 0 0 2 0 0
190 1 0 0 0 0 0 2 0 0
191 1 0 0 0 0 0 2 1 0
192 1 0 0 0 0 0 2 0 0
193 1 0 0 0 0 0 2 0 0
194 1 0 0 0 0 0 2 0 0
195 1 0 0 0 0 0 2 0 0
211 16 1 1 0 0 0 32 7 1
213 1 0 0 0 0 0 0 0 0
214 1 0 0 0 0 0 0 0 0
216 1 0 0 0 0 0 0 0 0
217 1 1 1 0 0 0 0 0 0
219 16 1 1 32 1 0 0 0 0
221 1 0 0 2 0 0 0 0 0
222 1 0 0 2 0 0 0 0 0
223 1 0 0 2 0 0 0 0 0
224 1 0 0 2 0 0 0 0 0
225 1 0 0 2 0 0 0 0 0
226 1 0 0 2 0 0 0 0 0
227 1 0 0 2 0 0 0 0 0
229 1 0 0 2 0 0 0 0 0
233 1 0 0 0 0 0 0 0 0
fl=/build/glibc-FcXrgv/glibc-2.31/elf/../sysdeps/aarch64/dl-trampoline.S
fn=_dl_runtime_resolve
48 159 64 39 0 0 0 318 15 6
53 159 0 0 0 0 0 318 3 0
57 159 0 0 0 0 0 318 4 3
61 159 0 0 0 0 0 318 6 3
65 159 0 0 0 0 0 318 0 0
69 159 0 0 0 0 0 318 7 4
73 159 0 0 0 0 0 318 8 4
77 159 0 0 0 0 0 318 1 0
81 159 56 34 0 0 0 318 0 0
86 159 0 0 159 0 0 0 0 0
89 159 0 0 159 0 0 0 0 0
91 159 0 0 0 0 0 0 0 0
92 159 0 0 0 0 0 0 0 0
93 159 0 0 0 0 0 0 0 0
94 159 0 0 0 0 0 0 0 0
95 159 0 0 0 0 0 0 0 0
98 159 0 0 0 0 0 0 0 0
101 159 0 0 0 0 0 0 0 0
104 159 0 0 318 2 0 0 0 0
105 159 0 0 318 1 0 0 0 0
106 159 0 0 318 0 0 0 0 0
107 159 0 0 318 2 0 0 0 0
108 159 0 0 318 0 0 0 0 0
109 159 0 0 318 0 0 0 0 0
110 159 58 32 318 0 0 0 0 0
111 159 0 0 318 0 0 0 0 0
112 159 0 0 318 0 0 0 0 0
115 159 0 0 318 0 0 0 0 0
119 159 0 0 0 0 0 0 0 0
fl=/build/glibc-FcXrgv/glibc-2.31/elf/../sysdeps/generic/dl-cache.h
fn=_dl_load_cache_lookup
153 36 0 0 0 0 0 0 0 0
fl=/build/glibc-FcXrgv/glibc-2.31/elf/../sysdeps/generic/ldsodefs.h
fn=_dl_fini
1208 4 1 1 0 0 0 1 0 0
fn=_dl_new_object
1208 82 0 0 0 0 0 0 0 0
fn=_dl_relocate_object
126 68427 25 25 22809 0 0 0 0 0
fn=do_lookup_x
126 72192 0 0 24064 0 0 0 0 0
fl=/build/glibc-FcXrgv/glibc-2.31/elf/../sysdeps/posix/dl-fileid.h
fn=_dl_map_object_from_fd
37 205 25 24 0 0 0 0 0 0
40 82 0 0 41 0 0 41 0 0
41 82 0 0 41 0 0 41 0 0
49 5238 27 24 1758 958 656 0 0 0
fl=/build/glibc-FcXrgv/glibc-2.31/elf/../sysdeps/unix/sysv/linux/aarch64/cpu-features.c
fn=_dl_sysdep_start
63 5 1 1 1 0 0 0 0 0
64 1 0 0 0 0 0 0 0 0
72 4 1 1 1 0 0 0 0 0
78 2 0 0 0 0 0 1 0 0
82 1 0 0 0 0 0 0 0 0
84 1 0 0 0 0 0 0 0 0
fl=/build/glibc-FcXrgv/glibc-2.31/elf/../sysdeps/unix/sysv/linux/dl-osinfo.h
fn=dl_main
64 1 0 0 0 0 0 0 0 0
fl=/build/glibc-FcXrgv/glibc-2.31/elf/../sysdeps/unix/sysv/linux/dl-sysdep.c
fn=_dl_discover_osversion
46 4 1 1 0 0 0 4 1 1
48 3 1 1 1 0 0 0 0 0
88 4 0 0 0 0 0 0 0 0
103 1 0 0 0 0 0 0 0 0
107 1 0 0 0 0 0 0 0 0
108 1 0 0 0 0 0 0 0 0
110 15 0 0 3 1 1 0 0 0
112 3 0 0 0 0 0 0 0 0
114 25 1 1 5 0 0 0 0 0
116 2 0 0 0 0 0 0 0 0
117 2 0 0 0 0 0 0 0 0
120 3 0 0 0 0 0 0 0 0
122 3 0 0 0 0 0 0 0 0
124 13 1 1 0 0 0 0 0 0
129 2 0 0 0 0 0 0 0 0
133 4 1 1 4 0 0 0 0 0
fn=_dl_sysdep_start
36 2 0 0 0 0 0 0 0 0
fl=/build/glibc-FcXrgv/glibc-2.31/elf/../sysdeps/unix/sysv/linux/dl-vdso-setup.h
fn=dl_main
30 5 2 2 0 0 0 2 0 0
33 2 0 0 0 0 0 1 0 0
45 2 1 1 0 0 0 1 0 0
fl=/build/glibc-FcXrgv/glibc-2.31/elf/../sysdeps/unix/sysv/linux/dl-vdso.h
fn=dl_main
40 2 1 1 1 0 0 0 0 0
41 1 0 0 0 0 0 0 0 0
55 2 0 0 0 0 0 0 0 0
fl=/build/glibc-FcXrgv/glibc-2.31/elf/../sysdeps/unix/sysv/linux/generic/brk.c
fn=brk
33 1 1 1 0 0 0 0 0 0
36 4 0 0 0 0 0 1 1 1
37 2 0 0 0 0 0 0 0 0
43 1 0 0 0 0 0 0 0 0
44 1 0 0 0 0 0 0 0 0
fl=/build/glibc-FcXrgv/glibc-2.31/elf/./dl-load.h
fn=_dl_map_object_from_fd
90 91 0 0 0 0 0 0 0 0
91 164 33 24 82 0 0 41 0 0
93 182 0 0 91 1 1 0 0 0
94 156 61 47 78 0 0 0 0 0
95 195 0 0 78 0 0 0 0 0
96 117 0 0 39 0 0 0 0 0
98 156 0 0 0 0 0 39 0 0
fl=/build/glibc-FcXrgv/glibc-2.31/elf/./dl-map-segments.h
fn=_dl_map_object_from_fd
50 82 0 0 41 20 0 0 0 0
51 82 0 0 0 0 0 0 0 0
56 492 39 24 82 0 0 164 0 0
60 287 41 23 246 0 0 0 0 0
63 82 0 0 0 0 0 41 0 0
64 82 0 0 0 0 0 41 0 0
66 41 0 0 0 0 0 0 0 0
73 615 41 24 246 0 0 164 0 0
80 123 0 0 41 0 0 41 0 0
82 41 0 0 0 0 0 0 0 0
90 364 0 0 0 0 0 0 0 0
92 200 0 0 150 0 0 0 0 0
94 800 26 24 350 0 0 250 0 0
104 273 0 0 182 0 0 0 0 0
110 82 0 0 41 0 0 0 0 0
111 41 0 0 0 0 0 0 0 0
112 246 33 24 41 0 0 0 0 0
113 41 0 0 0 0 0 0 0 0
115 82 0 0 0 0 0 0 0 0
120 82 0 0 0 0 0 0 0 0
123 41 0 0 0 0 0 0 0 0
131 369 0 0 0 0 0 287 0 0
132 205 0 0 287 0 0 0 0 0
137 82 0 0 0 0 0 0 0 0
141 117 10 10 0 0 0 52 0 0
144 52 0 0 52 0 0 0 0 0
149 91 29 24 0 0 0 0 0 0
fl=/build/glibc-FcXrgv/glibc-2.31/elf/./setup-vdso.h
fn=dl_main
24 3 1 1 1 0 0 0 0 0
fl=/build/glibc-FcXrgv/glibc-2.31/elf/./tlsdeschtab.h
fn=_dl_make_tlsdesc_dynamic
50 11 0 0 11 0 0 0 0 0
51 33 0 0 11 0 0 0 0 0
57 33 2 2 11 11 2 0 0 0
63 44 0 0 11 2 2 0 0 0
78 33 0 0 11 0 0 0 0 0
83 99 2 2 0 0 0 132 0 0
89 66 0 0 11 2 1 0 0 0
91 11 0 0 11 0 0 0 0 0
92 11 2 2 0 0 0 0 0 0
100 2 0 0 0 0 0 2 0 0
103 13 0 0 11 0 0 0 0 0
119 44 0 0 0 0 0 11 0 0
123 11 0 0 0 0 0 11 1 1
124 11 0 0 0 0 0 22 0 0
126 44 0 0 11 10 0 0 0 0
128 88 2 2 132 0 0 0 0 0
fl=/build/glibc-FcXrgv/glibc-2.31/elf/dl-addr-obj.c
fn=_dl_addr_inside_object
66 22 22 22 22 22 22 0 0 0
67 44 0 0 22 21 21 0 0 0
69 330 0 0 0 0 0 0 0 0
70 770 22 22 176 154 151 0 0 0
71 220 22 22 88 0 0 0 0 0
74 22 0 0 0 0 0 0 0 0
fl=/build/glibc-FcXrgv/glibc-2.31/elf/dl-addr.c
fn=_dl_addr
30 1 0 0 1 0 0 0 0 0
31 2 0 0 1 0 0 2 0 0
34 2 0 0 1 1 0 0 0 0
38 1 1 1 1 0 0 0 0 0
39 1 0 0 2 0 0 0 0 0
40 1 0 0 1 0 0 0 0 0
42 2 0 0 2 1 0 0 0 0
44 1 0 0 0 0 0 0 0 0
45 2 0 0 1 1 0 0 0 0
49 3035 0 0 1 0 0 0 0 0
51 1014 0 0 1012 64 18 0 0 0
52 1011 0 0 0 0 0 0 0 0
54 2745 1 1 915 0 0 0 0 0
60 2284 1 1 0 0 0 0 0 0
61 11420 0 0 2284 496 454 0 0 0
63 6841 0 0 0 0 0 0 0 0
64 9088 0 0 2272 0 0 0 0 0
65 15359 1 1 5207 360 328 0 0 0
70 4568 0 0 2284 144 77 0 0 0
100 1 0 0 0 0 0 0 0 0
101 1 0 0 0 0 0 1 1 0
102 1 0 0 0 0 0 0 0 0
105 1 1 1 0 0 0 0 0 0
118 2 0 0 0 0 0 2 1 0
126 9 2 2 0 0 0 8 0 0
128 1 0 0 0 0 0 0 0 0
131 5 0 0 2 2 0 0 0 0
133 2 0 0 0 0 0 0 0 0
135 1 0 0 0 0 0 0 0 0
138 1 0 0 0 0 0 0 0 0
141 4 1 1 2 2 0 0 0 0
144 6 0 0 8 1 0 0 0 0
fl=/build/glibc-FcXrgv/glibc-2.31/elf/dl-cache.c
fn=_dl_cache_libcmp
142 1278 9 9 639 0 0 0 0 0
144 4368 9 9 624 87 80 0 0 0
146 36 9 9 0 0 0 0 0 0
152 18 0 0 0 0 0 0 0 0
153 36 0 0 0 0 0 0 0 0
154 90 0 0 18 0 0 0 0 0
156 90 9 9 18 0 0 0 0 0
158 36 0 0 0 0 0 0 0 0
164 1212 0 0 0 0 0 0 0 0
165 1 0 0 0 0 0 0 0 0
166 1210 0 0 0 0 0 0 0 0
167 95 0 0 0 0 0 0 0 0
170 510 0 0 0 0 0 0 0 0
171 510 0 0 0 0 0 0 0 0
174 30 0 0 15 0 0 0 0 0
175 111 0 0 0 0 0 0 0 0
fn=_dl_load_cache_lookup
187 105 9 9 0 0 0 105 6 5
195 45 9 9 15 0 0 0 0 0
198 60 0 0 15 8 8 0 0 0
201 54 18 18 0 0 0 0 0 0
209 45 0 0 9 0 0 0 0 0
210 171 9 9 27 9 9 0 0 0
213 9 0 0 9 0 0 0 0 0
218 18 9 9 0 0 0 9 0 0
219 18 0 0 0 0 0 9 0 0
264 12 0 0 0 0 0 0 0 0
270 75 0 0 30 0 0 0 0 0
279 15 0 0 0 0 0 0 0 0
285 75 9 9 15 0 0 0 0 0
293 45 0 0 15 8 8 0 0 0
294 30 0 0 0 0 0 0 0 0
308 2336 63 45 231 76 67 0 0 0
324 30 0 0 15 0 0 0 0 0
328 15 0 0 0 0 0 0 0 0
336 210 15 9 0 0 0 15 0 0
337 60 15 9 0 0 0 0 0 0
338 15 0 0 0 0 0 0 0 0
339 105 11 9 105 0 0 0 0 0
fn=_dl_unload_cache
348 75 25 25 0 0 0 75 5 0
349 125 25 25 25 25 19 0 0 0
351 27 0 0 9 0 0 0 0 0
352 9 0 0 0 0 0 9 0 0
354 75 0 0 75 0 0 0 0 0
fl=/build/glibc-FcXrgv/glibc-2.31/elf/dl-debug.c
fn=_dl_debug_initialize
46 115 61 27 0 0 0 0 0 0
49 115 0 0 0 0 0 0 0 0
50 230 36 27 115 103 24 0 0 0
54 344 52 25 115 45 26 0 0 0
57 2 0 0 0 0 0 1 0 0
58 2 0 0 0 0 0 1 0 0
59 6 1 1 1 0 0 0 0 0
60 3 0 0 0 0 0 2 0 0
64 115 0 0 0 0 0 0 0 0
fn=_dl_debug_state
74 48 0 0 0 0 0 0 0 0
fl=/build/glibc-FcXrgv/glibc-2.31/elf/dl-deps.c
fn=_dl_map_object_deps
144 25 0 0 0 0 0 25 0 0
145 1 0 0 0 0 0 0 0 0
146 53 0 0 0 0 0 50 1 1
148 23 0 0 0 0 0 23 3 0
152 124 25 25 49 0 0 25 0 0
159 264 24 24 0 0 0 360 10 3
160 360 48 48 0 0 0 24 1 1
176 104 23 23 24 0 0 25 0 0
177 1 0 0 1 0 0 0 0 0
180 48 0 0 24 0 0 24 0 0
198 72 24 24 24 0 0 24 0 0
199 48 3 3 0 0 0 0 0 0
200 72 0 0 0 0 0 48 0 0
202 98 0 0 98 0 0 0 0 0
206 122 0 0 0 0 0 0 0 0
209 464 0 0 220 0 0 122 0 0
213 244 0 0 122 86 77 0 0 0
214 688 24 24 283 62 2 0 0 0
217 36 0 0 0 0 0 0 0 0
221 36 0 0 18 0 0 0 0 0
224 344 24 22 172 61 20 0 0 0
226 291 0 0 194 34 0 97 0 0
231 97 0 0 0 0 0 97 0 0
232 97 0 0 0 0 0 97 2 1
233 194 0 0 97 0 0 97 0 0
234 194 0 0 97 1 0 97 0 0
237 5685 23 21 2891 541 332 97 0 0
238 5200 21 21 0 0 0 0 0 0
244 1712 40 21 428 22 0 0 0 0
246 214 0 0 0 0 0 214 0 0
248 1070 30 21 0 0 0 0 0 0
249 428 0 0 214 0 0 0 0 0
258 214 24 21 214 0 0 0 0 0
260 642 0 0 214 0 0 0 0 0
265 291 0 0 0 0 0 97 1 0
269 97 0 0 0 0 0 97 0 0
270 97 0 0 0 0 0 194 2 0
271 194 0 0 97 2 0 97 6 0
273 291 0 0 97 0 0 97 0 0
275 485 28 18 97 0 0 194 0 0
279 214 0 0 0 0 0 0 0 0
280 86 0 0 0 0 0 43 3 0
282 11930 28 24 0 0 0 0 0 0
303 242 0 0 0 0 0 0 0 0
433 122 10 0 0 0 0 0 0 0
435 36 0 0 0 0 0 18 2 0
438 90 0 0 0 0 0 0 0 0
439 18 10 9 0 0 0 0 0 0
445 18 0 0 0 0 0 18 0 0
446 72 0 0 0 0 0 0 0 0
447 90 0 0 0 0 0 0 0 0
449 18 0 0 0 0 0 0 0 0
450 18 0 0 0 0 0 18 3 0
451 54 0 0 18 2 0 18 0 0
455 366 10 0 244 13 0 0 0 0
457 366 25 24 244 4 0 122 0 0
458 318 0 0 98 0 0 0 0 0
464 144 24 24 48 2 0 0 0 0
465 4 1 1 1 0 0 1 0 0
468 96 0 0 48 7 0 24 0 0
479 144 24 24 24 0 0 0 0 0
481 24 0 0 0 0 0 0 0 0
486 96 0 0 24 0 0 24 10 0
487 72 0 0 24 0 0 24 0 0
489 268 0 0 122 2 0 0 0 0
491 366 0 0 244 4 0 0 0 0
495 366 0 0 122 0 0 122 19 18
499 366 24 24 122 10 0 122 0 0
502 72 0 0 24 0 0 0 0 0
553 96 0 0 48 0 0 0 0 0
555 240 24 23 48 6 0 72 0 0
590 96 24 20 24 0 0 0 0 0
594 120 0 0 24 0 0 0 0 0
597 24 0 0 0 0 0 24 0 0
598 24 24 23 0 0 0 0 0 0
599 24 0 0 0 0 0 24 0 0
600 120 0 0 48 0 0 24 0 0
608 48 24 24 24 0 0 0 0 0
611 24 0 0 0 0 0 0 0 0
614 216 0 0 288 15 0 0 0 0
fn=openaux
61 856 23 21 0 0 0 642 4 2
64 1934 0 0 1070 3 0 214 19 0
65 214 0 0 214 10 0 0 0 0
69 642 0 0 642 16 0 0 0 0
fl=/build/glibc-FcXrgv/glibc-2.31/elf/dl-environ.c
fn=_dl_next_ld_env_entry
28 3 0 0 0 0 0 0 0 0
29 3 1 1 3 0 0 0 0 0
32 31 0 0 15 0 0 0 0 0
34 42 1 1 14 0 0 0 0 0
35 15 0 0 5 0 0 0 0 0
37 2 0 0 0 0 0 0 0 0
40 4 0 0 0 0 0 2 0 0
49 3 0 0 0 0 0 0 0 0
fl=/build/glibc-FcXrgv/glibc-2.31/elf/dl-error-skeleton.c
fn=_dl_catch_error
225 2011 244 52 286 99 0 1006 0 0
227 288 0 0 0 0 0 0 0 0
228 144 0 0 0 0 0 144 23 4
229 288 23 7 288 0 0 144 0 0
230 576 121 24 144 0 0 144 0 0
232 1291 0 0 1149 0 0 0 0 0
fn=_dl_catch_exception
175 6304 316 64 1554 368 36 4006 252 7
178 405 0 0 0 0 0 0 0 0
181 23 22 4 0 0 0 23 0 0
182 69 3 3 23 0 0 0 0 0
184 46 2 0 23 2 1 23 2 0
185 46 0 0 0 0 0 0 0 0
199 382 0 0 382 0 0 0 0 0
200 764 0 0 0 0 0 764 25 1
203 764 121 26 0 0 0 382 0 0
206 1910 0 0 0 0 0 0 0 0
208 764 0 0 764 0 0 0 0 0
209 1866 125 26 1124 55 7 382 4 0
210 764 0 0 0 0 0 1146 65 13
219 4684 2 2 3152 158 7 0 0 0
fn=_dl_receive_error
238 5 1 0 0 0 0 6 2 0
239 3 0 0 1 0 0 0 0 0
240 1 0 0 1 0 0 0 0 0
243 1 0 0 0 0 0 1 0 0
244 1 0 0 0 0 0 1 0 0
246 2 1 1 0 0 0 0 0 0
248 1 0 0 0 0 0 1 0 0
249 1 0 0 0 0 0 1 0 0
250 4 1 1 6 1 0 0 0 0
fl=/build/glibc-FcXrgv/glibc-2.31/elf/dl-fini.c
fn=_dl_fini
30 8 1 1 0 0 0 12 0 0
47 6 0 0 0 0 0 1 0 0
50 11 0 0 1 1 1 0 0 0
53 3 1 1 1 1 1 0 0 0
55 1 0 0 1 1 1 0 0 0
58 1 0 0 0 0 0 0 0 0
60 6 0 0 3 1 0 0 0 0
65 2 0 0 0 0 0 1 0 0
68 13 1 1 0 0 0 1 0 0
73 88 1 1 43 5 5 0 0 0
75 129 0 0 43 42 39 0 0 0
77 86 0 0 0 0 0 0 0 0
79 43 0 0 0 0 0 43 1 0
80 43 0 0 0 0 0 43 43 41
81 43 0 0 0 0 0 0 0 0
85 129 0 0 43 42 39 43 0 0
87 5 1 1 0 0 0 0 0 0
88 5 0 0 0 0 0 0 0 0
94 8 3 3 0 0 0 0 0 0
104 3 0 0 1 0 0 0 0 0
109 90 0 0 1 0 0 0 0 0
111 43 0 0 43 4 0 0 0 0
113 86 0 0 43 40 0 0 0 0
116 86 0 0 0 0 0 43 0 0
119 86 0 0 43 43 42 0 0 0
120 4 1 1 2 2 2 0 0 0
123 123 1 1 41 0 0 0 0 0
134 123 0 0 82 52 21 0 0 0
135 41 0 0 41 5 5 0 0 0
136 82 0 0 41 41 40 0 0 0
137 299 1 1 0 0 0 0 0 0
138 90 0 0 45 41 41 0 0 0
142 82 0 0 41 41 40 0 0 0
143 164 0 0 82 27 27 0 0 0
149 258 0 0 86 4 1 0 0 0
168 172 1 1 43 2 0 43 0 0
174 6 0 0 2 0 0 0 0 0
180 2 0 0 1 0 0 0 0 0
187 8 0 0 12 1 0 0 0 0
fl=/build/glibc-FcXrgv/glibc-2.31/elf/dl-hwcaps.c
fn=_dl_important_hwcaps
42 12 2 2 0 0 0 16 1 1
43 6 0 0 1 0 0 0 0 0
45 3 1 1 1 0 0 0 0 0
46 2 0 0 0 0 0 0 0 0
55 2 0 0 0 0 0 0 0 0
65 4 1 1 1 0 0 0 0 0
148 13 2 2 0 0 0 1 1 1
149 1 0 0 0 0 0 0 0 0
185 2 0 0 0 0 0 0 0 0
193 2 0 0 1 0 0 0 0 0
195 1 0 0 0 0 0 1 0 0
196 2 0 0 1 0 0 1 0 0
197 2 0 0 0 0 0 0 0 0
200 2 0 0 0 0 0 0 0 0
201 2 1 1 0 0 0 2 0 0
204 2 0 0 0 0 0 0 0 0
207 3 0 0 1 0 0 0 0 0
211 8 1 1 1 0 0 2 0 0
212 2 0 0 0 0 0 0 0 0
221 2 1 1 0 0 0 0 0 0
230 6 1 1 1 0 0 2 0 0
231 4 1 1 0 0 0 0 0 0
232 1 0 0 0 0 0 0 0 0
252 2 1 1 0 0 0 0 0 0
263 7 0 0 0 0 0 3 0 0
266 5 0 0 0 0 0 2 0 0
268 4 0 0 2 0 0 1 0 0
269 4 0 0 1 0 0 1 0 0
282 1 0 0 0 0 0 0 0 0
289 1 1 1 0 0 0 0 0 0
294 18 0 0 5 0 0 0 0 0
295 8 0 0 0 0 0 4 0 0
299 9 0 0 0 0 0 0 0 0
302 10 1 1 0 0 0 0 0 0
303 28 0 0 0 0 0 0 0 0
304 24 0 0 8 0 0 4 0 0
306 4 1 1 0 0 0 0 0 0
309 3 0 0 1 0 0 0 0 0
310 1 0 0 0 0 0 0 0 0
311 5 0 0 1 0 0 0 0 0
324 11 2 2 4 0 0 2 0 0
327 4 0 0 0 0 0 0 0 0
330 3 0 0 2 0 0 1 0 0
333 9 1 1 12 0 0 0 0 0
fl=/build/glibc-FcXrgv/glibc-2.31/elf/dl-init.c
fn=_dl_init
30 411 1 1 123 5 0 0 0 0
79 240 24 24 0 0 0 216 2 1
80 24 0 0 24 0 0 0 0 0
81 24 0 0 24 22 3 0 0 0
84 96 24 24 24 8 0 0 0 0
87 3 0 0 0 0 0 1 0 0
92 72 0 0 0 0 0 0 0 0
117 24 0 0 24 0 0 0 0 0
118 340 27 24 0 0 0 0 0 0
119 610 0 0 244 31 3 0 0 0
125 144 23 23 216 4 2 0 0 0
fn=call_init.part.0
28 387 25 24 0 0 0 301 1 0
36 129 0 0 43 0 0 43 0 0
39 129 0 0 86 49 8 0 0 0
40 3 0 0 0 0 0 0 0 0
44 84 25 24 42 34 3 0 0 0
45 2 0 0 1 1 0 0 0 0
49 126 0 0 42 0 0 0 0 0
58 287 0 0 82 40 8 0 0 0
62 82 0 0 41 39 7 0 0 0
68 126 0 0 84 37 8 0 0 0
70 126 24 24 84 2 0 0 0 0
71 422 2 0 0 0 0 0 0 0
72 530 0 0 106 50 15 0 0 0
74 215 26 24 301 3 1 0 0 0
fl=/build/glibc-FcXrgv/glibc-2.31/elf/dl-load.c
fn=_dl_dst_count
231 723 32 24 0 0 0 964 41 3
232 2 0 0 0 0 0 0 0 0
234 482 0 0 0 0 0 0 0 0
237 241 0 0 0 0 0 0 0 0
238 241 32 24 0 0 0 0 0 0
244 2 2 2 0 0 0 0 0 0
246 12 0 0 0 0 0 0 0 0
247 10 0 0 0 0 0 2 0 0
248 4 0 0 0 0 0 0 0 0
249 4 2 2 0 0 0 0 0 0
252 6 0 0 0 0 0 0 0 0
254 2 0 0 0 0 0 0 0 0
257 972 0 0 970 0 0 4 0 0
fn=_dl_dst_substitute
269 32 2 2 2 0 0 24 0 0
278 6 2 2 0 0 0 2 0 0
282 57 0 0 0 0 0 0 0 0
288 14 0 0 0 0 0 0 0 0
310 6 2 2 2 1 0 0 0 0
315 6 0 0 2 0 0 0 0 0
325 4 0 0 0 0 0 0 0 0
327 6 0 0 0 0 0 0 0 0
328 2 0 0 0 0 0 0 0 0
344 51 0 0 0 0 0 17 0 0
347 38 0 0 19 0 0 0 0 0
358 2 0 0 0 0 0 0 0 0
365 2 0 0 0 0 0 2 0 0
368 16 2 2 24 0 0 0 0 0
fn=_dl_init_paths
681 7 1 1 0 0 0 8 0 0
694 10 1 1 2 0 0 1 0 0
698 1 0 0 0 0 0 1 0 0
699 2 0 0 0 0 0 0 0 0
700 1 0 0 0 0 0 0 0 0
707 4 0 0 0 0 0 0 0 0
708 4 0 0 1 0 0 0 0 0
711 4 1 1 0 0 0 1 0 0
713 1 0 0 0 0 0 0 0 0
719 1 0 0 0 0 0 1 0 0
720 7 0 0 0 0 0 1 0 0
728 3 0 0 0 0 0 3 0 0
730 3 0 0 0 0 0 0 0 0
731 4 0 0 0 0 0 8 4 4
733 2 0 0 0 0 0 0 0 0
734 10 1 1 3 1 1 8 1 1
735 13 0 0 0 0 0 0 0 0
738 15 0 0 3 1 1 0 0 0
739 56 0 0 0 0 0 0 0 0
740 16 0 0 0 0 0 16 1 1
742 17 1 1 0 0 0 4 0 0
748 3 1 1 0 0 0 1 0 0
749 1 0 0 0 0 0 1 0 0
753 1 0 0 1 0 0 0 0 0
754 1 0 0 0 0 0 0 0 0
756 4 0 0 1 0 0 0 0 0
758 2 0 0 1 0 0 0 0 0
775 2 0 0 0 0 0 1 0 0
777 2 1 1 1 0 0 0 0 0
791 2 2 2 0 0 0 1 0 0
796 3 1 1 1 0 0 0 0 0
798 18 0 0 0 0 0 1 0 0
802 1 0 0 0 0 0 0 0 0
803 32 0 0 15 0 0 0 0 0
804 70 1 1 0 0 0 0 0 0
807 2 0 0 0 0 0 1 0 0
808 2 0 0 0 0 0 0 0 0
809 1 0 0 0 0 0 0 0 0
815 8 1 1 0 0 0 0 0 0
818 3 0 0 2 0 0 0 0 0
824 2 0 0 0 0 0 1 0 0
828 6 1 1 8 0 0 0 0 0
fn=_dl_map_object
659 144 20 16 48 6 0 0 0 0
662 64 0 0 9 0 0 9 0 0
1927 1912 25 24 0 0 0 2868 86 79
1929 41 0 0 0 0 0 41 3 0
1935 478 0 0 0 0 0 0 0 0
1936 1673 31 23 239 26 1 0 0 0
1939 6013 0 0 2170 0 0 0 0 0
1944 10645 38 25 2129 1075 535 0 0 0
1946 8516 0 0 0 0 0 0 0 0
1950 3862 0 0 1931 0 0 0 0 0
1951 3862 0 0 1931 1013 582 0 0 0
1954 1079 0 0 1079 489 220 0 0 0
1955 2158 0 0 2158 1659 572 0 0 0
1956 4316 24 24 0 0 0 0 0 0
1972 246 24 24 41 15 0 41 20 4
1982 82 0 0 41 29 23 0 0 0
2016 41 0 0 0 0 0 41 22 10
2018 164 0 0 0 0 0 0 0 0
2022 68 10 9 0 0 0 17 0 0
2024 34 0 0 17 0 0 0 0 0
2031 51 9 9 17 6 0 0 0 0
2035 112 16 16 16 5 0 48 0 0
2040 34 0 0 17 4 0 0 0 0
2041 54 0 0 9 0 0 0 0 0
2043 145 0 0 12 0 0 51 0 0
2047 6 0 0 0 0 0 0 0 0
2050 6 0 0 2 0 0 1 0 0
2055 28 14 8 14 0 0 0 0 0
2056 98 0 0 42 6 0 0 0 0
2057 14 0 0 0 0 0 0 0 0
2066 90 14 8 15 7 7 15 0 0
2067 272 18 18 30 0 0 15 1 0
2073 45 0 0 0 0 0 0 0 0
2074 38 0 0 0 0 0 0 0 0
2076 12 1 1 1 0 0 1 0 0
2080 2 0 0 0 0 0 0 0 0
2082 15 8 8 0 0 0 15 0 0
2096 15 0 0 0 0 0 0 0 0
2098 45 0 0 15 0 0 0 0 0
2102 45 9 9 0 0 0 0 0 0
2104 15 0 0 0 0 0 0 0 0
2108 15 0 0 0 0 0 0 0 0
2116 45 0 0 15 4 0 0 0 0
2139 105 0 0 0 0 0 0 0 0
2143 30 1 1 0 0 0 0 0 0
2144 15 0 0 0 0 0 15 0 0
2161 34 0 0 17 0 0 0 0 0
2167 24 0 0 0 0 0 24 0 0
2168 72 0 0 0 0 0 0 0 0
2169 24 24 23 0 0 0 0 0 0
2170 48 0 0 0 0 0 0 0 0
2174 168 0 0 0 0 0 0 0 0
2177 48 0 0 0 0 0 0 0 0
2189 123 24 24 41 0 0 0 0 0
2191 68 0 0 0 0 0 0 0 0
2235 123 0 0 41 15 0 41 0 0
2236 492 24 24 82 0 0 82 9 0
2238 2151 2 2 2868 54 0 0 0 0
fn=_dl_map_object_from_fd
866 697 80 72 41 0 0 533 43 30
876 164 0 0 0 0 0 0 0 0
877 18 2 1 0 0 0 18 0 0
883 123 0 0 0 0 0 41 0 0
901 2132 32 24 943 380 0 41 0 0
902 1804 0 0 902 349 0 0 0 0
920 41 24 24 0 0 0 0 0 0
944 123 0 0 0 0 0 41 1 0
954 123 0 0 41 0 0 0 0 0
961 82 0 0 41 11 0 0 0 0
965 23 23 23 0 0 0 0 0 0
966 92 0 0 23 0 0 0 0 0
988 46 0 0 0 0 0 23 0 0
989 23 0 0 0 0 0 0 0 0
990 23 0 0 0 0 0 0 0 0
991 46 0 0 0 0 0 23 0 0
994 36 0 0 0 0 0 0 0 0
997 328 23 23 0 0 0 0 0 0
998 41 0 0 0 0 0 0 0 0
1009 82 0 0 0 0 0 41 7 7
1010 82 0 0 41 0 0 41 4 0
1011 82 0 0 41 3 0 41 0 0
1013 82 0 0 0 0 0 0 0 0
1014 205 33 22 123 3 0 0 0 0
1015 82 0 0 0 0 0 41 6 1
1030 41 0 0 0 0 0 0 0 0
1032 41 0 0 0 0 0 0 0 0
1034 533 27 20 41 0 0 41 7 6
1035 41 0 0 0 0 0 0 0 0
1036 41 0 0 0 0 0 0 0 0
1042 1164 68 48 41 0 0 0 0 0
1043 2727 67 48 306 14 3 0 0 0
1049 82 0 0 41 1 0 0 0 0
1054 82 0 0 41 0 0 41 0 0
1055 164 0 0 41 0 0 41 0 0
1060 4 0 0 2 0 0 2 0 0
1061 2 0 0 0 0 0 0 0 0
1066 437 34 22 132 35 24 0 0 0
1071 455 0 0 182 0 0 0 0 0
1079 273 0 0 0 0 0 0 0 0
1080 314 40 24 0 0 0 91 6 5
1081 546 32 24 91 0 0 0 0 0
1082 91 0 0 0 0 0 182 2 2
1083 273 0 0 91 0 0 91 0 0
1084 182 0 0 0 0 0 91 0 0
1088 232 0 0 50 0 0 0 0 0
1089 141 0 0 0 0 0 0 0 0
1093 273 0 0 0 0 0 91 0 0
1094 446 25 24 91 0 0 0 0 0
1104 91 0 0 0 0 0 0 0 0
1107 12 4 4 6 0 0 0 0 0
1111 6 0 0 0 0 0 6 1 1
1112 12 0 0 6 0 0 6 0 0
1116 30 0 0 0 0 0 6 0 0
1117 12 0 0 6 0 0 6 0 0
1120 6 0 0 0 0 0 6 0 0
1125 30 4 4 12 0 0 0 0 0
1126 169 0 0 41 35 23 41 0 0
1132 41 0 0 0 0 0 0 0 0
1140 41 0 0 41 0 0 0 0 0
1141 41 0 0 0 0 0 0 0 0
1144 82 0 0 41 1 0 41 1 1
1145 82 0 0 41 2 0 41 0 0
1157 41 0 0 0 0 0 0 0 0
1170 123 0 0 41 0 0 0 0 0
1180 328 0 0 82 0 0 123 7 0
1192 123 24 24 41 0 0 0 0 0
1201 123 24 24 41 0 0 41 0 0
1208 123 0 0 0 0 0 0 0 0
1210 164 41 23 41 0 0 0 0 0
1229 82 0 0 41 0 0 0 0 0
1248 123 0 0 41 0 0 41 0 0
1250 205 0 0 82 38 0 0 0 0
1298 82 0 0 41 9 7 0 0 0
1299 18 5 2 6 0 0 6 0 0
1302 123 29 22 0 0 0 0 0 0
1311 123 0 0 41 0 0 0 0 0
1313 164 0 0 82 0 0 41 0 0
1315 123 0 0 41 0 0 0 0 0
1331 82 32 24 0 0 0 0 0 0
1335 41 0 0 0 0 0 0 0 0
1336 82 0 0 41 0 0 0 0 0
1353 82 0 0 41 0 0 0 0 0
1354 6 0 0 2 0 0 2 0 0
1357 123 0 0 82 2 0 82 0 0
1362 82 0 0 41 0 0 0 0 0
1372 164 24 24 41 0 0 0 0 0
1381 82 0 0 41 0 0 0 0 0
1382 24 0 0 6 0 0 0 0 0
1385 20 5 3 10 0 0 0 0 0
1387 12 0 0 0 0 0 6 0 0
1394 123 0 0 0 0 0 0 0 0
1398 164 33 24 41 0 0 0 0 0
1417 369 66 0 492 16 0 0 0 0
fn=cache_rpath.part.0
654 51 0 0 0 0 0 0 0 0
665 51 8 8 17 0 0 0 0 0
668 30 0 0 0 0 0 15 0 0
673 10 0 0 2 0 0 0 0 0
674 4 0 0 4 2 0 0 0 0
676 30 7 7 0 0 0 0 0 0
fn=decompose_rpath.isra.0
555 18 2 2 0 0 0 14 2 2
559 2 0 0 2 0 0 0 0 0
568 6 0 0 2 2 2 0 0 0
599 4 2 2 2 0 0 0 0 0
606 8 0 0 0 0 0 4 0 0
607 2 0 0 0 0 0 0 0 0
614 2 0 0 0 0 0 0 0 0
615 72 2 2 33 0 0 0 0 0
617 62 0 0 0 0 0 0 0 0
621 4 0 0 0 0 0 0 0 0
623 2 0 0 0 0 0 0 0 0
631 16 2 2 0 0 0 0 0 0
635 4 0 0 0 0 0 0 0 0
638 4 0 0 2 0 0 0 0 0
645 2 0 0 0 0 0 2 0 0
647 6 0 0 4 0 0 2 0 0
648 2 0 0 0 0 0 0 0 0
649 10 2 2 14 0 0 0 0 0
fn=expand_dynamic_string_token
378 162 52 48 0 0 0 162 3 1
388 54 0 0 0 0 0 0 0 0
391 27 0 0 0 0 0 0 0 0
392 50 0 0 0 0 0 0 0 0
395 36 2 2 4 1 0 0 0 0
398 8 2 2 0 0 0 0 0 0
399 2 0 0 0 0 0 0 0 0
402 6 0 0 0 0 0 0 0 0
403 81 0 0 162 0 0 0 0 0
fn=fillin_rpath
447 42 6 6 0 0 0 45 1 1
449 3 0 0 0 0 0 0 0 0
451 30 3 3 0 0 0 0 0 0
458 6 0 0 3 0 0 0 0 0
460 12 3 3 0 0 0 0 0 0
464 3 0 0 0 0 0 0 0 0
469 6 0 0 0 0 0 0 0 0
470 3 0 0 0 0 0 0 0 0
477 18 0 0 3 0 0 0 0 0
482 15 3 3 0 0 0 3 0 0
486 51 3 3 21 4 3 0 0 0
487 45 0 0 15 10 10 0 0 0
505 16 3 3 5 0 0 3 0 0
509 45 3 3 9 0 0 15 0 0
511 6 0 0 6 0 0 0 0 0
515 3 0 0 0 0 0 3 1 1
516 3 0 0 0 0 0 0 0 0
517 15 0 0 0 0 0 6 0 0
518 3 0 0 0 0 0 3 0 0
520 15 3 3 6 0 0 0 0 0
521 1 0 0 0 0 0 1 0 0
526 15 0 0 3 0 0 0 0 0
527 45 0 0 0 0 0 0 0 0
528 12 0 0 0 0 0 12 0 0
530 6 3 3 3 0 0 3 0 0
531 6 0 0 3 0 0 0 0 0
532 8 0 0 4 0 0 2 0 0
533 4 0 0 2 0 0 0 0 0
536 2 0 0 0 0 0 1 0 0
538 3 0 0 0 0 0 3 0 0
539 6 0 0 3 0 0 3 0 0
542 9 0 0 0 0 0 3 0 0
544 6 3 3 0 0 0 0 0 0
548 3 0 0 0 0 0 3 0 0
551 24 0 0 36 0 0 0 0 0
fn=is_dst
195 36 4 4 0 0 0 20 0 0
199 12 0 0 4 0 0 0 0 0
209 20 0 0 0 0 0 0 0 0
211 16 2 2 4 0 0 0 0 0
212 8 0 0 0 0 0 0 0 0
213 4 2 2 0 0 0 0 0 0
214 8 0 0 0 0 0 0 0 0
215 8 0 0 0 0 0 0 0 0
222 20 2 2 20 0 0 0 0 0
fn=open_path
1443 57 0 0 0 0 0 19 0 0
1779 247 34 18 0 0 0 342 32 30
1780 38 0 0 19 0 0 19 4 4
1783 19 0 0 0 0 0 19 0 0
1784 38 0 0 19 8 8 19 0 0
1786 19 0 0 0 0 0 0 0 0
1789 17 0 0 0 0 0 0 0 0
1791 418 28 18 57 5 0 19 8 8
1798 19 0 0 0 0 0 0 0 0
1803 57 0 0 19 0 0 0 0 0
1810 76 0 0 38 15 7 0 0 0
1811 519 23 19 93 0 0 11 0 0
1814 228 0 0 76 0 0 0 0 0
1818 308 0 0 112 9 8 0 0 0
1821 56 9 9 0 0 0 28 0 0
1824 84 0 0 28 0 0 0 0 0
1827 224 0 0 84 0 0 0 0 0
1829 56 0 0 28 0 0 0 0 0
1831 24 3 3 0 0 0 0 0 0
1832 2 0 0 0 0 0 1 0 0
1836 44 2 2 0 0 0 0 0 0
1837 99 3 3 33 2 0 0 0 0
1843 44 6 6 11 0 0 11 0 0
1845 55 0 0 11 0 0 0 0 0
1846 4 0 0 2 0 0 0 0 0
1848 30 0 0 0 0 0 0 0 0
1855 49 7 7 0 0 0 0 0 0
1857 66 0 0 2 0 0 0 0 0
1858 57 0 0 0 0 0 19 0 0
1865 38 0 0 0 0 0 19 0 0
1875 224 9 9 0 0 0 0 0 0
1882 10 0 0 4 0 0 4 0 0
1883 4 0 0 2 0 0 0 0 0
1885 8 0 0 2 0 0 2 0 0
1886 4 0 0 2 0 0 0 0 0
1896 102 9 9 17 0 0 0 0 0
1901 51 0 0 17 0 0 17 0 0
1903 68 0 0 34 0 0 17 0 0
1906 17 1 1 0 0 0 0 0 0
1920 171 1 1 228 0 0 0 0 0
fn=open_verify.isra.0.constprop.0
1466 871 71 48 0 0 0 804 26 16
1505 402 0 0 67 0 0 0 0 0
1518 26 1 0 0 0 0 0 0 0
1536 268 0 0 0 0 0 0 0 0
1538 134 0 0 0 0 0 0 0 0
1543 41 0 0 0 0 0 0 0 0
1549 123 41 24 0 0 0 41 0 0
1550 82 0 0 0 0 0 41 7 4
1555 205 0 0 0 0 0 0 0 0
1557 123 0 0 41 0 0 0 0 0
1559 82 0 0 0 0 0 41 0 0
1561 82 0 0 0 0 0 0 0 0
1567 82 34 24 0 0 0 0 0 0
1583 1055 61 49 328 39 25 0 0 0
1657 123 0 0 41 5 2 0 0 0
1662 123 32 22 41 0 0 0 0 0
1664 205 0 0 41 0 0 0 0 0
1670 123 0 0 41 17 6 0 0 0
1676 82 0 0 41 0 0 0 0 0
1677 164 35 24 41 0 0 0 0 0
1678 41 0 0 0 0 0 0 0 0
1698 1671 0 0 285 0 0 0 0 0
1699 993 34 24 331 125 54 0 0 0
1700 164 0 0 41 4 1 0 0 0
1704 205 0 0 82 0 0 0 0 0
1705 41 0 0 0 0 0 0 0 0
1710 15 3 3 0 0 0 0 0 0
1711 60 3 3 0 0 0 5 1 1
1721 45 0 0 20 0 0 20 0 0
1729 322 81 69 97 55 33 0 0 0
1731 41 0 0 0 0 0 0 0 0
1732 410 0 0 123 0 0 0 0 0
1735 123 0 0 0 0 0 0 0 0
1740 5 0 0 0 0 0 0 0 0
1741 5 0 0 0 0 0 0 0 0
1744 5 0 0 0 0 0 0 0 0
1747 10 1 1 5 0 0 0 0 0
1748 10 0 0 5 0 0 0 0 0
1749 5 0 0 5 0 0 0 0 0
1750 10 0 0 5 0 0 0 0 0
1751 25 0 0 5 0 0 0 0 0
1761 123 29 24 0 0 0 0 0 0
1765 603 25 24 804 0 0 0 0 0
fl=/build/glibc-FcXrgv/glibc-2.31/elf/dl-lookup.c
fn=_dl_lookup_symbol_x
209 3006 2 2 1000 0 0 0 0 0
581 37458 0 0 0 0 0 0 0 0
582 959435 191 58 470353 15807 8554 0 0 0
583 903248 0 0 0 0 0 0 0 0
598 44370 0 0 0 0 0 0 0 0
611 313 0 0 313 89 0 0 0 0
614 313 0 0 0 0 0 0 0 0
618 313 0 0 313 4 0 0 0 0
619 313 9 9 0 0 0 0 0 0
621 3006 0 0 1002 76 4 0 0 0
622 2803 0 0 311 0 0 0 0 0
628 2 2 2 0 0 0 0 0 0
629 67 2 2 0 0 0 0 0 0
632 65 0 0 65 24 1 0 0 0
633 260 0 0 0 0 0 0 0 0
634 260 2 2 65 0 0 0 0 0
639 4 0 0 2 2 0 2 0 0
642 6 2 2 0 0 0 2 0 0
693 18 0 0 4 2 0 4 0 0
700 14 2 2 4 1 0 0 0 0
701 168 0 0 0 0 0 0 0 0
702 54 0 0 54 35 0 0 0 0
704 2 0 0 0 0 0 0 0 0
710 8 0 0 4 0 0 0 0 0
721 2 0 0 2 0 0 0 0 0
741 6 2 2 2 0 0 0 0 0
748 8 2 2 0 0 0 0 0 0
754 14 2 2 0 0 0 4 0 0
755 4 0 0 2 0 0 0 0 0
774 4 0 0 0 0 0 0 0 0
777 4 0 0 0 0 0 2 0 0
778 4 0 0 0 0 0 2 0 0
779 2 0 0 0 0 0 0 0 0
780 2 0 0 2 0 0 0 0 0
781 2 0 0 0 0 0 2 0 0
782 2 2 2 0 0 0 2 0 0
783 2 0 0 0 0 0 0 0 0
795 6 2 2 2 0 0 0 0 0
809 12 2 2 4 0 0 0 0 0
811 4 0 0 2 0 0 0 0 0
812 4 0 0 2 0 0 0 0 0
841 299664 370 111 0 0 0 262206 594 48
843 37458 0 0 0 0 0 18729 63 14
844 18729 0 0 0 0 0 37458 20 5
847 93645 0 0 18729 261 36 18729 0 0
851 23832 0 0 0 0 0 0 0 0
853 93645 190 55 37458 0 0 18729 0 0
854 74916 0 0 56187 259 42 0 0 0
860 78689 0 0 29980 298 0 0 0 0
861 421134 189 55 52106 150 0 134192 425 16
866 37458 0 0 18729 14 0 0 0 0
868 855 24 24 171 17 0 0 0 0
885 171 0 0 0 0 0 171 0 0
886 342 24 24 0 0 0 0 0 0
890 134936 1 1 36997 78 0 0 0 0
895 16518 0 0 5506 0 0 0 0 0
905 5506 0 0 0 0 0 11012 22 2
907 77084 1 1 38542 7 1 5506 0 0
908 165180 1 1 11012 0 0 55060 0 0
913 33036 0 0 11012 584 0 0 0 0
918 27530 0 0 11012 0 0 0 0 0
930 92790 182 49 18558 1 0 0 0 0
933 29580 122 26 0 0 0 0 0 0
944 37116 0 0 18558 879 121 0 0 0
945 3 2 2 0 0 0 1 0 0
947 74232 0 0 18558 1 0 0 0 0
952 37116 0 0 18558 0 0 18558 0 0
954 168561 190 61 224748 70 0 0 0 0
fn=_dl_setup_hash
964 86 27 24 43 0 0 0 0 0
966 43 0 0 43 0 0 0 0 0
968 86 0 0 43 43 43 43 1 1
970 43 0 0 86 1 1 0 0 0
972 129 0 0 0 0 0 0 0 0
973 43 0 0 0 0 0 43 0 0
974 129 34 24 43 0 0 43 0 0
976 43 0 0 0 0 0 43 0 0
977 86 0 0 0 0 0 0 0 0
979 43 0 0 0 0 0 43 0 0
980 43 0 0 0 0 0 0 0 0
981 129 0 0 0 0 0 43 0 0
986 43 0 0 0 0 0 0 0 0
fn=check_match
75 314691 181 61 72621 700 479 169449 15102 31
78 121035 181 59 24207 7501 5206 0 0 0
83 131 16 15 0 0 0 0 0 0
91 145242 0 0 0 0 0 0 0 0
94 70105 193 53 4375 0 0 0 0 0
98 24109 5 5 24109 392 14 0 0 0
99 24109 0 0 0 0 0 0 0 0
101 5136 0 0 0 0 0 0 0 0
120 5136 0 0 5136 1958 895 0 0 0
121 46224 0 0 15408 2159 112 0 0 0
122 20144 78 52 10072 258 3 0 0 0
123 300 1 1 100 0 0 0 0 0
124 67 0 0 0 0 0 0 0 0
149 18973 114 17 0 0 0 0 0 0
151 75880 0 0 18970 4018 1133 0 0 0
152 56910 0 0 0 0 0 0 0 0
155 14 1 1 0 0 0 0 0 0
156 84 0 0 42 0 0 14 0 0
158 42 0 0 14 0 0 14 0 0
160 24076 61 36 0 0 0 0 0 0
167 121035 1 1 169449 0 0 0 0 0
fn=do_lookup_x
175 210 0 0 0 0 0 0 0 0
176 210 0 0 0 0 0 0 0 0
177 734 1 1 254 0 0 0 0 0
179 100 0 0 0 0 0 0 0 0
180 300 0 0 0 0 0 0 0 0
181 292 2 2 0 0 0 0 0 0
184 154 0 0 0 0 0 154 0 0
186 154 0 0 0 0 0 308 20 4
187 154 0 0 0 0 0 154 0 0
188 70 0 0 0 0 0 0 0 0
196 6 0 0 0 0 0 2 0 0
209 504 0 0 252 0 0 0 0 0
227 126 2 2 126 0 0 0 0 0
229 2142 2 2 126 27 2 378 0 0
231 252 0 0 0 0 0 126 0 0
232 126 0 0 252 0 0 0 0 0
233 252 0 0 126 0 0 0 0 0
235 625 0 0 0 0 0 125 0 0
236 2049 2 2 183 0 0 375 0 0
239 1012 2 2 506 136 31 0 0 0
240 126 0 0 0 0 0 0 0 0
242 84 0 0 42 0 0 0 0 0
252 126 1 1 84 4 1 42 0 0
253 126 0 0 42 0 0 42 2 0
255 210 0 0 84 0 0 0 0 0
259 211 0 0 0 0 0 0 0 0
262 128 0 0 0 0 0 0 0 0
263 384 0 0 0 0 0 0 0 0
264 116 1 1 0 0 0 0 0 0
267 1494 1 1 498 5 2 0 0 0
274 10 0 0 0 0 0 2 0 0
276 8 1 1 0 0 0 0 0 0
277 2 0 0 0 0 0 0 0 0
284 288 0 0 4 0 0 0 0 0
285 184 1 1 92 23 15 0 0 0
286 140 0 0 210 7 0 0 0 0
290 24 1 1 6 0 0 4 0 0
291 4 0 0 0 0 0 4 0 0
293 6 0 0 2 0 0 0 0 0
294 288762 181 54 120314 2 1 4 0 0
310 1 1 1 0 0 0 0 0 0
318 77795 28 25 35356 0 0 0 0 0
319 6 0 0 0 0 0 2 0 0
320 1 1 1 0 0 0 0 0 0
323 8 0 0 0 0 0 0 0 0
324 3 0 0 0 0 0 2 0 0
325 7 1 1 1 1 0 1 1 1
328 336 3 3 168 0 0 0 0 0
336 336 2 2 84 0 0 0 0 0
340 4 0 0 2 0 0 0 0 0
347 840 2 2 168 0 0 84 0 0
352 504 0 0 168 0 0 84 0 0
354 168 0 0 168 0 0 0 0 0
355 84 0 0 0 0 0 168 4 0
368 668400 356 119 133680 0 0 757520 566 71
369 44560 0 0 44560 982 29 0 0 0
374 44560 0 0 0 0 0 0 0 0
375 178240 0 0 44560 0 0 44560 0 0
379 506734 179 58 506734 45900 272 0 0 0
382 506734 0 0 0 0 0 0 0 0
386 506800 0 0 22 3 0 0 0 0
390 506724 0 0 253362 12788 167 0 0 0
394 760086 0 0 253362 104 23 0 0 0
395 178240 0 0 0 0 0 44560 0 0
400 506724 0 0 253362 10737 182 0 0 0
404 253362 0 0 0 0 0 253362 0 0
405 253362 0 0 0 0 0 253362 0 0
408 506724 0 0 760086 30494 240 0 0 0
409 253362 177 60 253362 130458 173 0 0 0
412 253362 0 0 253362 0 0 0 0 0
413 253362 0 0 0 0 0 0 0 0
415 253362 0 0 253362 148743 2909 0 0 0
416 89120 0 0 0 0 0 44560 0 0
417 760086 0 0 506724 0 0 0 0 0
420 506724 0 0 253362 0 0 0 0 0
423 1013448 0 0 0 0 0 0 0 0
426 67944 0 0 67944 22796 5438 0 0 0
427 101916 188 59 0 0 0 0 0 0
428 33972 0 0 0 0 0 0 0 0
430 498128 178 57 93399 0 0 155665 41 0
433 293990 174 64 58798 23154 8052 0 0 0
435 48414 0 0 24207 0 0 0 0 0
436 314691 169 51 72621 0 0 72621 14950 15
437 48414 0 0 0 0 0 0 0 0
440 24497 0 0 145 0 0 0 0 0
443 69472 0 0 0 0 0 0 0 0
474 21215 28 25 7073 0 0 0 0 0
476 2 0 0 0 0 0 0 0 0
482 48128 180 57 24064 0 0 0 0 0
484 5506 0 0 5506 0 0 0 0 0
485 16518 1 1 0 0 0 0 0 0
498 311920 176 60 0 0 0 44560 0 0
533 48128 176 55 0 0 0 0 0 0
536 179396 0 0 24064 0 0 0 0 0
540 9648 52 37 3216 856 22 0 0 0
552 23938 0 0 23938 0 0 0 0 0
553 23938 0 0 0 0 0 47876 233 3
554 24190 0 0 0 0 0 0 0 0
571 687909 0 0 0 0 0 0 0 0
574 20496 10 10 0 0 0 0 0 0
575 356480 0 0 534720 196 0 0 0 0
fl=/build/glibc-FcXrgv/glibc-2.31/elf/dl-minimal.c
fn=calloc
92 20 9 1 0 0 0 0 0 0
96 20 0 0 0 0 0 0 0 0
99 20 0 0 0 0 0 0 0 0
100 80 1 1 0 0 0 0 0 0
103 20 0 0 0 0 0 0 0 0
fn=free
109 27 0 0 0 0 0 36 0 0
111 45 0 0 9 0 0 0 0 0
118 27 1 1 36 0 0 0 0 0
fn=malloc
49 208 1 1 0 0 0 208 1 1
50 258 0 0 103 0 0 0 0 0
55 6 0 0 2 0 0 1 0 0
56 4 1 1 1 0 0 0 0 0
57 2 0 0 0 0 0 0 0 0
61 156 0 0 0 0 0 52 0 0
62 52 0 0 0 0 0 0 0 0
64 303 2 1 0 0 0 0 0 0
69 15 0 0 3 1 0 0 0 0
70 9 0 0 0 0 0 0 0 0
72 6 0 0 0 0 0 3 0 0
73 24 0 0 0 0 0 0 0 0
75 6 0 0 0 0 0 0 0 0
77 12 0 0 3 0 0 0 0 0
79 14 0 0 3 0 0 3 0 0
82 104 15 1 0 0 0 104 0 0
85 156 0 0 208 0 0 0 0 0
fn=strsep
265 12 3 3 6 3 3 0 0 0
267 12 0 0 6 0 0 0 0 0
268 6 0 0 0 0 0 0 0 0
272 237 3 3 48 0 0 0 0 0
277 118 0 0 0 0 0 0 0 0
279 118 0 0 59 0 0 0 0 0
290 3 0 0 0 0 0 3 0 0
293 3 0 0 0 0 0 0 0 0
294 6 0 0 0 0 0 0 0 0
fl=/build/glibc-FcXrgv/glibc-2.31/elf/dl-misc.c
fn=_dl_higher_prime_number
338 12 0 0 0 0 0 0 0 0
340 52 2 2 0 0 0 0 0 0
342 80 0 0 0 0 0 0 0 0
343 76 0 0 20 6 5 0 0 0
344 8 0 0 0 0 0 0 0 0
359 8 0 0 4 0 0 0 0 0
fn=_dl_name_match_p
282 13960 50 50 0 0 0 11168 82 43
283 8376 0 0 2792 858 519 0 0 0
284 286 0 0 0 0 0 0 0 0
286 2791 0 0 2791 491 263 0 0 0
288 5454 0 0 0 0 0 0 0 0
289 11792 0 0 2948 1220 583 0 0 0
292 2663 0 0 2663 0 0 0 0 0
294 2506 24 24 0 0 0 0 0 0
295 8376 1 1 11168 0 0 0 0 0
fn=_dl_sysdep_read_whole_file
44 54 9 9 0 0 0 45 0 0
47 18 0 0 0 0 0 0 0 0
48 9 0 0 0 0 0 0 0 0
50 54 9 9 0 0 0 0 0 0
52 18 0 0 9 0 0 9 0 0
55 9 0 0 0 0 0 0 0 0
57 72 9 9 0 0 0 0 0 0
68 18 0 0 0 0 0 0 0 0
71 45 0 0 45 0 0 0 0 0
fl=/build/glibc-FcXrgv/glibc-2.31/elf/dl-object.c
fn=_dl_add_to_namespace_list
31 294 42 24 0 0 0 294 0 0
33 252 42 23 42 0 0 0 0 0
35 294 0 0 42 1 0 0 0 0
38 2706 32 23 902 204 0 0 0 0
40 41 0 0 0 0 0 41 0 0
42 41 0 0 0 0 0 41 0 0
45 2 0 0 0 0 0 1 0 0
46 336 1 1 42 0 0 42 0 0
47 84 0 0 42 32 21 42 0 0
48 84 0 0 0 0 0 42 0 0
50 168 0 0 42 0 0 0 0 0
51 168 0 0 294 1 0 0 0 0
fn=_dl_new_object
59 504 68 48 0 0 0 504 66 56
62 126 0 0 0 0 0 42 5 4
64 1 1 1 0 0 0 0 0 0
65 1 0 0 0 0 0 0 0 0
69 6 0 0 0 0 0 0 0 0
74 2 0 0 0 0 0 0 0 0
77 410 41 23 41 0 0 0 0 0
89 168 1 1 0 0 0 42 0 0
92 42 0 0 0 0 0 0 0 0
95 42 0 0 0 0 0 42 9 9
96 126 0 0 0 0 0 42 9 9
99 84 34 24 0 0 0 84 1 1
100 42 0 0 0 0 0 0 0 0
101 210 0 0 42 0 0 42 7 7
103 126 0 0 42 0 0 42 0 0
116 84 0 0 42 13 0 0 0 0
122 126 0 0 0 0 0 0 0 0
124 126 35 24 42 9 9 42 0 0
127 168 0 0 42 1 1 42 0 0
128 102 36 24 18 0 0 42 9 9
129 42 0 0 0 0 0 42 0 0
133 84 0 0 0 0 0 42 0 0
136 84 1 1 1 0 0 0 0 0
138 16 0 0 0 0 0 16 5 5
146 84 0 0 0 0 0 42 7 7
147 84 26 24 0 0 0 42 9 9
150 1 1 1 0 0 0 0 0 0
152 252 29 22 42 0 0 0 0 0
154 118 0 0 0 0 0 41 1 1
157 89 23 23 0 0 0 0 0 0
161 63 0 0 21 4 0 0 0 0
165 141 0 0 0 0 0 0 0 0
167 101 10 0 0 0 0 0 0 0
173 34 0 0 0 0 0 34 1 1
176 84 26 24 0 0 0 42 0 0
186 42 0 0 0 0 0 0 0 0
188 164 0 0 0 0 0 0 0 0
192 123 0 0 0 0 0 0 0 0
196 123 1 0 0 0 0 0 0 0
197 41 0 0 0 0 0 0 0 0
205 41 0 0 0 0 0 0 0 0
209 41 0 0 0 0 0 0 0 0
222 82 0 0 0 0 0 0 0 0
242 123 30 24 0 0 0 0 0 0
247 1294 0 0 0 0 0 0 0 0
248 3882 0 0 1294 0 0 0 0 0
250 82 0 0 0 0 0 0 0 0
253 41 0 0 0 0 0 41 0 0
256 41 0 0 0 0 0 41 0 0
260 336 0 0 504 0 0 0 0 0
fl=/build/glibc-FcXrgv/glibc-2.31/elf/dl-open.c
fn=_dl_find_dso_for_object
201 125 25 25 0 0 0 150 29 0
205 175 25 25 25 0 0 25 0 0
206 122 3 3 61 36 32 0 0 0
207 366 0 0 122 61 58 0 0 0
208 50 0 0 25 23 23 0 0 0
209 88 22 22 0 0 0 0 0 0
211 75 25 25 25 24 23 0 0 0
215 150 0 0 175 0 0 0 0 0
fn=_dl_open
780 216 24 24 0 0 0 288 0 0
781 48 0 0 0 0 0 0 0 0
786 264 24 24 24 24 24 0 0 0
788 48 0 0 0 0 0 0 0 0
814 72 0 0 0 0 0 0 0 0
827 24 0 0 0 0 0 24 0 0
828 24 0 0 0 0 0 24 0 0
830 24 0 0 0 0 0 48 0 0
831 24 0 0 0 0 0 24 0 0
832 24 0 0 0 0 0 24 0 0
834 24 0 0 0 0 0 48 0 0
837 168 47 27 0 0 0 0 0 0
841 24 0 0 0 0 0 0 0 0
853 48 0 0 24 2 0 0 0 0
855 168 24 24 24 0 0 24 2 0
858 48 0 0 24 0 0 0 0 0
890 96 0 0 24 0 0 0 0 0
893 96 0 0 24 22 1 0 0 0
896 192 24 24 312 18 3 0 0 0
fn=call_dl_init
467 23 23 23 0 0 0 0 0 0
469 92 0 0 92 0 0 0 0 0
fn=dl_open_worker
223 68 2 2 26 3 3 0 0 0
224 36 0 0 0 0 0 0 0 0
234 53 0 0 18 0 0 0 0 0
235 36 2 2 0 0 0 0 0 0
247 428 23 23 23 2 0 0 0 0
249 224 0 0 224 15 0 0 0 0
253 494 0 0 112 21 0 0 0 0
255 4 0 0 4 4 1 0 0 0
260 12 0 0 4 0 0 0 0 0
267 1 0 0 0 0 0 0 0 0
268 3 1 1 0 0 0 0 0 0
280 3 0 0 0 0 0 3 1 1
282 3 0 0 0 0 0 0 0 0
283 2 0 0 2 0 0 0 0 0
289 4 0 0 0 0 0 0 0 0
291 1 1 1 1 0 0 0 0 0
293 1 0 0 0 0 0 1 0 0
295 2 0 0 0 0 0 0 0 0
298 4 0 0 2 0 0 1 0 0
312 540 23 23 23 0 0 0 0 0
314 224 0 0 224 0 0 0 0 0
315 112 0 0 0 0 0 0 0 0
317 471 0 0 112 0 0 0 0 0
319 4 0 0 4 0 0 0 0 0
326 12 0 0 4 0 0 0 0 0
331 4 0 0 0 0 0 4 0 0
332 4 0 0 0 0 0 0 0 0
333 31 0 0 4 0 0 4 0 0
335 4 0 0 0 0 0 0 0 0
339 224 0 0 112 0 0 0 0 0
340 112 23 23 112 0 0 0 0 0
351 46 0 0 0 0 0 0 0 0
352 494 23 23 112 0 0 0 0 0
354 224 0 0 224 0 0 0 0 0
358 290 23 23 145 13 5 0 0 0
360 10 0 0 0 0 0 0 0 0
361 10 0 0 0 0 0 0 0 0
374 66 3 3 3 0 0 0 0 0
376 40 0 0 40 0 0 0 0 0
380 56 0 0 28 0 0 0 0 0
382 15 3 3 0 0 0 0 0 0
384 10 0 0 5 0 0 0 0 0
385 11 0 0 5 0 0 0 0 0
390 18 0 0 6 1 0 3 0 0
397 60 3 3 0 0 0 0 0 0
399 36 0 0 36 1 0 0 0 0
401 54 0 0 0 0 0 0 0 0
402 21 0 0 18 0 0 0 0 0
403 6 0 0 3 0 0 0 0 0
407 9 0 0 3 0 0 3 0 0
418 6 3 3 3 0 0 0 0 0
421 9 0 0 3 3 2 0 0 0
422 12 0 0 6 0 0 0 0 0
436 803 23 23 69 33 5 0 0 0
437 619 0 0 619 433 47 0 0 0
438 1238 0 0 619 391 103 0 0 0
440 8 0 0 4 0 0 0 0 0
441 46 0 0 0 0 0 0 0 0
447 31 0 0 0 0 0 4 0 0
474 216 24 24 0 0 0 288 58 0
476 24 0 0 24 0 0 0 0 0
477 24 0 0 24 0 0 0 0 0
484 72 0 0 0 0 0 0 0 0
485 98 24 24 24 0 0 0 0 0
486 6 0 0 0 0 0 1 0 0
492 120 24 24 24 24 24 24 5 0
494 48 0 0 24 0 0 0 0 0
499 72 0 0 24 0 0 0 0 0
500 46 0 0 23 0 0 23 0 0
505 192 24 24 48 0 0 24 0 0
509 72 0 0 0 0 0 0 0 0
513 216 8 0 24 0 0 24 15 0
518 24 0 0 0 0 0 0 0 0
524 48 24 24 0 0 0 0 0 0
529 96 0 0 24 1 0 24 0 0
532 48 0 0 24 1 1 0 0 0
535 3 1 1 1 0 0 0 0 0
542 1 0 0 0 0 0 0 0 0
547 1 1 1 0 0 0 0 0 0
560 5 0 0 2 0 0 0 0 0
567 23 0 0 0 0 0 0 0 0
571 184 23 23 0 0 0 0 0 0
575 409 31 23 23 0 0 0 0 0
576 560 0 0 448 110 76 0 0 0
577 99 0 0 33 1 0 0 0 0
582 92 0 0 23 12 0 0 0 0
589 23 0 0 0 0 0 0 0 0
604 115 0 0 23 17 0 23 20 0
605 23 0 0 0 0 0 23 0 0
606 23 0 0 0 0 0 0 0 0
607 23 0 0 0 0 0 0 0 0
612 46 23 23 23 0 0 0 0 0
616 115 0 0 0 0 0 0 0 0
617 46 0 0 23 2 0 0 0 0
623 23 0 0 0 0 0 0 0 0
624 23 0 0 0 0 0 0 0 0
627 66 0 0 66 7 0 0 0 0
628 66 23 23 0 0 0 0 0 0
629 33 0 0 33 0 0 0 0 0
631 33 0 0 0 0 0 0 0 0
632 368 23 23 0 0 0 46 32 0
633 23 0 0 0 0 0 0 0 0
637 99 0 0 66 0 0 0 0 0
638 122 23 23 0 0 0 56 21 3
639 33 0 0 33 0 0 0 0 0
641 33 0 0 0 0 0 0 0 0
642 115 23 23 0 0 0 0 0 0
654 79 0 0 0 0 0 0 0 0
656 33 0 0 33 4 1 0 0 0
661 23 0 0 0 0 0 0 0 0
666 132 0 0 43 29 4 0 0 0
673 69 0 0 23 0 0 23 0 0
675 69 23 23 23 9 0 23 0 0
688 99 0 0 0 0 0 0 0 0
701 69 22 22 0 0 0 23 0 0
729 23 0 0 0 0 0 0 0 0
735 46 0 0 23 0 0 0 0 0
736 23 0 0 0 0 0 0 0 0
744 46 0 0 23 0 0 0 0 0
751 115 0 0 69 28 3 92 8 0
758 115 23 23 0 0 0 0 0 0
772 92 2 0 46 7 0 0 0 0
775 192 22 4 288 28 4 0 0 0
fl=/build/glibc-FcXrgv/glibc-2.31/elf/dl-profstub.c
fn=_dl_mcount_wrapper_check
37 1487 0 0 0 0 0 0 0 0
38 5948 1232 400 2974 948 395 0 0 0
39 1487 0 0 0 0 0 0 0 0
fl=/build/glibc-FcXrgv/glibc-2.31/elf/dl-reloc.c
fn=_dl_protect_relro
309 215 25 25 43 0 0 172 22 1
310 301 0 0 129 38 5 0 0 0
313 129 24 24 43 0 0 0 0 0
317 86 0 0 0 0 0 0 0 0
318 172 0 0 0 0 0 0 0 0
324 129 0 0 129 0 0 0 0 0
fn=_dl_relocate_object
148 516 48 48 0 0 0 559 5 0
158 43 0 0 0 0 0 0 0 0
159 172 0 0 0 0 0 86 0 0
163 43 0 0 0 0 0 0 0 0
164 258 0 0 43 14 3 43 0 0
170 86 0 0 43 4 0 0 0 0
176 86 0 0 43 0 0 0 0 0
177 43 25 25 43 30 3 0 0 0
178 129 0 0 0 0 0 0 0 0
180 129 27 26 43 1 0 0 0 0
187 129 0 0 43 11 0 43 0 0
227 129 0 0 86 13 0 43 0 0
255 1873 122 120 859 194 22 285 0 0
258 86 24 24 43 0 0 0 0 0
282 129 0 0 43 10 0 43 0 0
285 86 0 0 43 7 0 0 0 0
302 86 0 0 43 34 3 0 0 0
303 86 21 21 0 0 0 0 0 0
304 344 0 0 516 34 5 0 0 0
fn=_dl_try_allocate_static_tls
49 56 3 3 0 0 0 56 2 2
52 42 0 0 14 0 0 0 0 0
53 84 3 3 28 5 3 0 0 0
56 22 1 1 0 0 0 0 0 0
77 112 0 0 28 0 0 0 0 0
81 28 0 0 14 0 0 0 0 0
83 42 0 0 14 0 0 0 0 0
86 3 2 2 0 0 0 3 0 0
87 3 0 0 0 0 0 3 0 0
88 3 0 0 0 0 0 3 0 0
95 9 0 0 6 1 0 0 0 0
108 9 2 2 3 0 0 3 0 0
110 3 0 0 0 0 0 0 0 0
111 42 1 1 56 0 0 0 0 0
fl=/build/glibc-FcXrgv/glibc-2.31/elf/dl-runtime.c
fn=_dl_fixup
66 477 70 34 0 0 0 636 22 6
68 159 0 0 318 129 64 0 0 0
69 159 0 0 159 0 0 0 0 0
72 477 73 35 318 189 72 0 0 0
73 954 0 0 318 103 46 159 0 0
75 477 0 0 318 229 149 0 0 0
80 318 0 0 0 0 0 0 0 0
84 477 0 0 159 155 144 0 0 0
86 316 0 0 0 0 0 0 0 0
88 477 70 34 159 84 37 159 0 0
92 316 0 0 316 216 134 0 0 0
93 632 0 0 158 73 34 0 0 0
94 158 0 0 158 86 49 0 0 0
101 159 0 0 0 0 0 0 0 0
102 636 63 35 159 40 3 0 0 0
104 62 16 16 0 0 0 31 0 0
105 93 0 0 31 0 0 0 0 0
112 1431 0 0 318 80 38 0 0 0
116 318 0 0 159 0 0 0 0 0
117 186 0 0 0 0 0 0 0 0
126 1908 66 37 795 0 0 0 0 0
141 636 0 0 159 0 0 0 0 0
145 477 0 0 159 29 14 0 0 0
149 636 0 0 636 0 0 0 0 0
fl=/build/glibc-FcXrgv/glibc-2.31/elf/dl-sort-maps.c
fn=_dl_sort_maps
28 432 50 50 0 0 0 624 5 0
30 96 0 0 0 0 0 0 0 0
33 60 0 0 0 0 0 30 0 0
34 570 44 44 60 0 0 30 2 0
35 330 0 0 0 0 0 90 0 0
39 1068 0 0 178 0 0 356 0 0
40 712 22 22 178 0 0 178 0 0
42 178 0 0 0 0 0 0 0 0
46 306 1 1 102 20 0 0 0 0
54 6732 22 21 474 0 0 0 0 0
56 2452 0 0 2452 107 25 0 0 0
57 1226 0 0 0 0 0 0 0 0
59 10848 22 22 5424 236 101 0 0 0
60 15192 0 0 0 0 0 0 0 0
65 120 0 0 0 0 0 60 0 0
66 20 0 0 0 0 0 0 0 0
67 40 7 7 40 0 0 20 0 0
69 40 0 0 20 0 0 0 0 0
77 120 0 0 40 0 0 0 0 0
84 80 0 0 20 0 0 0 0 0
85 40 6 6 20 0 0 20 0 0
87 20 0 0 0 0 0 0 0 0
90 3158 1 1 976 30 0 0 0 0
96 260 0 0 44 2 2 0 0 0
97 176 0 0 44 0 0 0 0 0
101 2 0 0 2 0 0 0 0 0
102 2 0 0 0 0 0 0 0 0
103 8 0 0 4 0 0 0 0 0
104 12 0 0 0 0 0 0 0 0
115 790 0 0 188 0 0 0 0 0
118 1152 22 22 128 0 0 0 0 0
122 384 6 6 576 0 0 0 0 0
fl=/build/glibc-FcXrgv/glibc-2.31/elf/dl-sym.c
fn=_dl_sym
274 357 119 24 0 0 0 0 0 0
fn=do_sym
99 1785 238 57 238 0 0 1309 6 0
100 119 0 0 0 0 0 119 0 0
105 119 0 0 0 0 0 0 0 0
107 238 0 0 0 0 0 0 0 0
141 238 0 0 0 0 0 0 0 0
165 1428 119 25 238 116 1 0 0 0
169 238 0 0 119 0 0 0 0 0
174 595 0 0 238 0 0 0 0 0
180 952 119 25 238 0 0 0 0 0
183 357 0 0 0 0 0 0 0 0
195 357 0 0 238 118 3 0 0 0
252 1547 119 24 1547 0 0 0 0 0
fl=/build/glibc-FcXrgv/glibc-2.31/elf/dl-tls.c
fn=__tls_get_addr
826 2 1 1 1 0 0 0 0 0
828 5 0 0 2 1 1 0 0 0
831 3 0 0 2 0 0 0 0 0
833 2 1 1 0 0 0 0 0 0
834 3 0 0 0 0 0 0 0 0
fn=_dl_add_to_slotinfo
887 88 8 8 0 0 0 77 0 0
893 11 0 0 11 1 0 0 0 0
896 33 0 0 11 2 0 0 0 0
901 33 4 4 11 2 2 0 0 0
942 11 0 0 0 0 0 0 0 0
944 6 0 0 0 0 0 12 4 3
945 24 0 0 6 0 0 0 0 0
947 55 0 0 77 0 0 0 0 0
fn=_dl_allocate_tls
529 14 1 1 0 0 0 14 0 0
530 14 0 0 0 0 0 0 0 0
532 7 0 0 0 0 0 0 0 0
533 7 0 0 14 0 0 0 0 0
fn=_dl_allocate_tls_init
437 32 2 2 0 0 0 32 1 0
438 8 0 0 0 0 0 0 0 0
442 16 0 0 8 1 0 16 1 0
444 8 0 0 0 0 0 0 0 0
445 8 0 0 0 0 0 0 0 0
448 72 3 2 16 1 0 48 0 0
460 16 0 0 8 0 0 0 0 0
465 152 8 2 8 1 0 0 0 0
471 90 3 2 0 0 0 0 0 0
474 22 0 0 22 2 0 0 0 0
475 22 0 0 0 0 0 0 0 0
481 96 0 0 44 0 0 0 0 0
482 44 0 0 0 0 0 0 0 0
484 96 3 2 22 4 1 22 1 1
485 22 0 0 0 0 0 22 0 0
487 44 0 0 0 0 0 0 0 0
488 44 0 0 22 2 1 0 0 0
491 30 0 0 0 0 0 0 0 0
492 60 0 0 30 1 0 0 0 0
497 15 0 0 0 0 0 0 0 0
504 15 0 0 0 0 0 15 0 0
507 135 0 0 75 0 0 0 0 0
521 40 2 2 64 0 0 8 0 0
524 32 0 0 32 0 0 0 0 0
fn=_dl_allocate_tls_storage
332 4 2 2 0 0 0 5 0 0
345 3 0 0 1 0 0 0 0 0
346 4 0 0 1 0 0 0 0 0
347 1 0 0 0 0 0 0 0 0
367 5 0 0 0 0 0 0 0 0
374 4 0 0 0 0 0 0 0 0
379 2 0 0 0 0 0 1 1 1
381 3 1 1 0 0 0 0 0 0
382 1 0 0 0 0 0 0 0 0
385 5 0 0 5 0 0 0 0 0
fn=_dl_count_modids
113 4 1 1 1 0 0 0 0 0
114 1 0 0 1 1 1 0 0 0
129 1 0 0 0 0 0 0 0 0
fn=_dl_deallocate_tls
539 21 2 2 0 0 0 21 0 0
540 3 0 0 3 3 0 0 0 0
543 165 1 1 54 2 2 0 0 0
544 204 0 0 51 14 14 0 0 0
547 12 0 0 3 2 1 0 0 0
548 6 0 0 0 0 0 0 0 0
550 3 0 0 0 0 0 0 0 0
552 15 0 0 21 0 0 0 0 0
fn=_dl_determine_tlsoffset
135 2 0 0 0 0 0 2 0 0
136 1 0 0 0 0 0 0 0 0
137 1 0 0 0 0 0 0 0 0
138 1 0 0 0 0 0 0 0 0
141 4 2 2 1 0 0 0 0 0
144 2 0 0 1 0 0 0 0 0
225 1 0 0 0 0 0 0 0 0
227 9 1 1 2 1 1 0 0 0
229 4 1 1 1 0 0 0 0 0
231 3 0 0 1 0 0 0 0 0
232 2 0 0 1 0 0 0 0 0
234 2 0 0 0 0 0 0 0 0
236 5 0 0 1 0 0 0 0 0
250 4 1 1 0 0 0 0 0 0
251 1 0 0 0 0 0 0 0 0
252 3 0 0 0 0 0 0 0 0
254 2 0 0 0 0 0 1 0 0
255 1 0 0 0 0 0 0 0 0
258 3 0 0 0 0 0 0 0 0
261 1 0 0 0 0 0 0 0 0
264 2 0 0 0 0 0 1 0 0
265 1 0 0 0 0 0 1 0 0
272 1 0 0 0 0 0 1 0 0
273 2 0 0 2 0 0 0 0 0
fn=_dl_get_tls_static_info
309 4 0 0 1 1 0 1 1 1
310 2 0 0 1 0 0 1 0 0
311 1 0 0 0 0 0 0 0 0
fn=_dl_next_tls_modid
51 30 6 4 12 0 0 0 0 0
99 18 0 0 0 0 0 6 0 0
103 6 0 0 0 0 0 0 0 0
fn=_dl_update_slotinfo
623 18 3 3 0 0 0 24 0 0
624 9 3 3 0 0 0 12 0 0
625 9 3 3 3 3 2 6 0 0
643 6 0 0 3 0 0 0 0 0
645 18 3 3 6 0 0 0 0 0
651 15 0 0 6 3 3 0 0 0
658 3 0 0 0 0 0 3 0 0
664 1161 0 0 192 0 0 0 0 0
666 189 3 3 189 44 44 0 0 0
668 378 0 0 0 0 0 0 0 0
676 567 3 3 189 0 0 0 0 0
680 5 0 0 5 0 0 0 0 0
681 5 0 0 0 0 0 0 0 0
696 5 0 0 5 0 0 0 0 0
697 10 0 0 0 0 0 0 0 0
698 15 3 3 5 3 3 0 0 0
714 25 0 0 5 2 2 5 0 0
715 15 0 0 5 0 0 5 0 0
716 5 0 0 0 0 0 5 0 0
718 15 0 0 5 0 0 0 0 0
722 9 3 3 3 0 0 3 0 0
724 6 0 0 3 0 0 0 0 0
727 6 0 0 6 0 0 3 0 0
731 21 0 0 30 0 0 0 0 0
fn=allocate_dtv
278 32 2 2 0 0 0 32 0 0
285 24 2 2 8 1 0 0 0 0
286 24 0 0 0 0 0 0 0 0
287 8 0 0 0 0 0 0 0 0
290 24 0 0 0 0 0 8 1 1
296 8 0 0 0 0 0 8 7 7
302 24 0 0 32 0 0 0 0 0
fn=tls_get_addr_tail.isra.0
579 4 0 0 0 0 0 0 0 0
582 2 0 0 0 0 0 0 0 0
583 2 0 0 0 0 0 0 0 0
607 2 1 1 2 1 1 0 0 0
609 1 0 0 0 0 0 0 0 0
613 9 1 1 4 0 0 0 0 0
736 9 1 1 0 0 0 8 1 1
739 1 0 0 0 0 0 0 0 0
742 1 0 0 1 0 0 0 0 0
743 2 1 1 1 0 0 0 0 0
745 3 0 0 1 1 1 0 0 0
751 2 1 1 1 1 1 0 0 0
758 3 0 0 1 1 1 0 0 0
761 6 0 0 1 1 1 0 0 0
762 2 0 0 1 0 0 0 0 0
764 2 1 1 0 0 0 1 0 0
765 5 0 0 1 0 0 1 0 0
788 5 0 0 1 0 0 2 0 0
789 1 0 0 0 0 0 0 0 0
791 3 0 0 2 0 0 0 0 0
792 5 0 0 8 0 0 0 0 0
fl=/build/glibc-FcXrgv/glibc-2.31/elf/dl-tunables.c
fn=__GI___tunables_init
67 45 1 1 15 0 0 0 0 0
70 28 0 0 0 0 0 0 0 0
73 776 1 1 127 8 8 0 0 0
77 14 0 0 0 0 0 0 0 0
82 42 0 0 0 0 0 0 0 0
278 3 0 0 1 0 0 0 0 0
287 8 2 2 0 0 0 12 2 2
310 1176 1 1 0 0 0 0 0 0
316 1176 0 0 588 0 0 0 0 0
328 70 0 0 14 0 0 0 0 0
362 7 0 0 12 0 0 0 0 0
fn=__tunable_get_val
371 299 25 18 30 19 11 0 0 0
380 34 0 0 30 11 9 4 0 0
390 26 10 9 0 0 0 26 0 0
391 26 0 0 0 0 0 0 0 0
397 300 1 1 30 3 1 0 0 0
399 30 0 0 0 0 0 0 0 0
fl=/build/glibc-FcXrgv/glibc-2.31/elf/dl-tunables.h
fn=__GI___tunables_init
119 855 0 0 286 9 9 0 0 0
120 485 1 1 0 0 0 0 0 0
fl=/build/glibc-FcXrgv/glibc-2.31/elf/dl-version.c
fn=_dl_check_all_versions
362 3 1 1 0 0 0 4 1 0
364 5 0 0 0 0 0 2 0 0
366 22 0 0 10 0 0 0 0 0
367 10 0 0 10 3 0 0 0 0
368 80 1 1 0 0 0 0 0 0
371 5 0 0 6 1 0 0 0 0
fn=_dl_check_map_versions
37 1279 21 21 176 4 0 0 0 0
38 575 0 0 575 0 0 0 0 0
39 2652 21 21 0 0 0 0 0 0
57 230 0 0 230 48 0 0 0 0
65 345 21 21 115 0 0 0 0 0
66 264 0 0 0 0 0 88 0 0
71 230 0 0 115 56 42 0 0 0
87 115 0 0 115 39 8 0 0 0
88 115 0 0 0 0 0 0 0 0
90 230 0 0 115 11 0 0 0 0
95 1308 21 21 436 91 88 0 0 0
109 1308 0 0 436 31 30 0 0 0
111 115 21 21 115 1 1 0 0 0
114 575 0 0 115 5 5 0 0 0
121 642 0 0 321 33 32 0 0 0
125 321 0 0 0 0 0 0 0 0
143 38 0 0 0 0 0 0 0 0
156 215 48 48 0 0 0 258 48 0
157 43 0 0 0 0 0 43 0 0
165 43 0 0 0 0 0 0 0 0
171 86 0 0 43 12 0 0 0 0
173 86 0 0 43 18 0 43 22 0
175 86 0 0 43 18 1 43 1 0
176 86 0 0 43 3 0 43 0 0
178 43 0 0 0 0 0 0 0 0
181 304 21 21 76 29 0 342 1 0
185 114 0 0 38 36 36 0 0 0
199 50 0 0 0 0 0 0 0 0
201 352 0 0 264 4 4 0 0 0
209 176 0 0 88 0 0 0 0 0
214 528 0 0 176 17 17 88 2 0
218 1029 21 21 726 18 0 38 0 0
220 115 0 0 115 30 30 0 0 0
222 257 0 0 115 0 0 115 0 0
225 460 0 0 115 0 0 0 0 0
228 318 0 0 115 0 0 0 0 0
233 27 0 0 0 0 0 0 0 0
237 264 21 21 176 0 0 0 0 0
242 100 0 0 0 0 0 50 0 0
251 242 24 24 347 3 0 0 0 0
254 70 0 0 42 5 0 0 0 0
257 572 0 0 143 20 11 0 0 0
260 286 0 0 143 6 5 0 0 0
264 129 0 0 0 0 0 0 0 0
268 39 21 21 0 0 0 0 0 0
273 39 0 0 0 0 0 39 8 0
274 195 21 21 0 0 0 0 0 0
275 39 0 0 0 0 0 0 0 0
285 39 21 21 0 0 0 39 1 0
288 117 0 0 78 53 0 39 17 0
290 78 0 0 39 0 0 0 0 0
293 190 0 0 114 3 0 0 0 0
295 50 11 11 0 0 0 0 0 0
297 264 0 0 88 1 0 0 0 0
300 230 0 0 115 0 0 0 0 0
302 230 0 0 0 0 0 0 0 0
304 383 21 21 115 0 0 0 0 0
305 230 0 0 0 0 0 230 15 15
306 345 0 0 115 0 0 115 3 3
307 345 0 0 115 0 0 115 0 0
310 230 0 0 115 0 0 0 0 0
315 27 0 0 0 0 0 0 0 0
318 176 0 0 88 0 0 0 0 0
323 50 0 0 0 0 0 0 0 0
328 78 10 10 39 0 0 0 0 0
331 70 0 0 42 0 0 0 0 0
335 129 0 0 258 0 0 0 0 0
337 286 0 0 143 0 0 0 0 0
341 129 0 0 129 0 0 0 0 0
342 530 0 0 0 0 0 129 14 14
343 387 0 0 129 0 0 129 0 0
344 129 0 0 0 0 0 129 4 4
347 286 7 7 143 0 0 0 0 0
351 129 0 0 0 0 0 0 0 0
357 172 3 3 215 0 0 0 0 0
fl=/build/glibc-FcXrgv/glibc-2.31/elf/do-rel.h
fn=_dl_relocate_object
46 86 4 3 0 0 0 0 0 0
47 86 0 0 0 0 0 0 0 0
48 86 0 0 86 19 1 0 0 0
58 86 0 0 0 0 0 0 0 0
61 2151 0 0 0 0 0 0 0 0
83 77 0 0 77 12 0 0 0 0
84 77 24 24 77 7 0 0 0 0
86 154 0 0 0 0 0 0 0 0
98 308 24 24 0 0 0 0 0 0
108 77 0 0 1 1 1 0 0 0
111 67154 24 24 0 0 0 0 0 0
118 154 0 0 77 55 7 0 0 0
121 70 0 0 70 38 5 0 0 0
124 68372 15 15 39 6 0 0 0 0
136 68193 21 21 68193 18286 7319 0 0 0
137 90924 0 0 0 0 0 22731 2 0
138 77760 0 0 22731 18 2 0 0 0
139 22731 0 0 0 0 0 0 0 0
160 370 3 3 4 0 0 8 0 0
170 648 4 4 216 27 27 108 0 0
171 108 0 0 0 0 0 0 0 0
fn=_dl_start
83 1 0 0 1 0 0 0 0 0
84 1 0 0 1 0 0 0 0 0
111 159 0 0 0 0 0 0 0 0
116 2 0 0 1 0 0 0 0 0
124 42 0 0 6 0 0 0 0 0
136 24 1 1 24 3 3 0 0 0
137 24 0 0 0 0 0 0 0 0
139 12 0 0 0 0 0 0 0 0
fl=/build/glibc-FcXrgv/glibc-2.31/elf/get-dynamic-info.h
fn=_dl_map_object_from_fd
42 41 0 0 0 0 0 0 0 0
46 41 0 0 0 0 0 0 0 0
48 2202 0 0 1101 304 304 0 0 0
50 2120 0 0 0 0 0 0 0 0
52 464 0 0 0 0 0 0 0 0
53 314 0 0 0 0 0 0 0 0
60 123 0 0 0 0 0 0 0 0
63 737 0 0 0 0 0 0 0 0
64 631 0 0 0 0 0 183 15 15
65 196 0 0 0 0 0 0 0 0
67 41 0 0 0 0 0 0 0 0
68 229 0 0 0 0 0 0 0 0
69 82 0 0 0 0 0 0 0 0
71 229 25 24 0 0 0 0 0 0
72 131 27 24 0 0 0 0 0 0
73 1754 27 24 0 0 0 877 32 32
81 41 24 24 0 0 0 0 0 0
101 97 0 0 46 0 0 5 0 0
102 205 0 0 82 0 0 41 0 0
103 205 24 24 82 0 0 41 0 0
104 205 0 0 82 0 0 41 0 0
106 205 0 0 82 0 0 41 0 0
111 205 0 0 82 0 0 41 0 0
112 193 35 24 78 1 1 37 0 0
113 205 0 0 82 0 0 41 0 0
118 82 0 0 41 0 0 0 0 0
123 123 0 0 41 0 0 0 0 0
130 82 41 24 41 0 0 0 0 0
131 164 0 0 82 0 0 0 0 0
149 82 0 0 41 0 0 0 0 0
154 6 0 0 3 0 0 3 0 0
156 3 0 0 0 0 0 0 0 0
158 3 0 0 0 0 0 0 0 0
160 3 0 0 0 0 0 0 0 0
161 6 3 3 0 0 0 3 0 0
163 82 0 0 41 0 0 0 0 0
165 15 5 1 5 0 0 5 0 0
166 5 0 0 0 0 0 0 0 0
167 4 0 0 0 0 0 2 0 0
175 15 0 0 5 0 0 0 0 0
180 5 0 0 0 0 0 0 0 0
181 9 0 0 3 0 0 3 0 0
183 82 36 23 41 0 0 0 0 0
185 1 0 0 0 0 0 1 0 0
fn=_dl_start
33 1 0 0 0 0 0 0 0 0
48 42 0 0 21 6 6 0 0 0
50 40 1 1 0 0 0 0 0 0
52 10 0 0 0 0 0 0 0 0
53 7 0 0 0 0 0 0 0 0
60 3 0 0 0 0 0 0 0 0
63 16 1 1 0 0 0 0 0 0
64 14 0 0 0 0 0 4 0 0
65 4 1 1 0 0 0 0 0 0
67 1 0 0 0 0 0 0 0 0
68 5 1 1 0 0 0 0 0 0
69 2 0 0 0 0 0 0 0 0
71 5 0 0 0 0 0 0 0 0
72 3 0 0 0 0 0 0 0 0
73 18 1 1 0 0 0 16 0 0
81 1 0 0 0 0 0 0 0 0
101 5 0 0 2 0 0 1 0 0
102 5 1 1 2 0 0 1 0 0
103 5 0 0 2 0 0 1 0 0
104 5 0 0 2 0 0 1 0 0
106 5 1 1 2 0 0 1 0 0
111 5 0 0 2 0 0 1 0 0
112 5 0 0 2 0 0 1 0 0
113 5 0 0 2 0 0 1 0 0
118 2 1 1 1 0 0 0 0 0
123 3 0 0 1 0 0 0 0 0
130 2 0 0 1 0 0 0 0 0
131 4 0 0 2 0 0 0 0 0
139 2 0 0 1 0 0 0 0 0
142 2 1 1 1 0 0 0 0 0
146 2 0 0 1 0 0 0 0 0
147 2 0 0 1 0 0 0 0 0
fn=dl_main
33 1 0 0 1 0 0 0 0 0
42 1 0 0 0 0 0 0 0 0
46 1 0 0 0 0 0 0 0 0
48 62 1 1 31 8 8 0 0 0
50 60 0 0 0 0 0 0 0 0
52 8 0 0 0 0 0 0 0 0
53 6 0 0 0 0 0 0 0 0
60 3 1 1 0 0 0 0 0 0
63 13 1 1 0 0 0 0 0 0
64 11 1 1 0 0 0 3 2 2
65 4 1 1 0 0 0 0 0 0
67 1 0 0 0 0 0 0 0 0
68 5 0 0 0 0 0 0 0 0
69 2 0 0 0 0 0 0 0 0
71 5 1 1 0 0 0 0 0 0
72 3 0 0 0 0 0 0 0 0
73 28 0 0 0 0 0 27 3 3
81 2 0 0 1 0 0 0 0 0
118 2 1 1 1 0 0 0 0 0
123 3 0 0 1 0 0 0 0 0
130 2 0 0 1 0 0 0 0 0
131 4 1 1 2 0 0 0 0 0
149 2 0 0 1 1 1 0 0 0
163 2 0 0 1 0 0 0 0 0
183 2 1 1 1 0 0 0 0 0
fl=/build/glibc-FcXrgv/glibc-2.31/elf/rtld.c
fn=_dl_start
462 2 0 0 0 0 0 1 1 1
463 9 1 1 0 0 0 7 2 2
496 166 0 0 0 0 0 0 0 0
497 1 0 0 0 0 0 0 0 0
499 83 0 0 0 0 0 83 11 11
504 1 0 0 0 0 0 1 0 0
507 1 0 0 0 0 0 1 1 1
518 1 0 0 0 0 0 0 0 0
523 23 1 1 9 0 0 2 0 0
525 3 0 0 1 1 1 1 0 0
541 3 0 0 1 0 0 0 0 0
550 5 1 0 6 2 0 0 0 0
fn=_dl_start_final
412 6 2 2 0 0 0 6 1 1
423 4 0 0 1 0 0 1 1 1
424 2 0 0 1 0 0 1 1 1
425 4 0 0 0 0 0 0 0 0
427 4 0 0 2 1 1 2 1 1
428 3 1 1 1 1 1 1 0 0
430 3 0 0 0 0 0 0 0 0
431 2 0 0 0 0 0 1 0 0
432 3 1 1 0 0 0 1 0 0
433 3 0 0 0 0 0 1 1 1
434 3 0 0 0 0 0 1 0 0
443 2 0 0 0 0 0 1 0 0
449 4 0 0 0 0 0 0 0 0
451 3 1 0 1 0 0 0 0 0
459 4 0 0 6 1 0 0 0 0
fn=dl_main
817 2 0 0 1 1 0 0 0 0
821 3 0 0 1 1 0 1 0 0
830 4 0 0 3 1 0 1 0 0
835 1 0 0 0 0 0 1 0 0
1090 14 2 2 0 0 0 16 4 4
1096 3 0 0 0 0 0 0 0 0
1099 1 0 0 0 0 0 0 0 0
1102 5 0 0 0 0 0 1 0 0
1106 3 0 0 0 0 0 1 1 1
1107 3 1 1 0 0 0 1 0 0
1112 3 0 0 0 0 0 1 0 0
1122 6 1 1 2 0 0 0 0 0
1330 10 1 1 0 0 0 1 0 0
1332 1 0 0 0 0 0 0 0 0
1333 1 0 0 0 0 0 1 1 1
1334 2 0 0 1 0 0 1 0 0
1335 3 1 1 2 0 0 1 0 0
1339 2 0 0 0 0 0 0 0 0
1340 3 0 0 1 0 0 0 0 0
1361 1 0 0 0 0 0 1 0 0
1362 1 0 0 0 0 0 1 0 0
1364 2 1 1 0 0 0 1 0 0
1366 3 0 0 1 0 0 1 0 0
1369 32 0 0 1 0 0 0 0 0
1370 75 4 4 9 5 5 0 0 0
1374 3 1 1 1 0 0 1 0 0
1375 1 0 0 0 0 0 0 0 0
1379 4 0 0 2 0 0 1 0 0
1380 1 0 0 0 0 0 0 0 0
1388 4 0 0 0 0 0 1 0 0
1389 3 0 0 2 1 1 0 0 0
1391 1 0 0 0 0 0 1 0 0
1398 2 0 0 1 0 0 0 0 0
1410 1 1 1 0 0 0 0 0 0
1416 1 0 0 0 0 0 0 0 0
1424 4 0 0 2 0 0 0 0 0
1425 8 0 0 3 1 1 0 0 0
1426 6 0 0 2 0 0 0 0 0
1427 1 1 1 0 0 0 1 0 0
1430 6 0 0 2 1 1 0 0 0
1431 4 0 0 0 0 0 0 0 0
1432 4 0 0 0 0 0 2 0 0
1433 6 0 0 2 0 0 0 0 0
1434 3 0 0 0 0 0 1 0 0
1456 2 0 0 0 0 0 0 0 0
1461 3 0 0 1 0 0 1 0 0
1462 1 0 0 0 0 0 0 0 0
1465 2 0 0 1 0 0 1 0 0
1466 2 0 0 1 0 0 1 0 0
1478 2 0 0 1 1 1 0 0 0
1481 1 0 0 0 0 0 0 0 0
1483 1 0 0 0 0 0 0 0 0
1485 3 1 1 1 0 0 0 0 0
1498 3 0 0 1 0 0 0 0 0
1499 5 0 0 2 0 0 0 0 0
1500 1 0 0 1 0 0 0 0 0
1501 3 0 0 2 0 0 0 0 0
1504 4 1 1 0 0 0 1 0 0
1506 1 0 0 0 0 0 1 1 1
1507 2 0 0 0 0 0 1 0 0
1509 2 0 0 1 0 0 0 0 0
1510 1 0 0 0 0 0 1 0 0
1514 3 0 0 1 0 0 0 0 0
1516 1 0 0 0 0 0 0 0 0
1521 2 0 0 0 0 0 0 0 0
1524 3 0 0 1 0 0 0 0 0
1549 10 1 1 1 0 0 1 0 0
1554 5 1 1 1 0 0 1 0 0
1557 6 0 0 1 0 0 1 0 0
1559 1 0 0 0 0 0 1 0 0
1564 2 0 0 1 0 0 0 0 0
1567 4 1 1 2 0 0 1 0 0
1568 5 0 0 1 0 0 1 0 0
1569 2 0 0 0 0 0 1 0 0
1570 1 0 0 0 0 0 1 0 0
1571 3 0 0 1 0 0 1 0 0
1572 3 0 0 1 0 0 1 0 0
1577 4 1 1 1 0 0 0 0 0
1578 4 1 1 1 0 0 1 0 0
1595 5 1 1 1 1 1 0 0 0
1596 3 0 0 1 0 0 0 0 0
1598 2 0 0 1 0 0 0 0 0
1600 2 1 1 0 0 0 1 0 0
1601 3 0 0 1 0 0 1 0 0
1605 2 0 0 0 0 0 0 0 0
1606 1 0 0 0 0 0 0 0 0
1607 9 0 0 1 1 1 0 0 0
1609 3 0 0 1 0 0 1 1 1
1610 2 0 0 1 0 0 1 0 0
1615 3 1 1 1 1 1 0 0 0
1620 2 0 0 0 0 0 1 0 0
1621 5 0 0 1 0 0 0 0 0
1622 4 0 0 2 0 0 1 0 0
1640 2 0 0 0 0 0 1 0 0
1648 2 1 1 1 0 0 0 0 0
1651 2 0 0 1 0 0 1 0 0
1655 3 0 0 1 0 0 0 0 0
1660 3 0 0 1 0 0 1 0 0
1661 1 0 0 0 0 0 0 0 0
1662 1 0 0 0 0 0 0 0 0
1666 3 1 1 1 0 0 0 0 0
1682 3 0 0 2 0 0 0 0 0
1684 1 0 0 0 0 0 0 0 0
1686 4 0 0 2 0 0 0 0 0
1690 6 1 1 0 0 0 0 0 0
1694 4 0 0 2 0 0 0 0 0
1709 6 1 1 0 0 0 0 0 0
1785 3 0 0 2 0 0 0 0 0
1789 14 2 2 0 0 0 1 1 0
1790 1 1 1 0 0 0 0 0 0
1793 3 0 0 0 0 0 1 0 0
1794 1 0 0 1 0 0 0 0 0
1795 1 0 0 0 0 0 0 0 0
1796 2 0 0 0 0 0 0 0 0
1805 8 0 0 1 0 0 0 0 0
1810 32 0 0 1 0 0 0 0 0
1811 43 1 1 21 0 0 10 0 0
1814 4 0 0 2 0 0 1 0 0
1815 2 0 0 1 0 0 0 0 0
1816 1 1 1 0 0 0 1 0 0
1818 26 0 0 0 0 0 0 0 0
1819 40 0 0 10 0 0 0 0 0
1829 3 1 1 0 0 0 1 0 0
1831 4 0 0 1 0 0 1 0 0
1832 2 1 1 1 1 0 0 0 0
1834 3 0 0 0 0 0 1 0 0
1836 3 0 0 0 0 0 0 0 0
1838 3 0 0 1 0 0 0 0 0
1839 1 0 0 1 0 0 0 0 0
1852 2 1 1 0 0 0 0 0 0
1853 2 0 0 0 0 0 1 0 0
1854 3 0 0 1 0 0 0 0 0
1865 4 0 0 1 0 0 1 1 1
1866 1 0 0 0 0 0 1 0 0
1867 7 1 1 0 0 0 0 0 0
1877 3 0 0 1 0 0 1 1 0
1878 2 0 0 1 0 0 0 0 0
1879 3 1 1 0 0 0 1 0 0
1881 2 1 1 1 0 0 0 0 0
1886 2 0 0 1 0 0 0 0 0
2116 2 1 1 1 1 0 0 0 0
2172 2 1 1 0 0 0 1 0 0
2176 4 0 0 2 1 0 2 0 0
2182 2 0 0 1 0 0 1 1 0
2185 1 0 0 0 0 0 0 0 0
2217 3 1 1 1 0 0 0 0 0
2239 5 1 1 1 0 0 0 0 0
2242 3 0 0 1 0 0 1 0 0
2246 2 0 0 1 0 0 0 0 0
2247 31 0 0 0 0 0 0 0 0
2249 20 1 1 20 3 0 0 0 0
2254 20 0 0 20 9 0 0 0 0
2256 13 1 1 1 1 0 0 0 0
2258 2 1 1 0 0 0 1 0 0
2259 1 0 0 1 0 0 0 0 0
2262 30 0 0 10 1 0 10 0 0
2264 35 0 0 10 2 0 2 0 0
2265 63 0 0 18 8 0 0 0 0
2269 23 0 0 11 2 0 0 0 0
2270 4 0 0 0 0 0 0 0 0
2278 3 0 0 1 1 0 0 0 0
2280 1 0 0 0 0 0 0 0 0
2283 5 0 0 2 1 0 0 0 0
2285 4 1 1 1 0 0 1 0 0
2292 3 0 0 1 0 0 0 0 0
2295 3 0 0 1 1 0 0 0 0
2304 6 0 0 2 1 0 0 0 0
2306 4 1 1 1 0 0 0 0 0
2319 3 0 0 1 1 0 1 0 0
2320 6 0 0 1 1 0 0 0 0
2330 1 0 0 0 0 0 0 0 0
2334 3 0 0 1 0 0 0 0 0
2355 4 0 0 0 0 0 0 0 0
2356 1 0 0 0 0 0 1 0 0
2357 1 0 0 0 0 0 0 0 0
2358 1 0 0 0 0 0 0 0 0
2362 1 0 0 0 0 0 0 0 0
2367 9 1 1 12 2 1 0 0 0
2533 3 0 0 1 0 0 1 1 1
2535 1 0 0 0 0 0 1 0 0
2536 1 0 0 0 0 0 0 0 0
2540 7 0 0 1 0 0 1 0 0
2542 9 0 0 3 0 0 0 0 0
2544 2 0 0 0 0 0 0 0 0
2546 86 1 1 21 0 0 0 0 0
2547 19 0 0 0 0 0 0 0 0
2549 4 0 0 0 0 0 0 0 0
2555 13 3 3 0 0 0 0 0 0
2576 5 1 1 1 0 0 0 0 0
2583 11 2 2 2 0 0 0 0 0
2585 3 0 0 0 0 0 1 0 0
2586 1 0 0 0 0 0 0 0 0
2631 2 1 1 1 0 0 0 0 0
2632 12 1 1 2 0 0 0 0 0
2634 3 0 0 0 0 0 1 0 0
2635 1 0 0 0 0 0 0 0 0
2639 7 2 2 0 0 0 1 0 0
2667 4 0 0 0 0 0 0 0 0
2674 8 0 0 0 0 0 0 0 0
2704 4 1 1 1 0 0 0 0 0
2736 5 0 0 1 0 0 0 0 0
fn=do_preload
768 7 1 1 0 0 0 6 0 0
774 1 0 0 0 0 0 2 0 0
775 1 0 0 0 0 0 1 0 0
776 2 0 0 0 0 0 1 0 0
778 3 0 0 1 0 0 0 0 0
780 7 1 1 0 0 0 0 0 0
781 2 1 0 1 0 0 0 0 0
789 3 0 0 1 0 0 0 0 0
795 4 0 0 6 0 0 0 0 0
fn=dso_name_valid_for_suid
167 4 1 1 0 0 0 4 0 0
168 3 0 0 1 0 0 0 0 0
176 3 0 0 1 0 0 0 0 0
177 4 0 0 4 0 0 0 0 0
fn=handle_preload_list
858 7 1 1 0 0 0 6 2 2
859 4 1 1 0 0 0 2 0 0
863 5 0 0 2 0 0 0 0 0
866 8 0 0 0 0 0 1 0 0
867 3 1 1 0 0 0 0 0 0
869 4 1 1 0 0 0 0 0 0
870 2 0 0 0 0 0 1 0 0
876 1 0 0 0 0 0 0 0 0
877 4 0 0 1 0 0 0 0 0
880 2 0 0 0 0 0 0 0 0
881 6 0 0 0 0 0 0 0 0
884 9 0 0 9 0 0 0 0 0
fn=init_tls
699 4 1 1 0 0 0 5 0 0
701 4 0 0 1 0 0 1 0 0
705 2 1 1 1 1 0 0 0 0
711 1 0 0 0 0 0 0 0 0
714 1 0 0 0 0 0 1 0 0
715 3 0 0 0 0 0 0 0 0
716 1 0 0 0 0 0 0 0 0
720 1 0 0 0 0 0 0 0 0
721 1 0 0 0 0 0 1 0 0
722 1 0 0 0 0 0 1 0 0
726 2 0 0 1 1 1 0 0 0
727 2 0 0 0 0 0 0 0 0
728 12 1 1 1 0 0 0 0 0
729 10 0 0 10 0 0 0 0 0
730 30 0 0 10 9 0 0 0 0
734 4 0 0 0 0 0 1 0 0
736 1 0 0 0 0 0 0 0 0
738 2 0 0 0 0 0 0 0 0
741 1 0 0 0 0 0 0 0 0
748 1 1 1 0 0 0 0 0 0
749 1 0 0 0 0 0 0 0 0
755 3 0 0 1 0 0 1 0 0
758 1 0 0 0 0 0 0 0 0
761 3 0 0 0 0 0 1 0 0
764 4 0 0 5 0 0 0 0 0
fn=map_doit
606 4 2 2 0 0 0 3 1 1
608 3 0 0 1 0 0 0 0 0
609 6 1 0 2 0 0 1 0 0
611 3 0 0 3 0 0 0 0 0
fn=rtld_lock_default_lock_recursive
802 27 1 1 9 1 1 9 0 0
803 9 0 0 0 0 0 0 0 0
fn=rtld_lock_default_unlock_recursive
808 27 0 0 9 0 0 9 0 0
809 9 0 0 0 0 0 0 0 0
fn=version_check_doit
639 4 2 2 0 0 0 3 0 0
641 6 0 0 2 0 0 0 0 0
645 3 0 0 3 0 0 0 0 0
fl=/build/glibc-FcXrgv/glibc-2.31/iconv/../iconv/loop.c
fn=__gconv_transform_ascii_internal
301 264 0 0 0 0 0 0 0 0
309 444 0 0 0 0 0 0 0 0
322 568 0 0 0 0 0 0 0 0
323 218 0 0 0 0 0 0 0 0
336 1918 3 3 346 0 0 90 2 2
340 132 1 1 0 0 0 132 0 0
fn=__gconv_transform_internal_utf8
301 3 0 0 0 0 0 0 0 0
303 3 0 0 0 0 0 6 0 0
309 26 0 0 0 0 0 0 0 0
314 14 0 0 0 0 0 0 0 0
315 7 0 0 0 0 0 0 0 0
322 14 3 2 0 0 0 0 0 0
336 81 0 0 21 0 0 27 0 0
340 3 0 0 0 0 0 3 0 0
fn=__gconv_transform_utf8_internal
301 2448 0 0 0 0 0 0 0 0
309 65888 0 0 0 0 0 0 0 0
322 65888 0 0 0 0 0 0 0 0
323 31720 612 199 0 0 0 0 0 0
336 223264 612 198 31720 0 0 31720 1174 380
340 1224 612 197 0 0 0 1224 0 0
fl=/build/glibc-FcXrgv/glibc-2.31/iconv/../iconv/skeleton.c
fn=__gconv_transform_ascii_internal
399 2244 2 2 264 0 0 1452 0 0
400 132 0 0 0 0 0 0 0 0
401 132 0 0 0 0 0 0 0 0
402 132 0 0 0 0 0 0 0 0
405 264 0 0 132 0 0 0 0 0
417 132 1 1 0 0 0 0 0 0
513 528 0 0 132 0 0 264 0 0
514 132 0 0 132 0 0 0 0 0
518 132 0 0 0 0 0 132 0 0
519 660 0 0 0 0 0 132 0 0
602 132 0 0 132 0 0 0 0 0
609 396 1 1 132 0 0 0 0 0
647 132 0 0 0 0 0 0 0 0
654 396 0 0 264 0 0 132 0 0
658 132 0 0 0 0 0 0 0 0
661 132 0 0 0 0 0 132 0 0
665 528 1 1 264 0 0 132 0 0
667 264 0 0 264 0 0 0 0 0
676 264 0 0 0 0 0 132 0 0
813 1848 1 1 1716 0 0 0 0 0
fn=__gconv_transform_internal_utf8
399 57 6 6 6 0 0 42 3 0
400 3 0 0 0 0 0 0 0 0
401 3 0 0 0 0 0 0 0 0
402 3 0 0 0 0 0 0 0 0
405 6 0 0 3 0 0 0 0 0
417 3 0 0 0 0 0 0 0 0
511 3 0 0 3 0 0 0 0 0
513 9 2 2 3 0 0 0 0 0
514 3 0 0 3 0 0 0 0 0
518 3 0 0 0 0 0 3 0 0
519 12 0 0 0 0 0 3 0 0
556 3 0 0 0 0 0 0 0 0
559 12 6 4 6 0 0 0 0 0
647 6 0 0 3 0 0 0 0 0
654 9 3 2 6 0 0 3 0 0
658 3 0 0 0 0 0 0 0 0
661 3 0 0 0 0 0 3 0 0
665 21 3 2 6 0 0 3 0 0
676 21 3 2 0 0 0 9 0 0
789 9 0 0 0 0 0 0 0 0
813 45 5 4 45 0 0 0 0 0
fn=__gconv_transform_utf8_internal
399 22032 1224 400 2448 0 0 15912 1435 411
400 1224 0 0 0 0 0 0 0 0
401 1224 0 0 0 0 0 0 0 0
402 1224 0 0 0 0 0 0 0 0
405 2448 0 0 1224 0 0 0 0 0
417 1224 612 200 0 0 0 0 0 0
511 1224 0 0 1224 0 0 0 0 0
513 3672 0 0 1224 0 0 0 0 0
514 1224 0 0 1224 0 0 0 0 0
518 1224 0 0 0 0 0 2448 82 24
519 3672 0 0 0 0 0 0 0 0
556 1224 0 0 0 0 0 0 0 0
559 4896 1224 396 2448 0 0 0 0 0
647 1224 0 0 0 0 0 0 0 0
654 3672 0 0 2448 0 0 1224 0 0
658 1224 0 0 0 0 0 0 0 0
661 1224 0 0 0 0 0 1224 0 0
665 4896 612 201 2448 0 0 1224 0 0
667 1224 0 0 0 0 0 0 0 0
676 3672 0 0 0 0 0 1224 0 0
789 3672 612 198 0 0 0 0 0 0
813 18360 1224 398 18360 0 0 0 0 0
fl=/build/glibc-FcXrgv/glibc-2.31/iconv/../sysdeps/unix/sysv/linux/not-cancel.h
fn=__gconv_load_cache
60 2 0 0 0 0 0 0 0 0
fl=/build/glibc-FcXrgv/glibc-2.31/iconv/gconv_builtin.c
fn=__gconv_get_builtin_trans
63 40 2 2 9 3 0 12 0 0
66 29 0 0 0 0 0 0 0 0
67 33 0 0 0 0 0 0 0 0
72 10 1 1 2 0 0 2 0 0
73 4 0 0 2 0 0 2 0 0
75 2 0 0 0 0 0 4 0 0
77 2 0 0 0 0 0 4 0 0
79 2 0 0 2 0 0 0 0 0
80 4 0 0 2 0 0 4 0 0
81 2 0 0 2 0 0 0 0 0
82 4 1 1 2 0 0 4 0 0
85 2 0 0 0 0 0 2 0 0
86 8 0 0 12 0 0 0 0 0
fl=/build/glibc-FcXrgv/glibc-2.31/iconv/gconv_cache.c
fn=__gconv_compare_alias_cache
228 48 4 2 12 0 0 30 0 0
232 18 0 0 6 0 0 0 0 0
235 42 0 0 0 0 0 12 0 0
236 24 6 1 0 0 0 0 0 0
239 30 6 1 24 0 0 6 0 0
242 54 0 0 42 0 0 0 0 0
fn=__gconv_load_cache
49 8 1 1 2 0 0 5 0 0
56 5 0 0 0 0 0 1 1 0
57 1 0 0 0 0 0 0 0 0
61 6 1 1 0 0 0 0 0 0
62 2 0 0 0 0 0 0 0 0
67 5 0 0 0 0 0 0 0 0
70 4 1 1 1 0 0 2 0 0
78 3 0 0 0 0 0 1 1 0
80 7 0 0 0 0 0 1 0 0
81 2 0 0 0 0 0 0 0 0
113 2 0 0 1 0 0 0 0 0
114 5 1 1 1 1 1 0 0 0
115 4 0 0 2 0 0 0 0 0
116 3 0 0 1 0 0 0 0 0
117 2 0 0 1 0 0 0 0 0
118 2 1 1 0 0 0 0 0 0
119 1 0 0 0 0 0 0 0 0
121 3 0 0 1 0 0 0 0 0
122 4 0 0 3 0 0 0 0 0
139 1 0 0 0 0 0 0 0 0
140 9 1 1 7 0 0 0 0 0
fn=__gconv_lookup_cache
248 20 2 1 4 0 0 18 0 0
258 6 0 0 2 0 0 0 0 0
263 12 0 0 4 1 0 2 0 0
264 2 0 0 0 0 0 0 0 0
265 12 0 0 2 0 0 8 0 0
267 6 1 1 0 0 0 0 0 0
268 20 0 0 6 0 0 0 0 0
271 4 1 1 0 0 0 0 0 0
273 10 1 1 0 0 0 0 0 0
274 18 1 1 6 0 0 0 0 0
277 6 0 0 0 0 0 2 0 0
280 4 0 0 2 0 0 0 0 0
284 6 0 0 0 0 0 0 0 0
359 4 1 1 1 1 1 0 0 0
360 7 0 0 4 0 0 0 0 0
366 9 1 1 0 0 0 3 0 0
367 5 2 2 3 0 0 0 0 0
370 2 0 0 0 0 0 2 0 0
371 5 0 0 0 0 0 2 0 0
376 2 0 0 1 0 0 0 0 0
377 4 0 0 1 0 0 2 1 1
379 2 0 0 0 0 0 1 0 0
380 1 0 0 0 0 0 1 1 1
383 5 1 1 2 0 0 0 0 0
399 6 0 0 1 0 0 1 0 0
402 3 0 0 1 0 0 1 0 0
406 5 0 0 5 0 0 0 0 0
410 1 0 0 0 0 0 0 0 0
411 3 0 0 1 0 0 2 0 0
413 2 0 0 0 0 0 1 0 0
414 1 0 0 0 0 0 1 1 1
417 7 1 1 4 0 0 0 0 0
435 3 0 0 0 0 0 0 0 0
438 6 0 0 5 0 0 1 0 0
442 24 0 0 22 0 0 0 0 0
fn=find_module_idx
145 144 11 2 0 0 0 192 0 0
154 48 0 0 16 0 0 0 0 0
155 16 0 0 16 2 0 0 0 0
157 16 0 0 16 0 0 0 0 0
159 16 0 0 0 0 0 0 0 0
160 64 0 0 16 0 0 0 0 0
161 64 7 1 0 0 0 0 0 0
163 48 0 0 32 0 0 0 0 0
164 144 7 1 32 8 4 0 0 0
165 64 0 0 0 0 0 0 0 0
166 160 0 0 0 0 0 0 0 0
168 32 0 0 16 0 0 16 0 0
172 32 0 0 0 0 0 0 0 0
173 64 0 0 0 0 0 0 0 0
177 112 3 1 192 0 0 0 0 0
fl=/build/glibc-FcXrgv/glibc-2.31/iconv/gconv_conf.c
fn=__gconv_load_conf
618 128 10 2 32 0 0 0 0 0
fn=__gconv_read_conf
539 13 2 2 2 0 0 13 0 0
542 6 0 0 2 0 0 3 0 0
546 2 0 0 0 0 0 0 0 0
549 1 0 0 0 0 0 1 0 0
604 15 1 1 15 0 0 0 0 0
fl=/build/glibc-FcXrgv/glibc-2.31/iconv/gconv_db.c
fn=__gconv_compare_alias
704 66 2 1 12 0 0 42 0 0
708 6 0 0 0 0 0 0 0 0
710 36 2 1 6 0 0 0 0 0
715 60 0 0 54 0 0 0 0 0
fn=__gconv_find_transform
722 32 1 1 4 0 0 22 0 0
728 2 0 0 0 0 0 0 0 0
731 14 1 1 0 0 0 0 0 0
733 14 1 1 0 0 0 0 0 0
734 4 0 0 0 0 0 0 0 0
737 12 1 1 0 0 0 0 0 0
779 26 2 2 26 0 0 0 0 0
fl=/build/glibc-FcXrgv/glibc-2.31/iconv/gconv_simple.c
fn=__gconv_btwoc_ascii
50 128 0 0 0 0 0 0 0 0
52 128 1 1 0 0 0 0 0 0
55 256 0 0 0 0 0 0 0 0
fl=/build/glibc-FcXrgv/glibc-2.31/intl/../include/../locale/localeinfo.h
fn=__dcigettext
206 3672 612 201 612 612 196 0 0 0
fl=/build/glibc-FcXrgv/glibc-2.31/intl/../string/argz.h
fn=_nl_make_l10nflist
136 10 0 0 0 0 0 0 0 0
138 18 0 0 0 0 0 5 0 0
139 20 0 0 0 0 0 0 0 0
141 15 0 0 5 0 0 0 0 0
144 15 1 1 0 0 0 0 0 0
fl=/build/glibc-FcXrgv/glibc-2.31/intl/dcgettext.c
fn=dcgettext
47 3060 1224 394 0 0 0 0 0 0
fl=/build/glibc-FcXrgv/glibc-2.31/intl/dcigettext.c
fn=__dcigettext
485 9792 1224 397 1224 0 0 9792 1936 692
494 612 0 0 0 0 0 612 98 24
508 612 0 0 0 0 0 0 0 0
512 3060 612 199 0 0 0 0 0 0
521 3672 0 0 1224 0 0 1836 138 47
525 8568 612 197 2448 546 194 0 0 0
528 6732 612 197 1836 0 0 612 0 0
534 2448 612 198 612 612 200 0 0 0
544 612 0 0 0 0 0 612 0 0
545 612 0 0 0 0 0 612 0 0
546 612 0 0 0 0 0 612 0 0
547 612 0 0 0 0 0 612 51 23
551 1836 0 0 0 0 0 612 0 0
560 612 0 0 0 0 0 612 0 0
567 7344 612 200 3060 0 0 0 0 0
569 4896 0 0 612 0 0 612 0 0
571 6120 612 201 2448 0 0 0 0 0
573 1224 0 0 612 0 0 0 0 0
601 3060 612 199 1224 1177 198 0 0 0
616 1836 612 197 0 0 0 0 0 0
650 3060 0 0 0 0 0 612 0 0
651 11016 1224 400 0 0 0 1836 0 0
655 6732 0 0 612 0 0 1224 0 0
660 9792 1224 398 0 0 0 612 0 0
669 1836 0 0 612 0 0 0 0 0
671 612 0 0 0 0 0 0 0 0
683 2448 612 198 612 0 0 0 0 0
684 612 0 0 0 0 0 612 0 0
685 612 0 0 0 0 0 612 0 0
689 3672 0 0 1836 1201 396 612 0 0
696 3060 612 198 1224 0 0 0 0 0
697 1224 612 198 0 0 0 0 0 0
709 3060 0 0 0 0 0 612 0 0
716 612 0 0 0 0 0 0 0 0
833 1224 612 199 612 0 0 0 0 0
835 7956 612 197 3060 0 0 0 0 0
837 4896 0 0 1836 0 0 0 0 0
852 1836 0 0 1836 0 0 612 0 0
856 3060 612 196 1224 0 0 0 0 0
857 9792 612 197 9180 0 0 0 0 0
1539 1836 0 0 0 0 0 0 0 0
1568 3060 612 200 1224 611 182 0 0 0
fl=/build/glibc-FcXrgv/glibc-2.31/intl/explodename.c
fn=_nl_explode_name
46 120 6 1 12 0 0 6 0 0
47 12 0 0 0 0 0 0 0 0
58 30 1 1 0 0 0 30 0 0
62 6 0 0 0 0 0 6 0 0
63 6 0 0 0 0 0 6 0 0
64 6 1 1 0 0 0 6 0 0
65 6 0 0 0 0 0 6 0 0
69 12 0 0 0 0 0 0 0 0
70 6 0 0 0 0 0 6 0 0
73 18 0 0 6 0 0 0 0 0
91 12 0 0 0 0 0 0 0 0
94 18 6 1 0 0 0 18 0 0
95 12 0 0 0 0 0 6 0 0
97 156 3 1 36 0 0 6 0 0
98 30 0 0 0 0 0 0 0 0
102 12 0 0 0 0 0 0 0 0
104 42 6 1 6 0 0 18 0 0
106 6 0 0 0 0 0 0 0 0
108 30 0 0 12 0 0 0 0 0
111 42 6 1 30 0 0 0 0 0
116 12 0 0 0 0 0 0 0 0
126 12 2 1 6 0 0 0 0 0
129 18 0 0 12 0 0 0 0 0
130 18 6 1 0 0 0 0 0 0
133 30 0 0 30 0 0 0 0 0
fl=/build/glibc-FcXrgv/glibc-2.31/intl/hash-string.c
fn=__hash_string
38 276 3 1 130 1 1 0 0 0
41 342 3 1 0 0 0 0 0 0
42 98 0 0 0 0 0 0 0 0
46 294 0 0 0 0 0 0 0 0
50 16 0 0 0 0 0 0 0 0
fl=/build/glibc-FcXrgv/glibc-2.31/intl/l10nflist.c
fn=_nl_make_l10nflist
73 28 1 1 0 0 0 0 0 0
74 108 1 1 0 0 0 0 0 0
76 24 0 0 0 0 0 0 0 0
77 24 0 0 0 0 0 0 0 0
78 12 0 0 0 0 0 0 0 0
79 12 1 1 0 0 0 0 0 0
96 36 0 0 0 0 0 0 0 0
98 24 0 0 0 0 0 0 0 0
100 12 0 0 0 0 0 0 0 0
101 24 2 1 0 0 0 0 0 0
102 24 0 0 0 0 0 0 0 0
157 180 3 2 0 0 0 168 0 0
166 48 1 1 0 0 0 0 0 0
167 48 0 0 0 0 0 0 0 0
169 36 2 1 0 0 0 0 0 0
171 84 0 0 8 0 0 12 0 0
173 84 2 1 8 0 0 12 0 0
175 60 0 0 0 0 0 12 0 0
176 36 0 0 12 0 0 0 0 0
178 12 0 0 0 0 0 0 0 0
185 48 0 0 0 0 0 24 0 0
188 36 0 0 0 0 0 12 0 0
189 36 0 0 0 0 0 0 0 0
191 12 0 0 0 0 0 0 0 0
194 1 0 0 0 0 0 0 0 0
196 36 3 1 12 0 0 0 0 0
198 16 4 1 0 0 0 8 0 0
199 40 4 1 8 0 0 0 0 0
201 24 0 0 12 0 0 0 0 0
203 16 0 0 0 0 0 8 0 0
204 40 0 0 8 0 0 0 0 0
206 24 0 0 12 0 0 0 0 0
212 24 0 0 0 0 0 12 0 0
213 36 0 0 12 0 0 0 0 0
217 12 0 0 0 0 0 0 0 0
218 90 3 1 40 4 1 12 0 0
219 52 0 0 26 1 0 0 0 0
221 52 0 0 0 0 0 0 0 0
222 52 0 0 0 0 0 0 0 0
225 35 0 0 0 0 0 0 0 0
235 10 0 0 5 0 0 0 0 0
237 16 0 0 0 0 0 0 0 0
238 8 0 0 16 0 0 0 0 0
242 20 1 1 0 0 0 0 0 0
245 4 0 0 0 0 0 0 0 0
251 12 0 0 0 0 0 4 1 1
255 4 0 0 0 0 0 4 0 0
256 20 2 2 0 0 0 0 0 0
257 4 1 1 0 0 0 0 0 0
258 4 0 0 0 0 0 4 0 0
260 4 0 0 0 0 0 0 0 0
262 6 0 0 3 0 0 3 0 0
263 9 0 0 3 0 0 3 0 0
267 2 0 0 1 0 0 1 0 0
268 1 0 0 0 0 0 1 0 0
275 12 0 0 0 0 0 0 0 0
276 30 1 1 0 0 0 0 0 0
277 12 0 0 0 0 0 0 0 0
280 5 1 1 0 0 0 0 0 0
284 5 0 0 0 0 0 0 0 0
285 94 1 1 40 0 0 28 1 1
290 24 0 0 4 0 0 0 0 0
300 8 0 0 0 0 0 4 0 0
302 4 0 0 8 0 0 0 0 0
303 96 1 1 120 0 0 0 0 0
fn=_nl_normalize_codeset
311 24 2 1 0 0 0 24 0 0
312 12 0 0 0 0 0 0 0 0
313 12 0 0 0 0 0 0 0 0
323 180 0 0 0 0 0 48 0 0
324 300 2 1 132 10 3 0 0 0
326 108 0 0 0 0 0 0 0 0
328 60 0 0 0 0 0 0 0 0
329 96 0 0 0 0 0 0 0 0
332 48 1 1 0 0 0 0 0 0
334 12 0 0 0 0 0 0 0 0
341 204 0 0 48 0 0 0 0 0
342 240 0 0 120 0 0 0 0 0
343 216 0 0 48 3 2 36 0 0
344 108 1 1 0 0 0 0 0 0
345 24 0 0 0 0 0 12 0 0
347 12 0 0 0 0 0 12 0 0
351 24 0 0 24 0 0 0 0 0
fl=/build/glibc-FcXrgv/glibc-2.31/intl/localealias.c
fn=_nl_expand_alias
150 42 2 1 0 0 0 60 0 0
153 6 0 0 0 0 0 0 0 0
156 48 0 0 0 0 0 0 0 0
158 18 6 1 6 0 0 0 0 0
159 4 1 1 0 0 0 1 0 0
167 31 0 0 13 0 0 0 0 0
185 22 4 1 7 1 1 0 0 0
189 5 1 1 0 0 0 0 0 0
190 7 0 0 0 0 0 0 0 0
193 52 1 1 17 1 1 0 0 0
194 17 0 0 0 0 0 0 0 0
195 17 0 0 0 0 0 0 0 0
197 2 0 0 0 0 0 0 0 0
198 3 1 1 0 0 0 1 0 0
203 42 0 0 0 0 0 0 0 0
206 42 1 0 60 0 0 0 0 0
407 6 0 0 0 0 0 0 0 0
fn=read_alias_file
211 13 2 2 2 0 0 13 0 0
217 13 0 0 0 0 0 1 0 0
219 10 1 1 2 1 1 2 0 0
229 5 0 0 0 0 0 0 0 0
234 1 0 0 0 0 0 0 0 0
235 2 1 1 0 0 0 0 0 0
381 16 2 2 15 0 0 0 0 0
fl=/build/glibc-FcXrgv/glibc-2.31/io/../sysdeps/posix/isatty.c
fn=isatty
24 6848 856 809 1712 32 0 3424 0 0
27 3424 856 847 0 0 0 0 0 0
28 6848 0 0 4280 0 0 0 0 0
fl=/build/glibc-FcXrgv/glibc-2.31/io/../sysdeps/unix/syscall-template.S
fn=chdir
78 8 2 2 0 0 0 0 0 0
79 2 0 0 0 0 0 0 0 0
fn=dup
78 12 3 1 0 0 0 0 0 0
79 3 3 1 0 0 0 0 0 0
fn=pipe2
78 8 2 2 0 0 0 0 0 0
79 2 0 0 0 0 0 0 0 0
fl=/build/glibc-FcXrgv/glibc-2.31/io/../sysdeps/unix/sysv/linux/access.c
fn=access
25 1 1 1 0 0 0 0 0 0
29 10 0 0 0 0 0 1 0 0
31 1 0 0 0 0 0 0 0 0
fl=/build/glibc-FcXrgv/glibc-2.31/io/../sysdeps/unix/sysv/linux/close.c
fn=close
26 2565 1708 1699 0 0 0 3420 0 0
27 12637 807 804 855 162 0 0 0 0
28 3420 0 0 3420 0 0 0 0 0
fl=/build/glibc-FcXrgv/glibc-2.31/io/../sysdeps/unix/sysv/linux/close_nocancel.c
fn=__GI___close_nocancel
26 250 50 48 0 0 0 0 0 0
27 50 0 0 0 0 0 0 0 0
fn=__close_nocancel
26 1055 210 194 0 0 0 0 0 0
27 211 0 0 0 0 0 0 0 0
fl=/build/glibc-FcXrgv/glibc-2.31/io/../sysdeps/unix/sysv/linux/fcntl64.c
fn=fcntl
38 27 4 4 6 0 0 18 0 0
42 24 0 0 0 0 0 15 0 0
48 9 0 0 0 0 0 0 0 0
51 9 2 2 0 0 0 0 0 0
52 30 2 2 21 0 0 0 0 0
fl=/build/glibc-FcXrgv/glibc-2.31/io/../sysdeps/unix/sysv/linux/fcntl_nocancel.c
fn=__fcntl64_nocancel_adjusted
51 24 4 4 6 0 0 9 0 0
52 6 0 0 0 0 0 0 0 0
64 15 0 0 0 0 0 0 0 0
65 24 0 0 15 0 0 0 0 0
fl=/build/glibc-FcXrgv/glibc-2.31/io/../sysdeps/unix/sysv/linux/generic/lxstat.c
fn=_lxstat
35 1 1 1 0 0 0 0 0 0
36 6 0 0 0 0 0 0 0 0
40 1 0 0 0 0 0 0 0 0
fl=/build/glibc-FcXrgv/glibc-2.31/io/../sysdeps/unix/sysv/linux/generic/readlink.c
fn=readlink
28 6 2 2 0 0 0 0 0 0
29 33 2 2 2 2 0 2 1 0
30 3 0 0 0 0 0 0 0 0
fl=/build/glibc-FcXrgv/glibc-2.31/io/../sysdeps/unix/sysv/linux/generic/xstat.c
fn=_xstat
35 3999 3981 965 0 0 0 0 0 0
36 27702 607 189 612 3 0 621 516 3
40 3999 0 0 0 0 0 0 0 0
fl=/build/glibc-FcXrgv/glibc-2.31/io/../sysdeps/unix/sysv/linux/getcwd.c
fn=getcwd
47 168 14 14 28 26 0 126 0 0
53 14 0 0 0 0 0 0 0 0
64 42 14 14 0 0 0 0 0 0
78 70 14 14 0 0 0 0 0 0
79 126 0 0 28 1 1 0 0 0
82 14 14 14 0 0 0 0 0 0
86 42 14 14 0 0 0 0 0 0
129 168 14 14 154 0 0 0 0 0
fl=/build/glibc-FcXrgv/glibc-2.31/io/../sysdeps/unix/sysv/linux/lseek64.c
fn=lseek
36 10272 2617 1689 5 0 0 5 1 0
38 1707 0 0 0 0 0 0 0 0
fl=/build/glibc-FcXrgv/glibc-2.31/io/../sysdeps/unix/sysv/linux/open64.c
fn=open
37 10248 854 852 1708 1692 426 5978 1 1
40 5119 853 833 0 0 0 0 0 0
43 7 1 1 1 0 0 5 0 0
48 15814 1613 1556 3276 845 314 2422 1 0
50 9394 854 805 6832 1 0 0 0 0
fl=/build/glibc-FcXrgv/glibc-2.31/io/../sysdeps/unix/sysv/linux/open64_nocancel.c
fn=__open_nocancel
34 2434 243 217 426 406 68 928 17 4
37 1734 210 192 0 0 0 0 0 0
45 1577 49 39 4 0 0 30 0 0
47 1856 0 0 1065 0 0 0 0 0
fl=/build/glibc-FcXrgv/glibc-2.31/io/../sysdeps/unix/sysv/linux/pread64_nocancel.c
fn=__pread64_nocancel
30 25 0 0 0 0 0 0 0 0
31 5 0 0 0 0 0 0 0 0
fl=/build/glibc-FcXrgv/glibc-2.31/io/../sysdeps/unix/sysv/linux/read.c
fn=read
25 8500 853 848 0 0 0 10200 0 0
26 26642 853 848 1700 65 0 0 0 0
27 11714 804 803 10200 0 0 0 0 0
fl=/build/glibc-FcXrgv/glibc-2.31/io/../sysdeps/unix/sysv/linux/read_nocancel.c
fn=__read_nocancel
26 215 83 49 0 0 0 0 0 0
27 43 0 0 0 0 0 0 0 0
fl=/build/glibc-FcXrgv/glibc-2.31/io/../sysdeps/unix/sysv/linux/wordsize-64/fxstat.c
fn=_fxstat
33 3930 1101 1066 0 0 0 0 0 0
34 1965 1066 1043 0 0 0 0 0 0
35 9825 24 24 0 0 0 0 0 0
39 1965 0 0 0 0 0 0 0 0
fl=/build/glibc-FcXrgv/glibc-2.31/io/../sysdeps/unix/sysv/linux/write.c
fn=write
25 25 5 5 0 0 0 30 0 0
26 80 10 10 5 4 1 0 0 0
27 35 0 0 30 0 0 0 0 0
fl=/build/glibc-FcXrgv/glibc-2.31/libio/../libio/libioP.h
fn=_IO_seekoff_unlocked
941 20 2 2 0 0 0 0 0 0
943 4 0 0 0 0 0 0 0 0
944 8 0 0 0 0 0 0 0 0
fn=ftello
884 1 1 1 0 0 0 0 0 0
fl=/build/glibc-FcXrgv/glibc-2.31/libio/filedoalloc.c
fn=_IO_file_doallocate
78 30 3 3 6 0 0 21 0 0
84 24 3 3 9 3 3 0 0 0
86 12 3 3 3 1 1 0 0 0
97 15 0 0 3 0 0 0 0 0
98 3 3 3 0 0 0 0 0 0
101 9 0 0 0 0 0 0 0 0
102 3 0 0 0 0 0 0 0 0
104 12 0 0 0 0 0 0 0 0
105 3 0 0 0 0 0 0 0 0
106 30 0 0 27 0 0 0 0 0
fl=/build/glibc-FcXrgv/glibc-2.31/libio/fileno.c
fn=fileno
35 44 14 10 22 12 12 0 0 0
42 11 0 0 0 0 0 0 0 0
fl=/build/glibc-FcXrgv/glibc-2.31/libio/fileops.c
fn=_IO_file_close
1168 6 3 3 3 0 0 0 0 0
fn=_IO_file_close_it@@GLIBC_2.17
129 9 3 3 0 0 0 12 0 0
131 9 0 0 3 0 0 0 0 0
134 6 0 0 0 0 0 0 0 0
135 15 3 3 3 0 0 3 0 0
138 3 0 0 0 0 0 0 0 0
140 6 0 0 0 0 0 0 0 0
142 3 0 0 3 0 0 0 0 0
143 21 0 0 6 2 0 0 0 0
146 9 0 0 3 0 0 0 0 0
154 15 3 3 0 0 0 0 0 0
155 3 0 0 0 0 0 6 0 0
156 6 0 0 0 0 0 12 0 0
158 6 3 3 0 0 0 0 0 0
159 9 0 0 0 0 0 3 0 0
160 6 0 0 0 0 0 3 0 0
161 9 0 0 3 0 0 3 0 0
163 6 0 0 0 0 0 0 0 0
164 12 0 0 12 0 0 0 0 0
fn=_IO_file_finish@@GLIBC_2.17
169 12 3 3 0 0 0 12 0 0
170 9 0 0 3 0 0 0 0 0
176 9 3 3 0 0 0 0 0 0
177 6 1 0 12 0 0 0 0 0
fn=_IO_file_fopen@@GLIBC_2.17
214 60 12 8 12 0 0 42 0 0
215 12 0 0 0 0 0 0 0 0
223 18 0 0 6 0 0 0 0 0
224 6 0 0 0 0 0 0 0 0
225 30 5 4 6 2 2 0 0 0
228 6 0 0 0 0 0 0 0 0
229 6 6 4 0 0 0 0 0 0
238 6 0 0 0 0 0 0 0 0
246 10 2 2 0 0 0 0 0 0
248 89 9 7 11 0 0 0 0 0
268 6 2 2 2 0 0 2 0 0
269 2 0 0 0 0 0 0 0 0
271 2 0 0 0 0 0 0 0 0
272 6 0 0 2 0 0 2 0 0
273 2 0 0 0 0 0 0 0 0
281 30 4 2 0 0 0 0 0 0
284 6 0 0 0 0 0 0 0 0
287 12 1 1 0 0 0 0 0 0
288 3 0 0 0 0 0 0 0 0
357 66 5 4 54 0 0 0 0 0
fn=_IO_file_open
183 54 11 8 0 0 0 30 0 0
185 12 0 0 6 0 0 0 0 0
186 6 0 0 0 0 0 0 0 0
189 8 0 0 0 0 0 0 0 0
190 6 0 0 0 0 0 0 0 0
191 3 0 0 0 0 0 0 0 0
192 3 0 0 0 0 0 3 0 0
193 21 0 0 3 0 0 3 0 0
196 9 3 3 0 0 0 0 0 0
206 6 3 3 0 0 0 0 0 0
207 3 0 0 0 0 0 0 0 0
208 24 0 0 30 0 0 0 0 0
fn=_IO_file_read
1133 2 1 1 0 0 0 0 0 0
1134 22 5 3 12 0 0 0 0 0
fn=_IO_file_seek
1141 6 2 2 3 0 0 0 0 0
fn=_IO_file_seekoff@@GLIBC_2.17
843 3 1 1 1 0 0 0 0 0
847 4 1 1 2 0 0 0 0 0
849 1 0 0 2 0 0 0 0 0
851 1 0 0 1 0 0 0 0 0
856 3 0 0 0 0 0 0 0 0
866 3 1 1 1 0 0 0 0 0
867 4 0 0 2 0 0 2 0 0
880 4 2 2 0 0 0 0 0 0
883 6 0 0 2 1 1 0 0 0
885 3 1 1 2 0 0 0 0 0
890 4 0 0 0 0 0 0 0 0
901 40 2 2 8 1 0 28 0 0
909 8 2 2 0 0 0 4 0 0
914 2 0 0 0 0 0 0 0 0
915 12 0 0 8 0 0 4 0 0
918 10 2 2 2 0 0 0 0 0
930 4 0 0 2 0 0 0 0 0
943 6 2 2 0 0 0 0 0 0
947 3 1 1 2 0 0 0 0 0
949 3 0 0 1 0 0 0 0 0
976 2 1 1 0 0 0 0 0 0
981 4 2 2 2 0 0 0 0 0
998 6 0 0 0 0 0 0 0 0
1002 3 0 0 2 0 0 0 0 0
1003 1 0 0 0 0 0 0 0 0
1004 3 1 1 0 0 0 0 0 0
1007 2 1 1 0 0 0 0 0 0
1009 6 0 0 2 0 0 0 0 0
1010 1 0 0 0 0 0 0 0 0
1012 1 0 0 0 0 0 0 0 0
1023 6 1 1 0 0 0 0 0 0
1027 4 1 1 1 0 0 2 0 0
1029 2 0 0 0 0 0 4 0 0
1030 1 0 0 0 0 0 1 0 0
1031 3 0 0 1 0 0 1 0 0
1032 4 1 1 4 0 0 0 0 0
1035 2 1 1 0 0 0 0 0 0
1036 6 1 1 2 0 0 0 0 0
1037 2 0 0 0 0 0 0 0 0
1039 5 0 0 5 0 0 1 0 0
1040 1 0 0 0 0 0 1 0 0
1041 2 0 0 1 0 0 2 0 0
1042 2 0 0 0 0 0 4 0 0
1055 40 2 2 36 0 0 0 0 0
fn=_IO_file_stat
1147 3 3 3 0 0 0 0 0 0
1148 12 0 0 3 0 0 0 0 0
fn=_IO_file_sync@@GLIBC_2.17
793 32 1 1 0 0 0 32 0 0
798 24 1 1 16 2 1 0 0 0
800 8 0 0 16 0 0 0 0 0
801 16 0 0 0 0 0 0 0 0
812 24 1 1 0 0 0 8 0 0
816 24 0 0 32 0 0 0 0 0
fn=_IO_file_underflow@@GLIBC_2.17
462 24 5 4 0 0 0 24 0 0
466 12 0 0 6 0 0 0 0 0
469 6 0 0 0 0 0 0 0 0
475 18 5 3 12 0 0 0 0 0
478 30 0 0 6 0 0 36 0 0
481 2 1 1 1 0 0 0 0 0
486 3 1 1 1 0 0 0 0 0
490 19 0 0 0 0 0 0 0 0
506 12 0 0 0 0 0 0 0 0
512 6 0 0 6 0 0 0 0 0
513 6 0 0 0 0 0 12 0 0
514 6 0 0 0 0 0 12 0 0
515 6 0 0 0 0 0 12 0 0
517 36 5 3 18 2 0 0 0 0
519 12 0 0 0 0 0 0 0 0
521 1 1 0 1 0 0 0 0 0
522 4 1 1 0 0 0 1 0 0
526 15 0 0 5 0 0 5 0 0
532 2 0 0 0 0 0 1 0 0
533 4 0 0 6 0 0 0 0 0
535 15 0 0 5 0 0 0 0 0
536 4 0 0 0 0 0 2 0 0
537 25 4 3 40 1 0 0 0 0
538 18 0 0 24 0 0 0 0 0
fn=_IO_file_xsgetn
1273 117 2 2 0 0 0 117 0 0
1280 26 2 2 13 0 0 0 0 0
1283 4 2 2 2 0 0 0 0 0
1288 6 0 0 0 0 0 0 0 0
1291 29 2 2 0 0 0 0 0 0
1293 32 0 0 32 0 0 0 0 0
1294 32 2 2 0 0 0 0 0 0
1296 39 0 0 0 0 0 0 0 0
1297 52 2 2 13 0 0 13 0 0
1302 3 0 0 0 0 0 0 0 0
1310 6 0 0 3 0 0 0 0 0
1319 6 0 0 3 0 0 0 0 0
1320 12 0 0 3 0 0 0 0 0
1322 12 2 2 0 0 0 0 0 0
1361 78 0 0 117 0 0 0 0 0
fn=_IO_new_file_init_internal
107 24 11 8 0 0 0 24 0 0
111 12 0 0 0 0 0 6 0 0
112 24 0 0 6 0 0 6 0 0
114 6 0 0 0 0 0 0 0 0
115 6 0 0 0 0 0 6 0 0
116 18 0 0 24 0 0 0 0 0
fl=/build/glibc-FcXrgv/glibc-2.31/libio/fseek.c
fn=fseek
32 8 2 2 0 0 0 7 0 0
35 2 0 0 1 0 0 0 0 0
36 7 1 1 0 0 0 0 0 0
39 6 0 0 7 0 0 0 0 0
fl=/build/glibc-FcXrgv/glibc-2.31/libio/ftello.c
fn=ftello
38 5 1 1 0 0 0 5 0 0
41 2 1 1 1 0 0 0 0 0
42 6 1 1 0 0 0 0 0 0
43 3 0 0 1 0 0 0 0 0
49 2 1 1 0 0 0 0 0 0
61 5 0 0 5 0 0 0 0 0
fl=/build/glibc-FcXrgv/glibc-2.31/libio/genops.c
fn=_IO_cleanup
786 14 1 1 4 0 0 0 0 0
787 19 1 1 2 0 0 2 0 0
790 10 0 0 4 0 0 2 0 0
799 9 0 0 3 0 0 0 0 0
801 4 0 0 2 0 0 0 0 0
831 5 1 1 5 0 0 0 0 0
838 6 0 0 0 0 0 3 0 0
842 10 1 1 0 0 0 2 0 0
843 10 1 1 3 0 0 0 0 0
863 10 2 2 2 2 0 9 0 0
866 3 0 0 0 0 0 0 0 0
878 12 0 0 11 0 0 0 0 0
fn=_IO_default_finish
54 6 0 0 3 0 0 0 0 0
601 12 3 3 0 0 0 9 0 0
603 6 3 3 3 0 0 0 0 0
609 6 0 0 3 0 0 0 0 0
612 6 0 0 3 0 0 0 0 0
624 9 3 2 9 0 0 0 0 0
fn=_IO_default_uflow
361 12 3 2 0 0 0 12 0 0
362 12 3 2 6 0 0 0 0 0
363 6 0 0 0 0 0 0 0 0
365 8 0 0 4 0 0 2 0 0
366 9 0 0 12 0 0 0 0 0
fn=_IO_default_xsputn
371 52600 1179 681 0 0 0 47340 2058 184
374 11396 1198 647 0 0 0 0 0 0
375 6136 1230 531 0 0 0 0 0 0
379 19801 2344 784 10520 0 0 0 0 0
381 5260 0 0 0 0 0 0 0 0
382 10520 0 0 0 0 0 0 0 0
384 10520 0 0 0 0 0 0 0 0
386 4956 95 3 0 0 0 1239 0 0
387 1239 0 0 0 0 0 0 0 0
389 4021 0 0 0 0 0 0 0 0
393 39603 0 0 0 0 0 0 0 0
394 26402 0 0 13201 9 1 13201 410 14
395 12063 0 0 0 0 0 4021 0 0
397 10520 0 0 0 0 0 0 0 0
399 5260 0 0 0 0 0 0 0 0
403 5260 1114 609 0 0 0 0 0 0
404 37696 0 0 47340 0 0 0 0 0
fn=_IO_doallocbuf
343 12 3 3 0 0 0 12 0 0
344 6 0 0 3 0 0 0 0 0
346 9 3 3 3 0 0 3 0 0
347 18 0 0 6 2 2 0 0 0
350 12 3 3 15 0 0 0 0 0
fn=_IO_enable_locks
521 4 1 1 1 1 0 0 0 0
523 2 0 0 0 0 0 1 0 0
524 5 1 0 0 0 0 0 0 0
525 9 0 0 3 3 3 3 0 0
526 1 0 0 0 0 0 0 0 0
1067 2 0 0 1 1 0 0 0 0
1081 3 0 0 3 1 1 0 0 0
fn=_IO_flush_all_lockp
686 12 2 2 2 0 0 11 0 0
687 2 0 0 0 0 0 0 0 0
691 14 1 1 4 1 0 0 0 0
692 19 1 1 2 1 0 2 0 0
695 12 1 1 7 4 2 0 0 0
697 6 1 1 0 0 0 3 0 0
698 3 0 0 0 0 0 0 0 0
701 18 2 2 9 6 2 0 0 0
709 3 1 1 0 0 0 0 0 0
711 6 0 0 0 0 0 3 0 0
715 9 1 1 0 0 0 2 0 0
716 10 0 0 3 0 0 0 0 0
720 13 0 0 13 0 0 0 0 0
fn=_IO_free_backup_area
187 4 1 1 0 0 0 3 0 0
188 2 0 0 1 0 0 0 0 0
190 2 0 0 1 0 0 0 0 0
192 1 0 0 0 0 0 1 0 0
193 1 0 0 0 0 0 2 0 0
194 3 0 0 3 0 0 0 0 0
fn=_IO_link_in
87 90 10 8 18 1 0 63 2 2
88 18 0 0 9 0 0 0 0 0
90 12 0 0 0 0 0 6 0 0
92 90 6 4 24 3 1 12 0 0
93 114 5 4 12 0 0 12 0 0
94 6 0 0 0 0 0 6 0 0
95 96 11 8 30 0 0 12 0 0
97 24 0 0 12 5 3 6 0 0
98 6 0 0 0 0 0 6 0 0
100 60 0 0 6 0 0 12 0 0
101 12 6 4 0 0 0 6 0 0
102 60 6 4 6 0 0 12 0 0
103 60 6 4 18 0 0 0 0 0
106 96 0 0 93 0 0 0 0 0
fn=_IO_list_lock
1094 3 1 1 0 0 0 4 0 0
1096 21 1 1 3 1 1 3 0 0
1098 3 0 0 4 0 0 0 0 0
fn=_IO_list_unlock
1103 3 0 0 0 0 0 3 0 0
1105 12 1 1 1 0 0 2 0 0
1107 3 1 1 3 0 0 0 0 0
fn=_IO_no_init
563 29800 1328 651 0 0 0 22350 635 3
564 3725 1185 656 0 0 0 0 0 0
565 3725 0 0 0 0 0 3725 512 2
566 3725 0 0 0 0 0 0 0 0
568 6 0 0 0 0 0 6 0 0
570 6 0 0 0 0 0 12 0 0
573 6 0 0 0 0 0 12 5 4
574 6 0 0 0 0 0 12 0 0
576 6 0 0 0 0 0 12 0 0
578 6 0 0 0 0 0 12 5 4
579 6 0 0 0 0 0 6 0 0
581 6 0 0 0 0 0 6 4 3
586 7438 1192 212 0 0 0 3719 0 0
587 3725 0 0 0 0 0 3725 0 0
588 14900 0 0 22350 0 0 0 0 0
fn=_IO_old_init
532 11175 0 0 0 0 0 3725 618 1
534 7450 1343 566 3725 1100 586 0 0 0
535 14900 0 0 0 0 0 3725 0 0
537 3725 0 0 0 0 0 7450 14 1
540 3725 0 0 0 0 0 7450 66 0
541 3725 0 0 0 0 0 7450 241 1
543 3725 0 0 0 0 0 7450 481 6
544 3725 0 0 0 0 0 3725 0 0
547 3725 0 0 0 0 0 7450 23 0
549 3725 0 0 0 0 0 7450 0 0
550 3725 0 0 0 0 0 3725 0 0
555 7450 0 0 3725 0 0 0 0 0
556 6 0 0 0 0 0 12 5 4
558 3725 0 0 0 0 0 0 0 0
fn=_IO_setb
329 33525 2328 703 3725 0 0 22350 419 1
330 7453 0 0 3725 0 0 0 0 0
331 9 1 0 3 0 0 0 0 0
333 3725 0 0 0 0 0 7450 0 0
335 18625 1708 752 0 0 0 3725 0 0
338 14900 0 0 22350 0 0 0 0 0
fn=_IO_sgetn
409 39 2 2 0 0 0 39 0 0
411 52 2 2 26 1 1 0 0 0
412 26 0 0 39 0 0 0 0 0
fn=_IO_sputbackc
635 4 1 1 0 0 0 4 0 0
638 4 1 1 2 0 0 0 0 0
639 3 0 0 1 0 0 0 0 0
641 3 1 1 0 0 0 1 0 0
647 1 0 0 0 0 0 0 0 0
648 3 0 0 1 0 0 1 0 0
651 3 0 0 4 0 0 0 0 0
fn=_IO_switch_to_get_mode
164 24 10 6 0 0 0 24 0 0
165 24 0 0 12 0 0 0 0 0
168 12 5 3 6 0 0 0 0 0
172 12 0 0 6 0 0 6 0 0
173 18 0 0 6 0 0 0 0 0
176 6 0 0 0 0 0 6 0 0
178 12 0 0 0 0 0 12 0 0
180 12 5 3 0 0 0 6 0 0
181 6 0 0 0 0 0 0 0 0
182 18 0 0 24 0 0 0 0 0
fn=_IO_un_link
54 24 1 1 9 0 0 0 0 0
82 3 0 0 0 0 0 0 0 0
fn=_IO_unsave_markers
962 8 3 3 4 0 0 0 0 0
967 8 0 0 4 0 0 0 0 0
969 4 0 0 0 0 0 0 0 0
fn=__GI__IO_un_link.part.0
52 66 11 8 12 0 0 54 0 0
58 84 5 4 24 3 0 0 0 0
59 114 5 4 12 1 1 12 0 0
60 6 0 0 0 0 0 6 0 0
61 93 4 3 26 2 1 10 0 0
63 23 1 1 11 1 1 0 0 0
65 18 7 5 6 1 0 0 0 0
66 6 5 4 0 0 0 6 0 0
74 12 0 0 0 0 0 6 0 0
76 57 8 6 10 0 0 10 0 0
77 12 1 1 0 0 0 6 0 0
78 60 4 3 6 0 0 12 0 0
79 60 5 4 18 0 0 0 0 0
82 66 0 0 66 0 0 0 0 0
fn=__uflow
299 12 3 2 0 0 0 12 0 0
300 12 3 2 3 1 0 0 0 0
305 6 0 0 3 0 0 0 0 0
308 9 0 0 6 0 0 0 0 0
310 6 0 0 3 0 0 0 0 0
316 6 3 2 3 2 0 0 0 0
321 6 3 2 3 0 0 0 0 0
323 15 0 0 6 3 1 0 0 0
324 6 0 0 12 0 0 0 0 0
fn=__underflow
269 12 2 2 0 0 0 12 0 0
270 12 1 1 3 0 0 2 0 0
275 6 0 0 3 0 0 0 0 0
278 9 0 0 6 0 0 0 0 0
280 6 2 2 3 0 0 0 0 0
286 6 0 0 3 0 0 0 0 0
291 6 2 2 3 0 0 0 0 0
293 15 0 0 6 0 0 0 0 0
294 6 0 0 12 0 0 0 0 0
fl=/build/glibc-FcXrgv/glibc-2.31/libio/getc.c
fn=getc
34 5 1 1 0 0 0 5 0 0
37 2 0 0 1 1 0 0 0 0
38 4 1 1 2 1 0 0 0 0
43 3 1 1 5 0 0 0 0 0
fl=/build/glibc-FcXrgv/glibc-2.31/libio/iofclose.c
fn=fclose@@GLIBC_2.17
34 18 3 3 0 0 0 21 0 0
48 6 0 0 3 1 0 0 0 0
49 3 3 3 0 0 0 0 0 0
51 40 2 2 13 0 0 4 0 0
52 6 1 1 0 0 0 0 0 0
53 18 3 3 3 0 0 0 0 0
57 15 3 3 6 1 0 0 0 0
58 9 0 0 3 0 0 0 0 0
71 6 0 0 3 0 0 0 0 0
76 18 0 0 21 0 0 0 0 0
fl=/build/glibc-FcXrgv/glibc-2.31/libio/iofflush.c
fn=fflush
32 40 0 0 0 0 0 40 0 0
33 8 1 1 0 0 0 0 0 0
39 144 1 1 40 7 6 16 0 0
40 48 0 0 16 3 3 0 0 0
44 40 0 0 40 0 0 0 0 0
fl=/build/glibc-FcXrgv/glibc-2.31/libio/iofgets.c
fn=fgets
32 4 1 1 0 0 0 5 0 0
37 4 0 0 0 0 0 2 0 0
39 3 1 1 0 0 0 0 0 0
47 20 1 1 6 0 0 2 0 0
51 1 0 0 0 0 0 0 0 0
52 2 0 0 0 0 0 1 0 0
53 8 0 0 1 0 0 0 0 0
56 2 1 1 0 0 0 0 0 0
57 1 1 1 0 0 0 0 0 0
60 3 1 1 1 0 0 1 0 0
63 2 0 0 0 0 0 1 0 0
66 5 0 0 5 0 0 0 0 0
fl=/build/glibc-FcXrgv/glibc-2.31/libio/iofopen.c
fn=__fopen_internal
37 6 3 3 3 0 0 0 0 0
57 48 6 4 0 0 0 42 0 0
65 12 0 0 0 0 0 0 0 0
67 6 0 0 0 0 0 0 0 0
70 12 0 0 0 0 0 6 5 4
72 48 6 4 0 0 0 0 0 0
73 18 0 0 0 0 0 6 0 0
74 12 0 0 0 0 0 0 0 0
75 36 0 0 0 0 0 0 0 0
78 6 3 1 0 0 0 0 0 0
79 6 0 0 0 0 0 0 0 0
80 3 0 0 0 0 0 0 0 0
81 36 3 3 42 0 0 0 0 0
fn=fopen@@GLIBC_2.17
86 12 6 4 0 0 0 0 0 0
fl=/build/glibc-FcXrgv/glibc-2.31/libio/iofread.c
fn=fread
31 3 1 1 0 0 0 4 0 0
32 1 0 0 0 0 0 0 0 0
35 1 0 0 0 0 0 0 0 0
37 25 2 2 5 0 0 7 0 0
38 5 0 0 0 0 0 0 0 0
40 3 1 1 0 0 0 0 0 0
41 7 0 0 9 0 0 0 0 0
fl=/build/glibc-FcXrgv/glibc-2.31/libio/iofread_u.c
fn=fread_unlocked
34 36 1 1 0 0 0 48 0 0
35 12 0 0 0 0 0 0 0 0
38 12 0 0 0 0 0 0 0 0
40 72 1 1 0 0 0 12 0 0
41 48 0 0 12 0 0 0 0 0
42 60 0 0 48 0 0 0 0 0
fl=/build/glibc-FcXrgv/glibc-2.31/libio/ioftell.c
fn=ftell
34 5 1 1 0 0 0 5 0 0
37 18 2 2 5 1 0 2 0 0
38 6 0 0 0 0 0 0 0 0
39 3 0 0 1 0 0 0 0 0
45 2 0 0 0 0 0 0 0 0
57 5 0 0 5 0 0 0 0 0
fl=/build/glibc-FcXrgv/glibc-2.31/libio/iogetline.c
fn=_IO_getline
34 2 1 1 0 0 0 0 0 0
fn=_IO_getline_info
49 12 1 1 0 0 0 10 0 0
51 1 0 0 0 0 0 0 0 0
53 2 1 1 1 0 0 0 0 0
54 3 1 1 0 0 0 1 0 0
55 5 0 0 0 0 0 2 0 0
57 4 0 0 4 0 0 0 0 0
58 6 0 0 0 0 0 0 0 0
60 3 1 1 0 0 0 0 0 0
61 2 0 0 0 0 0 0 0 0
67 2 0 0 0 0 0 0 0 0
77 3 0 0 0 0 0 1 0 0
78 1 0 0 0 0 0 0 0 0
85 7 1 1 0 0 0 0 0 0
86 1 0 0 0 0 0 0 0 0
88 1 1 1 0 0 0 0 0 0
89 1 0 0 0 0 0 0 0 0
90 2 0 0 0 0 0 0 0 0
92 1 0 0 0 0 0 0 0 0
94 1 0 0 0 0 0 0 0 0
96 4 0 0 0 0 0 0 0 0
97 1 0 0 0 0 0 1 0 0
98 2 0 0 2 0 0 0 0 0
100 3 0 0 0 0 0 0 0 0
103 1 0 0 0 0 0 0 0 0
107 6 0 0 10 0 0 0 0 0
fl=/build/glibc-FcXrgv/glibc-2.31/libio/iopadn.c
fn=_IO_padn
37 108 18 2 18 0 0 81 14 0
41 18 9 1 0 0 0 0 0 0
44 18 0 0 0 0 0 0 0 0
46 18 0 0 0 0 0 0 0 0
47 27 9 1 0 0 0 0 0 0
54 18 0 0 0 0 0 0 0 0
62 18 9 1 0 0 0 0 0 0
64 54 0 0 18 0 0 0 0 0
65 9 0 0 0 0 0 0 0 0
67 9 0 0 0 0 0 0 0 0
68 108 0 0 99 0 0 0 0 0
fl=/build/glibc-FcXrgv/glibc-2.31/libio/ioseekoff.c
fn=_IO_seekoff_unlocked
33 36 2 2 0 0 0 28 0 0
34 8 2 2 0 0 0 0 0 0
43 14 1 1 4 0 0 0 0 0
59 32 0 0 8 1 1 0 0 0
60 16 1 1 28 0 0 0 0 0
fl=/build/glibc-FcXrgv/glibc-2.31/libio/ioungetc.c
fn=ungetc
31 4 1 1 0 0 0 4 0 0
34 2 0 0 0 0 0 0 0 0
36 4 1 1 1 0 0 2 0 0
37 4 1 1 2 0 0 0 0 0
42 2 0 0 4 0 0 0 0 0
fl=/build/glibc-FcXrgv/glibc-2.31/libio/iovsprintf.c
fn=__vsprintf_internal
72 38640 2100 1450 4830 0 0 24150 1363 3
77 2415 0 0 0 0 0 2415 655 0
79 16905 0 0 0 0 0 0 0 0
87 14490 1067 803 0 0 0 0 0 0
91 19320 0 0 0 0 0 2415 0 0
95 21735 1014 725 9660 0 0 9660 0 0
97 4830 0 0 2415 0 0 2415 0 0
99 26565 1014 724 26565 0 0 0 0 0
fl=/build/glibc-FcXrgv/glibc-2.31/libio/libioP.h
fn=_IO_cleanup
941 7 1 1 0 0 0 2 0 0
fn=_IO_default_uflow
941 15 0 0 0 0 0 0 0 0
943 3 0 0 0 0 0 0 0 0
944 6 0 0 0 0 0 0 0 0
fn=_IO_default_xsputn
941 26300 0 0 0 0 0 0 0 0
fn=_IO_doallocbuf
941 15 0 0 0 0 0 0 0 0
943 3 0 0 0 0 0 0 0 0
944 6 3 3 0 0 0 0 0 0
fn=_IO_file_close_it@@GLIBC_2.17
941 15 0 0 0 0 0 0 0 0
943 3 0 0 0 0 0 0 0 0
944 6 3 3 0 0 0 0 0 0
fn=_IO_file_doallocate
941 15 0 0 0 0 0 0 0 0
943 3 0 0 0 0 0 0 0 0
944 6 0 0 0 0 0 0 0 0
fn=_IO_file_seekoff@@GLIBC_2.17
941 5 1 1 0 0 0 0 0 0
943 3 0 0 0 0 0 0 0 0
944 6 0 0 0 0 0 0 0 0
fn=_IO_file_underflow@@GLIBC_2.17
885 36 10 6 0 0 0 0 0 0
943 6 0 0 0 0 0 0 0 0
944 12 0 0 0 0 0 0 0 0
fn=_IO_file_xsgetn
941 65 0 0 0 0 0 0 0 0
fn=_IO_flush_all_lockp
941 6 0 0 0 0 0 2 0 0
fn=_IO_padn
941 45 0 0 0 0 0 0 0 0
943 9 0 0 0 0 0 0 0 0
944 18 0 0 0 0 0 0 0 0
fn=_IO_sgetn
941 65 0 0 0 0 0 0 0 0
943 13 0 0 0 0 0 0 0 0
944 26 0 0 0 0 0 0 0 0
fn=__uflow
941 15 0 0 0 0 0 0 0 0
943 3 0 0 0 0 0 0 0 0
944 6 0 0 0 0 0 0 0 0
fn=__underflow
941 15 0 0 0 0 0 0 0 0
943 3 0 0 0 0 0 0 0 0
944 6 0 0 0 0 0 0 0 0
fn=fclose@@GLIBC_2.17
857 30 3 3 9 4 4 0 0 0
863 6 0 0 0 0 0 0 0 0
884 3 3 3 0 0 0 0 0 0
885 25 2 2 6 0 0 5 0 0
941 15 0 0 0 0 0 0 0 0
943 3 0 0 0 0 0 0 0 0
944 6 0 0 0 0 0 0 0 0
fn=fflush
884 16 0 0 8 0 0 0 0 0
885 80 1 1 16 0 0 16 0 0
941 40 1 1 0 0 0 0 0 0
943 8 0 0 0 0 0 0 0 0
944 16 0 0 0 0 0 0 0 0
fn=fgets
884 3 0 0 2 0 0 0 0 0
885 10 0 0 2 0 0 2 0 0
fn=fread
884 2 0 0 1 0 0 0 0 0
885 10 1 1 2 0 0 2 0 0
fn=fseek
884 2 1 1 1 0 0 0 0 0
fn=ftell
884 1 1 1 0 0 0 0 0 0
885 13 1 1 2 0 0 2 0 0
fn=rewind
884 1 0 0 0 0 0 0 0 0
885 10 1 1 2 0 0 2 0 0
fl=/build/glibc-FcXrgv/glibc-2.31/libio/rewind.c
fn=rewind
32 5 2 2 0 0 0 5 0 0
34 18 1 1 5 0 0 2 0 0
35 5 0 0 0 0 0 0 0 0
36 3 0 0 1 0 0 1 0 0
38 4 0 0 5 0 0 0 0 0
fl=/build/glibc-FcXrgv/glibc-2.31/libio/strops.c
fn=_IO_str_init_static_internal
36 26033 1301 612 0 0 0 22314 0 0
40 3719 0 0 0 0 0 0 0 0
42 3719 1269 494 0 0 0 0 0 0
43 7438 0 0 0 0 0 0 0 0
46 18595 1206 566 0 0 0 0 0 0
48 3719 0 0 0 0 0 7438 0 0
50 3719 0 0 0 0 0 3719 0 0
51 3719 0 0 0 0 0 0 0 0
54 3719 0 0 0 0 0 7438 0 0
55 3719 0 0 0 0 0 3719 0 0
64 3719 0 0 0 0 0 3719 0 0
65 14876 0 0 22314 0 0 0 0 0
fl=/build/glibc-FcXrgv/glibc-2.31/libio/vsnprintf.c
fn=__vsnprintf_internal
95 18256 2499 68 2608 64 7 13040 200 4
99 1304 0 0 0 0 0 1304 38 1
104 5216 0 0 0 0 0 0 0 0
110 7824 0 0 0 0 0 0 0 0
111 3912 0 0 0 0 0 1304 12 0
112 1304 0 0 0 0 0 1304 23 11
113 6520 276 34 0 0 0 0 0 0
114 11736 0 0 5216 0 0 5216 0 0
116 5216 1285 35 1304 0 0 0 0 0
117 2608 0 0 1304 0 0 1304 0 0
119 15648 0 0 15648 0 0 0 0 0
fl=/build/glibc-FcXrgv/glibc-2.31/libio/vtables.c
fn=check_stdfiles_vtables
84 7 1 1 2 2 0 0 0 0
85 5 1 1 2 1 0 0 0 0
86 5 0 0 2 1 0 0 0 0
88 1 0 0 0 0 0 0 0 0
fl=/build/glibc-FcXrgv/glibc-2.31/locale/../iconv/gconv_charset.h
fn=_nl_find_locale
59 12 0 0 0 0 0 0 0 0
61 162 0 0 78 0 0 0 0 0
63 150 1 1 12 0 0 0 0 0
64 672 7 2 60 0 0 0 0 0
65 240 0 0 60 8 4 60 0 0
75 120 8 2 0 0 0 0 0 0
76 72 6 1 0 0 0 24 0 0
78 12 0 0 0 0 0 12 0 0
86 480 3 1 192 1 1 96 0 0
fl=/build/glibc-FcXrgv/glibc-2.31/locale/../sysdeps/unix/sysv/linux/not-cancel.h
fn=_nl_load_locale
60 2 0 0 0 0 0 0 0 0
fl=/build/glibc-FcXrgv/glibc-2.31/locale/findlocale.c
fn=_nl_find_locale
66 166 0 0 12 0 0 0 0 0
75 18 2 1 0 0 0 0 0 0
78 12 0 0 0 0 0 0 0 0
82 42 0 0 0 0 0 0 0 0
85 12 0 0 0 0 0 0 0 0
87 6 0 0 0 0 0 0 0 0
88 54 2 1 18 0 0 0 0 0
96 30 0 0 0 0 0 0 0 0
104 954 5 2 106 0 0 636 0 0
107 106 0 0 53 0 0 53 0 0
115 106 0 0 53 0 0 0 0 0
119 200 2 1 0 0 0 50 0 0
121 150 4 1 0 0 0 50 0 0
123 184 0 0 0 0 0 46 0 0
124 4 0 0 4 0 0 0 0 0
125 230 0 0 0 0 0 46 0 0
132 216 0 0 0 0 0 0 0 0
133 30 0 0 0 0 0 0 0 0
137 94 0 0 0 0 0 47 0 0
138 188 0 0 47 2 0 0 0 0
146 12 0 0 6 0 0 6 0 0
150 6 0 0 0 0 0 0 0 0
153 24 1 0 0 0 0 0 0 0
154 6 0 0 0 0 0 0 0 0
159 18 1 1 6 0 0 6 0 0
160 6 0 0 0 0 0 0 0 0
168 12 6 1 0 0 0 0 0 0
169 6 0 0 0 0 0 0 0 0
179 18 0 0 6 0 0 6 0 0
182 102 5 2 0 0 0 6 0 0
197 42 0 0 0 0 0 0 0 0
199 12 2 1 0 0 0 0 0 0
205 90 1 1 30 0 0 18 0 0
211 6 0 0 0 0 0 0 0 0
215 14 1 1 5 0 0 3 0 0
220 1 0 0 0 0 0 0 0 0
226 6 0 0 0 0 0 0 0 0
227 18 6 1 6 0 0 0 0 0
229 12 0 0 6 0 0 0 0 0
232 12 0 0 6 0 0 0 0 0
235 24 0 0 6 1 0 0 0 0
237 12 6 1 6 0 0 0 0 0
238 3 0 0 0 0 0 0 0 0
239 36 6 1 12 0 0 0 0 0
244 6 0 0 0 0 0 6 0 0
257 12 0 0 6 0 0 0 0 0
281 18 0 0 12 1 1 0 0 0
282 12 1 1 0 0 0 0 0 0
283 6 0 0 0 0 0 0 0 0
286 96 1 1 0 0 0 6 0 0
289 96 8 2 0 0 0 6 0 0
292 24 0 0 6 0 0 0 0 0
302 12 0 0 6 0 0 0 0 0
306 4 0 0 1 0 0 0 0 0
307 1 0 0 0 0 0 0 0 0
308 23 0 0 7 0 0 0 0 0
309 6 0 0 0 0 0 0 0 0
311 3 0 0 0 0 0 1 0 0
315 12 0 0 6 0 0 0 0 0
320 18 0 0 6 0 0 0 0 0
322 3 0 0 0 0 0 1 0 0
325 795 3 2 742 0 0 0 0 0
fl=/build/glibc-FcXrgv/glibc-2.31/locale/freelocale.c
fn=freelocale
37 84 21 2 0 0 0 0 0 0
41 21 21 2 0 0 0 0 0 0
fl=/build/glibc-FcXrgv/glibc-2.31/locale/lc-ctype.c
fn=_nl_postload_ctype
38 27 0 0 9 0 0 0 0 0
57 9 0 0 0 0 0 0 0 0
58 9 0 0 0 0 0 18 0 0
59 18 0 0 9 3 0 0 0 0
60 9 0 0 0 0 0 9 0 0
61 18 3 1 18 2 0 0 0 0
65 54 2 1 18 1 0 0 0 0
67 27 0 0 9 3 0 9 0 0
69 27 0 0 9 0 0 9 0 0
71 27 0 0 9 0 0 9 0 0
110 9 0 0 0 0 0 0 0 0
fl=/build/glibc-FcXrgv/glibc-2.31/locale/loadarchive.c
fn=_nl_load_locale_from_archive
134 90 3 2 12 0 0 84 0 0
135 6 0 0 6 0 0 0 0 0
153 12 0 0 0 0 0 0 0 0
159 24 0 0 6 1 0 0 0 0
169 18 3 1 0 0 0 0 0 0
170 30 0 0 6 0 0 0 0 0
172 30 2 1 0 0 0 0 0 0
173 30 2 1 0 0 0 0 0 0
174 6 0 0 0 0 0 0 0 0
175 12 0 0 0 0 0 0 0 0
176 24 0 0 0 0 0 0 0 0
181 18 0 0 0 0 0 0 0 0
182 18 2 1 0 0 0 0 0 0
183 90 4 1 0 0 0 6 0 0
184 54 0 0 0 0 0 0 0 0
189 18 0 0 0 0 0 0 0 0
194 24 2 1 6 0 0 0 0 0
202 2 1 1 0 0 0 1 0 0
205 5 0 0 0 0 0 0 0 0
206 2 0 0 0 0 0 0 0 0
265 10 0 0 5 0 0 0 0 0
499 90 3 1 90 0 0 0 0 0
fl=/build/glibc-FcXrgv/glibc-2.31/locale/loadlocale.c
fn=_nl_intern_locale_data
69 7 1 1 0 0 0 6 0 0
79 2 1 1 0 0 0 0 0 0
80 12 1 1 1 1 1 0 0 0
87 9 0 0 2 1 1 2 0 0
89 2 0 0 0 0 0 0 0 0
90 1 0 0 0 0 0 0 0 0
98 2 1 1 0 0 0 0 0 0
99 1 0 0 0 0 0 0 0 0
100 1 0 0 0 0 0 0 0 0
104 1 0 0 0 0 0 2 1 1
105 1 0 0 0 0 0 2 0 0
107 1 0 0 0 0 0 1 0 0
109 1 0 0 0 0 0 1 0 0
110 271 0 0 2 0 0 0 0 0
112 178 0 0 89 5 5 0 0 0
113 178 1 1 0 0 0 0 0 0
124 890 1 1 0 0 0 0 0 0
144 89 1 1 0 0 0 0 0 0
148 264 0 0 0 0 0 0 0 0
151 347 1 1 172 8 8 0 0 0
152 139 0 0 0 0 0 69 7 7
155 40 0 0 0 0 0 0 0 0
157 80 0 0 20 6 6 20 3 3
163 4 1 1 6 0 0 0 0 0
fn=_nl_load_locale
167 15 2 2 2 0 0 13 0 0
175 2 0 0 0 0 0 1 0 0
176 1 0 0 0 0 0 1 0 0
178 3 0 0 1 0 0 0 0 0
179 1 0 0 0 0 0 0 0 0
183 7 1 1 0 0 0 0 0 0
189 4 0 0 1 0 0 0 0 0
214 4 0 0 2 0 0 0 0 0
224 8 1 1 1 0 0 0 0 0
226 2 0 0 0 0 0 0 0 0
263 1 0 0 0 0 0 0 0 0
267 4 0 0 1 0 0 0 0 0
268 2 1 1 0 0 0 0 0 0
279 1 0 0 0 0 0 1 0 0
280 1 0 0 0 0 0 1 0 0
282 1 0 0 0 0 0 1 0 0
283 14 1 1 15 0 0 0 0 0
fl=/build/glibc-FcXrgv/glibc-2.31/locale/localeinfo.h
fn=_nl_find_locale
206 286 2 1 56 2 1 0 0 0
fn=new_composite_name
206 84 0 0 72 0 0 0 0 0
fl=/build/glibc-FcXrgv/glibc-2.31/locale/localename.c
fn=__current_locale_name
25 6120 612 197 2448 399 197 0 0 0
26 2448 0 0 1224 612 198 0 0 0
fl=/build/glibc-FcXrgv/glibc-2.31/locale/newlocale.c
fn=newlocale
44 352 40 6 44 29 0 286 7 2
56 44 0 0 0 0 0 0 0 0
57 2 1 1 0 0 0 0 0 0
60 63 0 0 0 0 0 0 0 0
64 22 0 0 0 0 0 0 0 0
67 88 20 3 0 0 0 0 0 0
73 88 0 0 0 0 0 0 0 0
74 127 21 2 42 20 1 0 0 0
76 22 22 3 0 0 0 0 0 0
278 352 42 6 330 0 0 0 0 0
fl=/build/glibc-FcXrgv/glibc-2.31/locale/nl_langinfo.c
fn=nl_langinfo
31 15 2 1 6 0 0 0 0 0
fl=/build/glibc-FcXrgv/glibc-2.31/locale/nl_langinfo_l.c
fn=nl_langinfo_l
32 3 0 0 0 0 0 0 0 0
33 3 0 0 0 0 0 0 0 0
36 9 0 0 0 0 0 0 0 0
42 9 3 1 0 0 0 0 0 0
58 3 0 0 3 0 0 0 0 0
61 9 0 0 3 0 0 0 0 0
66 6 0 0 3 1 0 0 0 0
67 3 0 0 0 0 0 0 0 0
fl=/build/glibc-FcXrgv/glibc-2.31/locale/setlocale.c
fn=new_composite_name
139 108 17 2 0 0 0 99 0 0
144 9 0 0 0 0 0 0 0 0
146 531 0 0 0 0 0 0 0 0
147 234 0 0 0 0 0 0 0 0
150 312 3 0 48 0 0 0 0 0
151 203 5 1 60 5 0 0 0 0
152 324 8 1 0 0 0 0 0 0
153 441 0 0 108 0 0 0 0 0
154 276 0 0 48 0 0 0 0 0
158 9 0 0 0 0 0 0 0 0
161 21 0 0 3 0 0 0 0 0
170 18 6 0 0 0 0 0 0 0
171 12 3 1 0 0 0 0 0 0
174 288 0 0 0 0 0 0 0 0
175 156 0 0 0 0 0 0 0 0
179 216 0 0 36 0 0 0 0 0
180 129 1 1 36 0 0 0 0 0
181 144 1 1 0 0 0 0 0 0
182 84 0 0 0 0 0 72 0 0
183 216 0 0 0 0 0 0 0 0
184 144 0 0 0 0 0 72 0 0
186 6 0 0 0 0 0 6 0 0
188 72 1 1 99 0 0 0 0 0
fn=setlocale
195 205 4 2 62 4 0 0 0 0
198 58 4 0 2 0 0 4 0 0
199 8 0 0 0 0 0 0 0 0
201 30 0 0 0 0 0 14 0 0
210 106 0 0 48 0 0 53 3 0
211 168 0 0 53 3 1 0 0 0
212 9 0 0 0 0 0 0 0 0
218 195 6 2 30 1 0 180 0 0
225 30 0 0 0 0 0 0 0 0
226 15 0 0 15 0 0 0 0 0
230 15 0 0 0 0 0 0 0 0
231 30 1 1 6 2 0 0 0 0
234 144 0 0 36 3 0 27 0 0
236 72 4 2 9 0 0 0 0 0
250 9 0 0 0 0 0 18 0 0
252 27 0 0 0 0 0 0 0 0
253 9 0 0 0 0 0 0 0 0
265 39 0 0 9 0 0 0 0 0
277 192 0 0 0 0 0 0 0 0
278 104 2 1 0 0 0 0 0 0
279 96 0 0 0 0 0 48 0 0
281 20 0 0 0 0 0 4 0 0
334 104 1 0 0 0 0 0 0 0
335 252 4 2 0 0 0 0 0 0
337 288 6 1 96 0 0 48 1 0
341 48 0 0 0 0 0 0 0 0
355 144 0 0 48 19 6 0 0 0
359 256 0 0 96 0 0 4 0 0
361 33 3 1 6 3 0 7 0 0
363 4 2 0 2 0 0 2 0 0
366 3 0 0 0 0 0 1 0 0
367 1 0 0 0 0 0 0 0 0
375 16 1 1 0 0 0 0 0 0
376 16 1 1 0 0 0 0 0 0
379 240 0 0 0 0 0 0 0 0
380 104 0 0 0 0 0 0 0 0
382 96 0 0 0 0 0 0 0 0
383 96 3 1 48 0 0 0 0 0
389 24 0 0 8 1 0 4 0 0
398 44 2 1 16 0 0 0 0 0
401 8 0 0 4 0 0 0 0 0
402 8 0 0 4 0 0 0 0 0
404 8 0 0 8 0 0 0 0 0
409 5 0 0 0 0 0 5 0 0
414 30 0 0 15 0 0 0 0 0
416 5 0 0 0 0 0 0 0 0
424 15 1 1 5 1 0 0 0 0
425 2 0 0 0 0 0 1 0 0
429 25 0 0 5 1 0 0 0 0
431 6 0 0 0 0 0 3 0 0
432 3 0 0 0 0 0 0 0 0
437 20 5 1 5 0 0 0 0 0
438 5 0 0 0 0 0 0 0 0
452 5 0 0 5 0 0 0 0 0
457 25 3 1 10 2 1 5 0 0
461 55 0 0 20 0 0 0 0 0
464 10 3 1 5 0 0 0 0 0
466 15 0 0 15 0 0 0 0 0
468 195 4 2 195 0 0 0 0 0
fl=/build/glibc-FcXrgv/glibc-2.31/locale/uselocale.c
fn=uselocale
31 10 1 1 4 2 1 0 0 0
33 2 0 0 0 0 0 0 0 0
36 6 1 1 0 0 0 0 0 0
37 2 0 0 0 0 0 2 0 0
65 6 0 0 2 1 1 2 0 0
66 8 0 0 6 1 1 2 0 0
68 8 0 0 4 0 0 2 0 0
72 4 1 1 0 0 0 0 0 0
73 4 0 0 0 0 0 0 0 0
fl=/build/glibc-FcXrgv/glibc-2.31/malloc/alloc_buffer_alloc_array.c
fn=__libc_alloc_buffer_alloc_array
25 6 1 1 0 0 0 0 0 0
26 6 0 0 6 0 0 0 0 0
28 24 0 0 0 0 0 0 0 0
30 24 0 0 0 0 0 0 0 0
32 6 0 0 0 0 0 0 0 0
33 12 0 0 0 0 0 0 0 0
34 30 1 1 0 0 0 0 0 0
35 18 0 0 6 0 0 0 0 0
37 6 0 0 0 0 0 6 0 0
38 6 0 0 0 0 0 0 0 0
45 6 0 0 0 0 0 0 0 0
fl=/build/glibc-FcXrgv/glibc-2.31/malloc/arena.c
fn=__malloc_arena_thread_freeres
947 28 1 1 0 0 0 42 0 0
953 7 1 1 7 0 0 0 0 0
954 7 0 0 0 0 0 7 0 0
956 7 0 0 0 0 0 0 0 0
969 28 1 1 42 0 0 0 0 0
fn=__malloc_fork_lock_parent
145 5 0 0 0 0 0 4 0 0
146 4 2 2 1 0 0 0 0 0
152 8 0 0 0 0 0 0 0 0
156 5 1 1 0 0 0 0 0 0
157 1 0 0 1 1 1 0 0 0
158 3 0 0 0 0 0 0 0 0
161 3 0 0 4 0 0 0 0 0
fn=__malloc_fork_unlock_parent
165 6 0 0 0 0 0 4 0 0
166 4 1 1 1 0 0 0 0 0
171 5 1 1 0 0 0 0 0 0
172 1 0 0 1 0 0 0 0 0
173 2 0 0 0 0 0 0 0 0
176 8 0 0 0 0 0 0 0 0
177 3 0 0 4 0 0 0 0 0
fn=malloc_hook_ini
291 4 0 0 1 1 1 0 0 0
fn=ptmalloc_init.part.0
289 9 1 1 2 0 0 6 0 0
294 3 0 0 0 0 0 1 0 0
302 3 1 1 1 1 0 0 0 0
303 7 1 1 0 0 0 0 0 0
304 4 0 0 2 0 0 0 0 0
308 6 1 1 1 1 0 1 1 0
310 1 0 0 0 0 0 0 0 0
313 6 0 0 1 1 0 0 0 0
314 5 0 0 1 1 0 0 0 0
315 5 1 1 1 1 0 0 0 0
316 5 0 0 1 1 0 0 0 0
317 5 0 0 1 1 0 0 0 0
318 5 1 1 1 1 0 0 0 0
319 5 0 0 1 0 0 0 0 0
320 5 0 0 1 0 0 0 0 0
322 5 1 1 1 1 0 0 0 0
323 5 0 0 1 0 0 0 0 0
324 5 0 0 1 0 0 0 0 0
327 5 1 1 1 0 0 0 0 0
396 3 0 0 2 2 1 0 0 0
397 1 0 0 0 0 0 0 0 0
400 3 0 0 0 0 0 1 1 0
401 10 0 0 8 1 0 0 0 0
fn=realloc_hook_ini
291 3 1 1 1 0 0 0 0 0
fn=sysmalloc
536 67 0 0 0 0 0 0 0 0
fl=/build/glibc-FcXrgv/glibc-2.31/malloc/hooks.c
fn=malloc_hook_ini
29 4 1 1 0 0 0 3 0 0
30 3 1 1 1 0 0 1 0 0
32 2 0 0 0 0 0 0 0 0
33 2 0 0 3 0 0 0 0 0
fn=realloc_hook_ini
37 5 1 1 0 0 0 4 0 0
38 3 0 0 1 1 0 1 0 0
39 3 0 0 1 0 0 1 0 0
41 3 0 0 0 0 0 0 0 0
42 2 0 0 4 0 0 0 0 0
fl=/build/glibc-FcXrgv/glibc-2.31/malloc/malloc.c
fn=__malloc_arena_thread_freeres
2947 35 0 0 14 0 0 0 0 0
2949 7 0 0 0 0 0 0 0 0
fn=_int_free
1635 40888 4828 624 0 0 0 0 0 0
1875 122664 0 0 40888 0 0 0 0 0
2924 47624 10636 1097 0 0 0 47624 0 0
2926 23812 0 0 23812 7113 863 0 0 0
2927 23812 0 0 0 0 0 23812 0 0
2928 47624 10760 2171 0 0 0 23812 0 0
4155 776400 22890 4866 129400 26662 832 582300 3337 119
4165 194100 0 0 64700 2 0 129400 362 8
4171 194100 0 0 0 0 0 0 0 0
4172 129400 0 0 0 0 0 0 0 0
4176 194100 0 0 0 0 0 0 0 0
4183 129400 0 0 0 0 0 0 0 0
4184 776400 11621 1529 194100 8333 34 0 0 0
4187 54395 0 0 0 0 0 0 0 0
4193 163185 8253 839 54395 6350 552 0 0 0
4206 326370 0 0 108790 9795 758 0 0 0
4209 23812 0 0 0 0 0 0 0 0
4220 122664 0 0 40888 4763 49 0 0 0
4231 6992 0 0 1748 341 243 0 0 0
4233 6992 213 135 1748 156 9 0 0 0
4254 5244 0 0 0 0 0 1748 164 4
4255 1748 0 0 0 0 0 0 0 0
4256 4989 168 137 0 0 0 0 0 0
4259 3496 0 0 1748 17 8 0 0 0
4261 6992 0 0 1748 113 10 0 0 0
4265 170 27 0 0 0 0 0 0 0
4267 85 0 0 0 0 0 85 0 0
4268 85 0 0 0 0 0 85 0 0
4275 3326 164 128 0 0 0 0 0 0
4277 1663 0 0 0 0 0 1663 0 0
4279 6652 0 0 0 0 0 0 0 0
4280 3326 0 0 0 0 0 0 0 0
4286 6992 62 4 0 0 0 0 0 0
4287 42 12 1 14 10 0 0 0 0
4295 78280 6249 441 39140 0 0 0 0 0
4298 195700 0 0 39140 3268 28 39140 0 0
4301 156560 0 0 0 0 0 0 0 0
4302 227058 11032 3317 0 0 0 37843 0 0
4304 39140 7908 1824 0 0 0 0 0 0
4308 117420 0 0 39140 6225 1314 0 0 0
4311 136426 0 0 39140 162 8 0 0 0
4313 87219 3900 1179 29073 3473 389 0 0 0
4316 78280 0 0 39140 19817 2727 0 0 0
4319 39140 0 0 0 0 0 0 0 0
4320 78280 0 0 0 0 0 0 0 0
4321 117420 0 0 39140 3224 28 0 0 0
4327 78280 7599 2163 39140 0 0 0 0 0
4328 13622 0 0 13622 0 0 0 0 0
4329 13622 0 0 0 0 0 0 0 0
4330 13622 0 0 0 0 0 0 0 0
4331 54488 0 0 13622 2759 951 0 0 0
4333 27244 0 0 0 0 0 0 0 0
4336 117420 0 0 39140 0 0 0 0 0
4338 76366 0 0 38183 25210 8815 0 0 0
4341 38183 7833 2181 0 0 0 0 0 0
4342 33422 3961 1489 0 0 0 0 0 0
4343 33422 0 0 0 0 0 0 0 0
4345 64416 0 0 21472 0 0 21472 0 0
4353 38183 0 0 0 0 0 0 0 0
4354 38183 0 0 38183 2175 28 0 0 0
4355 114549 0 0 38183 2131 22 0 0 0
4358 38183 0 0 0 0 0 76366 436 155
4359 76366 0 0 0 0 0 0 0 0
4362 25576 5364 1441 0 0 0 25576 763 380
4364 38183 0 0 0 0 0 38183 0 0
4365 38183 0 0 0 0 0 38183 0 0
4367 76366 0 0 0 0 0 38183 0 0
4368 38183 5898 1203 0 0 0 38183 0 0
4379 957 900 673 0 0 0 0 0 0
4380 1914 0 0 0 0 0 957 0 0
4381 1914 851 546 0 0 0 957 0 0
4398 117420 852 391 0 0 0 0 0 0
4399 6714 1635 953 2238 0 0 0 0 0
4400 39 13 13 0 0 0 0 0 0
4402 8952 0 0 0 0 0 0 0 0
4404 13428 69 25 6714 2462 1047 0 0 0
4405 4476 0 0 0 0 0 0 0 0
4406 48 0 0 16 0 0 0 0 0
4418 78280 0 0 39140 1 0 0 0 0
4419 151372 0 0 0 0 0 0 0 0
4428 776400 21096 3005 841100 5 0 0 0 0
fn=_int_malloc
1208 78512 0 0 0 0 0 78512 0 0
1210 353304 19367 2973 0 0 0 235536 4090 143
1635 78315 0 0 0 0 0 0 0 0
1868 262794 150 15 337878 114 0 0 0 0
2924 3874 0 0 26 0 0 5591 0 0
2926 8058 428 398 3848 64 19 2105 0 0
2927 3848 234 166 0 0 0 3848 0 0
2928 9827 0 0 26 0 0 3848 0 0
2929 2093 5 0 0 0 0 0 0 0
2936 8570 241 208 3428 0 0 0 0 0
2937 3428 0 0 1714 0 0 1714 0 0
2938 6856 0 0 1714 0 0 1714 0 0
2939 1714 0 0 0 0 0 1714 0 0
3513 117768 8145 2145 0 0 0 157024 11244 346
3553 39256 0 0 0 0 0 0 0 0
3577 118359 10886 1265 39256 11648 1604 0 0 0
3579 197 105 11 0 0 0 0 0 0
3580 8 0 0 0 0 0 0 0 0
3582 1562 0 0 1562 65 13 0 0 0
3584 118038 4034 1565 0 0 0 0 0 0
3586 40 5 3 16 5 0 0 0 0
3587 1 0 0 0 0 0 1 0 0
3589 35 0 0 0 0 0 0 0 0
3592 8 0 0 8 3 0 0 0 0
3593 16 0 0 0 0 0 0 0 0
3599 16 0 0 0 0 0 0 0 0
3600 80 6 6 24 0 0 0 0 0
3605 185 5 5 42 0 0 7 0 0
3606 60 0 0 30 0 0 0 0 0
3608 5564 425 209 52 21 0 0 0 0
3612 169476 2795 226 7 0 0 56444 917 16
3635 75388 0 0 0 0 0 0 0 0
3637 28222 0 0 0 0 0 28222 0 0
3638 58238 3848 1828 0 0 0 0 0 0
3640 313133 0 0 29119 5753 2492 112888 0 0
3642 897 0 0 897 693 193 0 0 0
3643 2691 0 0 897 560 114 0 0 0
3645 3588 0 0 897 716 162 897 0 0
3646 897 0 0 0 0 0 897 0 0
3647 897 682 612 0 0 0 897 0 0
3649 3588 0 0 0 0 0 0 0 0
3655 1794 0 0 0 0 0 0 0 0
3656 11661 680 622 2691 8 0 0 0 0
3661 12801 0 0 897 0 0 0 0 0
3662 8352 0 0 2784 0 0 0 0 0
3664 2079 0 0 0 0 0 0 0 0
3666 2079 0 0 2079 0 0 0 0 0
3667 8316 395 62 2079 1694 386 2079 0 0
3668 6849 401 326 897 16 4 0 0 0
3670 2079 0 0 0 0 0 2079 0 0
3671 2079 0 0 0 0 0 2079 1615 414
3697 240108 9011 2087 0 0 0 76142 2101 68
3698 30387 6455 937 10129 330 47 0 0 0
3699 1152 0 0 512 3 0 512 0 0
3716 115051 0 0 0 0 0 0 0 0
3717 76702 0 0 0 0 0 0 0 0
3718 306806 13312 2720 115052 459 2 0 0 0
3722 153404 0 0 0 0 0 153404 0 0
3727 31757 0 0 0 0 0 0 0 0
3728 283348 612 173 82673 10344 800 0 0 0
3730 50296 0 0 50296 2004 295 0 0 0
3731 100592 0 0 50296 12069 2383 0 0 0
3732 50296 0 0 0 0 0 0 0 0
3734 100592 0 0 0 0 0 0 0 0
3735 150888 0 0 50296 9032 1065 0 0 0
3737 50296 0 0 50296 26572 11118 0 0 0
3738 150888 8250 1926 0 0 0 0 0 0
3740 201184 0 0 50296 0 0 0 0 0
3742 150888 0 0 50296 17502 9790 0 0 0
3743 150888 0 0 50296 0 0 0 0 0
3745 50296 0 0 0 0 0 0 0 0
3756 150888 0 0 0 0 0 0 0 0
3757 69702 3535 1465 23234 0 0 0 0 0
3758 41500 0 0 0 0 0 0 0 0
3759 31757 0 0 0 0 0 0 0 0
3762 4138 0 0 0 0 0 0 0 0
3763 4138 0 0 0 0 0 0 0 0
3764 4138 0 0 0 0 0 8276 0 0
3765 4138 0 0 0 0 0 4138 0 0
3766 4138 0 0 0 0 0 8276 2546 1962
3767 8276 0 0 0 0 0 0 0 0
3770 1532 0 0 0 0 0 3064 374 332
3773 28966 1562 555 0 0 0 4138 0 0
3775 8276 0 0 0 0 0 4138 1258 930
3776 4138 0 0 0 0 0 4138 0 0
3779 4138 0 0 0 0 0 0 0 0
3787 46158 8296 1827 0 0 0 46158 0 0
3788 46158 0 0 0 0 0 46158 0 0
3792 92316 0 0 0 0 0 0 0 0
3794 3634 0 0 0 0 0 1817 0 0
3795 120504 9123 2410 1817 0 0 38351 0 0
3800 3634 0 0 0 0 0 0 0 0
3801 100509 372 334 33503 0 0 0 0 0
3805 3486 0 0 0 0 0 0 0 0
3821 88682 0 0 0 0 0 0 0 0
3823 67308 0 0 0 0 0 0 0 0
3824 134616 0 0 0 0 0 0 0 0
3825 33654 0 0 33654 4054 3438 0 0 0
3829 125079 20595 4250 0 0 0 0 0 0
3830 42748 1511 273 0 0 0 0 0 0
3831 10687 0 0 10687 9147 2948 0 0 0
3834 21374 0 0 0 0 0 0 0 0
3837 218 0 0 0 0 0 0 0 0
3839 654 0 0 436 121 24 0 0 0
3840 436 57 12 0 0 0 0 0 0
3847 128 0 0 64 21 3 128 6 2
3848 256 0 0 0 0 0 128 0 0
3852 308 25 5 154 3 2 0 0 0
3853 366 71 63 0 0 0 0 0 0
3855 29 0 0 29 2 1 0 0 0
3856 58 0 0 29 0 0 0 0 0
3859 154 0 0 0 0 0 0 0 0
3862 200 18 3 100 3 1 0 0 0
3866 108 0 0 54 15 5 108 9 2
3867 216 0 0 108 0 0 0 0 0
3869 54 0 0 0 0 0 54 0 0
3870 162 0 0 54 0 0 54 0 0
3872 154 0 0 154 1 0 0 0 0
3873 784 64 28 154 0 0 0 0 0
3878 41876 8908 2667 0 0 0 20938 2027 315
3881 221705 0 0 44341 2526 887 44341 0 0
3882 44341 0 0 0 0 0 88682 0 0
3884 44341 0 0 0 0 0 44341 8406 5221
3885 44341 0 0 0 0 0 44341 0 0
3890 88682 7629 1585 0 0 0 0 0 0
3891 44341 0 0 0 0 0 0 0 0
3892 273838 0 0 63514 0 0 0 0 0
3893 57 0 0 0 0 0 0 0 0
3900 164799 15315 3560 19 0 0 0 0 0
3908 8570 581 534 13712 0 0 0 0 0
3917 64850 1304 264 0 0 0 0 0 0
3919 40232 6416 1493 10058 2 0 0 0 0
3922 40232 0 0 10058 8613 3776 0 0 0
3923 1308 0 0 436 266 54 0 0 0
3927 828 0 0 207 4 3 0 0 0
3929 207 200 187 207 48 19 0 0 0
3933 606 200 183 202 16 8 0 0 0
3934 15 0 0 5 0 0 0 0 0
3935 5 0 0 5 0 0 0 0 0
3938 202 0 0 0 0 0 0 0 0
3939 404 0 0 0 0 0 0 0 0
3942 404 0 0 0 0 0 0 0 0
3951 103 0 0 0 0 0 0 0 0
3955 103 0 0 103 0 0 0 0 0
3956 309 0 0 103 0 0 0 0 0
3958 103 0 0 0 0 0 206 95 89
3960 103 0 0 0 0 0 103 0 0
3961 103 0 0 0 0 0 103 0 0
3962 206 74 57 0 0 0 0 0 0
3990 64446 2100 108 32223 0 0 0 0 0
3991 96669 0 0 0 0 0 0 0 0
3992 32223 0 0 0 0 0 0 0 0
3993 96669 6857 1222 32223 3715 577 0 0 0
3994 96669 0 0 0 0 0 0 0 0
3999 166203 0 0 0 0 0 0 0 0
4003 40278 5790 1015 0 0 0 0 0 0
4006 39868 0 0 9967 485 5 0 0 0
4008 27452 4797 762 0 0 0 0 0 0
4009 13726 0 0 0 0 0 0 0 0
4013 680236 0 0 0 0 0 0 0 0
4015 296551 0 0 0 0 0 0 0 0
4016 296551 0 0 0 0 0 0 0 0
4017 296551 0 0 0 0 0 0 0 0
4021 43567 0 0 43567 8688 2395 0 0 0
4024 87134 5457 1446 0 0 0 0 0 0
4026 44409 0 0 0 0 0 14803 0 0
4027 14803 0 0 0 0 0 0 0 0
4028 14803 0 0 0 0 0 0 0 0
4033 57528 7094 1491 28764 10180 2184 0 0 0
4036 57528 0 0 0 0 0 0 0 0
4038 28764 0 0 0 0 0 0 0 0
4041 57528 0 0 0 0 0 0 0 0
4044 57528 8344 1303 0 0 0 0 0 0
4046 9000 814 723 2250 0 0 2250 0 0
4047 9000 0 0 0 0 0 0 0 0
4054 26613 0 0 0 0 0 0 0 0
4059 26613 0 0 26613 0 0 0 0 0
4060 79839 0 0 26613 0 0 0 0 0
4062 26613 0 0 0 0 0 53226 23716 19921
4064 26613 0 0 0 0 0 26613 0 0
4065 26613 0 0 0 0 0 26613 0 0
4068 53226 0 0 0 0 0 0 0 0
4069 19444 0 0 0 0 0 19444 0 0
4070 53226 0 0 0 0 0 0 0 0
4073 15190 0 0 0 0 0 15206 1949 1413
4075 187012 6118 1433 0 0 0 26716 0 0
4077 53432 0 0 0 0 0 26716 5277 4399
4078 53432 0 0 0 0 0 26716 0 0
4081 29871 0 0 0 0 0 0 0 0
4103 3459 0 0 3459 2155 712 0 0 0
4104 6918 0 0 3459 2283 442 0 0 0
4106 10377 2153 691 3459 0 0 0 0 0
4109 10377 0 0 0 0 0 0 0 0
4111 3377 0 0 0 0 0 0 0 0
4112 3377 0 0 0 0 0 0 0 0
4113 3377 0 0 0 0 0 3377 0 0
4114 23639 4649 1818 0 0 0 3377 0 0
4116 6754 0 0 0 0 0 3377 3365 2790
4119 3377 0 0 0 0 0 0 0 0
4126 328 0 0 82 0 0 164 0 0
4141 328 80 78 0 0 0 0 0 0
4142 82 0 0 0 0 0 0 0 0
4147 157024 13 0 157024 2 0 0 0 0
fn=_int_realloc
4540 20839 2077 963 0 0 0 26793 260 6
4551 8931 0 0 2977 0 0 0 0 0
4552 11908 0 0 2977 0 0 0 0 0
4558 5954 0 0 0 0 0 0 0 0
4560 2977 1986 1043 0 0 0 0 0 0
4561 8931 0 0 2977 548 137 0 0 0
4563 11908 0 0 0 0 0 0 0 0
4566 5954 0 0 0 0 0 0 0 0
4576 5231 126 50 1635 1144 48 0 0 0
4577 163 76 7 0 0 0 0 0 0
4578 163 0 0 0 0 0 0 0 0
4580 1467 0 0 0 0 0 163 0 0
4581 326 0 0 0 0 0 163 0 0
4582 489 149 50 0 0 0 163 163 162
4584 326 0 0 0 0 0 0 0 0
4588 1472 0 0 0 0 0 0 0 0
4589 4590 0 0 1472 1046 266 0 0 0
4590 823 516 263 0 0 0 0 0 0
4594 4584 0 0 764 0 0 0 0 0
4600 2832 428 91 0 0 0 0 0 0
4601 708 0 0 0 0 0 0 0 0
4604 708 0 0 0 0 0 0 0 0
4610 1416 0 0 0 0 0 0 0 0
4617 2124 493 302 0 0 0 0 0 0
4618 2832 0 0 0 0 0 0 0 0
4620 708 0 0 0 0 0 0 0 0
4629 2106 1539 938 0 0 0 0 0 0
4631 4212 0 0 0 0 0 0 0 0
4633 12480 1555 876 0 0 0 1027 0 0
4634 3081 0 0 1027 0 0 1027 0 0
4638 1079 0 0 0 0 0 0 0 0
4639 5395 658 112 0 0 0 1079 0 0
4640 2158 0 0 0 0 0 1079 771 682
4643 3237 0 0 1079 0 0 1079 0 0
4644 4316 290 73 0 0 0 0 0 0
4648 2106 0 0 0 0 0 0 0 0
4649 20839 2036 940 26793 5 0 0 0 0
fn=calloc
3366 372 85 57 0 0 0 496 39 23
3376 744 86 58 0 0 0 0 0 0
3384 372 0 0 248 92 3 0 0 0
3385 124 0 0 0 0 0 0 0 0
3394 992 63 57 248 69 4 496 0 0
3396 372 0 0 124 78 8 0 0 0
3399 665 54 48 95 0 0 0 0 0
3406 182 0 0 124 79 22 0 0 0
3407 277 0 0 124 82 20 0 0 0
3414 380 0 0 0 0 0 0 0 0
3428 496 0 0 0 0 0 0 0 0
3430 1116 125 113 124 4 4 0 0 0
3433 248 0 0 124 0 0 0 0 0
3442 95 79 47 0 0 0 0 0 0
3443 475 0 0 0 0 0 0 0 0
3447 95 66 49 95 0 0 0 0 0
3450 124 0 0 0 0 0 0 0 0
3453 343 0 0 124 0 0 0 0 0
3455 10 0 0 20 0 0 0 0 0
3461 124 0 0 0 0 0 0 0 0
3464 496 0 0 0 0 0 0 0 0
3475 124 0 0 0 0 0 0 0 0
3477 248 0 0 0 0 0 0 0 0
3479 248 63 59 0 0 0 0 0 0
3480 660 12 8 440 0 0 0 0 0
3485 14 0 0 0 0 0 28 0 0
3486 14 0 0 0 0 0 14 0 0
3487 28 0 0 0 0 0 0 0 0
3490 12 0 0 0 0 0 24 0 0
3491 24 0 0 0 0 0 0 0 0
3494 11 0 0 0 0 0 22 0 0
3495 22 0 0 0 0 0 0 0 0
3497 18 0 0 36 0 0 0 0 0
3498 18 0 0 0 0 0 18 0 0
3505 496 0 0 496 0 0 0 0 0
fn=free
3087 146092 19607 422 0 0 0 146092 878 117
3092 219138 0 0 146092 28725 1193 0 0 0
3093 73046 0 0 0 0 0 0 0 0
3099 219138 0 0 0 0 0 73046 139 2
3102 62917 15062 664 0 0 0 0 0 0
3104 125834 0 0 62917 28676 5381 0 0 0
3108 56 9 5 14 12 9 0 0 0
3110 70 0 0 14 0 0 0 0 0
3111 96 9 9 24 8 5 0 0 0
3113 36 0 0 0 0 0 12 0 0
3114 24 0 0 0 0 0 12 0 0
3115 24 0 0 0 0 0 0 0 0
3118 42 0 0 14 0 0 0 0 0
3122 377418 0 0 125806 12548 56 0 0 0
3124 188709 0 0 0 0 0 0 0 0
3125 198838 36841 3070 73032 0 0 0 0 0
3126 83175 0 0 146092 0 0 0 0 0
fn=malloc
1208 127876 0 0 0 0 0 127876 58 1
1210 255752 0 0 0 0 0 63938 33 0
2936 51030 0 0 25515 12015 3612 0 0 0
2937 51030 10780 315 25515 20728 11413 25515 0 0
2938 51030 0 0 0 0 0 25515 0 0
2939 25515 0 0 0 0 0 25515 0 0
2978 3 2 2 1 0 0 0 0 0
3023 127878 15302 2342 0 0 0 127878 4093 251
3031 191817 17178 3369 127878 32789 332 0 0 0
3032 63939 0 0 0 0 0 0 0 0
3033 4 1 1 0 0 0 0 0 0
3037 127876 0 0 0 0 0 127876 31 0
3044 575442 17813 1338 127876 33463 994 0 0 0
3047 255752 0 0 63938 16920 90 0 0 0
3048 54227 13032 858 1 0 0 0 0 0
3049 108450 0 0 54225 17777 4048 0 0 0
3051 51030 0 0 25515 0 0 0 0 0
3056 115269 0 0 38423 11735 482 0 0 0
3058 5526 0 0 0 0 0 0 0 0
3059 43027 8168 134 39344 7 0 0 0 0
3064 262514 6317 244 37502 0 0 0 0 0
3066 150008 9837 1474 0 0 0 0 0 0
3069 37502 0 0 0 0 0 0 0 0
3077 187510 9506 1042 0 0 0 0 0 0
3079 337434 9291 839 37502 97 41 0 0 0
3082 319691 9202 197 383630 22 0 0 0 0
fn=malloc_consolidate
4441 987 141 133 0 0 0 1410 72 13
4456 282 0 0 0 0 0 141 0 0
4458 141 0 0 0 0 0 0 0 0
4469 141 141 131 0 0 0 0 0 0
4471 5640 0 0 0 0 0 0 0 0
4472 1410 0 0 0 0 0 0 0 0
4475 3106 140 133 1553 1037 533 0 0 0
4476 7765 0 0 0 0 0 0 0 0
4481 1553 0 0 1553 280 143 0 0 0
4484 1553 0 0 0 0 0 0 0 0
4485 1553 0 0 0 0 0 0 0 0
4486 3106 140 132 1553 367 174 0 0 0
4488 1553 0 0 0 0 0 0 0 0
4489 379 0 0 379 0 0 0 0 0
4490 379 0 0 0 0 0 0 0 0
4491 379 0 0 0 0 0 0 0 0
4492 1516 0 0 379 101 67 0 0 0
4494 758 0 0 0 0 0 0 0 0
4497 4659 0 0 1553 94 49 0 0 0
4498 3106 0 0 1553 889 674 0 0 0
4500 1553 140 131 0 0 0 0 0 0
4501 470 0 0 0 0 0 0 0 0
4502 1410 53 45 0 0 0 0 0 0
4504 3249 0 0 1083 0 0 1083 0 0
4506 1553 0 0 1553 104 18 0 0 0
4507 1553 0 0 0 0 0 1553 0 0
4508 1553 0 0 0 0 0 1553 85 30
4510 3106 0 0 0 0 0 0 0 0
4512 56 0 0 0 0 0 112 2 1
4515 1553 0 0 0 0 0 0 0 0
4516 1553 0 0 0 0 0 1553 0 0
4517 1553 0 0 0 0 0 3106 0 0
4518 3106 0 0 0 0 0 1553 0 0
4527 2902 0 0 0 0 0 0 0 0
4530 4230 0 0 0 0 0 0 0 0
4531 846 0 0 1410 3 0 0 0 0
fn=malloc_init_state
1795 258 1 1 0 0 0 0 0 0
1798 254 0 0 0 0 0 254 32 32
1802 4 0 0 0 0 0 0 0 0
1806 3 1 1 0 0 0 1 1 0
1807 2 0 0 0 0 0 1 1 0
1809 1 0 0 0 0 0 1 1 1
1810 1 0 0 0 0 0 0 0 0
fn=mremap_chunk
2845 36 8 8 0 0 0 36 4 4
2846 27 0 0 18 10 8 0 0 0
2847 27 0 0 9 0 0 18 0 0
2848 9 0 0 9 0 0 0 0 0
2851 9 0 0 0 0 0 0 0 0
2853 18 0 0 0 0 0 0 0 0
2854 9 0 0 0 0 0 0 0 0
2855 9 0 0 0 0 0 0 0 0
2856 27 0 0 0 0 0 0 0 0
2857 54 8 8 0 0 0 0 0 0
2861 27 0 0 0 0 0 0 0 0
2864 18 0 0 0 0 0 0 0 0
2867 16 2 2 0 0 0 0 0 0
2870 8 0 0 0 0 0 0 0 0
2873 4 0 0 0 0 0 0 0 0
2875 12 0 0 0 0 0 4 0 0
2877 12 0 0 4 0 0 0 0 0
2878 12 0 0 0 0 0 4 0 0
2881 28 2 2 0 0 0 0 0 0
2883 20 0 0 8 0 0 0 0 0
2885 50 6 6 54 0 0 0 0 0
fn=munmap_chunk
2809 28 11 10 0 0 0 28 0 0
2810 42 0 0 28 20 15 0 0 0
2811 14 0 0 14 0 0 0 0 0
2813 14 0 0 0 0 0 0 0 0
2817 126 21 19 28 1 1 0 0 0
2820 14 0 0 0 0 0 0 0 0
2821 42 0 0 14 0 0 28 0 0
2822 14 0 0 0 0 0 0 0 0
2828 42 0 0 0 0 0 0 0 0
2829 84 0 0 0 0 0 14 0 0
2832 70 0 0 0 0 0 0 0 0
2833 42 0 0 0 0 0 0 0 0
2838 70 0 0 42 0 0 0 0 0
2839 14 0 0 28 0 0 0 0 0
fn=realloc
1208 2986 0 0 0 0 0 0 0 0
1210 14930 0 0 0 0 0 0 0 0
3131 6006 1900 1050 0 0 0 6006 144 1
3138 9009 0 0 6006 3596 1093 0 0 0
3139 3003 0 0 0 0 0 0 0 0
3140 4 1 1 0 0 0 0 0 0
3143 21014 0 0 0 0 0 12008 37 0
3150 3002 0 0 0 0 0 0 0 0
3151 64 14 8 64 0 0 0 0 0
3154 2986 1769 990 0 0 0 0 0 0
3156 11944 0 0 2986 1029 122 8958 0 0
3158 2986 0 0 0 0 0 0 0 0
3159 2986 0 0 0 0 0 0 0 0
3162 17862 3695 2064 5954 1956 9 0 0 0
3163 11908 2028 1026 0 0 0 0 0 0
3172 8958 0 0 0 0 0 0 0 0
3173 5972 0 0 0 0 0 0 0 0
3183 2986 1765 1029 0 0 0 0 0 0
3187 72 9 8 18 5 4 0 0 0
3206 27 0 0 0 0 0 0 0 0
3207 9 9 8 0 0 0 0 0 0
3208 27 0 0 27 0 0 0 0 0
3224 11908 0 0 2977 1426 23 0 0 0
3226 1878 0 0 0 0 0 0 0 0
3227 9084 210 38 9244 4 0 0 0 0
3233 13320 4258 1861 0 0 0 0 0 0
3235 15984 0 0 0 0 0 0 0 0
3237 13320 0 0 0 0 0 0 0 0
3238 26640 4698 1796 2664 4 2 0 0 0
3254 14947 0 0 17950 0 0 0 0 0
fn=sysmalloc
2255 492 74 72 0 0 0 656 57 11
2275 246 0 0 164 123 100 0 0 0
2286 164 0 0 0 0 0 164 22 4
2287 626 80 78 82 82 72 201 3 1
2288 45 14 13 30 0 0 0 0 0
2302 395 0 0 0 0 0 67 0 0
2308 60 14 14 0 0 0 15 1 0
2310 105 11 10 0 0 0 0 0 0
2312 60 0 0 30 0 0 0 0 0
2327 60 13 12 0 0 0 30 0 0
2343 30 0 0 0 0 0 30 15 14
2348 90 0 0 0 0 0 0 0 0
2349 84 3 2 15 0 0 0 0 0
2352 75 10 10 0 0 0 0 0 0
2353 138 11 10 15 0 0 0 0 0
2368 67 0 0 67 0 0 0 0 0
2369 134 67 67 67 0 0 0 0 0
2370 67 0 0 0 0 0 0 0 0
2379 531 0 0 0 0 0 0 0 0
2385 201 0 0 0 0 0 0 0 0
2388 268 0 0 0 0 0 0 0 0
2441 67 67 66 0 0 0 0 0 0
2449 536 67 67 134 0 0 0 0 0
2460 124 57 57 0 0 0 0 0 0
2468 134 0 0 0 0 0 0 0 0
2470 469 0 0 134 69 62 134 0 0
2471 67 0 0 0 0 0 0 0 0
2474 134 67 67 134 0 0 0 0 0
2477 174 0 0 116 53 15 0 0 0
2478 58 0 0 0 0 0 0 0 0
2493 28 9 9 9 0 0 0 0 0
2494 3 0 0 0 0 0 0 0 0
2497 27 17 17 0 0 0 0 0 0
2501 18 0 0 0 0 0 0 0 0
2503 81 18 18 0 0 0 18 0 0
2505 27 0 0 18 0 0 0 0 0
2509 9 0 0 0 0 0 0 0 0
2517 36 0 0 9 0 0 9 0 0
2522 9 9 9 0 0 0 0 0 0
2524 508 0 0 134 0 0 0 0 0
2525 3 1 1 0 0 0 1 0 0
2526 125 0 0 0 0 0 67 0 0
2532 174 2 2 0 0 0 0 0 0
2533 280 0 0 56 0 0 56 0 0
2535 7 2 2 2 0 0 0 0 0
2562 9 0 0 0 0 0 0 0 0
2569 1 0 0 0 0 0 0 0 0
2575 2 1 1 0 0 0 0 0 0
2597 2 0 0 0 0 0 0 0 0
2598 5 0 0 0 0 0 0 0 0
2600 1 0 0 0 0 0 0 0 0
2601 6 0 0 2 0 0 0 0 0
2613 1 0 0 0 0 0 0 0 0
2621 3 0 0 2 0 0 0 0 0
2622 1 0 0 0 0 0 0 0 0
2623 3 2 2 0 0 0 0 0 0
2632 20 1 1 0 0 0 0 0 0
2651 1 0 0 0 0 0 0 0 0
2653 7 0 0 2 0 0 0 0 0
2658 5 1 1 0 0 0 0 0 0
2660 22 2 2 0 0 0 11 0 0
2661 44 11 11 0 0 0 11 11 11
2662 33 0 0 11 0 0 11 0 0
2673 11 0 0 0 0 0 0 0 0
2680 20 0 0 0 0 0 0 0 0
2681 20 0 0 0 0 0 10 0 0
2689 30 0 0 0 0 0 10 10 10
2691 10 0 0 0 0 0 10 0 0
2695 20 0 0 0 0 0 0 0 0
2697 70 0 0 20 0 0 0 0 0
2705 201 67 67 67 0 0 0 0 0
2706 67 0 0 0 0 0 67 0 0
2711 134 0 0 67 0 0 0 0 0
2714 134 63 63 0 0 0 0 0 0
2716 67 0 0 0 0 0 0 0 0
2717 201 0 0 0 0 0 0 0 0
2718 134 0 0 0 0 0 67 0 0
2719 201 0 0 0 0 0 67 0 0
2720 134 0 0 0 0 0 67 67 67
2722 201 0 0 268 0 0 0 0 0
2728 507 69 69 686 0 0 0 0 0
fn=systrim.isra.0.constprop.0
2741 64 14 11 0 0 0 96 5 0
2751 32 0 0 16 9 3 0 0 0
2752 80 16 11 32 0 0 0 0 0
2754 16 0 0 0 0 0 0 0 0
2755 32 0 0 0 0 0 0 0 0
2756 10 10 7 0 0 0 0 0 0
2759 48 0 0 16 13 7 0 0 0
2761 32 0 0 0 0 0 0 0 0
2768 42 4 4 12 7 1 12 0 0
2769 24 0 0 6 0 0 0 0 0
2781 18 0 0 6 0 0 0 0 0
2783 18 6 6 12 0 0 0 0 0
2784 6 0 0 0 0 0 0 0 0
2786 24 0 0 12 0 0 0 0 0
2788 6 0 0 0 0 0 0 0 0
2790 6 0 0 0 0 0 0 0 0
2794 12 0 0 0 0 0 0 0 0
2797 24 0 0 6 0 0 6 0 0
2798 30 0 0 18 0 0 6 0 0
2800 12 0 0 0 0 0 0 0 0
2805 64 0 0 96 0 0 0 0 0
fn=tcache_init.part.0
2972 4 1 1 0 0 0 6 0 0
2981 10 1 1 2 0 0 0 0 0
2982 4 0 0 0 0 0 0 0 0
2983 1 0 0 0 0 0 0 0 0
2991 5 0 0 0 0 0 0 0 0
3000 2 1 1 0 0 0 1 0 0
3001 4 0 0 0 0 0 0 0 0
3004 3 0 0 6 0 0 0 0 0
fn=unlink_chunk.isra.0
1451 121824 11032 1192 0 0 0 121824 1583 31
1453 304560 0 0 121824 17204 3438 0 0 0
1457 60912 0 0 121824 3210 981 0 0 0
1459 365472 0 0 121824 31824 5762 0 0 0
1462 60912 0 0 0 0 0 60912 0 0
1463 60912 11200 1867 0 0 0 60912 0 0
1464 161126 0 0 19651 1899 537 0 0 0
1466 31770 0 0 10590 17 10 0 0 0
1467 42360 0 0 21180 1 1 0 0 0
1470 21180 0 0 10590 2 2 0 0 0
1472 16 2 1 0 0 0 0 0 0
1473 12 0 0 0 0 0 12 0 0
1477 2 0 0 0 0 0 4 0 0
1478 4 0 0 2 0 0 2 0 0
1479 6 0 0 2 0 0 2 0 0
1484 10582 0 0 0 0 0 10582 0 0
1485 21164 0 0 10582 0 0 10582 0 0
1488 121824 13857 1776 121824 0 0 0 0 0
fl=/build/glibc-FcXrgv/glibc-2.31/malloc/morecore.c
fn=__default_morecore
46 174 73 69 0 0 0 174 18 3
47 87 0 0 0 0 0 0 0 0
49 87 0 0 0 0 0 0 0 0
52 261 70 69 174 0 0 0 0 0
fl=/build/glibc-FcXrgv/glibc-2.31/malloc/scratch_buffer_set_array_size.c
fn=__libc_scratch_buffer_set_array_size
30 72 11 9 0 0 0 72 2 0
31 18 0 0 0 0 0 0 0 0
34 18 0 0 0 0 0 0 0 0
35 54 0 0 0 0 0 0 0 0
45 54 0 0 18 2 0 0 0 0
46 18 0 0 0 0 0 0 0 0
63 54 11 9 72 0 0 0 0 0
fl=/build/glibc-FcXrgv/glibc-2.31/malloc/thread-freeres.c
fn=__libc_thread_freeres
31 14 1 1 0 0 0 14 0 0
32 7 0 0 0 0 0 0 0 0
33 7 0 0 0 0 0 0 0 0
34 7 0 0 0 0 0 0 0 0
38 7 0 0 0 0 0 0 0 0
39 7 0 0 14 0 0 0 0 0
fl=/build/glibc-FcXrgv/glibc-2.31/math/../sysdeps/aarch64/fpu/fenv_private.h
fn=fetestexcept
107 20964 7042 310 0 0 0 0 0 0
108 20964 0 0 0 0 0 0 0 0
fl=/build/glibc-FcXrgv/glibc-2.31/math/../sysdeps/aarch64/fpu/ftestexcept.c
fn=fetestexcept
26 41928 0 0 0 0 0 0 0 0
fl=/build/glibc-FcXrgv/glibc-2.31/math/../sysdeps/aarch64/fpu/math_private.h
fn=exp@@GLIBC_2.29
31 1 0 0 0 0 0 0 0 0
37 1 0 0 0 0 0 0 0 0
fn=pow@@GLIBC_2.29
31 2 0 0 0 0 0 0 0 0
37 2 0 0 0 0 0 0 0 0
fn=powf@@GLIBC_2.27
31 2 0 0 0 0 0 0 0 0
37 2 0 0 0 0 0 0 0 0
fl=/build/glibc-FcXrgv/glibc-2.31/math/../sysdeps/ieee754/dbl-64/e_exp.c
fn=exp@@GLIBC_2.29
104 1 0 0 0 0 0 0 0 0
105 3 0 0 0 0 0 0 0 0
129 4 0 0 1 1 1 0 0 0
139 3 1 1 2 0 0 0 0 0
141 1 0 0 0 0 0 0 0 0
143 1 0 0 0 0 0 0 0 0
145 3 0 0 1 0 0 0 0 0
148 1 0 0 0 0 0 0 0 0
151 8 1 1 4 1 1 0 0 0
152 1 0 0 0 0 0 0 0 0
157 1 0 0 0 0 0 0 0 0
158 1 0 0 0 0 0 0 0 0
fl=/build/glibc-FcXrgv/glibc-2.31/math/../sysdeps/ieee754/dbl-64/e_log.c
fn=log@@GLIBC_2.29
39 5 0 0 0 0 0 0 0 0
61 30 0 0 0 0 0 0 0 0
85 20 4 4 0 0 0 0 0 0
102 10 0 0 0 0 0 0 0 0
104 5 0 0 0 0 0 0 0 0
105 10 0 0 0 0 0 0 0 0
106 30 4 4 0 0 0 0 0 0
114 20 0 0 5 5 5 0 0 0
119 5 0 0 0 0 0 0 0 0
122 15 0 0 10 4 4 0 0 0
123 5 0 0 0 0 0 0 0 0
124 20 0 0 5 0 0 0 0 0
127 5 0 0 0 0 0 0 0 0
130 50 4 4 25 0 0 0 0 0
132 5 0 0 0 0 0 0 0 0
fl=/build/glibc-FcXrgv/glibc-2.31/math/../sysdeps/ieee754/dbl-64/e_pow.c
fn=pow@@GLIBC_2.29
45 6 0 0 0 0 0 0 0 0
62 6 0 0 0 0 0 0 0 0
64 2 0 0 0 0 0 0 0 0
65 4 2 2 0 0 0 0 0 0
67 2 0 0 0 0 0 0 0 0
70 8 0 0 0 0 0 0 0 0
77 8 2 2 2 2 2 0 0 0
88 6 0 0 4 2 2 0 0 0
89 2 0 0 0 0 0 0 0 0
90 6 0 0 4 0 0 0 0 0
91 4 2 2 0 0 0 0 0 0
95 4 0 0 2 0 0 0 0 0
96 2 0 0 0 0 0 0 0 0
97 2 0 0 0 0 0 0 0 0
100 2 0 0 0 0 0 0 0 0
101 2 0 0 0 0 0 0 0 0
102 4 0 0 0 0 0 0 0 0
112 18 0 0 12 2 2 0 0 0
113 8 0 0 0 0 0 0 0 0
114 2 0 0 0 0 0 0 0 0
115 4 0 0 0 0 0 0 0 0
193 2 0 0 0 0 0 0 0 0
194 6 0 0 0 0 0 0 0 0
218 8 0 0 2 1 1 0 0 0
229 6 0 0 4 0 0 0 0 0
231 2 0 0 0 0 0 0 0 0
233 2 0 0 0 0 0 0 0 0
234 2 0 0 0 0 0 0 0 0
235 2 2 2 0 0 0 0 0 0
237 6 0 0 2 0 0 0 0 0
240 2 0 0 0 0 0 0 0 0
243 16 0 0 8 2 1 0 0 0
244 2 0 0 0 0 0 0 0 0
249 2 2 2 0 0 0 0 0 0
283 2 2 2 0 0 0 0 0 0
284 2 0 0 0 0 0 0 0 0
292 14 0 0 0 0 0 0 0 0
369 2 0 0 0 0 0 0 0 0
370 4 2 2 0 0 0 0 0 0
380 2 0 0 0 0 0 0 0 0
fl=/build/glibc-FcXrgv/glibc-2.31/math/../sysdeps/ieee754/dbl-64/math_config.h
fn=exp@@GLIBC_2.29
67 1 1 1 0 0 0 0 0 0
79 2 0 0 1 1 1 0 0 0
fn=log@@GLIBC_2.29
67 5 4 4 0 0 0 0 0 0
fn=pow@@GLIBC_2.29
67 6 2 1 0 0 0 0 0 0
79 4 0 0 2 2 2 0 0 0
fl=/build/glibc-FcXrgv/glibc-2.31/math/../sysdeps/ieee754/dbl-64/wordsize-64/e_log10.c
fn=__log10_finite@GLIBC_2.17
58 3 0 0 0 0 0 3 0 0
63 1 1 1 0 0 0 0 0 0
65 1 1 1 0 0 0 0 0 0
66 3 0 0 0 0 0 0 0 0
77 3 0 0 0 0 0 0 0 0
79 3 0 0 0 0 0 0 0 0
80 1 0 0 0 0 0 0 0 0
81 2 0 0 0 0 0 0 0 0
82 2 1 1 0 0 0 0 0 0
84 9 0 0 2 2 2 0 0 0
85 3 0 0 1 0 0 0 0 0
86 3 1 1 3 0 0 0 0 0
fl=/build/glibc-FcXrgv/glibc-2.31/math/../sysdeps/ieee754/dbl-64/wordsize-64/s_frexp.c
fn=frexp
39 442 147 44 0 0 0 0 0 0
40 442 0 0 0 0 0 0 0 0
41 6 0 0 0 0 0 0 0 0
43 1768 0 0 0 0 0 0 0 0
46 436 0 0 0 0 0 0 0 0
47 436 0 0 0 0 0 0 0 0
56 436 141 62 0 0 0 0 0 0
57 436 0 0 0 0 0 0 0 0
61 12 6 2 0 0 0 0 0 0
63 442 0 0 0 0 0 442 0 0
65 884 0 0 0 0 0 0 0 0
fl=/build/glibc-FcXrgv/glibc-2.31/math/../sysdeps/ieee754/dbl-64/wordsize-64/s_modf.c
fn=modf
32 841 0 0 0 0 0 0 0 0
35 841 841 750 0 0 0 0 0 0
36 1682 0 0 0 0 0 0 0 0
37 1682 841 841 0 0 0 0 0 0
38 841 0 0 0 0 0 0 0 0
43 1682 0 0 0 0 0 0 0 0
44 1682 0 0 0 0 0 0 0 0
45 117 0 0 0 0 0 117 0 0
47 234 0 0 0 0 0 0 0 0
50 2172 724 724 0 0 0 724 0 0
51 724 0 0 0 0 0 0 0 0
62 841 0 0 0 0 0 0 0 0
fl=/build/glibc-FcXrgv/glibc-2.31/math/../sysdeps/ieee754/dbl-64/wordsize-64/s_scalbn.c
fn=__scalbn
30 32 0 0 0 0 0 0 0 0
33 32 24 16 0 0 0 0 0 0
34 32 0 0 0 0 0 0 0 0
35 64 24 16 0 0 0 0 0 0
41 64 0 0 0 0 0 0 0 0
42 96 0 0 0 0 0 0 0 0
44 192 0 0 0 0 0 0 0 0
49 64 0 0 0 0 0 0 0 0
50 96 24 16 0 0 0 0 0 0
57 32 0 0 0 0 0 0 0 0
fl=/build/glibc-FcXrgv/glibc-2.31/math/../sysdeps/ieee754/flt-32/e_exp2f.c
fn=exp2f@@GLIBC_2.27
55 5 0 0 0 0 0 0 0 0
56 5 0 0 0 0 0 0 0 0
57 10 0 0 0 0 0 0 0 0
75 15 5 2 0 0 0 0 0 0
77 5 0 0 0 0 0 0 0 0
78 5 0 0 0 0 0 0 0 0
81 10 0 0 5 2 1 0 0 0
82 5 0 0 0 0 0 0 0 0
84 10 0 0 10 3 2 0 0 0
85 5 0 0 0 0 0 0 0 0
86 15 0 0 10 3 1 0 0 0
87 5 0 0 0 0 0 0 0 0
88 10 5 2 0 0 0 0 0 0
89 5 0 0 0 0 0 0 0 0
90 5 0 0 0 0 0 0 0 0
fl=/build/glibc-FcXrgv/glibc-2.31/math/../sysdeps/ieee754/flt-32/e_log10f.c
fn=__log10f_finite@GLIBC_2.17
29 6 0 0 0 0 0 6 0 0
33 2 2 2 0 0 0 0 0 0
35 2 2 2 0 0 0 0 0 0
36 6 0 0 0 0 0 0 0 0
44 6 0 0 0 0 0 0 0 0
45 6 0 0 0 0 0 0 0 0
46 2 0 0 0 0 0 0 0 0
47 4 0 0 0 0 0 0 0 0
48 4 2 2 0 0 0 0 0 0
52 22 0 0 0 0 0 0 0 0
53 8 0 0 0 0 0 0 0 0
54 6 2 1 6 0 0 0 0 0
fl=/build/glibc-FcXrgv/glibc-2.31/math/../sysdeps/ieee754/flt-32/e_logf.c
fn=logf@@GLIBC_2.27
41 2 0 0 0 0 0 0 0 0
50 6 2 1 0 0 0 0 0 0
53 8 0 0 0 0 0 0 0 0
70 4 0 0 0 0 0 0 0 0
72 2 2 1 0 0 0 0 0 0
73 4 0 0 0 0 0 0 0 0
74 10 0 0 0 0 0 0 0 0
76 4 0 0 0 0 0 0 0 0
79 6 0 0 2 2 2 0 0 0
80 6 0 0 2 0 0 0 0 0
83 2 0 0 0 0 0 0 0 0
84 4 0 0 4 2 1 0 0 0
85 4 0 0 4 2 1 0 0 0
86 4 0 0 0 0 0 0 0 0
87 2 0 0 0 0 0 0 0 0
88 2 0 0 0 0 0 0 0 0
fl=/build/glibc-FcXrgv/glibc-2.31/math/../sysdeps/ieee754/flt-32/e_powf.c
fn=powf@@GLIBC_2.27
55 4 0 0 0 0 0 0 0 0
57 2 0 0 0 0 0 0 0 0
58 2 0 0 0 0 0 0 0 0
59 2 0 0 0 0 0 0 0 0
60 10 0 0 0 0 0 0 0 0
62 4 2 1 0 0 0 0 0 0
65 6 0 0 2 2 2 0 0 0
66 6 0 0 2 0 0 0 0 0
69 2 0 0 0 0 0 0 0 0
70 4 0 0 4 0 0 0 0 0
71 4 2 1 4 2 2 0 0 0
72 2 0 0 0 0 0 0 0 0
73 4 0 0 2 0 0 0 0 0
74 2 0 0 0 0 0 0 0 0
75 2 0 0 0 0 0 0 0 0
108 2 0 0 0 0 0 0 0 0
111 8 0 0 2 2 2 0 0 0
112 2 0 0 0 0 0 0 0 0
113 2 0 0 0 0 0 0 0 0
115 4 0 0 4 0 0 0 0 0
116 2 0 0 0 0 0 0 0 0
117 6 2 1 2 2 1 0 0 0
118 2 0 0 0 0 0 0 0 0
119 4 0 0 0 0 0 0 0 0
148 2 0 0 0 0 0 0 0 0
149 2 0 0 0 0 0 0 0 0
154 16 2 1 0 0 0 0 0 0
158 2 0 0 0 0 0 0 0 0
206 4 0 0 0 0 0 0 0 0
207 10 0 0 0 0 0 0 0 0
230 2 0 0 0 0 0 0 0 0
231 2 0 0 0 0 0 0 0 0
fl=/build/glibc-FcXrgv/glibc-2.31/math/../sysdeps/ieee754/flt-32/math_config.h
fn=exp2f@@GLIBC_2.27
67 5 5 1 0 0 0 0 0 0
89 5 0 0 0 0 0 0 0 0
fn=logf@@GLIBC_2.27
67 2 2 1 0 0 0 0 0 0
fn=powf@@GLIBC_2.27
67 4 2 0 0 0 0 0 0 0
fl=/build/glibc-FcXrgv/glibc-2.31/math/../sysdeps/ieee754/flt-32/s_nextafterf.c
fn=nextafterf
28 1 0 0 0 0 0 0 0 0
31 1 0 0 0 0 0 0 0 0
32 1 1 1 0 0 0 0 0 0
33 1 0 0 0 0 0 0 0 0
34 1 1 1 0 0 0 0 0 0
36 4 0 0 0 0 0 0 0 0
39 3 0 0 0 0 0 0 0 0
40 1 0 0 0 0 0 0 0 0
42 3 1 1 0 0 0 0 0 0
43 1 0 0 0 0 0 0 0 0
44 1 0 0 0 0 0 0 0 0
74 1 0 0 0 0 0 0 0 0
fl=/build/glibc-FcXrgv/glibc-2.31/math/../sysdeps/ieee754/ldbl-128/e_log10l.c
fn=__log10l_finite@GLIBC_2.17
151 33 0 0 15 6 6 0 0 0
154 120 3 3 30 0 0 15 0 0
156 36 0 0 0 0 0 0 0 0
169 45 3 3 21 9 9 0 0 0
172 120 0 0 30 0 0 15 0 0
174 36 0 0 0 0 0 0 0 0
182 33 3 1 12 6 3 24 3 0
190 9 3 2 0 0 0 0 0 0
192 3 0 0 0 0 0 0 0 0
194 9 0 0 0 0 0 0 0 0
197 15 0 0 3 3 0 0 0 0
198 3 0 0 0 0 0 0 0 0
205 18 3 2 3 0 0 15 0 0
211 15 0 0 3 0 0 0 0 0
213 36 3 2 12 6 6 3 0 0
215 6 0 0 0 0 0 3 0 0
217 39 6 6 9 0 0 3 0 0
225 12 6 6 0 0 0 3 0 0
226 15 0 0 3 0 0 3 0 0
227 27 0 0 9 0 0 3 0 0
228 3 0 0 0 0 0 0 0 0
252 21 3 1 3 0 0 6 0 0
253 27 3 2 9 0 0 3 0 0
254 33 3 1 6 0 0 6 0 0
255 30 0 0 9 0 0 3 0 0
256 27 0 0 9 0 0 3 0 0
257 30 3 2 15 3 3 0 0 0
258 3 0 0 0 0 0 0 0 0
259 30 3 1 27 0 0 0 0 0
fl=/build/glibc-FcXrgv/glibc-2.31/math/../sysdeps/ieee754/ldbl-128/e_powl.c
fn=__powl_finite@GLIBC_2.17
151 39 6 3 12 0 0 36 0 0
161 3 0 0 0 0 0 0 0 0
162 3 0 0 0 0 0 0 0 0
165 3 3 2 0 0 0 0 0 0
166 6 0 0 0 0 0 0 0 0
170 6 0 0 0 0 0 0 0 0
175 15 3 3 3 3 0 0 0 0
177 45 6 6 6 3 3 12 0 0
182 12 0 0 0 0 0 0 0 0
183 3 0 0 0 0 0 0 0 0
185 9 0 0 0 0 0 0 0 0
186 3 0 0 0 0 0 0 0 0
195 3 0 0 0 0 0 0 0 0
196 3 0 0 0 0 0 0 0 0
214 3 0 0 0 0 0 0 0 0
224 30 3 3 9 3 1 0 0 0
226 9 3 1 0 0 0 0 0 0
233 9 0 0 0 0 0 0 0 0
237 12 0 0 0 0 0 0 0 0
242 6 0 0 0 0 0 6 0 0
244 12 0 0 0 0 0 0 0 0
246 15 0 0 0 0 0 0 0 0
265 12 3 2 0 0 0 0 0 0
269 12 0 0 3 0 0 3 0 0
270 9 0 0 0 0 0 0 0 0
276 12 3 2 0 0 0 0 0 0
293 21 0 0 9 0 0 0 0 0
294 24 0 0 6 3 3 6 0 0
299 9 3 2 0 0 0 0 0 0
306 9 3 2 0 0 0 0 0 0
307 3 0 0 0 0 0 0 0 0
309 3 0 0 0 0 0 0 0 0
310 9 0 0 0 0 0 0 0 0
312 9 0 0 0 0 0 0 0 0
321 3 3 2 6 0 0 0 0 0
322 3 0 0 0 0 0 0 0 0
323 6 0 0 0 0 0 0 0 0
326 24 3 1 0 0 0 15 0 0
327 45 3 3 9 0 0 9 0 0
328 18 0 0 3 0 0 6 0 0
331 9 0 0 0 0 0 3 0 0
332 3 0 0 0 0 0 0 0 0
333 12 3 2 0 0 0 0 0 0
334 6 0 0 0 0 0 0 0 0
337 6 0 0 0 0 0 0 0 0
338 3 0 0 0 0 0 0 0 0
339 15 0 0 3 0 0 0 0 0
340 6 0 0 0 0 0 0 0 0
341 27 3 3 9 0 0 0 0 0
342 69 3 3 12 0 0 15 0 0
344 15 3 3 3 0 0 3 0 0
345 81 3 3 24 6 2 3 0 0
346 87 6 3 30 3 3 0 0 0
347 39 3 3 9 0 0 6 0 0
348 45 3 2 12 0 0 12 0 0
349 18 0 0 3 0 0 6 0 0
350 27 3 1 6 3 1 3 0 0
351 6 0 0 0 0 0 0 0 0
352 3 0 0 0 0 0 0 0 0
353 12 0 0 0 0 0 0 0 0
354 6 0 0 0 0 0 0 0 0
355 39 3 3 12 0 0 0 0 0
357 18 3 2 3 0 0 6 0 0
358 45 0 0 12 0 0 3 0 0
360 15 3 2 3 0 0 3 0 0
361 6 0 0 0 0 0 0 0 0
362 3 0 0 0 0 0 0 0 0
363 12 0 0 0 0 0 0 0 0
364 6 3 3 0 0 0 0 0 0
365 27 0 0 9 0 0 0 0 0
366 21 0 0 3 0 0 6 0 0
367 60 6 4 15 3 1 6 0 0
369 9 0 0 0 0 0 3 0 0
370 42 3 3 12 0 0 9 0 0
371 6 0 0 0 0 0 0 0 0
372 3 0 0 0 0 0 0 0 0
373 12 0 0 0 0 0 0 0 0
374 6 0 0 0 0 0 0 0 0
375 45 6 5 12 0 0 3 0 0
379 3 0 0 6 0 0 0 0 0
380 3 0 0 0 0 0 0 0 0
381 3 0 0 0 0 0 0 0 0
382 9 0 0 0 0 0 3 0 0
383 54 3 2 15 0 0 12 0 0
384 24 0 0 6 0 0 3 0 0
385 9 0 0 3 0 0 3 0 0
388 15 3 3 3 0 0 0 0 0
399 15 3 3 0 0 0 0 0 0
415 9 3 3 0 0 0 0 0 0
417 24 6 2 6 3 0 0 0 0
418 3 0 0 0 0 0 0 0 0
419 30 0 0 6 0 0 6 0 0
422 3 0 0 6 0 0 0 0 0
423 3 0 0 0 0 0 0 0 0
424 12 0 0 3 0 0 0 0 0
425 6 0 0 0 0 0 0 0 0
426 21 3 1 3 0 0 6 0 0
427 72 6 4 21 3 3 3 0 0
428 21 0 0 3 0 0 9 0 0
429 24 3 3 6 0 0 3 0 0
431 18 0 0 3 0 0 6 0 0
432 78 6 6 24 6 6 0 0 0
433 69 3 3 24 3 3 0 0 0
434 39 3 3 9 0 0 6 0 0
435 99 6 6 24 3 3 18 0 0
436 30 3 2 6 0 0 0 0 0
438 3 0 0 0 0 0 0 0 0
439 3 0 0 0 0 0 0 0 0
440 9 0 0 0 0 0 0 0 0
448 3 0 0 0 0 0 0 0 0
449 6 0 0 0 0 0 0 0 0
451 18 0 0 9 0 0 3 0 0
452 21 3 3 33 0 0 0 0 0
fl=/build/glibc-FcXrgv/glibc-2.31/math/../sysdeps/ieee754/ldbl-128/s_floorl.c
fn=floorl
35 12 6 6 6 0 0 9 0 0
43 15 0 0 0 0 0 0 0 0
44 6 0 0 0 0 0 0 0 0
46 3 0 0 0 0 0 0 0 0
61 6 0 0 0 0 0 0 0 0
62 9 0 0 0 0 0 0 0 0
65 15 3 3 0 0 0 0 0 0
66 6 0 0 0 0 0 0 0 0
96 6 0 0 0 0 0 0 0 0
99 12 0 0 9 0 0 6 0 0
fl=/build/glibc-FcXrgv/glibc-2.31/math/../sysdeps/ieee754/ldbl-128/s_frexpl.c
fn=frexpl
38 36 6 1 6 0 0 24 0 0
41 6 0 0 0 0 0 0 0 0
42 6 0 0 0 0 0 6 0 0
43 36 0 0 6 0 0 0 0 0
44 18 6 4 0 0 0 0 0 0
50 18 0 0 0 0 0 6 0 0
51 6 0 0 0 0 0 0 0 0
52 24 6 5 6 0 0 0 0 0
54 18 0 0 18 0 0 0 0 0
fl=/build/glibc-FcXrgv/glibc-2.31/math/../sysdeps/ieee754/ldbl-128/s_nextafterl.c
fn=nextafterl
34 36 6 5 12 0 0 42 0 0
39 3 0 0 0 0 0 0 0 0
40 3 0 0 0 0 0 0 0 0
41 6 0 0 0 0 0 0 0 0
43 25 3 2 0 0 0 0 0 0
46 24 3 3 6 0 0 12 0 0
47 6 0 0 0 0 0 0 0 0
49 8 2 2 0 0 0 0 0 0
50 4 0 0 0 0 0 0 0 0
51 4 0 0 0 0 0 0 0 0
53 2 2 2 0 0 0 0 0 0
55 1 0 0 0 0 0 0 0 0
56 2 0 0 0 0 0 0 0 0
65 3 0 0 0 0 0 0 0 0
66 1 0 0 0 0 0 0 0 0
72 1 0 0 0 0 0 0 0 0
73 3 0 0 0 0 0 0 0 0
78 1 1 0 0 0 0 0 0 0
83 2 0 0 0 0 0 0 0 0
85 27 5 5 39 0 0 6 0 0
fl=/build/glibc-FcXrgv/glibc-2.31/math/../sysdeps/ieee754/ldbl-128/s_scalbnl.c
fn=__scalbnl
38 98 11 5 0 0 0 42 0 0
41 14 0 0 0 0 0 0 0 0
42 28 0 0 0 0 0 0 0 0
48 42 11 4 0 0 0 0 0 0
49 42 11 3 0 0 0 0 0 0
50 98 11 3 0 0 0 0 0 0
55 28 0 0 0 0 0 0 0 0
56 70 19 5 0 0 0 0 0 0
62 56 0 0 42 0 0 0 0 0
fl=/build/glibc-FcXrgv/glibc-2.31/math/./e_exp2_template.c
fn=__exp2l_finite@GLIBC_2.17
26 40 0 0 16 0 0 40 0 0
27 96 16 6 24 8 1 16 0 0
29 112 8 3 32 0 0 32 0 0
32 40 0 0 8 0 0 24 0 0
33 56 0 0 24 0 0 24 0 0
35 64 8 5 16 8 3 8 0 0
36 72 8 3 16 8 3 16 0 0
39 64 8 3 16 8 3 8 0 0
54 40 0 0 40 0 0 0 0 0
fl=/build/glibc-FcXrgv/glibc-2.31/math/./s_ldexp_template.c
fn=ldexp
22 208 24 18 0 0 0 156 0 0
23 384 24 19 0 0 0 0 0 0
24 32 0 0 0 0 0 0 0 0
25 160 24 17 0 0 0 0 0 0
27 156 0 0 156 0 0 0 0 0
fn=ldexpl
22 42 3 2 12 0 0 42 0 0
23 126 3 2 30 3 2 30 0 0
24 36 6 6 18 0 0 18 0 0
25 126 3 3 30 0 0 30 0 0
27 36 0 0 42 0 0 12 0 0
fl=/build/glibc-FcXrgv/glibc-2.31/math/s_nextafter.c
fn=nextafter
36 12 2 2 0 0 0 0 0 0
40 2 0 0 0 0 0 0 0 0
42 4 0 0 0 0 0 0 0 0
43 2 0 0 0 0 0 0 0 0
45 12 2 2 0 0 0 0 0 0
48 4 0 0 0 0 0 0 0 0
49 4 0 0 0 0 0 0 0 0
51 12 2 2 0 0 0 0 0 0
52 2 0 0 0 0 0 0 0 0
53 2 0 0 0 0 0 0 0 0
87 2 0 0 0 0 0 0 0 0
fl=/build/glibc-FcXrgv/glibc-2.31/math/w_exp2f_compat.c
fn=exp2f@GLIBC_2.17
12 20 5 1 0 0 0 15 0 0
13 5 5 1 0 0 0 0 0 0
14 35 0 0 0 0 0 0 0 0
20 15 0 0 15 0 0 0 0 0
fl=/build/glibc-FcXrgv/glibc-2.31/math/w_exp2l_compat.c
fn=exp2l
13 64 8 1 16 0 0 64 0 0
14 24 0 0 16 0 0 8 0 0
15 168 16 2 40 0 0 40 0 0
21 56 0 0 64 0 0 16 0 0
fl=/build/glibc-FcXrgv/glibc-2.31/math/w_log10_compat.c
fn=log10
31 2 1 1 0 0 0 0 0 0
45 1 0 0 0 0 0 0 0 0
fl=/build/glibc-FcXrgv/glibc-2.31/math/w_log10f_compat.c
fn=log10f
31 4 2 1 0 0 0 0 0 0
45 2 0 0 0 0 0 0 0 0
fl=/build/glibc-FcXrgv/glibc-2.31/math/w_log10l_compat.c
fn=log10l
30 9 0 0 0 0 0 9 0 0
31 24 3 2 3 0 0 0 0 0
45 6 0 0 3 0 0 0 0 0
46 3 0 0 6 0 0 0 0 0
fl=/build/glibc-FcXrgv/glibc-2.31/math/w_log_compat.c
fn=log@GLIBC_2.17
33 2 1 1 0 0 0 0 0 0
47 1 0 0 0 0 0 0 0 0
fl=/build/glibc-FcXrgv/glibc-2.31/math/w_pow_compat.c
fn=pow@GLIBC_2.17
31 5 1 1 0 0 0 4 0 0
32 1 0 0 0 0 0 0 0 0
33 5 0 0 0 0 0 0 0 0
57 2 0 0 0 0 0 0 0 0
64 3 0 0 4 0 0 0 0 0
fl=/build/glibc-FcXrgv/glibc-2.31/math/w_powf_compat.c
fn=powf@GLIBC_2.17
29 10 2 1 0 0 0 8 0 0
30 2 0 0 0 0 0 0 0 0
31 10 0 0 0 0 0 0 0 0
55 4 0 0 0 0 0 0 0 0
62 6 2 1 8 0 0 0 0 0
fl=/build/glibc-FcXrgv/glibc-2.31/math/w_powl_compat.c
fn=powl
29 33 3 1 12 0 0 33 0 0
30 27 3 1 12 0 0 15 0 0
31 48 3 1 12 0 0 9 0 0
55 15 0 0 3 0 0 6 0 0
62 24 3 2 30 0 0 6 0 0
fl=/build/glibc-FcXrgv/glibc-2.31/misc/../sysdeps/unix/syscall-template.S
fn=madvise
78 28 1 1 0 0 0 0 0 0
79 7 0 0 0 0 0 0 0 0
fn=mprotect
78 364 31 25 0 0 0 0 0 0
79 91 0 0 0 0 0 0 0 0
fn=mremap
78 16 4 4 0 0 0 0 0 0
79 4 0 0 0 0 0 0 0 0
fn=munmap
78 1136 184 44 0 0 0 0 0 0
79 284 180 37 0 0 0 0 0 0
fn=sysinfo
78 4 1 1 0 0 0 0 0 0
79 1 0 0 0 0 0 0 0 0
fl=/build/glibc-FcXrgv/glibc-2.31/misc/../sysdeps/unix/sysv/linux/aarch64/clone.S
fn=clone
44 7 1 1 0 0 0 0 0 0
45 7 0 0 0 0 0 0 0 0
46 7 0 0 0 0 0 0 0 0
49 7 0 0 0 0 0 0 0 0
50 7 0 0 0 0 0 0 0 0
51 7 0 0 0 0 0 0 0 0
55 7 0 0 0 0 0 0 0 0
57 7 0 0 0 0 0 0 0 0
58 7 0 0 0 0 0 0 0 0
59 7 0 0 0 0 0 0 0 0
60 7 0 0 0 0 0 0 0 0
61 7 0 0 0 0 0 0 0 0
63 14 3 3 0 0 0 0 0 0
64 14 0 0 0 0 0 0 0 0
65 7 0 0 0 0 0 0 0 0
66 7 0 0 0 0 0 0 0 0
fn=thread_start
74 7 0 0 0 0 0 0 0 0
77 7 0 0 0 0 0 0 0 0
78 7 0 0 0 0 0 0 0 0
fl=/build/glibc-FcXrgv/glibc-2.31/misc/../sysdeps/unix/sysv/linux/aarch64/ioctl.S
fn=ioctl
23 3 3 3 0 0 0 0 0 0
24 3 0 0 0 0 0 0 0 0
25 3 0 0 0 0 0 0 0 0
26 3 0 0 0 0 0 0 0 0
27 3 0 0 0 0 0 0 0 0
28 3 0 0 0 0 0 0 0 0
fl=/build/glibc-FcXrgv/glibc-2.31/misc/../sysdeps/unix/sysv/linux/aarch64/syscall.S
fn=syscall
30 8 3 3 0 0 0 0 0 0
31 8 0 0 0 0 0 0 0 0
32 8 0 0 0 0 0 0 0 0
33 8 0 0 0 0 0 0 0 0
34 8 3 3 0 0 0 0 0 0
35 8 0 0 0 0 0 0 0 0
36 8 0 0 0 0 0 0 0 0
37 8 0 0 0 0 0 0 0 0
38 8 0 0 0 0 0 0 0 0
39 8 0 0 0 0 0 0 0 0
40 8 0 0 0 0 0 0 0 0
41 1 0 0 0 0 0 0 0 0
43 7 0 0 0 0 0 0 0 0
fl=/build/glibc-FcXrgv/glibc-2.31/misc/../sysdeps/unix/sysv/linux/generic/brk.c
fn=brk
33 74 70 68 0 0 0 0 0 0
36 370 0 0 74 0 0 74 0 0
37 148 0 0 0 0 0 0 0 0
39 45 0 0 9 0 0 9 3 3
40 9 0 0 0 0 0 0 0 0
43 65 0 0 0 0 0 0 0 0
44 74 0 0 0 0 0 0 0 0
fl=/build/glibc-FcXrgv/glibc-2.31/misc/../sysdeps/unix/sysv/linux/getclktck.c
fn=__getclktck
30 5 2 2 2 2 0 0 0 0
31 2 0 0 0 0 0 0 0 0
fl=/build/glibc-FcXrgv/glibc-2.31/misc/../sysdeps/unix/sysv/linux/getpagesize.c
fn=getpagesize
28 88 5 4 44 6 3 0 0 0
30 22 0 0 0 0 0 0 0 0
fl=/build/glibc-FcXrgv/glibc-2.31/misc/../sysdeps/unix/sysv/linux/getsysstats.c
fn=get_nprocs_conf
237 8 1 1 2 0 0 5 0 0
242 3 0 0 0 0 0 0 0 0
243 5 0 0 0 0 0 4 0 0
248 63 0 0 0 0 0 0 0 0
250 124 0 0 41 0 0 0 0 0
253 46 2 2 0 0 0 0 0 0
254 53 0 0 17 0 0 0 0 0
255 16 0 0 0 0 0 0 0 0
258 2 0 0 0 0 0 0 0 0
260 2 1 1 4 0 0 0 0 0
282 10 0 0 7 0 0 0 0 0
fn=get_phys_pages
319 8 1 1 2 0 0 4 0 0
322 2 0 0 0 0 0 0 0 0
323 8 1 1 4 0 0 0 0 0
324 2 0 0 3 0 0 0 0 0
fn=sysinfo_mempages
295 5 1 1 0 0 0 4 0 0
296 2 1 1 0 0 0 0 0 0
298 3 0 0 0 0 0 0 0 0
303 1 0 0 0 0 0 0 0 0
304 26 0 0 0 0 0 0 0 0
306 12 0 0 0 0 0 0 0 0
307 12 0 0 0 0 0 0 0 0
310 3 1 1 4 0 0 0 0 0
fl=/build/glibc-FcXrgv/glibc-2.31/misc/../sysdeps/unix/sysv/linux/mmap64.c
fn=mmap
51 936 297 142 0 0 0 0 0 0
59 3276 0 0 0 0 0 0 0 0
61 468 0 0 0 0 0 0 0 0
fl=/build/glibc-FcXrgv/glibc-2.31/misc/getauxval.c
fn=getauxval
31 22 8 6 0 0 0 0 0 0
32 32 9 6 21 8 0 0 0 0
48 11 8 5 0 0 0 0 0 0
fl=/build/glibc-FcXrgv/glibc-2.31/misc/init-misc.c
fn=__init_misc
30 4 0 0 0 0 0 4 0 0
31 3 2 2 1 0 0 0 0 0
33 3 0 0 0 0 0 0 0 0
37 4 0 0 1 1 0 0 0 0
38 5 0 0 2 1 0 2 1 0
40 3 0 0 4 0 0 0 0 0
fl=/build/glibc-FcXrgv/glibc-2.31/misc/sbrk.c
fn=sbrk
32 435 65 62 0 0 0 435 19 6
40 606 73 69 260 209 202 0 0 0
41 6 1 1 2 0 0 0 0 0
42 9 0 0 0 0 0 0 0 0
44 174 0 0 0 0 0 0 0 0
48 292 0 0 0 0 0 0 0 0
50 6 0 0 0 0 0 0 0 0
56 219 139 136 0 0 0 0 0 0
60 435 6 2 435 0 0 0 0 0
fl=/build/glibc-FcXrgv/glibc-2.31/misc/tsearch.c
fn=tfind
373 1842 613 198 0 0 0 2456 136 60
377 614 0 0 0 0 0 0 0 0
378 613 0 0 0 0 0 0 0 0
383 4297 614 199 614 613 201 614 0 0
388 3 0 0 1 0 0 0 0 0
389 2 0 0 0 0 0 0 0 0
392 2 0 0 0 0 0 0 0 0
395 3070 613 199 3070 0 0 0 0 0
fn=tsearch
292 4 1 1 0 0 0 5 0 0
303 1 0 0 0 0 0 0 0 0
307 2 0 0 1 0 0 2 0 0
308 7 1 1 0 0 0 6 0 0
326 4 1 1 0 0 0 0 0 0
338 3 1 1 0 0 0 0 0 0
339 1 0 0 0 0 0 0 0 0
350 4 0 0 1 0 0 1 0 0
353 2 0 0 0 0 0 2 0 0
354 1 0 0 0 0 0 1 0 0
356 2 0 0 0 0 0 0 0 0
363 8 1 1 12 0 0 0 0 0
fl=/build/glibc-FcXrgv/glibc-2.31/nptl/../include/list.h
fn=__pthread_initialize_minimal
44 1 0 0 0 0 0 0 0 0
45 1 0 0 0 0 0 2 0 0
46 1 0 0 0 0 0 1 0 0
47 1 0 0 0 0 0 0 0 0
48 1 0 0 0 0 0 1 0 0
fn=stack_list_add
44 14 0 0 14 1 0 0 0 0
45 14 0 0 0 0 0 28 7 7
46 14 0 0 0 0 0 14 5 0
47 14 0 0 0 0 0 0 0 0
48 14 0 0 0 0 0 14 0 0
fn=stack_list_del
56 10 1 1 0 0 0 10 2 1
57 10 0 0 0 0 0 10 8 1
fl=/build/glibc-FcXrgv/glibc-2.31/nptl/../malloc/dynarray-skeleton.c
fn=__register_atfork
196 1 0 0 0 0 0 0 0 0
197 2 0 0 0 0 0 2 0 0
216 3 1 1 1 0 0 2 0 0
318 4 1 1 2 0 0 0 0 0
320 5 1 1 2 0 0 2 0 0
326 1 0 0 0 0 0 0 0 0
357 3 0 0 1 0 0 0 0 0
361 2 0 0 0 0 0 0 0 0
364 2 0 0 0 0 0 0 0 0
fn=__run_fork_handlers
239 6 0 0 2 0 0 2 0 0
248 9 2 2 0 0 0 0 0 0
250 5 1 1 2 0 0 0 0 0
fn=__unregister_atfork
250 91 0 0 40 0 0 0 0 0
270 1 0 0 0 0 0 0 0 0
421 1 0 0 0 0 0 0 0 0
423 2 0 0 0 0 0 0 0 0
fl=/build/glibc-FcXrgv/glibc-2.31/nptl/../nptl/cancellation.c
fn=__libc_disable_asynccancel
69 16400 0 0 0 0 0 19680 2 0
72 3280 2475 821 0 0 0 0 0 0
75 3280 0 0 0 0 0 0 0 0
78 6560 0 0 3280 0 0 0 0 0
82 3280 0 0 0 0 0 0 0 0
84 13120 0 0 0 0 0 0 0 0
86 6560 0 0 0 0 0 0 0 0
97 9840 1688 819 0 0 0 0 0 0
104 13120 0 0 19680 0 0 0 0 0
fn=__libc_enable_asynccancel
33 16400 1675 862 0 0 0 22960 37 0
34 3280 0 0 0 0 0 0 0 0
35 6560 0 0 3280 1395 864 0 0 0
41 6560 2464 864 0 0 0 0 0 0
44 19680 0 0 0 0 0 0 0 0
46 6560 0 0 0 0 0 0 0 0
48 13120 0 0 0 0 0 0 0 0
62 16400 1688 864 22960 0 0 0 0 0
fl=/build/glibc-FcXrgv/glibc-2.31/nptl/../nptl/pthread_mutex_lock.c
fn=__pthread_mutex_cond_lock
64 21 6 1 0 0 0 28 0 0
67 28 0 0 7 0 0 0 0 0
69 7 0 0 0 0 0 0 0 0
71 14 0 0 0 0 0 0 0 0
75 21 1 1 0 0 0 14 0 0
80 33 1 1 1 0 0 0 0 0
81 28 0 0 7 0 0 0 0 0
159 14 0 0 7 6 6 7 0 0
164 7 0 0 0 0 0 0 0 0
166 7 0 0 0 0 0 0 0 0
167 28 1 1 42 0 0 0 0 0
fl=/build/glibc-FcXrgv/glibc-2.31/nptl/../sysdeps/nptl/futex-internal.h
fn=__pthread_once_slow
364 72 0 0 0 0 0 0 0 0
fn=pthread_cond_signal@@GLIBC_2.17
141 14 0 0 0 0 0 0 0 0
364 70 0 0 42 0 0 0 0 0
fn=pthread_cond_wait@@GLIBC_2.17
182 14 2 2 0 0 0 0 0 0
183 77 1 1 7 7 7 0 0 0
184 21 0 0 0 0 0 7 0 0
fn=pthread_rwlock_rdlock
368 1836 0 0 0 0 0 0 0 0
fn=sem_post@@GLIBC_2.17
368 13429 0 0 0 0 0 0 0 0
fl=/build/glibc-FcXrgv/glibc-2.31/nptl/../sysdeps/unix/sysv/linux/createthread.c
fn=create_thread
51 56 2 1 0 0 0 42 0 0
55 7 0 0 0 0 0 0 0 0
56 14 0 0 7 0 0 0 0 0
57 14 0 0 7 0 0 0 0 0
60 14 0 0 7 0 0 7 0 0
61 7 0 0 0 0 0 0 0 0
101 84 7 1 0 0 0 0 0 0
108 14 0 0 0 0 0 7 0 0
111 7 0 0 0 0 0 0 0 0
117 14 1 1 7 0 0 0 0 0
140 14 0 0 7 0 0 0 0 0
152 7 1 1 0 0 0 0 0 0
153 28 0 0 42 0 0 0 0 0
fl=/build/glibc-FcXrgv/glibc-2.31/nptl/../sysdeps/unix/sysv/linux/exit-thread.h
fn=start_thread
36 21 0 0 0 0 0 0 0 0
fl=/build/glibc-FcXrgv/glibc-2.31/nptl/../sysdeps/unix/sysv/linux/pthread-pids.h
fn=__pthread_initialize_minimal
29 7 0 0 0 0 0 1 1 0
fl=/build/glibc-FcXrgv/glibc-2.31/nptl/../sysdeps/unix/sysv/linux/sigaction.c
fn=__libc_sigaction
43 16 1 1 4 0 0 6 2 1
48 2 0 0 0 0 0 0 0 0
50 4 0 0 2 0 0 0 0 0
51 34 2 2 32 0 0 32 3 2
52 6 0 0 2 0 0 4 0 0
53 2 0 0 0 0 0 0 0 0
58 20 0 0 0 0 0 0 0 0
62 6 1 1 0 0 0 0 0 0
70 16 2 2 10 0 0 0 0 0
fl=/build/glibc-FcXrgv/glibc-2.31/nptl/alloca_cutoff.c
fn=__libc_alloca_cutoff
28 40 7 4 4 4 1 0 0 0
35 8 0 0 0 0 0 0 0 0
fl=/build/glibc-FcXrgv/glibc-2.31/nptl/allocatestack.c
fn=__deallocate_stack
307 28 0 0 0 0 0 0 0 0
309 35 0 0 14 4 0 7 0 0
310 21 0 0 0 0 0 0 0 0
311 6 2 1 0 0 0 0 0 0
789 35 1 1 0 0 0 35 0 0
790 56 0 0 0 0 0 0 0 0
794 21 1 1 0 0 0 0 0 0
800 14 0 0 7 4 0 0 0 0
806 49 1 1 0 0 0 0 0 0
807 28 0 0 35 1 0 0 0 0
fn=__pthread_init_static_tls
1183 6 0 0 3 0 0 0 0 0
1189 27 0 0 12 0 0 0 0 0
1196 15 6 6 0 0 0 18 0 0
1197 24 0 0 0 0 0 0 0 0
1201 15 0 0 3 3 3 0 0 0
1205 21 6 6 6 2 0 0 0 0
1208 21 3 3 0 0 0 0 0 0
1209 12 0 0 18 0 0 0 0 0
fn=free_stacks
256 12 0 0 0 0 0 18 0 0
263 24 1 1 6 2 0 3 0 0
268 12 0 0 3 0 0 0 0 0
271 6 0 0 0 0 0 0 0 0
274 21 0 0 6 3 0 3 0 0
277 9 1 1 0 0 0 0 0 0
281 12 0 0 6 0 0 0 0 0
285 12 0 0 6 2 0 0 0 0
289 12 0 0 18 0 0 0 0 0
fn=pthread_create@@GLIBC_2.17
176 77 0 0 14 0 0 7 0 0
184 35 1 1 7 1 0 0 0 0
209 84 2 2 21 0 0 14 0 0
367 35 0 0 7 0 0 0 0 0
416 28 0 0 0 0 0 0 0 0
418 21 0 0 0 0 0 0 0 0
423 14 0 0 7 0 0 0 0 0
433 14 1 1 7 0 0 0 0 0
524 14 0 0 0 0 0 7 0 0
525 35 1 1 14 1 0 0 0 0
528 14 1 1 7 0 0 0 0 0
529 14 0 0 0 0 0 0 0 0
533 42 0 0 7 0 0 0 0 0
534 42 1 1 0 0 0 7 0 0
538 21 0 0 0 0 0 0 0 0
539 28 0 0 7 0 0 7 0 0
540 7 0 0 0 0 0 0 0 0
562 91 1 1 7 0 0 21 0 0
565 35 0 0 14 0 0 0 0 0
570 14 0 0 7 0 0 0 0 0
579 28 0 0 14 0 0 0 0 0
580 14 0 0 7 0 0 0 0 0
581 7 0 0 0 0 0 0 0 0
585 7 1 1 0 0 0 0 0 0
597 14 0 0 7 0 0 7 7 7
598 7 0 0 0 0 0 7 0 0
601 7 1 1 0 0 0 7 7 7
606 14 0 0 0 0 0 7 7 7
609 14 0 0 0 0 0 7 7 7
611 35 0 0 7 0 0 14 2 1
619 14 0 0 0 0 0 7 7 7
622 42 0 0 0 0 0 0 0 0
635 63 1 1 14 1 0 7 0 0
638 35 0 0 0 0 0 7 0 0
640 63 1 1 14 0 0 7 0 0
647 56 0 0 14 1 0 7 0 0
674 21 2 2 7 0 0 0 0 0
703 35 0 0 7 0 0 0 0 0
741 14 0 0 0 0 0 7 0 0
746 7 0 0 0 0 0 7 0 0
751 7 0 0 0 0 0 0 0 0
754 7 0 0 0 0 0 14 0 0
756 7 0 0 0 0 0 0 0 0
758 7 0 0 0 0 0 14 7 7
770 7 0 0 0 0 0 0 0 0
fn=stack_list_add
151 42 2 2 0 0 0 14 0 0
153 14 0 0 0 0 0 0 0 0
157 14 0 0 0 0 0 0 0 0
159 14 0 0 0 0 0 14 0 0
160 14 0 0 0 0 0 0 0 0
fn=stack_list_del
136 20 1 1 0 0 0 10 2 1
138 10 0 0 0 0 0 0 0 0
140 10 0 0 20 0 0 0 0 0
142 10 0 0 0 0 0 0 0 0
144 10 0 0 0 0 0 10 0 0
145 10 0 0 0 0 0 0 0 0
fn=start_thread
386 7 0 0 0 0 0 0 0 0
388 28 2 1 0 0 0 0 0 0
389 14 0 0 0 0 0 0 0 0
390 14 0 0 0 0 0 0 0 0
391 28 3 2 0 0 0 0 0 0
fl=/build/glibc-FcXrgv/glibc-2.31/nptl/cancellation.c
fn=__pthread_disable_asynccancel
69 40 0 0 0 0 0 48 7 7
72 8 1 1 0 0 0 0 0 0
75 8 0 0 0 0 0 0 0 0
78 16 0 0 8 7 7 0 0 0
82 8 0 0 0 0 0 0 0 0
84 32 0 0 0 0 0 0 0 0
86 16 0 0 0 0 0 0 0 0
97 24 1 1 0 0 0 0 0 0
104 32 0 0 48 0 0 0 0 0
fn=__pthread_enable_asynccancel
33 40 3 3 0 0 0 56 6 6
34 8 0 0 0 0 0 0 0 0
35 16 0 0 8 1 1 0 0 0
41 16 3 3 0 0 0 0 0 0
44 48 0 0 0 0 0 0 0 0
46 16 0 0 0 0 0 0 0 0
48 32 0 0 0 0 0 0 0 0
62 40 3 3 56 0 0 0 0 0
fl=/build/glibc-FcXrgv/glibc-2.31/nptl/cleanup_compat.c
fn=_pthread_cleanup_pop
41 23 7 1 0 0 0 0 0 0
43 69 0 0 23 9 8 23 0 0
47 23 0 0 0 0 0 0 0 0
49 23 0 0 0 0 0 0 0 0
fn=_pthread_cleanup_push
27 23 7 7 0 0 0 0 0 0
30 23 0 0 0 0 0 46 0 0
31 69 7 6 23 3 0 23 0 0
33 23 0 0 0 0 0 23 0 0
34 23 0 0 0 0 0 0 0 0
fl=/build/glibc-FcXrgv/glibc-2.31/nptl/cleanup_defer_compat.c
fn=_pthread_cleanup_pop_restore
62 84 19 12 0 0 0 84 1 1
63 14 0 0 0 0 0 0 0 0
65 42 0 0 14 0 0 14 0 0
68 28 0 0 14 0 0 0 0 0
91 14 0 0 0 0 0 0 0 0
93 56 0 0 84 0 0 0 0 0
fn=_pthread_cleanup_push_defer
25 70 8 6 0 0 0 84 1 0
26 14 0 0 0 0 0 0 0 0
28 14 0 0 0 0 0 14 0 0
29 14 0 0 0 0 0 14 0 0
30 56 0 0 14 4 1 14 0 0
32 14 0 0 14 7 4 0 0 0
35 28 0 0 0 0 0 0 0 0
50 14 10 6 0 0 0 14 0 0
52 14 0 0 0 0 0 0 0 0
54 14 0 0 0 0 0 14 0 0
55 56 0 0 84 0 0 0 0 0
fl=/build/glibc-FcXrgv/glibc-2.31/nptl/forward.c
fn=pthread_cond_destroy@@GLIBC_2.17
89 77 2 2 28 0 0 0 0 0
fn=pthread_cond_init@@GLIBC_2.17
99 99 4 4 36 3 1 0 0 0
fn=pthread_cond_signal@@GLIBC_2.17
110 573210 11336 1024 208440 12490 814 0 0 0
fn=pthread_cond_wait@@GLIBC_2.17
121 77 2 2 28 0 0 0 0 0
fn=pthread_condattr_init
71 11 2 2 4 2 0 0 0 0
fn=pthread_mutex_destroy
154 132 4 4 48 1 0 0 0 0
fn=pthread_mutex_init
156 99 3 3 36 6 0 0 0 0
fn=pthread_mutex_lock
160 860365 10219 922 312860 45919 4444 0 0 0
fn=pthread_mutex_unlock
162 860365 10015 882 312860 3 0 0 0 0
fl=/build/glibc-FcXrgv/glibc-2.31/nptl/libc_pthread_init.c
fn=__libc_pthread_init
43 4 1 1 0 0 0 3 0 0
45 2 0 0 0 0 0 1 1 1
48 5 1 1 0 0 0 0 0 0
67 127 0 0 0 0 0 0 0 0
70 89 0 0 44 7 0 0 0 0
71 43 0 0 0 0 0 42 6 6
73 3 0 0 0 0 0 1 0 0
77 1 0 0 0 0 0 0 0 0
79 4 0 0 3 0 0 0 0 0
fl=/build/glibc-FcXrgv/glibc-2.31/nptl/lowlevellock.c
fn=__lll_lock_wait
44 5 2 2 0 0 0 4 1 1
45 3 0 0 1 0 0 0 0 0
48 4 1 1 0 0 0 0 0 0
51 1 0 0 0 0 0 0 0 0
52 7 0 0 0 0 0 0 0 0
54 3 0 0 4 0 0 0 0 0
fl=/build/glibc-FcXrgv/glibc-2.31/nptl/nptl-init.c
fn=__pthread_initialize_minimal
244 9 2 2 2 2 0 7 1 0
246 1 0 0 0 0 0 0 0 0
248 2 0 0 0 0 0 1 1 0
249 2 0 0 0 0 0 1 1 0
254 1 0 0 0 0 0 0 0 0
256 1 0 0 0 0 0 2 0 0
258 2 0 0 0 0 0 1 0 0
262 4 1 1 0 0 0 0 0 0
272 4 0 0 2 2 0 1 1 0
275 3 0 0 0 0 0 1 1 1
276 1 0 0 0 0 0 0 0 0
280 5 1 1 1 1 0 1 0 0
283 49 0 0 0 0 0 16 2 2
288 3 0 0 0 0 0 1 0 0
289 2 0 0 0 0 0 1 0 0
290 4 0 0 0 0 0 0 0 0
293 3 1 1 0 0 0 1 0 0
294 3 0 0 0 0 0 1 0 0
295 4 0 0 0 0 0 0 0 0
301 3 0 0 1 0 0 1 0 0
304 6 1 1 0 0 0 0 0 0
311 4 0 0 0 0 0 0 0 0
314 4 0 0 1 0 0 0 0 0
316 2 1 1 0 0 0 1 0 0
318 6 0 0 1 0 0 1 0 0
323 5 0 0 0 0 0 0 0 0
324 3 0 0 1 0 0 0 0 0
328 3 0 0 0 0 0 0 0 0
335 3 0 0 2 0 0 0 0 0
336 3 1 1 1 0 0 0 0 0
341 7 0 0 0 0 0 1 0 0
342 7 1 1 0 0 0 0 0 0
343 4 0 0 1 0 0 1 1 1
344 1 0 0 0 0 0 1 0 0
345 6 0 0 0 0 0 0 0 0
350 5 1 1 2 0 0 1 1 0
351 3 0 0 1 0 0 1 0 0
352 1 0 0 1 1 0 0 0 0
353 1 0 0 0 0 0 1 0 0
354 2 0 0 0 0 0 0 0 0
355 1 0 0 0 0 0 0 0 0
357 4 1 1 1 0 0 1 0 0
360 3 0 0 0 0 0 1 0 0
362 3 0 0 0 0 0 1 0 0
366 2 0 0 0 0 0 1 0 0
368 7 0 0 0 0 0 0 0 0
372 3 1 1 0 0 0 1 0 0
375 1 0 0 0 0 0 0 0 0
377 10 0 0 9 0 0 0 0 0
fl=/build/glibc-FcXrgv/glibc-2.31/nptl/pthread_cond_common.c
fn=pthread_cond_destroy@@GLIBC_2.17
329 21 0 0 0 0 0 0 0 0
fn=pthread_cond_signal@@GLIBC_2.17
31 7 0 0 7 0 0 0 0 0
43 21 1 1 0 0 0 0 0 0
49 21 0 0 7 0 0 7 0 0
55 35 0 0 14 0 0 7 0 0
256 35 0 0 7 0 0 42 0 0
257 14 0 0 0 0 0 0 0 0
259 49 1 1 0 0 0 0 0 0
291 42 1 1 0 0 0 0 0 0
292 21 0 0 0 0 0 0 0 0
301 21 1 1 7 0 0 14 0 0
314 21 0 0 7 0 0 0 0 0
315 7 0 0 0 0 0 0 0 0
316 35 0 0 0 0 0 0 0 0
317 7 0 0 0 0 0 0 0 0
329 21 0 0 0 0 0 0 0 0
353 14 0 0 0 0 0 7 0 0
354 49 1 1 7 0 0 7 0 0
355 14 0 0 0 0 0 7 0 0
381 49 3 2 0 0 0 7 0 0
396 42 0 0 0 0 0 0 0 0
397 21 0 0 0 0 0 0 0 0
425 7 1 1 0 0 0 0 0 0
435 28 0 0 0 0 0 0 0 0
442 14 0 0 7 0 0 7 0 0
450 7 0 0 0 0 0 0 0 0
452 28 0 0 28 0 0 0 0 0
456 21 0 0 7 0 0 0 0 0
460 21 1 1 7 0 0 7 0 0
465 7 0 0 0 0 0 0 0 0
fn=pthread_cond_wait@@GLIBC_2.17
37 28 0 0 0 0 0 0 0 0
49 28 0 0 14 0 0 0 0 0
329 21 0 0 0 0 0 0 0 0
fl=/build/glibc-FcXrgv/glibc-2.31/nptl/pthread_cond_destroy.c
fn=pthread_cond_destroy@@GLIBC_2.17
43 21 1 1 0 0 0 21 0 0
44 7 0 0 0 0 0 0 0 0
50 28 0 0 0 0 0 0 0 0
52 21 0 0 0 0 0 0 0 0
60 28 0 0 21 0 0 0 0 0
fl=/build/glibc-FcXrgv/glibc-2.31/nptl/pthread_cond_init.c
fn=pthread_cond_init@@GLIBC_2.17
33 27 2 2 0 0 0 54 7 7
39 13 0 0 2 0 0 0 0 0
45 2 0 0 0 0 0 0 0 0
46 6 0 0 2 0 0 2 0 0
48 9 0 0 0 0 0 0 0 0
51 18 0 0 0 0 0 0 0 0
fl=/build/glibc-FcXrgv/glibc-2.31/nptl/pthread_cond_signal.c
fn=pthread_cond_signal@@GLIBC_2.17
36 208440 11786 985 0 0 0 208440 7291 1167
37 52110 0 0 0 0 0 0 0 0
42 104220 0 0 52110 9759 917 0 0 0
43 104220 11227 975 0 0 0 0 0 0
68 28 0 0 0 0 0 0 0 0
69 14 0 0 0 0 0 0 0 0
77 28 0 0 7 0 0 0 0 0
85 28 0 0 0 0 0 0 0 0
86 28 0 0 7 0 0 7 0 0
97 208440 12146 1383 208440 1 0 0 0 0
fl=/build/glibc-FcXrgv/glibc-2.31/nptl/pthread_cond_wait.c
fn=__condvar_confirm_wakeup
49 28 1 1 0 0 0 28 0 0
54 49 2 1 0 0 0 0 0 0
56 21 0 0 28 0 0 0 0 0
fn=__condvar_dec_grefs
150 28 1 1 0 0 0 28 0 0
153 49 1 1 0 0 0 0 0 0
162 21 0 0 28 0 0 0 0 0
fn=pthread_cond_wait@@GLIBC_2.17
388 7 2 2 0 0 0 0 0 0
406 7 0 0 0 0 0 0 0 0
407 7 0 0 0 0 0 0 0 0
411 21 0 0 0 0 0 0 0 0
421 21 0 0 0 0 0 0 0 0
422 7 2 2 0 0 0 0 0 0
434 42 0 0 7 0 0 7 0 0
467 14 0 0 0 0 0 0 0 0
471 14 1 1 0 0 0 0 0 0
486 35 2 2 0 0 0 0 0 0
487 14 2 2 7 0 0 0 0 0
488 14 0 0 0 0 0 0 0 0
500 7 0 0 0 0 0 14 0 0
501 7 0 0 0 0 0 7 0 0
502 7 0 0 0 0 0 7 0 0
503 70 0 0 7 0 0 14 0 0
526 28 1 1 7 0 0 0 0 0
541 28 0 0 0 0 0 0 0 0
544 7 0 0 7 0 0 0 0 0
552 56 1 1 7 0 0 7 0 0
560 14 0 0 0 0 0 0 0 0
632 21 0 0 0 0 0 0 0 0
636 21 1 1 0 0 0 0 0 0
645 98 2 2 14 0 0 91 0 0
648 98 0 0 105 11 8 0 0 0
fl=/build/glibc-FcXrgv/glibc-2.31/nptl/pthread_condattr_init.c
fn=pthread_condattr_init
25 1 1 1 0 0 0 0 0 0
32 1 0 0 0 0 0 1 1 1
35 2 0 0 0 0 0 0 0 0
fl=/build/glibc-FcXrgv/glibc-2.31/nptl/pthread_condattr_setclock.c
fn=pthread_condattr_setclock
29 1 1 1 0 0 0 0 0 0
31 2 0 0 0 0 0 0 0 0
34 1 0 0 0 0 0 0 0 0
41 3 1 1 1 0 0 1 0 0
42 1 0 0 0 0 0 0 0 0
44 1 0 0 0 0 0 0 0 0
45 1 0 0 0 0 0 0 0 0
fl=/build/glibc-FcXrgv/glibc-2.31/nptl/pthread_create.c
fn=__free_tcb
345 35 1 1 0 0 0 35 0 0
347 63 0 0 7 5 0 0 0 0
357 14 0 0 7 6 0 0 0 0
368 14 1 1 0 0 0 0 0 0
370 21 0 0 35 0 0 0 0 0
fn=__nptl_deallocate_tsd
251 28 1 1 0 0 0 42 0 0
252 7 0 0 0 0 0 0 0 0
256 21 0 0 7 7 7 0 0 0
338 28 1 1 42 0 0 0 0 0
fn=pthread_create@@GLIBC_2.17
608 21 0 0 14 0 0 0 0 0
625 119 2 2 14 0 0 98 0 0
630 7 1 1 0 0 0 7 0 0
631 21 0 0 0 0 0 7 0 0
632 21 0 0 0 0 0 0 0 0
634 49 1 1 0 0 0 0 0 0
635 70 0 0 49 2 2 49 0 0
637 7 1 1 0 0 0 0 0 0
655 42 1 1 0 0 0 0 0 0
656 7 0 0 0 0 0 0 0 0
668 1 1 1 0 0 0 1 0 0
688 7 1 1 0 0 0 7 0 0
689 14 0 0 7 0 0 7 7 7
690 14 0 0 7 0 0 7 0 0
693 7 0 0 0 0 0 0 0 0
694 21 1 1 7 1 0 7 0 0
695 28 0 0 7 1 0 0 0 0
700 21 0 0 0 0 0 7 0 0
703 42 0 0 21 1 1 21 0 0
708 14 0 0 7 1 1 7 0 0
709 14 0 0 7 0 0 7 0 0
731 14 0 0 7 0 0 7 0 0
734 7 0 0 0 0 0 0 0 0
755 28 0 0 7 0 0 0 0 0
756 3 0 0 1 0 0 0 0 0
759 7 1 1 0 0 0 7 3 1
761 14 0 0 0 0 0 7 0 0
771 21 0 0 0 0 0 0 0 0
776 14 0 0 0 0 0 14 0 0
817 42 1 1 0 0 0 0 0 0
820 7 0 0 0 0 0 0 0 0
857 14 0 0 7 0 0 0 0 0
867 28 0 0 0 0 0 7 0 0
871 14 0 0 7 0 0 0 0 0
875 105 0 0 105 2 0 0 0 0
fn=start_thread
379 70 2 2 14 1 0 49 14 14
383 35 0 0 7 2 1 7 7 7
386 7 0 0 0 0 0 0 0 0
389 42 2 2 0 0 0 0 0 0
400 35 2 2 7 0 0 0 0 0
408 14 0 0 7 0 0 0 0 0
423 14 0 0 0 0 0 0 0 0
437 7 0 0 0 0 0 14 0 0
439 7 0 0 0 0 0 0 0 0
442 14 0 0 0 0 0 7 7 7
448 21 0 0 14 0 0 0 0 0
463 14 0 0 7 0 0 0 0 0
467 14 2 2 7 0 0 0 0 0
477 35 3 3 21 7 7 0 0 0
478 14 1 1 7 7 7 7 6 6
485 7 0 0 0 0 0 0 0 0
488 7 0 0 0 0 0 0 0 0
491 7 0 0 0 0 0 0 0 0
496 42 1 1 0 0 0 0 0 0
501 21 0 0 14 0 0 0 0 0
532 70 0 0 21 1 0 0 0 0
567 14 0 0 14 7 7 0 0 0
571 28 0 0 14 1 0 0 0 0
574 21 0 0 14 0 0 0 0 0
fl=/build/glibc-FcXrgv/glibc-2.31/nptl/pthread_getspecific.c
fn=pthread_getspecific
25 145 145 31 0 0 0 0 0 0
30 290 0 0 0 0 0 0 0 0
31 580 145 25 0 0 0 0 0 0
55 145 0 0 145 143 29 0 0 0
56 145 0 0 0 0 0 0 0 0
60 994 0 0 284 139 24 0 0 0
65 145 0 0 0 0 0 0 0 0
fl=/build/glibc-FcXrgv/glibc-2.31/nptl/pthread_join.c
fn=pthread_join
24 28 1 1 0 0 0 0 0 0
fl=/build/glibc-FcXrgv/glibc-2.31/nptl/pthread_join_common.c
fn=__pthread_clockjoin_ex
85 70 1 1 14 0 0 49 0 0
89 21 1 1 7 3 0 0 0 0
94 21 0 0 7 5 1 0 0 0
98 56 0 0 0 0 0 28 0 0
101 7 0 0 0 0 0 0 0 0
103 21 1 1 0 0 0 0 0 0
104 21 0 0 7 1 1 0 0 0
120 49 0 0 0 0 0 0 0 0
130 7 0 0 0 0 0 0 0 0
135 56 2 2 0 0 0 14 0 0
137 7 0 0 0 0 0 0 0 0
144 16 1 1 8 0 0 0 0 0
145 10 1 1 0 0 0 0 0 0
148 21 0 0 0 0 0 0 0 0
151 14 0 0 21 0 0 0 0 0
152 7 0 0 0 0 0 0 0 0
155 14 1 0 0 0 0 7 0 0
158 7 1 1 0 0 0 0 0 0
162 21 0 0 0 0 0 0 0 0
167 7 0 0 0 0 0 0 0 0
169 14 0 0 28 0 0 0 0 0
170 77 0 0 63 0 0 0 0 0
fl=/build/glibc-FcXrgv/glibc-2.31/nptl/pthread_key_create.c
fn=pthread_key_create
26 36 8 8 0 0 0 32 0 0
28 28 0 0 0 0 0 0 0 0
30 10 0 0 10 7 5 0 0 0
32 40 0 0 0 0 0 0 0 0
34 24 4 4 0 0 0 0 0 0
38 12 0 0 0 0 0 4 0 0
41 4 0 0 0 0 0 4 1 1
44 4 0 0 0 0 0 0 0 0
49 20 0 0 32 0 0 0 0 0
fl=/build/glibc-FcXrgv/glibc-2.31/nptl/pthread_key_delete.c
fn=pthread_key_delete
26 9 0 0 0 0 0 9 0 0
29 6 2 1 0 0 0 0 0 0
31 15 3 1 3 2 1 0 0 0
33 3 0 0 0 0 0 0 0 0
34 18 0 0 0 0 0 0 0 0
37 3 0 0 0 0 0 0 0 0
41 9 2 1 9 0 0 0 0 0
fl=/build/glibc-FcXrgv/glibc-2.31/nptl/pthread_mutex_conf.c
fn=__pthread_tunables_init
42 8 1 1 2 1 0 4 0 0
43 5 0 0 0 0 0 0 0 0
45 8 1 1 5 1 0 0 0 0
fl=/build/glibc-FcXrgv/glibc-2.31/nptl/pthread_mutex_destroy.c
fn=pthread_mutex_destroy
28 12 2 2 0 0 0 0 0 0
32 36 0 0 12 3 0 0 0 0
34 24 0 0 12 0 0 0 0 0
35 12 0 0 0 0 0 0 0 0
40 24 0 0 0 0 0 12 0 0
42 12 0 0 0 0 0 0 0 0
43 12 2 2 0 0 0 0 0 0
fl=/build/glibc-FcXrgv/glibc-2.31/nptl/pthread_mutex_init.c
fn=pthread_mutex_init
53 99 9 4 18 3 1 63 0 0
65 9 0 0 0 0 0 0 0 0
89 27 0 0 0 0 0 54 2 2
92 9 2 2 0 0 0 0 0 0
134 9 0 0 0 0 0 0 0 0
140 18 2 2 0 0 0 9 0 0
149 9 0 0 0 0 0 0 0 0
151 9 0 0 0 0 0 0 0 0
152 90 2 2 81 0 0 0 0 0
fl=/build/glibc-FcXrgv/glibc-2.31/nptl/pthread_mutex_lock.c
fn=pthread_mutex_lock
64 235599 14093 1166 0 0 0 314132 1093 16
67 314132 11602 1127 78533 11912 1229 0 0 0
69 78533 0 0 0 0 0 0 0 0
71 157066 0 0 0 0 0 0 0 0
75 235599 0 0 0 0 0 157066 0 0
80 391075 0 0 0 0 0 0 0 0
81 312860 10843 643 78215 0 0 0 0 0
95 1272 278 32 318 0 0 0 0 0
99 636 0 0 0 0 0 0 0 0
102 1272 0 0 636 188 9 0 0 0
105 39 1 1 13 0 0 0 0 0
109 26 0 0 0 0 0 13 0 0
111 26 4 4 0 0 0 0 0 0
115 1220 0 0 0 0 0 0 0 0
117 610 0 0 305 0 0 0 0 0
118 915 175 34 0 0 0 305 0 0
159 78520 0 0 78520 10670 759 0 0 0
161 235560 0 0 78520 0 0 157040 0 0
164 78520 0 0 0 0 0 0 0 0
166 78520 0 0 0 0 0 0 0 0
167 314132 0 0 471198 0 0 0 0 0
fl=/build/glibc-FcXrgv/glibc-2.31/nptl/pthread_mutex_unlock.c
fn=__pthread_mutex_unlock_usercnt
38 235620 13371 942 0 0 0 314160 11 2
41 314160 0 0 78540 25 2 0 0 0
42 157080 0 0 0 0 0 0 0 0
47 235620 0 0 0 0 0 0 0 0
52 157054 0 0 0 0 0 157054 0 0
53 78527 12934 873 0 0 0 0 0 0
55 314080 13215 1279 78520 0 0 78520 0 0
58 471242 1 1 78527 0 0 0 0 0
60 78527 0 0 0 0 0 0 0 0
62 78527 0 0 78527 0 0 0 0 0
64 636 155 29 0 0 0 0 0 0
70 1272 153 33 318 0 0 0 0 0
74 1908 138 33 636 23 2 0 0 0
77 1577 0 0 318 0 0 318 0 0
94 314160 2 1 314160 0 0 0 0 0
fn=pthread_mutex_unlock
357 157066 16097 2138 0 0 0 0 0 0
fl=/build/glibc-FcXrgv/glibc-2.31/nptl/pthread_once.c
fn=__pthread_once_slow
68 126 8 8 18 4 3 90 3 2
76 9 0 0 9 0 0 0 0 0
80 9 0 0 0 0 0 0 0 0
88 27 4 4 9 4 3 0 0 0
92 63 4 4 0 0 0 0 0 0
96 9 0 0 0 0 0 0 0 0
101 27 0 0 0 0 0 0 0 0
114 54 4 4 0 0 0 0 0 0
116 9 0 0 0 0 0 0 0 0
118 27 4 4 0 0 0 0 0 0
124 18 0 0 0 0 0 9 0 0
132 117 0 0 108 2 1 0 0 0
fn=pthread_once
139 332 152 30 332 150 34 0 0 0
140 332 0 0 0 0 0 0 0 0
143 9 0 0 0 0 0 0 0 0
144 646 0 0 0 0 0 0 0 0
fl=/build/glibc-FcXrgv/glibc-2.31/nptl/pthread_rwlock_common.c
fn=pthread_rwlock_rdlock
299 12852 612 197 3672 1761 594 0 0 0
311 5508 0 0 1836 587 196 0 0 0
353 5508 0 0 0 0 0 0 0 0
355 1836 0 0 0 0 0 0 0 0
370 1836 0 0 0 0 0 0 0 0
390 1836 0 0 0 0 0 0 0 0
395 2 0 0 0 0 0 0 0 0
396 1 1 1 0 0 0 0 0 0
402 7 0 0 0 0 0 0 0 0
413 5 1 1 0 0 0 0 0 0
fn=pthread_rwlock_unlock
221 5937 612 197 0 0 0 0 0 0
227 1836 0 0 1836 0 0 0 0 0
232 1836 0 0 1836 0 0 0 0 0
236 1836 0 0 0 0 0 0 0 0
240 3672 0 0 0 0 0 0 0 0
243 5508 612 197 0 0 0 0 0 0
244 3672 0 0 0 0 0 0 0 0
254 14688 0 0 0 0 0 0 0 0
259 1836 0 0 0 0 0 0 0 0
275 3672 612 197 0 0 0 0 0 0
529 143 6 3 143 0 0 0 0 0
531 143 0 0 0 0 0 143 0 0
535 572 0 0 0 0 0 0 0 0
536 143 0 0 0 0 0 0 0 0
538 286 0 0 143 2 1 0 0 0
559 143 0 0 143 0 0 0 0 0
561 1430 5 3 0 0 0 0 0 0
569 286 0 0 0 0 0 0 0 0
582 143 0 0 0 0 0 0 0 0
fn=pthread_rwlock_wrlock
604 1001 41 3 286 7 3 0 0 0
623 1001 0 0 0 0 0 572 0 0
625 286 0 0 0 0 0 0 0 0
720 2 2 2 0 0 0 0 0 0
779 286 0 0 0 0 0 143 0 0
784 143 0 0 0 0 0 0 0 0
789 2 0 0 0 0 0 0 0 0
790 8 0 0 0 0 0 0 0 0
796 24 2 2 0 0 0 0 0 0
803 6 0 0 0 0 0 2 0 0
948 286 9 1 143 0 0 143 0 0
950 429 0 0 572 0 0 0 0 0
fl=/build/glibc-FcXrgv/glibc-2.31/nptl/pthread_rwlock_destroy.c
fn=pthread_rwlock_destroy
26 2 1 1 0 0 0 0 0 0
30 4 0 0 0 0 0 0 0 0
fl=/build/glibc-FcXrgv/glibc-2.31/nptl/pthread_rwlock_init.c
fn=pthread_rwlock_init
35 2 1 1 0 0 0 0 0 0
47 8 0 0 0 0 0 0 0 0
49 8 0 0 0 0 0 14 0 0
51 4 0 0 2 0 0 2 0 0
54 8 1 1 2 1 1 2 0 0
57 4 0 0 0 0 0 0 0 0
fl=/build/glibc-FcXrgv/glibc-2.31/nptl/pthread_rwlock_rdlock.c
fn=pthread_rwlock_rdlock
24 7344 612 197 0 0 0 7344 609 198
25 1836 0 0 0 0 0 0 0 0
28 1836 0 0 0 0 0 0 0 0
30 5508 612 197 7344 0 0 0 0 0
fl=/build/glibc-FcXrgv/glibc-2.31/nptl/pthread_rwlock_unlock.c
fn=pthread_rwlock_unlock
31 11874 636 186 0 0 0 15832 176 47
32 1979 0 0 0 0 0 0 0 0
39 9895 0 0 3958 0 0 0 0 0
40 3958 0 0 0 0 0 0 0 0
45 11874 23 6 15832 0 0 0 0 0
fl=/build/glibc-FcXrgv/glibc-2.31/nptl/pthread_rwlock_wrlock.c
fn=pthread_rwlock_wrlock
24 715 10 3 0 0 0 858 0 0
25 143 0 0 0 0 0 0 0 0
28 143 0 0 0 0 0 0 0 0
30 572 13 3 858 0 0 0 0 0
fl=/build/glibc-FcXrgv/glibc-2.31/nptl/pthread_self.c
fn=pthread_self
25 37699 20455 1313 0 0 0 0 0 0
26 75398 0 0 0 0 0 0 0 0
fl=/build/glibc-FcXrgv/glibc-2.31/nptl/pthread_setspecific.c
fn=pthread_setspecific
26 18 6 6 0 0 0 18 0 0
33 3 0 0 0 0 0 0 0 0
37 6 0 0 0 0 0 0 0 0
40 18 0 0 3 1 1 0 0 0
42 3 0 0 0 0 0 0 0 0
44 6 0 0 0 0 0 0 0 0
47 3 0 0 0 0 0 0 0 0
48 6 2 2 0 0 0 2 2 1
88 3 0 0 0 0 0 6 0 0
90 3 1 1 0 0 0 0 0 0
91 12 0 0 18 0 0 0 0 0
fl=/build/glibc-FcXrgv/glibc-2.31/nptl/pthread_testcancel.c
fn=pthread_testcancel
25 30 6 5 0 0 0 40 0 0
26 70 0 0 10 5 3 0 0 0
27 30 0 0 40 0 0 0 0 0
fl=/build/glibc-FcXrgv/glibc-2.31/nptl/register-atfork.c
fn=__register_atfork
39 18 2 2 0 0 0 16 0 0
40 14 2 2 0 0 0 0 0 0
42 6 0 0 2 1 1 0 0 0
45 3 0 0 0 0 0 1 0 0
49 2 1 1 0 0 0 0 0 0
52 2 0 0 0 0 0 4 2 2
54 2 0 0 0 0 0 4 0 0
58 12 0 0 0 0 0 0 0 0
60 2 0 0 0 0 0 0 0 0
61 12 1 1 16 0 0 0 0 0
fn=__run_fork_handlers
111 8 1 1 0 0 0 8 0 0
114 2 0 0 0 0 0 0 0 0
116 2 0 0 0 0 0 2 0 0
117 6 0 0 0 0 0 0 0 0
119 5 0 0 1 1 0 0 0 0
121 2 0 0 0 0 0 0 0 0
122 8 0 0 4 2 1 0 0 0
123 1 0 0 0 0 0 0 0 0
129 14 0 0 3 0 0 2 0 0
132 4 0 0 0 0 0 0 0 0
134 8 1 1 2 0 0 0 0 0
137 2 0 0 2 0 0 0 0 0
138 6 0 0 0 0 0 0 0 0
140 7 1 1 10 1 0 0 0 0
fn=__unregister_atfork
68 361 0 0 0 0 0 0 0 0
71 153 1 1 51 1 1 0 0 0
79 200 1 1 0 0 0 200 0 0
80 280 1 1 0 0 0 0 0 0
82 80 0 0 40 0 0 0 0 0
91 1 0 0 0 0 0 0 0 0
92 3 0 0 0 0 0 0 0 0
102 10 3 3 0 0 0 1 0 0
106 240 1 1 0 0 0 0 0 0
107 160 0 0 200 0 0 0 0 0
fl=/build/glibc-FcXrgv/glibc-2.31/nptl/sem_destroy.c
fn=sem_destroy@@GLIBC_2.17
31 8800 2625 1446 0 0 0 0 0 0
fl=/build/glibc-FcXrgv/glibc-2.31/nptl/sem_init.c
fn=sem_init@@GLIBC_2.17
29 4409 2635 1688 0 0 0 0 0 0
33 4409 0 0 0 0 0 0 0 0
51 8818 0 0 0 0 0 4409 0 0
59 4409 0 0 0 0 0 4409 0 0
60 13227 0 0 0 0 0 0 0 0
62 4409 0 0 0 0 0 0 0 0
63 4409 0 0 0 0 0 0 0 0
fl=/build/glibc-FcXrgv/glibc-2.31/nptl/sem_post.c
fn=sem_post@@GLIBC_2.17
34 67145 11828 1888 0 0 0 80574 23 0
36 13429 0 0 13429 3324 25 0 0 0
44 13429 0 0 13429 0 0 0 0 0
47 40287 0 0 0 0 0 0 0 0
53 94003 12574 2184 0 0 0 0 0 0
56 26858 0 0 0 0 0 0 0 0
78 53716 0 0 80574 0 0 0 0 0
fl=/build/glibc-FcXrgv/glibc-2.31/nptl/sem_wait.c
fn=sem_trywait@@GLIBC_2.17
74 53680 11727 1965 0 0 0 53680 55 0
78 13419 0 0 0 0 0 0 0 0
79 5 1 0 1 1 1 1 1 1
80 2 0 0 0 0 0 0 0 0
81 40260 12053 1980 53680 0 0 0 0 0
fn=sem_wait@@GLIBC_2.17
25 40 6 5 0 0 0 40 1 1
37 10 0 0 0 0 0 0 0 0
44 40 0 0 40 0 0 0 0 0
fl=/build/glibc-FcXrgv/glibc-2.31/nptl/sem_waitcommon.c
fn=sem_trywait@@GLIBC_2.17
137 13420 0 0 13420 7684 1589 0 0 0
140 13420 0 0 0 0 0 0 0 0
142 93936 0 0 0 0 0 0 0 0
fn=sem_wait@@GLIBC_2.17
137 10 0 0 10 6 4 0 0 0
140 10 6 5 0 0 0 0 0 0
142 60 0 0 0 0 0 0 0 0
fl=/build/glibc-FcXrgv/glibc-2.31/posix/../sysdeps/nptl/fork.c
fn=fork
49 5 2 2 0 0 0 7 0 0
56 5 0 0 1 0 0 0 0 0
58 3 0 0 0 0 0 0 0 0
65 1 0 0 0 0 0 0 0 0
67 1 1 1 0 0 0 0 0 0
73 2 0 0 0 0 0 0 0 0
76 1 0 0 0 0 0 0 0 0
78 1 0 0 0 0 0 0 0 0
134 1 1 1 0 0 0 0 0 0
137 1 1 1 0 0 0 0 0 0
140 2 0 0 0 0 0 0 0 0
144 3 0 0 0 0 0 0 0 0
148 6 0 0 7 1 0 0 0 0
fl=/build/glibc-FcXrgv/glibc-2.31/posix/../sysdeps/posix/sysconf.c
fn=sysconf
54 20 8 4 0 0 0 0 0 0
77 3 2 1 0 0 0 0 0 0
215 21 3 2 0 0 0 0 0 0
628 3 1 1 0 0 0 0 0 0
634 2 1 1 0 0 0 0 0 0
fl=/build/glibc-FcXrgv/glibc-2.31/posix/../sysdeps/unix/syscall-template.S
fn=getegid
59 2 1 1 0 0 0 0 0 0
60 1 0 0 0 0 0 0 0 0
fn=geteuid
59 2 1 1 0 0 0 0 0 0
60 1 0 0 0 0 0 0 0 0
fn=getgid
59 2 0 0 0 0 0 0 0 0
60 1 0 0 0 0 0 0 0 0
fn=getuid
59 2 0 0 0 0 0 0 0 0
60 1 0 0 0 0 0 0 0 0
fn=uname
78 16 4 4 0 0 0 0 0 0
79 4 3 3 0 0 0 0 0 0
fl=/build/glibc-FcXrgv/glibc-2.31/posix/../sysdeps/unix/sysv/linux/_exit.c
fn=_Exit
27 1 1 1 0 0 0 0 0 0
31 6 0 0 1 0 0 0 0 0
fl=/build/glibc-FcXrgv/glibc-2.31/posix/../sysdeps/unix/sysv/linux/aarch64/sysconf.c
fn=sysconf
29 90 5 3 20 2 0 50 0 0
39 40 5 3 0 0 0 0 0 0
50 90 5 3 70 0 0 0 0 0
fl=/build/glibc-FcXrgv/glibc-2.31/posix/../sysdeps/unix/sysv/linux/arch-fork.h
fn=fork
40 10 1 1 0 0 0 0 0 0
53 1 0 0 0 0 0 0 0 0
fl=/build/glibc-FcXrgv/glibc-2.31/posix/../sysdeps/unix/sysv/linux/sched_getaffinity.c
fn=sched_getaffinity@@GLIBC_2.17
35 3 2 2 0 0 0 2 0 0
36 8 0 0 0 0 0 0 0 0
38 2 0 0 0 0 0 0 0 0
41 5 0 0 0 0 0 0 0 0
43 1 0 0 0 0 0 0 0 0
46 2 0 0 2 0 0 0 0 0
fl=/build/glibc-FcXrgv/glibc-2.31/posix/../sysdeps/unix/sysv/linux/sysconf.c
fn=sysconf
44 62 2 2 0 0 0 0 0 0
100 60 18 6 10 5 4 0 0 0
fl=/build/glibc-FcXrgv/glibc-2.31/posix/../sysdeps/unix/sysv/linux/wait4.c
fn=wait4
25 6 1 1 0 0 0 6 0 0
27 17 1 1 2 0 0 0 0 0
83 8 1 1 6 0 0 1 0 0
fl=/build/glibc-FcXrgv/glibc-2.31/posix/confstr.c
fn=confstr
33 20 4 4 4 3 0 12 0 0
41 12 2 2 0 0 0 0 0 0
253 3 1 1 0 0 0 0 0 0
254 1 0 0 0 0 0 0 0 0
259 3 0 0 0 0 0 0 0 0
260 1 0 0 0 0 0 0 0 0
280 6 2 2 0 0 0 0 0 0
282 4 0 0 0 0 0 0 0 0
283 6 0 0 0 0 0 0 0 0
291 22 2 2 16 0 0 0 0 0
fl=/build/glibc-FcXrgv/glibc-2.31/posix/sched_cpucount.c
fn=__sched_cpucount
24 1 0 0 0 0 0 0 0 0
26 2 1 1 0 0 0 0 0 0
28 35 0 0 0 0 0 0 0 0
30 16 0 0 16 0 0 0 0 0
45 112 1 1 0 0 0 0 0 0
52 1 0 0 0 0 0 0 0 0
fl=/build/glibc-FcXrgv/glibc-2.31/posix/waitpid.c
fn=waitpid
38 2 1 1 0 0 0 0 0 0
fl=/build/glibc-FcXrgv/glibc-2.31/resolv/res-close.c
fn=__res_thread_freeres
131 21 1 1 0 0 0 28 0 0
132 7 0 0 0 0 0 0 0 0
134 42 1 1 21 16 15 0 0 0
142 21 0 0 28 0 0 0 0 0
fl=/build/glibc-FcXrgv/glibc-2.31/resolv/resolv_context.c
fn=__resolv_context_freeres
242 21 0 0 0 0 0 21 0 0
244 28 2 1 14 0 0 0 0 0
245 7 0 0 0 0 0 7 0 0
246 7 0 0 0 0 0 0 0 0
252 21 1 1 21 0 0 0 0 0
fl=/build/glibc-FcXrgv/glibc-2.31/resource/../sysdeps/unix/sysv/linux/getrlimit64.c
fn=getrlimit
38 8 1 1 0 0 0 0 0 0
39 1 0 0 0 0 0 0 0 0
fl=/build/glibc-FcXrgv/glibc-2.31/setjmp/../sysdeps/aarch64/setjmp.S
fn=__sigsetjmp
39 391 152 29 0 0 0 782 20 8
40 391 0 0 0 0 0 782 18 4
41 391 0 0 0 0 0 782 12 2
42 391 0 0 0 0 0 782 11 0
43 391 0 0 0 0 0 782 19 8
46 1542 0 0 760 327 2 0 0 0
47 391 1 1 0 0 0 782 32 3
54 391 0 0 0 0 0 0 0 0
55 391 0 0 0 0 0 782 25 1
56 391 173 32 0 0 0 782 21 8
57 391 0 0 0 0 0 782 19 3
58 391 0 0 0 0 0 782 16 0
60 391 0 0 0 0 0 0 0 0
61 1542 0 0 760 0 0 0 0 0
62 391 0 0 0 0 0 391 0 0
69 22 0 0 0 0 0 0 0 0
70 22 0 0 0 0 0 0 0 0
72 369 0 0 0 0 0 0 0 0
fn=_setjmp
30 8 3 3 0 0 0 0 0 0
31 8 0 0 0 0 0 0 0 0
fl=/build/glibc-FcXrgv/glibc-2.31/setjmp/sigjmp.c
fn=__sigjmp_save
28 1476 0 0 0 0 0 1107 149 33
29 369 0 0 0 0 0 369 8 0
30 375 1 1 0 0 0 0 0 0
34 1476 153 34 1107 0 0 0 0 0
fl=/build/glibc-FcXrgv/glibc-2.31/signal/../nptl/sigaction.c
fn=sigaction
24 350 4 4 0 0 0 0 0 0
26 10 0 0 2 1 1 2 1 1
30 68 0 0 0 0 0 0 0 0
31 4 1 1 0 0 0 0 0 0
fl=/build/glibc-FcXrgv/glibc-2.31/signal/../signal/allocrtsig.c
fn=__libc_current_sigrtmax
54 1 1 1 0 0 0 0 0 0
58 2 0 0 1 0 0 0 0 0
fn=__libc_current_sigrtmin
41 1 1 1 0 0 0 0 0 0
45 2 0 0 1 1 1 0 0 0
fl=/build/glibc-FcXrgv/glibc-2.31/signal/../sysdeps/unix/syscall-template.S
fn=sigaltstack
78 12 2 2 0 0 0 0 0 0
79 3 2 2 0 0 0 0 0 0
fl=/build/glibc-FcXrgv/glibc-2.31/signal/../sysdeps/unix/sysv/linux/internal-signals.h
fn=sigaction
46 70 0 0 0 0 0 0 0 0
fn=sigdelset
46 5 0 0 0 0 0 0 0 0
fn=sigfillset
54 2 1 1 0 0 0 1 0 0
fl=/build/glibc-FcXrgv/glibc-2.31/signal/../sysdeps/unix/sysv/linux/sigaction.c
fn=__libc_sigaction
43 544 8 8 136 4 0 204 2 1
48 68 0 0 0 0 0 0 0 0
50 12 0 0 6 0 0 0 0 0
51 102 4 4 96 0 0 96 3 2
52 18 0 0 6 0 0 12 0 0
53 6 0 0 0 0 0 0 0 0
58 618 5 5 0 0 0 0 0 0
62 204 1 1 0 0 0 0 0 0
64 201 0 0 67 0 0 67 0 0
65 1139 4 4 1072 0 0 1072 0 0
66 134 3 3 67 0 0 67 0 0
67 134 0 0 67 0 0 67 0 0
70 544 0 0 340 0 0 0 0 0
fl=/build/glibc-FcXrgv/glibc-2.31/signal/../sysdeps/unix/sysv/linux/sigprocmask.c
fn=sigprocmask
24 24 1 1 6 0 0 9 1 1
29 9 0 0 0 0 0 0 0 0
30 2 0 0 2 0 0 0 0 0
39 18 1 1 0 0 0 0 0 0
40 24 0 0 15 0 0 0 0 0
fl=/build/glibc-FcXrgv/glibc-2.31/signal/sigdelset.c
fn=sigdelset
26 5 1 1 0 0 0 0 0 0
27 20 0 0 0 0 0 0 0 0
28 10 0 0 0 0 0 0 0 0
34 25 1 1 5 0 0 5 0 0
35 5 0 0 0 0 0 0 0 0
36 5 0 0 0 0 0 0 0 0
fl=/build/glibc-FcXrgv/glibc-2.31/signal/sigempty.c
fn=sigemptyset
25 4 3 3 0 0 0 0 0 0
26 4 0 0 0 0 0 0 0 0
32 32 3 3 0 0 0 64 0 0
34 4 0 0 0 0 0 0 0 0
35 4 0 0 0 0 0 0 0 0
fl=/build/glibc-FcXrgv/glibc-2.31/signal/sigfillset.c
fn=sigfillset
26 1 1 1 0 0 0 0 0 0
27 1 0 0 0 0 0 0 0 0
33 11 0 0 0 0 0 15 1 1
37 1 0 0 0 0 0 0 0 0
38 1 0 0 0 0 0 0 0 0
fl=/build/glibc-FcXrgv/glibc-2.31/stdio-common/../libio/libioP.h
fn=__vfprintf_internal
941 26033 0 0 0 0 0 3719 0 0
943 11387 197 54 0 0 0 0 0 0
944 30442 2227 1168 7668 0 0 0 0 0
fl=/build/glibc-FcXrgv/glibc-2.31/stdio-common/../sysdeps/pthread/flockfile.c
fn=flockfile
26 190 2 1 0 0 0 190 0 0
27 114 0 0 38 0 0 38 0 0
28 608 2 1 152 52 0 76 0 0
29 152 0 0 190 0 0 0 0 0
fl=/build/glibc-FcXrgv/glibc-2.31/stdio-common/../sysdeps/pthread/funlockfile.c
fn=funlockfile
26 114 1 1 0 0 0 114 0 0
27 380 5 1 76 0 0 76 0 0
28 114 0 0 114 0 0 0 0 0
fl=/build/glibc-FcXrgv/glibc-2.31/stdio-common/_itoa.c
fn=_itoa_word
165 4774 0 0 0 0 0 0 0 0
168 14322 2069 1110 0 0 0 0 0 0
170 5544 0 0 0 0 0 0 0 0
179 22328 694 584 2036 689 372 2036 0 0
180 2317 305 34 386 305 8 386 0 0
188 2387 0 0 0 0 0 0 0 0
fl=/build/glibc-FcXrgv/glibc-2.31/stdio-common/printf-parse.h
fn=__vfprintf_internal
111 26378 2529 1316 0 0 0 0 0 0
fn=read_int
75 128 0 0 0 0 0 0 0 0
76 512 66 42 256 0 0 0 0 0
78 1420 66 39 284 0 0 284 0 0
79 156 0 0 0 0 0 0 0 0
81 666 66 46 0 0 0 0 0 0
82 118 0 0 0 0 0 0 0 0
87 312 0 0 0 0 0 0 0 0
88 392 0 0 0 0 0 0 0 0
91 468 0 0 0 0 0 0 0 0
96 128 0 0 0 0 0 0 0 0
fl=/build/glibc-FcXrgv/glibc-2.31/stdio-common/snprintf.c
fn=snprintf
26 23807 2054 11 2506 118 1 21301 66 1
30 8771 0 0 0 0 0 6265 2 0
31 8771 0 0 5012 0 0 5012 0 0
35 10024 1253 4 6265 0 0 0 0 0
fl=/build/glibc-FcXrgv/glibc-2.31/stdio-common/sprintf.c
fn=sprintf
25 20 1 1 2 0 0 18 0 0
29 7 0 0 0 0 0 5 0 0
30 9 1 1 4 0 0 4 0 0
34 8 0 0 5 0 0 0 0 0
fl=/build/glibc-FcXrgv/glibc-2.31/stdio-common/vfprintf-internal.c
fn=__vfprintf_internal
1289 78099 3743 1022 14876 0 0 59504 3737 288
1320 44628 1301 729 18595 2235 28 18595 2120 104
1324 3719 0 0 0 0 0 3719 0 0
1328 14876 1161 681 3719 0 0 0 0 0
1332 11157 0 0 3719 0 0 0 0 0
1343 7438 0 0 0 0 0 0 0 0
1350 7438 1227 640 0 0 0 3719 0 0
1354 22314 0 0 14876 0 0 14876 1463 130
1358 6839 730 568 0 0 0 3719 0 0
1365 3719 0 0 0 0 0 3719 951 71
1369 7438 0 0 0 0 0 3719 0 0
1373 44628 1181 787 7438 1067 690 0 0 0
1377 11157 0 0 7438 0 0 0 0 0
1381 37190 1200 615 11157 2804 1220 3719 1092 76
1402 3834 0 0 0 0 0 3834 0 0
1403 3834 0 0 0 0 0 3834 0 0
1404 3834 0 0 0 0 0 3834 0 0
1405 3834 0 0 0 0 0 3834 0 0
1406 3834 0 0 0 0 0 0 0 0
1407 3834 0 0 0 0 0 0 0 0
1408 3834 0 0 0 0 0 0 0 0
1409 3834 0 0 0 0 0 0 0 0
1410 3834 0 0 0 0 0 0 0 0
1411 3834 2251 603 0 0 0 0 0 0
1412 7668 0 0 3834 1183 662 0 0 0
1415 3834 2376 677 0 0 0 3834 0 0
1416 7668 0 0 0 0 0 3834 0 0
1419 7668 0 0 0 0 0 3834 0 0
1420 22774 0 0 3834 0 0 3719 0 0
1423 57165 0 0 11502 1110 98 7553 184 2
1432 72 0 0 18 18 1 18 0 0
1433 234 36 5 72 0 0 18 0 0
1574 384 66 36 128 0 0 128 0 0
1575 384 0 0 128 22 22 0 0 0
1601 384 0 0 0 0 0 0 0 0
1603 1152 66 24 0 0 0 896 0 0
1607 1280 66 33 896 0 0 0 0 0
1615 128 0 0 0 0 0 0 0 0
1616 640 66 51 0 0 0 0 0 0
1623 11502 0 0 0 0 0 0 0 0
1644 1408 66 37 384 104 64 0 0 0
1660 17584 1172 1127 6280 636 568 1256 0 0
1672 15 15 0 0 0 0 0 0 0
1680 15 0 0 0 0 0 0 0 0
1681 2527 0 0 0 0 0 0 0 0
1682 7663 30 30 90 15 15 3734 1058 14
1687 236413 22166 13178 54039 0 0 22325 0 0
1688 66802 6391 390 13103 0 0 5808 0 0
1705 11502 1709 753 3834 0 0 3834 0 0
1707 7668 0 0 3834 0 0 0 0 0
1715 15336 0 0 3834 0 0 7668 0 0
1719 61344 1205 418 11502 0 0 0 0 0
1721 11387 0 0 3834 0 0 0 0 0
1741 7438 0 0 3719 0 0 0 0 0
1742 7438 1176 62 3719 0 0 0 0 0
1745 59504 0 0 55785 0 0 0 0 0
fl=/build/glibc-FcXrgv/glibc-2.31/stdlib/../include/rounding-mode.h
fn=round_and_return
46 68 0 0 0 0 0 0 0 0
52 34 0 0 0 0 0 0 0 0
fl=/build/glibc-FcXrgv/glibc-2.31/stdlib/../stdlib/gmp.h
fn=str_to_mpn.isra.0
446 17 0 0 0 0 0 0 0 0
fl=/build/glibc-FcXrgv/glibc-2.31/stdlib/../stdlib/strtol.c
fn=strtol
106 522 87 22 174 95 24 0 0 0
fn=strtoul
106 60 1 1 20 2 1 0 0 0
fl=/build/glibc-FcXrgv/glibc-2.31/stdlib/../stdlib/strtol_l.c
fn=____strtol_l_internal
226 609 76 22 0 0 0 696 0 0
245 87 0 0 0 0 0 0 0 0
246 87 0 0 0 0 0 0 0 0
252 87 0 0 0 0 0 0 0 0
280 87 87 25 0 0 0 0 0 0
283 261 0 0 0 0 0 0 0 0
292 522 87 22 261 130 75 0 0 0
294 87 0 0 0 0 0 0 0 0
298 87 0 0 0 0 0 0 0 0
299 261 0 0 0 0 0 174 0 0
305 261 87 23 0 0 0 0 0 0
308 261 0 0 87 0 0 0 0 0
318 87 0 0 0 0 0 0 0 0
325 174 87 50 0 0 0 0 0 0
328 435 0 0 0 0 0 0 0 0
432 94 0 0 47 0 0 0 0 0
434 663 87 23 87 61 22 0 0 0
436 348 87 22 0 0 0 0 0 0
443 40 0 0 0 0 0 0 0 0
450 87 0 0 0 0 0 0 0 0
460 642 0 0 127 78 26 0 0 0
461 160 17 3 40 27 7 0 0 0
464 174 47 19 0 0 0 0 0 0
467 188 0 0 0 0 0 0 0 0
472 87 0 0 0 0 0 0 0 0
473 94 0 0 0 0 0 0 0 0
478 174 0 0 0 0 0 0 0 0
483 47 0 0 0 0 0 0 0 0
484 47 0 0 0 0 0 47 0 0
489 47 0 0 0 0 0 0 0 0
490 94 0 0 0 0 0 0 0 0
492 94 47 47 0 0 0 0 0 0
507 141 0 0 94 0 0 0 0 0
514 40 40 3 0 0 0 0 0 0
516 160 40 3 80 0 0 0 0 0
521 80 0 0 0 0 0 40 0 0
524 40 0 0 0 0 0 0 0 0
525 435 0 0 696 0 0 0 0 0
fn=____strtoul_l_internal
226 70 1 1 0 0 0 80 0 0
245 10 0 0 0 0 0 0 0 0
246 10 0 0 0 0 0 0 0 0
252 10 0 0 0 0 0 0 0 0
280 10 0 0 0 0 0 0 0 0
283 30 0 0 0 0 0 0 0 0
292 60 1 1 30 3 3 0 0 0
294 10 1 1 0 0 0 0 0 0
298 10 0 0 0 0 0 0 0 0
299 30 0 0 0 0 0 20 0 0
305 30 0 0 0 0 0 0 0 0
308 30 0 0 10 0 0 0 0 0
310 11 3 2 3 2 2 0 0 0
312 2 1 1 0 0 0 0 0 0
313 1 0 0 0 0 0 0 0 0
318 8 0 0 0 0 0 0 0 0
325 18 1 0 0 0 0 0 0 0
328 28 2 1 1 0 0 0 0 0
370 2 0 0 0 0 0 0 0 0
373 30 1 1 10 1 1 0 0 0
374 30 0 0 10 1 1 0 0 0
432 48 0 0 24 0 0 0 0 0
434 132 0 0 10 0 0 0 0 0
436 104 2 1 0 0 0 0 0 0
443 3 0 0 0 0 0 0 0 0
450 10 0 0 0 0 0 0 0 0
460 69 2 1 13 3 3 0 0 0
461 8 0 0 2 1 1 0 0 0
464 50 0 0 0 0 0 0 0 0
467 96 1 1 0 0 0 0 0 0
472 10 0 0 0 0 0 0 0 0
473 48 0 0 0 0 0 0 0 0
478 20 1 0 0 0 0 0 0 0
483 9 0 0 0 0 0 0 0 0
484 8 0 0 0 0 0 8 0 0
496 18 0 0 18 0 0 0 0 0
507 18 0 0 0 0 0 0 0 0
514 1 1 1 0 0 0 0 0 0
516 4 1 0 2 0 0 0 0 0
521 2 0 0 0 0 0 1 0 0
524 1 0 0 0 0 0 0 0 0
525 50 1 1 80 0 0 0 0 0
fl=/build/glibc-FcXrgv/glibc-2.31/stdlib/../sysdeps/aarch64/fpu/get-rounding-mode.h
fn=round_and_return
34 17 0 0 0 0 0 0 0 0
35 17 0 0 0 0 0 0 0 0
fl=/build/glibc-FcXrgv/glibc-2.31/stdlib/../sysdeps/ieee754/ldbl-128/mpn2ldbl.c
fn=__mpn_construct_long_double
34 85 17 1 0 0 0 0 0 0
44 34 0 0 34 0 0 0 0 0
45 34 17 1 0 0 0 0 0 0
51 34 0 0 0 0 0 0 0 0
52 17 0 0 0 0 0 0 0 0
fl=/build/glibc-FcXrgv/glibc-2.31/stdlib/../sysdeps/pthread/allocalim.h
fn=__add_to_environ
27 4 0 0 0 0 0 0 0 0
29 6 0 0 0 0 0 0 0 0
fn=putenv
27 4 0 0 0 0 0 0 0 0
29 6 0 0 0 0 0 0 0 0
fl=/build/glibc-FcXrgv/glibc-2.31/stdlib/../sysdeps/unix/sysv/linux/getrandom.c
fn=getrandom
29 270 54 54 0 0 0 270 0 0
30 857 54 54 107 53 1 0 0 0
31 429 53 53 270 0 0 53 0 0
fl=/build/glibc-FcXrgv/glibc-2.31/stdlib/./strtod_l.c
fn=____strtold_l_internal
509 340 40 5 40 0 0 260 25 8
515 77 17 2 0 0 0 0 0 0
554 20 0 0 0 0 0 0 0 0
562 20 0 0 20 16 3 0 0 0
564 20 0 0 0 0 0 0 0 0
588 20 0 0 0 0 0 0 0 0
596 20 0 0 20 19 2 0 0 0
597 80 0 0 0 0 0 20 13 3
598 40 0 0 20 0 0 0 0 0
602 20 0 0 0 0 0 20 15 6
603 12 0 0 0 0 0 12 0 0
608 40 0 0 0 0 0 0 0 0
611 40 20 2 20 0 0 0 0 0
612 80 0 0 40 28 6 0 0 0
615 40 0 0 0 0 0 0 0 0
617 24 0 0 0 0 0 8 0 0
618 16 8 3 8 0 0 0 0 0
620 24 0 0 0 0 0 0 0 0
633 140 18 2 20 0 0 0 0 0
634 40 0 0 0 0 0 0 0 0
642 80 0 0 0 0 0 0 0 0
686 9 3 3 0 0 0 0 0 0
690 75 22 5 26 18 3 0 0 0
709 20 20 5 0 0 0 0 0 0
710 9 0 0 0 0 0 0 0 0
711 3 0 0 0 0 0 0 0 0
733 6 0 0 3 0 0 0 0 0
734 120 37 5 0 0 0 0 0 0
735 21 0 0 0 0 0 0 0 0
740 12 3 0 0 0 0 0 0 0
741 9 0 0 3 0 0 0 0 0
753 3 0 0 0 0 0 0 0 0
761 15 3 3 0 0 0 3 2 2
766 24 3 3 6 0 0 3 0 0
774 38 0 0 0 0 0 0 0 0
776 203 26 4 0 0 0 0 0 0
777 34 0 0 0 0 0 0 0 0
780 38 17 3 0 0 0 0 0 0
789 17 0 0 0 0 0 0 0 0
802 76 0 0 38 0 0 0 0 0
805 51 0 0 0 0 0 0 0 0
847 51 0 0 0 0 0 0 0 0
856 17 0 0 0 0 0 0 0 0
857 68 17 2 17 0 0 0 0 0
875 17 0 0 0 0 0 0 0 0
881 51 0 0 34 17 1 0 0 0
882 51 0 0 0 0 0 0 0 0
883 51 17 3 0 0 0 0 0 0
896 17 0 0 0 0 0 0 0 0
1014 34 0 0 0 0 0 0 0 0
1024 85 34 5 17 0 0 0 0 0
1043 17 0 0 0 0 0 0 0 0
1044 17 0 0 0 0 0 17 0 0
1046 17 0 0 0 0 0 0 0 0
1049 17 0 0 0 0 0 0 0 0
1082 34 17 3 0 0 0 0 0 0
1174 17 17 3 17 0 0 0 0 0
1176 68 0 0 0 0 0 0 0 0
1177 17 0 0 0 0 0 0 0 0
1178 34 0 0 0 0 0 17 0 0
1181 68 0 0 0 0 0 0 0 0
1193 51 0 0 0 0 0 0 0 0
1194 34 34 4 17 0 0 0 0 0
1196 17 0 0 0 0 0 0 0 0
1199 238 34 5 0 0 0 68 5 3
1205 85 0 0 51 0 0 0 0 0
1249 51 17 3 17 0 0 0 0 0
1250 34 0 0 0 0 0 0 0 0
1254 34 0 0 0 0 0 0 0 0
1260 34 0 0 0 0 0 0 0 0
1292 34 0 0 0 0 0 0 0 0
1295 85 17 3 0 0 0 0 0 0
1297 34 0 0 0 0 0 0 0 0
1305 34 0 0 0 0 0 0 0 0
1307 153 17 6 0 0 0 0 0 0
1311 136 17 2 17 0 0 17 0 0
1326 187 51 5 51 0 0 17 0 0
1771 340 20 1 320 0 0 40 0 0
fn=round_and_return
216 170 34 6 0 0 0 170 0 0
219 51 0 0 0 0 0 0 0 0
314 51 17 1 0 0 0 0 0 0
318 85 17 1 17 0 0 0 0 0
320 102 17 3 0 0 0 0 0 0
351 68 0 0 0 0 0 0 0 0
356 68 17 1 0 0 0 0 0 0
357 85 0 0 170 0 0 0 0 0
fn=str_to_mpn.isra.0
366 136 34 6 0 0 0 221 22 6
375 17 0 0 0 0 0 0 0 0
376 17 0 0 0 0 0 0 0 0
379 17 0 0 0 0 0 17 0 0
380 34 0 0 0 0 0 0 0 0
383 42 0 0 0 0 0 0 0 0
388 17 0 0 0 0 0 0 0 0
393 153 17 3 0 0 0 0 0 0
414 190 0 0 38 0 0 0 0 0
427 190 0 0 0 0 0 0 0 0
428 38 0 0 0 0 0 0 0 0
430 76 17 3 0 0 0 0 0 0
432 68 17 2 34 0 0 0 0 0
439 51 0 0 34 24 3 0 0 0
441 34 17 1 17 0 0 0 0 0
443 17 0 0 0 0 0 17 10 3
444 34 0 0 0 0 0 17 0 0
459 136 0 0 204 0 0 0 0 0
fn=strtold_l
1783 20 20 3 0 0 0 0 0 0
1784 40 0 0 0 0 0 0 0 0
fl=/build/glibc-FcXrgv/glibc-2.31/stdlib/canonicalize.c
fn=realpath@@GLIBC_2.17
44 15 1 1 2 0 0 13 0 0
50 1 0 0 0 0 0 0 0 0
60 2 1 1 1 0 0 0 0 0
76 2 0 0 0 0 0 0 0 0
84 1 0 0 0 0 0 0 0 0
86 2 0 0 0 0 0 0 0 0
88 4 1 1 0 0 0 0 0 0
93 4 1 1 0 0 0 0 0 0
101 2 0 0 1 0 0 0 0 0
107 5 1 1 0 0 0 0 0 0
111 180 0 0 36 0 0 0 0 0
114 2 0 0 0 0 0 0 0 0
116 3 1 1 0 0 0 0 0 0
118 3 0 0 0 0 0 0 0 0
128 3 0 0 1 0 0 0 0 0
129 4 0 0 0 0 0 1 0 0
131 3 0 0 0 0 0 0 0 0
158 4 2 2 0 0 0 0 0 0
159 1 0 0 0 0 0 1 0 0
161 8 0 0 0 0 0 1 0 0
164 4 0 0 1 0 0 0 0 0
201 4 1 1 1 0 0 0 0 0
208 4 0 0 1 0 0 0 0 0
209 3 0 0 0 0 0 0 0 0
210 1 0 0 0 0 0 1 0 0
212 3 0 0 0 0 0 0 0 0
220 16 0 0 15 0 0 0 0 0
fl=/build/glibc-FcXrgv/glibc-2.31/stdlib/cxa_atexit.c
fn=__cxa_atexit
70 153 4 3 0 0 0 0 0 0
fn=__internal_atexit
36 255 8 6 0 0 0 408 0 0
41 51 0 0 0 0 0 0 0 0
43 561 0 0 51 3 0 0 0 0
44 153 0 0 0 0 0 0 0 0
46 51 4 3 0 0 0 0 0 0
53 204 0 0 102 2 1 0 0 0
55 51 0 0 0 0 0 102 0 0
57 51 0 0 0 0 0 102 0 0
58 51 0 0 0 0 0 0 0 0
59 306 0 0 51 0 0 0 0 0
60 51 0 0 0 0 0 0 0 0
61 306 4 3 408 0 0 0 0 0
fn=__new_exitfn
82 204 4 3 0 0 0 204 0 0
83 102 0 0 0 0 0 0 0 0
88 153 0 0 51 4 2 0 0 0
93 156 5 4 52 4 2 0 0 0
95 152 0 0 51 0 0 0 0 0
96 251 0 0 50 1 1 0 0 0
103 1 0 0 0 0 0 1 0 0
106 100 3 2 0 0 0 0 0 0
110 2 0 0 0 0 0 0 0 0
114 4 0 0 0 0 0 0 0 0
115 1 0 0 0 0 0 0 0 0
117 1 0 0 0 0 0 1 0 0
118 1 0 0 0 0 0 1 0 0
124 2 0 0 0 0 0 0 0 0
125 6 1 1 0 0 0 2 0 0
131 98 0 0 0 0 0 0 0 0
132 98 0 0 0 0 0 49 0 0
138 102 0 0 0 0 0 51 16 16
139 204 0 0 51 0 0 51 0 0
143 153 3 2 204 0 0 0 0 0
fl=/build/glibc-FcXrgv/glibc-2.31/stdlib/cxa_finalize.c
fn=__cxa_finalize
30 320 2 2 0 0 0 480 0 0
33 280 0 0 40 1 0 0 0 0
36 240 1 1 80 2 0 0 0 0
40 240 0 0 40 0 0 0 0 0
43 40 0 0 0 0 0 0 0 0
79 80 0 0 40 0 0 0 0 0
94 200 0 0 80 1 1 0 0 0
98 240 1 1 40 2 0 0 0 0
106 40 0 0 0 0 0 0 0 0
107 80 2 1 0 0 0 0 0 0
109 280 0 0 40 0 0 0 0 0
110 280 0 0 480 0 0 0 0 0
fl=/build/glibc-FcXrgv/glibc-2.31/stdlib/cxa_thread_atexit_impl.c
fn=__call_tls_dtors
145 32 7 2 0 0 0 48 0 0
146 40 0 0 16 8 8 0 0 0
164 32 2 2 48 0 0 0 0 0
fl=/build/glibc-FcXrgv/glibc-2.31/stdlib/exit.c
fn=__run_exit_handlers
40 11 1 1 0 0 0 13 1 1
45 2 1 1 0 0 0 0 0 0
46 2 1 1 0 0 0 0 0 0
56 17 1 0 4 1 0 1 0 0
59 3 0 0 3 1 1 0 0 0
61 3 0 0 0 0 0 0 0 0
65 3 1 1 0 0 0 1 0 0
66 6 0 0 1 0 0 0 0 0
70 106 1 1 53 2 2 0 0 0
72 102 0 0 0 0 0 51 0 0
73 53 0 0 51 0 0 0 0 0
76 259 1 1 2 0 0 0 0 0
77 306 0 0 51 25 25 0 0 0
96 3 0 0 1 1 1 0 0 0
103 51 0 0 0 0 0 51 0 0
106 204 1 1 153 0 0 0 0 0
108 153 0 0 51 0 0 0 0 0
112 306 1 0 51 0 0 0 0 0
114 153 1 0 51 0 0 0 0 0
120 4 2 1 2 0 0 2 0 0
121 2 0 0 0 0 0 0 0 0
124 2 0 0 0 0 0 0 0 0
126 12 0 0 2 0 0 0 0 0
129 2 0 0 1 0 0 0 0 0
130 17 1 1 1 1 1 0 0 0
132 2 0 0 0 0 0 0 0 0
fn=exit
138 2 1 1 0 0 0 2 0 0
139 5 0 0 0 0 0 0 0 0
fl=/build/glibc-FcXrgv/glibc-2.31/stdlib/getenv.c
fn=getenv
34 621 18 5 0 0 0 828 4 2
35 414 0 0 0 0 0 0 0 0
39 1242 17 5 621 44 30 0 0 0
42 621 0 0 414 9 4 0 0 0
67 621 0 0 207 0 0 414 0 0
72 207 0 0 0 0 0 0 0 0
75 6363 0 0 3078 18 10 0 0 0
84 9792 5 1 3084 83 47 0 0 0
85 18 0 0 6 0 0 0 0 0
86 30 0 0 24 0 0 0 0 0
91 1437 37 15 1632 0 0 414 0 0
fl=/build/glibc-FcXrgv/glibc-2.31/stdlib/grouping.c
fn=__correctly_grouped_prefixmb
55 12 3 0 0 0 0 12 3 2
61 3 0 0 0 0 0 0 0 0
201 12 6 2 12 0 0 0 0 0
fl=/build/glibc-FcXrgv/glibc-2.31/stdlib/lshift.c
fn=__mpn_lshift
63 17 0 0 0 0 0 0 0 0
64 34 0 0 0 0 0 0 0 0
66 34 34 4 17 0 0 0 0 0
67 17 0 0 0 0 0 0 0 0
69 34 0 0 0 0 0 0 0 0
75 34 0 0 0 0 0 17 0 0
78 17 0 0 0 0 0 0 0 0
fl=/build/glibc-FcXrgv/glibc-2.31/stdlib/mbstowcs.c
fn=mbstowcs
28 10848 613 199 2712 0 0 5424 0 0
31 1356 0 0 0 0 0 2712 0 0
33 4068 613 199 0 0 0 0 0 0
34 10848 0 0 6780 0 0 0 0 0
fl=/build/glibc-FcXrgv/glibc-2.31/stdlib/msort.c
fn=msort_with_tmp.part.0
40 2070 10 4 0 0 0 2691 30 9
45 1442 0 0 0 0 0 0 0 0
48 207 0 0 0 0 0 0 0 0
49 207 0 0 0 0 0 0 0 0
50 1061 8 3 0 0 0 1294 0 0
51 414 10 3 207 0 0 0 0 0
56 207 4 2 207 0 0 0 0 0
59 207 0 0 414 0 0 0 0 0
60 621 9 5 414 0 0 0 0 0
99 2659 8 6 0 0 0 0 0 0
105 7117 0 0 1941 0 0 647 0 0
108 1214 0 0 0 0 0 0 0 0
109 1214 9 5 0 0 0 0 0 0
114 40 0 0 0 0 0 0 0 0
115 80 0 0 0 0 0 0 0 0
117 5823 0 0 0 0 0 0 0 0
118 2588 0 0 1294 0 0 1294 18 0
158 207 10 5 0 0 0 0 0 0
159 40 2 2 0 0 0 0 0 0
160 1242 10 5 414 0 0 0 0 0
161 1242 0 0 2484 0 0 0 0 0
fn=qsort
308 20 10 8 0 0 0 0 0 0
fn=qsort_r
45 60 0 0 0 0 0 0 0 0
166 180 10 3 20 14 0 130 2 0
167 40 8 3 0 0 0 0 0 0
168 9 0 0 0 0 0 9 0 0
175 20 0 0 0 0 0 0 0 0
177 117 8 5 0 0 0 18 2 0
185 3 0 0 1 1 1 0 0 0
187 3 1 1 0 0 0 0 0 0
189 6 0 0 0 0 0 0 0 0
198 2 0 0 0 0 0 1 0 0
201 1 0 0 0 0 0 0 0 0
203 4 1 0 0 0 0 1 0 0
214 6 1 1 1 0 0 0 0 0
221 5 0 0 2 1 1 0 0 0
222 3 0 0 0 0 0 1 0 0
223 1 0 0 0 0 0 1 0 0
224 1 0 0 0 0 0 0 0 0
231 1 0 0 0 0 0 1 0 0
235 20 1 1 0 0 0 20 0 0
237 10 0 0 0 0 0 20 0 0
239 20 0 0 0 0 0 0 0 0
284 10 9 5 0 0 0 0 0 0
285 20 0 0 0 0 0 0 0 0
287 20 9 6 0 0 0 0 0 0
289 20 0 0 0 0 0 0 0 0
293 20 0 0 0 0 0 0 0 0
295 30 0 0 0 0 0 10 0 0
299 20 0 0 10 0 0 0 0 0
300 140 8 5 150 0 0 0 0 0
fl=/build/glibc-FcXrgv/glibc-2.31/stdlib/putenv.c
fn=putenv
53 22 3 2 4 3 0 14 0 0
54 4 0 0 0 0 0 0 0 0
56 2 0 0 0 0 0 0 0 0
60 4 0 0 0 0 0 0 0 0
68 38 4 2 0 0 0 4 0 0
77 10 0 0 0 0 0 0 0 0
87 24 2 1 18 0 0 0 0 0
fl=/build/glibc-FcXrgv/glibc-2.31/stdlib/setenv.c
fn=__add_to_environ
118 68 6 4 8 0 0 60 0 0
128 8 0 0 0 0 0 0 0 0
130 4 0 0 0 0 0 0 0 0
131 8 2 1 2 0 0 2 0 0
133 28 2 1 0 0 0 0 0 0
137 12 1 1 8 4 2 0 0 0
139 8 0 0 0 0 0 0 0 0
140 4 0 0 0 0 0 0 0 0
142 132 0 0 63 6 3 0 0 0
143 303 3 2 1 0 0 0 0 0
146 115 0 0 0 0 0 0 0 0
149 2 1 0 1 0 0 0 0 0
154 15 0 0 3 0 0 0 0 0
156 3 3 2 0 0 0 0 0 0
162 15 0 0 6 0 0 0 0 0
163 2 0 0 0 0 0 0 0 0
166 6 0 0 0 0 0 3 0 0
167 3 0 0 0 0 0 3 0 0
170 15 0 0 6 0 0 6 0 0
172 16 4 2 4 0 0 0 0 0
177 4 0 0 0 0 0 0 0 0
181 6 1 1 2 0 0 0 0 0
186 24 1 1 0 0 0 2 0 0
197 16 1 1 4 0 0 2 0 0
205 15 0 0 1 0 0 0 0 0
206 1 0 0 0 0 0 0 0 0
215 3 0 0 0 0 0 0 0 0
216 1 0 0 0 0 0 0 0 0
223 3 1 1 0 0 0 0 0 0
231 6 0 0 0 0 0 0 0 0
242 4 0 0 0 0 0 4 0 0
245 24 0 0 0 0 0 0 0 0
247 4 0 0 0 0 0 0 0 0
248 60 3 2 60 0 0 0 0 0
fn=setenv
252 10 0 0 0 0 0 8 0 0
253 16 2 1 2 2 1 2 0 0
259 12 1 1 2 0 0 0 0 0
260 4 0 0 8 0 0 0 0 0
fn=unsetenv
264 6 2 1 0 0 0 6 0 0
268 12 2 1 2 0 0 0 0 0
274 10 0 0 2 0 0 8 0 0
276 14 0 0 0 0 0 0 0 0
278 6 0 0 4 3 2 0 0 0
279 2 1 1 0 0 0 0 0 0
280 73 0 0 35 6 3 0 0 0
282 171 0 0 35 0 0 0 0 0
288 6 0 0 3 0 0 3 0 0
289 5 0 0 0 0 0 0 0 0
293 31 0 0 0 0 0 0 0 0
296 16 0 0 8 0 0 0 0 0
298 2 0 0 0 0 0 2 0 0
299 8 1 1 6 0 0 0 0 0
fl=/build/glibc-FcXrgv/glibc-2.31/stdlib/srand48.c
fn=srand48
25 6 2 2 0 0 0 0 0 0
fl=/build/glibc-FcXrgv/glibc-2.31/stdlib/srand48_r.c
fn=srand48_r
24 2 0 0 0 0 0 0 0 0
30 2 0 0 0 0 0 2 0 0
31 4 0 0 0 0 0 2 2 2
33 8 2 2 0 0 0 2 0 0
34 6 0 0 0 0 0 2 2 0
38 4 2 2 0 0 0 0 0 0
fl=/build/glibc-FcXrgv/glibc-2.31/stdlib/wcstombs.c
fn=wcstombs
28 24 3 2 6 2 0 12 0 0
31 3 0 0 0 0 0 6 0 0
34 9 3 2 0 0 0 0 0 0
35 24 1 0 15 0 0 0 0 0
fl=/build/glibc-FcXrgv/glibc-2.31/string/../sysdeps/aarch64/memcmp.S
fn=bcmp
49 290164 41694 221 0 0 0 0 0 0
50 290164 0 0 0 0 0 0 0 0
52 23197 0 0 46394 4252 2955 0 0 0
53 23197 0 0 46394 945 434 0 0 0
54 23197 0 0 0 0 0 0 0 0
55 23197 0 0 0 0 0 0 0 0
56 23197 0 0 0 0 0 0 0 0
58 17463 0 0 0 0 0 0 0 0
59 17463 0 0 0 0 0 0 0 0
60 3231 0 0 0 0 0 0 0 0
61 3231 0 0 0 0 0 0 0 0
63 1519 0 0 0 0 0 0 0 0
64 1519 0 0 0 0 0 0 0 0
65 1519 0 0 0 0 0 0 0 0
66 1519 0 0 0 0 0 0 0 0
67 1519 0 0 0 0 0 0 0 0
72 4555 4 4 9110 22 0 0 0 0
73 4555 0 0 9110 0 0 0 0 0
74 4555 0 0 0 0 0 0 0 0
75 4555 0 0 0 0 0 0 0 0
76 4555 0 0 0 0 0 0 0 0
78 4555 0 0 9110 1 0 0 0 0
79 4555 0 0 9110 0 0 0 0 0
80 4555 0 0 0 0 0 0 0 0
81 4555 0 0 0 0 0 0 0 0
82 4555 0 0 0 0 0 0 0 0
84 4555 0 0 9110 0 0 0 0 0
85 4555 0 0 9110 0 0 0 0 0
86 4555 0 0 0 0 0 0 0 0
87 4555 0 0 0 0 0 0 0 0
88 4555 0 0 0 0 0 0 0 0
90 4555 0 0 9110 0 0 0 0 0
91 4555 7 4 9110 1 0 0 0 0
92 4555 0 0 0 0 0 0 0 0
93 4555 0 0 0 0 0 0 0 0
94 4555 0 0 0 0 0 0 0 0
96 4554 0 0 0 0 0 0 0 0
97 4554 0 0 0 0 0 0 0 0
98 4554 0 0 0 0 0 0 0 0
99 4554 0 0 0 0 0 0 0 0
100 1518 0 0 0 0 0 0 0 0
101 1518 0 0 0 0 0 0 0 0
104 4987 1484 540 9974 233 141 0 0 0
105 4987 0 0 9974 7 1 0 0 0
106 4987 0 0 0 0 0 0 0 0
107 4987 0 0 0 0 0 0 0 0
108 4987 0 0 0 0 0 0 0 0
110 4987 0 0 0 0 0 0 0 0
111 4987 732 7 0 0 0 0 0 0
114 17462 5792 87 0 0 0 0 0 0
115 17462 0 0 0 0 0 0 0 0
116 17462 0 0 34924 1320 907 0 0 0
117 17462 0 0 34924 813 410 0 0 0
121 23197 3059 54 0 0 0 0 0 0
122 23197 0 0 0 0 0 0 0 0
123 23197 0 0 0 0 0 0 0 0
126 253360 13940 348 0 0 0 0 0 0
127 253360 0 0 0 0 0 0 0 0
129 253360 0 0 0 0 0 0 0 0
130 253360 0 0 0 0 0 0 0 0
131 253360 0 0 0 0 0 0 0 0
132 253360 0 0 0 0 0 0 0 0
136 266967 23130 1496 0 0 0 0 0 0
137 266967 0 0 0 0 0 0 0 0
138 78913 0 0 78913 1776 861 0 0 0
139 78913 0 0 78913 141 4 0 0 0
141 78913 0 0 0 0 0 0 0 0
142 78913 0 0 0 0 0 0 0 0
144 28619 0 0 28619 93 55 0 0 0
145 28619 0 0 28619 0 0 0 0 0
146 28619 0 0 0 0 0 0 0 0
150 188054 0 0 0 0 0 0 0 0
151 188054 0 0 0 0 0 0 0 0
152 151250 0 0 151250 7 0 0 0 0
153 151250 0 0 151250 13 10 0 0 0
154 151250 11959 1252 0 0 0 0 0 0
155 151250 0 0 0 0 0 0 0 0
156 30678 0 0 30678 0 0 0 0 0
157 30678 0 0 30678 0 0 0 0 0
158 30678 0 0 0 0 0 0 0 0
162 36804 7956 562 0 0 0 0 0 0
163 36804 0 0 0 0 0 0 0 0
166 58588 0 0 58588 0 0 0 0 0
167 58588 0 0 58588 0 0 0 0 0
168 58588 0 0 0 0 0 0 0 0
169 58588 0 0 0 0 0 0 0 0
170 58588 0 0 0 0 0 0 0 0
171 36804 0 0 0 0 0 0 0 0
172 36804 10993 959 0 0 0 0 0 0
fl=/build/glibc-FcXrgv/glibc-2.31/string/../sysdeps/aarch64/memrchr.S
fn=memrchr
67 8156 8156 1909 0 0 0 0 0 0
72 8156 0 0 0 0 0 0 0 0
73 8156 0 0 0 0 0 0 0 0
74 8156 0 0 0 0 0 0 0 0
76 8156 0 0 0 0 0 0 0 0
77 8156 0 0 0 0 0 0 0 0
78 8156 0 0 0 0 0 0 0 0
79 8156 0 0 0 0 0 0 0 0
80 8156 8156 3086 0 0 0 0 0 0
81 8156 0 0 0 0 0 0 0 0
82 8156 0 0 0 0 0 0 0 0
83 8156 0 0 0 0 0 0 0 0
84 8156 0 0 0 0 0 0 0 0
92 7913 0 0 0 0 0 0 0 0
93 7913 0 0 15826 3094 364 0 0 0
94 7913 0 0 0 0 0 0 0 0
95 7913 0 0 0 0 0 0 0 0
96 7913 0 0 0 0 0 0 0 0
97 7913 0 0 0 0 0 0 0 0
98 7913 0 0 0 0 0 0 0 0
99 7913 0 0 0 0 0 0 0 0
100 7913 0 0 0 0 0 0 0 0
101 7913 0 0 0 0 0 0 0 0
102 7913 0 0 0 0 0 0 0 0
104 7913 7913 2508 0 0 0 0 0 0
105 7913 0 0 0 0 0 0 0 0
106 7913 0 0 0 0 0 0 0 0
108 7913 0 0 0 0 0 0 0 0
110 7195 0 0 0 0 0 0 0 0
113 5626 243 58 0 0 0 0 0 0
114 5626 0 0 11252 260 8 0 0 0
115 5626 0 0 0 0 0 0 0 0
116 5626 0 0 0 0 0 0 0 0
117 5626 0 0 0 0 0 0 0 0
119 5626 0 0 0 0 0 0 0 0
121 950 0 0 0 0 0 0 0 0
122 950 0 0 0 0 0 0 0 0
123 950 0 0 0 0 0 0 0 0
125 950 0 0 0 0 0 0 0 0
129 5626 0 0 0 0 0 0 0 0
130 5626 5626 903 0 0 0 0 0 0
131 5626 0 0 0 0 0 0 0 0
132 5626 0 0 0 0 0 0 0 0
133 5626 0 0 0 0 0 0 0 0
135 5626 0 0 0 0 0 0 0 0
139 5394 718 189 0 0 0 0 0 0
140 5394 0 0 0 0 0 0 0 0
141 5394 0 0 0 0 0 0 0 0
142 5394 0 0 0 0 0 0 0 0
143 5394 0 0 0 0 0 0 0 0
144 5394 0 0 0 0 0 0 0 0
148 8156 1812 421 0 0 0 0 0 0
150 8156 0 0 0 0 0 0 0 0
152 8156 0 0 0 0 0 0 0 0
154 8156 0 0 0 0 0 0 0 0
155 8156 0 0 0 0 0 0 0 0
157 8156 7968 1402 0 0 0 0 0 0
158 8156 0 0 0 0 0 0 0 0
fl=/build/glibc-FcXrgv/glibc-2.31/string/../sysdeps/aarch64/memset.S
fn=__GI_memset
37 516349 83535 106 0 0 0 0 0 0
38 516349 0 0 0 0 0 0 0 0
40 516349 0 0 0 0 0 0 0 0
41 516349 0 0 0 0 0 0 0 0
42 477696 0 0 0 0 0 0 0 0
43 477696 0 0 0 0 0 0 0 0
44 167602 0 0 0 0 0 0 0 0
47 167602 0 0 0 0 0 0 0 0
48 160521 0 0 0 0 0 160521 4395 484
49 160521 0 0 0 0 0 160521 513 27
50 160521 0 0 0 0 0 0 0 0
52 7081 0 0 0 0 0 0 0 0
53 1378 0 0 0 0 0 1378 1 1
54 1378 0 0 0 0 0 1378 0 0
55 1378 0 0 0 0 0 0 0 0
56 5703 2293 0 0 0 0 0 0 0
57 764 0 0 0 0 0 764 341 313
58 764 0 0 0 0 0 0 0 0
59 80 0 0 0 0 0 80 0 0
60 5703 0 0 0 0 0 0 0 0
64 310094 65385 83 0 0 0 310094 39097 11536
65 310094 0 0 0 0 0 0 0 0
66 269801 0 0 0 0 0 269801 14983 4292
67 269801 0 0 0 0 0 0 0 0
68 93838 0 0 0 0 0 93838 0 0
69 93838 0 0 0 0 0 93838 0 0
70 269801 0 0 0 0 0 0 0 0
76 40293 0 0 0 0 0 40293 5546 1834
77 40293 0 0 0 0 0 80586 11966 2995
78 40293 0 0 0 0 0 80586 3291 513
79 40293 0 0 0 0 0 0 0 0
84 38653 20392 3581 0 0 0 0 0 0
85 38653 0 0 0 0 0 0 0 0
86 38653 0 0 0 0 0 38653 11617 6576
87 38653 0 0 0 0 0 0 0 0
88 38653 0 0 0 0 0 0 0 0
89 38653 0 0 0 0 0 0 0 0
91 38653 0 0 0 0 0 0 0 0
92 38653 0 0 0 0 0 0 0 0
93 38653 0 0 0 0 0 0 0 0
94 223885 0 0 0 0 0 447770 114864 86838
95 223885 0 0 0 0 0 447770 83589 51813
97 223885 0 0 0 0 0 0 0 0
98 223885 0 0 0 0 0 0 0 0
99 38653 0 0 0 0 0 77306 3625 1887
100 38653 0 0 0 0 0 77306 6505 2794
101 49466 18973 793 0 0 0 0 0 0
108 10813 0 0 0 0 0 0 0 0
109 10813 0 0 0 0 0 0 0 0
fn=memset
37 216 36 24 0 0 0 0 0 0
38 216 0 0 0 0 0 0 0 0
40 216 0 0 0 0 0 0 0 0
41 216 0 0 0 0 0 0 0 0
42 178 0 0 0 0 0 0 0 0
43 178 0 0 0 0 0 0 0 0
44 131 0 0 0 0 0 0 0 0
47 131 0 0 0 0 0 0 0 0
48 48 0 0 0 0 0 48 12 12
49 48 0 0 0 0 0 48 0 0
50 48 0 0 0 0 0 0 0 0
52 83 0 0 0 0 0 0 0 0
53 53 0 0 0 0 0 53 0 0
54 53 0 0 0 0 0 53 0 0
55 53 0 0 0 0 0 0 0 0
56 30 14 12 0 0 0 0 0 0
57 30 0 0 0 0 0 30 0 0
58 30 0 0 0 0 0 0 0 0
59 30 0 0 0 0 0 30 0 0
60 30 0 0 0 0 0 0 0 0
64 47 11 11 0 0 0 47 8 8
65 47 0 0 0 0 0 0 0 0
66 33 0 0 0 0 0 33 1 1
67 33 0 0 0 0 0 0 0 0
68 17 0 0 0 0 0 17 0 0
69 17 0 0 0 0 0 17 0 0
70 33 0 0 0 0 0 0 0 0
76 14 0 0 0 0 0 14 2 2
77 14 0 0 0 0 0 28 0 0
78 14 0 0 0 0 0 28 1 1
79 14 0 0 0 0 0 0 0 0
84 38 24 18 0 0 0 0 0 0
85 38 0 0 0 0 0 0 0 0
86 38 0 0 0 0 0 38 36 36
87 38 0 0 0 0 0 0 0 0
88 38 0 0 0 0 0 0 0 0
89 38 0 0 0 0 0 0 0 0
91 38 0 0 0 0 0 0 0 0
92 38 0 0 0 0 0 0 0 0
93 38 0 0 0 0 0 0 0 0
94 533 0 0 0 0 0 1066 141 141
95 533 0 0 0 0 0 1066 391 390
97 533 0 0 0 0 0 0 0 0
98 533 0 0 0 0 0 0 0 0
99 38 0 0 0 0 0 76 4 4
100 38 0 0 0 0 0 76 6 6
101 64 24 18 0 0 0 0 0 0
108 26 0 0 0 0 0 0 0 0
109 26 0 0 0 0 0 0 0 0
fl=/build/glibc-FcXrgv/glibc-2.31/string/../sysdeps/aarch64/multiarch/../memchr.S
fn=__GI_memchr
68 2095 1438 698 0 0 0 0 0 0
73 2087 0 0 0 0 0 0 0 0
74 2087 0 0 0 0 0 0 0 0
75 2087 0 0 0 0 0 0 0 0
77 2087 0 0 0 0 0 0 0 0
78 2087 0 0 0 0 0 0 0 0
79 2087 0 0 0 0 0 0 0 0
80 2087 0 0 0 0 0 0 0 0
81 2087 0 0 0 0 0 0 0 0
89 837 0 0 1674 63 0 0 0 0
90 837 0 0 0 0 0 0 0 0
91 837 0 0 0 0 0 0 0 0
92 837 0 0 0 0 0 0 0 0
93 837 0 0 0 0 0 0 0 0
94 837 0 0 0 0 0 0 0 0
95 837 0 0 0 0 0 0 0 0
96 837 339 134 0 0 0 0 0 0
97 837 0 0 0 0 0 0 0 0
98 837 0 0 0 0 0 0 0 0
100 837 0 0 0 0 0 0 0 0
101 837 0 0 0 0 0 0 0 0
102 837 0 0 0 0 0 0 0 0
104 837 0 0 0 0 0 0 0 0
106 782 0 0 0 0 0 0 0 0
109 6412 1089 529 12824 2195 27 0 0 0
110 6412 0 0 0 0 0 0 0 0
111 6412 0 0 0 0 0 0 0 0
112 6412 0 0 0 0 0 0 0 0
114 6412 0 0 0 0 0 0 0 0
116 5318 0 0 0 0 0 0 0 0
117 5318 0 0 0 0 0 0 0 0
118 5318 0 0 0 0 0 0 0 0
120 5318 275 85 0 0 0 0 0 0
124 1467 918 552 0 0 0 0 0 0
125 1467 0 0 0 0 0 0 0 0
126 1467 0 0 0 0 0 0 0 0
127 1467 0 0 0 0 0 0 0 0
128 1467 0 0 0 0 0 0 0 0
130 1467 0 0 0 0 0 0 0 0
134 1149 33 32 0 0 0 0 0 0
135 1149 0 0 0 0 0 0 0 0
136 1149 0 0 0 0 0 0 0 0
137 1149 0 0 0 0 0 0 0 0
138 1149 0 0 0 0 0 0 0 0
139 1149 0 0 0 0 0 0 0 0
143 2087 392 97 0 0 0 0 0 0
145 2087 0 0 0 0 0 0 0 0
147 2087 0 0 0 0 0 0 0 0
149 2087 1799 759 0 0 0 0 0 0
151 2087 0 0 0 0 0 0 0 0
153 2087 0 0 0 0 0 0 0 0
154 2087 0 0 0 0 0 0 0 0
157 8 8 1 0 0 0 0 0 0
158 8 0 0 0 0 0 0 0 0
fl=/build/glibc-FcXrgv/glibc-2.31/string/../sysdeps/aarch64/multiarch/../memcpy.S
fn=__GI_memcpy
91 708639 82672 206 0 0 0 0 0 0
92 708639 0 0 0 0 0 0 0 0
93 708639 0 0 0 0 0 0 0 0
94 708639 0 0 0 0 0 0 0 0
95 708639 0 0 0 0 0 0 0 0
96 139145 0 0 0 0 0 0 0 0
97 139145 0 0 0 0 0 0 0 0
100 83864 0 0 167728 3718 1544 0 0 0
101 83864 0 0 167728 2614 1228 0 0 0
102 83864 0 0 167728 4926 1619 0 0 0
103 83864 0 0 167728 2723 1191 0 0 0
104 83864 0 0 0 0 0 0 0 0
105 83864 7006 27 0 0 0 0 0 0
106 32023 0 0 0 0 0 64046 402 176
107 32023 0 0 0 0 0 64046 3717 2248
108 32023 0 0 0 0 0 64046 236 144
109 32023 0 0 0 0 0 64046 1043 178
110 32023 0 0 0 0 0 0 0 0
116 569494 42058 106 0 0 0 0 0 0
117 569494 0 0 0 0 0 0 0 0
118 227051 0 0 454102 25477 4435 0 0 0
119 227051 0 0 454102 9892 1005 0 0 0
120 227051 0 0 0 0 0 454102 52314 39899
121 227051 0 0 0 0 0 454102 23641 11190
122 227051 0 0 0 0 0 0 0 0
126 342443 39474 206 0 0 0 0 0 0
127 162319 0 0 162319 3762 1925 0 0 0
128 162319 0 0 162319 373 359 0 0 0
129 162319 0 0 0 0 0 162319 1275 213
130 162319 0 0 0 0 0 162319 33 14
131 162319 0 0 0 0 0 0 0 0
135 180124 0 0 0 0 0 0 0 0
136 70086 0 0 70086 665 433 0 0 0
137 70086 0 0 70086 48 45 0 0 0
138 70086 0 0 0 0 0 70086 2290 344
139 70086 0 0 0 0 0 70086 51 22
140 70086 0 0 0 0 0 0 0 0
145 110038 0 0 0 0 0 0 0 0
146 103132 0 0 0 0 0 0 0 0
147 103132 17726 644 103132 263 176 0 0 0
148 103132 0 0 103132 181 177 0 0 0
149 103132 0 0 103132 0 0 0 0 0
150 103132 0 0 0 0 0 103132 177 135
151 103132 0 0 0 0 0 103132 13 8
152 103132 0 0 0 0 0 103132 7 3
153 110038 1719 61 0 0 0 0 0 0
159 51841 7978 40 103682 2 0 0 0 0
160 51841 0 0 103682 0 0 0 0 0
161 51841 0 0 103682 0 0 0 0 0
162 51841 0 0 103682 0 0 0 0 0
163 51841 0 0 0 0 0 103682 1665 837
164 51841 0 0 0 0 0 103682 12519 2909
165 51841 0 0 0 0 0 103682 4492 1082
166 51841 0 0 0 0 0 103682 5928 1357
167 51841 16051 120 0 0 0 103682 268 217
168 51841 0 0 0 0 0 103682 4569 862
169 51841 0 0 0 0 0 103682 2292 901
170 51841 0 0 0 0 0 103682 7211 857
171 51841 0 0 0 0 0 0 0 0
180 55281 5808 126 0 0 0 0 0 0
181 55281 0 0 0 0 0 0 0 0
182 55281 0 0 110562 10698 1114 0 0 0
183 55281 0 0 0 0 0 0 0 0
184 55281 0 0 0 0 0 0 0 0
185 55281 0 0 110562 9454 1253 0 0 0
186 55281 0 0 0 0 0 110562 3163 2748
187 55281 0 0 110562 8123 730 0 0 0
188 55281 11627 1850 110562 9166 764 0 0 0
189 55281 0 0 110562 8891 811 0 0 0
190 55281 0 0 0 0 0 0 0 0
191 55281 0 0 0 0 0 0 0 0
193 904199 0 0 0 0 0 1808398 74427 64742
194 904199 0 0 1808398 145915 100714 0 0 0
195 904199 0 0 0 0 0 1808398 228687 217459
196 904199 0 0 1808398 328994 299022 0 0 0
197 904199 0 0 0 0 0 1808398 132951 125090
198 904199 0 0 1808398 183061 153270 0 0 0
199 904199 0 0 0 0 0 1808398 442709 410891
200 904199 0 0 1808398 107399 76429 0 0 0
201 904199 0 0 0 0 0 0 0 0
202 904199 0 0 0 0 0 0 0 0
208 55281 0 0 110562 155 122 0 0 0
209 55281 0 0 0 0 0 110562 15050 12314
210 55281 15893 1142 110562 1668 398 0 0 0
211 55281 0 0 0 0 0 110562 6546 5636
212 55281 0 0 110562 1005 521 0 0 0
213 55281 0 0 0 0 0 110562 4968 4088
214 55281 0 0 110562 4187 640 0 0 0
215 55281 0 0 0 0 0 110562 3464 2226
216 55281 0 0 0 0 0 110562 759 597
217 55281 0 0 0 0 0 110562 653 407
218 55281 0 0 0 0 0 110562 1469 987
219 55281 0 0 0 0 0 110562 2947 1726
220 55281 0 0 0 0 0 0 0 0
224 9777 875 0 0 0 0 0 0 0
226 9777 0 0 0 0 0 0 0 0
227 9777 0 0 0 0 0 0 0 0
234 9777 0 0 0 0 0 0 0 0
235 9777 878 132 19554 0 0 0 0 0
236 9777 0 0 0 0 0 0 0 0
237 9777 0 0 0 0 0 0 0 0
238 9777 0 0 19554 0 0 0 0 0
239 9777 0 0 0 0 0 19554 0 0
240 9777 0 0 19554 0 0 0 0 0
241 9777 0 0 19554 0 0 0 0 0
242 9777 0 0 19554 0 0 0 0 0
243 9777 0 0 0 0 0 0 0 0
244 9777 0 0 0 0 0 0 0 0
245 9777 0 0 0 0 0 0 0 0
247 8900 0 0 0 0 0 0 0 0
249 13424 0 0 0 0 0 26848 0 0
250 13424 0 0 26848 0 0 0 0 0
251 13424 0 0 0 0 0 26848 0 0
252 13424 0 0 26848 0 0 0 0 0
253 13424 877 190 0 0 0 26848 0 0
254 13424 0 0 26848 0 0 0 0 0
255 13424 0 0 0 0 0 26848 0 0
256 13424 0 0 26848 0 0 0 0 0
257 13424 0 0 0 0 0 0 0 0
258 13424 0 0 0 0 0 0 0 0
264 9777 1 1 19554 0 0 0 0 0
265 9777 0 0 0 0 0 19554 0 0
266 9777 0 0 19554 0 0 0 0 0
267 9777 0 0 0 0 0 19554 0 0
268 9777 0 0 19554 0 0 0 0 0
269 9777 0 0 0 0 0 19554 0 0
270 9777 0 0 19554 0 0 0 0 0
271 9777 0 0 0 0 0 19554 0 0
272 9777 0 0 0 0 0 19554 0 0
273 9777 0 0 0 0 0 19554 0 0
274 9777 878 144 0 0 0 19554 0 0
275 9777 0 0 0 0 0 19554 0 0
276 9777 0 0 0 0 0 0 0 0
fn=__GI_memmove
77 29542 262 0 0 0 0 0 0 0
78 29542 0 0 0 0 0 0 0 0
79 29542 0 0 0 0 0 0 0 0
80 29542 0 0 0 0 0 0 0 0
fn=memcpy
91 349 26 26 0 0 0 0 0 0
92 349 0 0 0 0 0 0 0 0
93 349 0 0 0 0 0 0 0 0
94 349 0 0 0 0 0 0 0 0
95 349 0 0 0 0 0 0 0 0
96 180 0 0 0 0 0 0 0 0
97 180 0 0 0 0 0 0 0 0
100 173 0 0 346 0 0 0 0 0
101 173 0 0 346 0 0 0 0 0
102 173 0 0 346 0 0 0 0 0
103 173 0 0 346 0 0 0 0 0
104 173 0 0 0 0 0 0 0 0
105 173 24 24 0 0 0 0 0 0
106 82 0 0 0 0 0 164 5 3
107 82 0 0 0 0 0 164 4 3
108 82 0 0 0 0 0 164 0 0
109 82 0 0 0 0 0 164 8 8
110 82 0 0 0 0 0 0 0 0
116 169 3 3 0 0 0 0 0 0
117 169 0 0 0 0 0 0 0 0
118 51 0 0 102 2 1 0 0 0
119 51 0 0 102 0 0 0 0 0
120 51 0 0 0 0 0 102 10 9
121 51 0 0 0 0 0 102 1 1
122 51 0 0 0 0 0 0 0 0
126 118 21 16 0 0 0 0 0 0
127 77 0 0 77 4 2 0 0 0
128 77 0 0 77 3 0 0 0 0
129 77 0 0 0 0 0 77 14 13
130 77 0 0 0 0 0 77 1 1
131 77 0 0 0 0 0 0 0 0
135 41 0 0 0 0 0 0 0 0
136 9 0 0 9 0 0 0 0 0
137 9 0 0 9 0 0 0 0 0
138 9 0 0 0 0 0 9 0 0
139 9 0 0 0 0 0 9 0 0
140 9 0 0 0 0 0 0 0 0
145 32 0 0 0 0 0 0 0 0
146 5 0 0 0 0 0 0 0 0
147 5 3 1 5 2 2 0 0 0
148 5 0 0 5 0 0 0 0 0
149 5 0 0 5 0 0 0 0 0
150 5 0 0 0 0 0 5 2 2
151 5 0 0 0 0 0 5 0 0
152 5 0 0 0 0 0 5 0 0
153 32 2 2 0 0 0 0 0 0
159 91 24 24 182 0 0 0 0 0
160 91 0 0 182 0 0 0 0 0
161 91 0 0 182 0 0 0 0 0
162 91 0 0 182 0 0 0 0 0
163 91 0 0 0 0 0 182 3 3
164 91 0 0 0 0 0 182 12 12
165 91 0 0 0 0 0 182 13 13
166 91 0 0 0 0 0 182 13 12
167 91 23 23 0 0 0 182 0 0
168 91 0 0 0 0 0 182 7 7
169 91 0 0 0 0 0 182 1 1
170 91 0 0 0 0 0 182 7 7
171 91 0 0 0 0 0 0 0 0
180 7 2 2 0 0 0 0 0 0
181 7 0 0 0 0 0 0 0 0
182 7 0 0 14 0 0 0 0 0
183 7 0 0 0 0 0 0 0 0
184 7 0 0 0 0 0 0 0 0
185 7 0 0 14 0 0 0 0 0
186 7 0 0 0 0 0 14 1 1
187 7 0 0 14 0 0 0 0 0
188 7 2 2 14 0 0 0 0 0
189 7 0 0 14 0 0 0 0 0
190 7 0 0 0 0 0 0 0 0
191 7 0 0 0 0 0 0 0 0
193 24 0 0 0 0 0 48 8 8
194 24 0 0 48 0 0 0 0 0
195 24 0 0 0 0 0 48 0 0
196 24 0 0 48 0 0 0 0 0
197 24 0 0 0 0 0 48 0 0
198 24 0 0 48 0 0 0 0 0
199 24 0 0 0 0 0 48 0 0
200 24 0 0 48 0 0 0 0 0
201 24 0 0 0 0 0 0 0 0
202 24 0 0 0 0 0 0 0 0
208 7 0 0 14 0 0 0 0 0
209 7 0 0 0 0 0 14 1 1
210 7 2 2 14 0 0 0 0 0
211 7 0 0 0 0 0 14 0 0
212 7 0 0 14 0 0 0 0 0
213 7 0 0 0 0 0 14 0 0
214 7 0 0 14 0 0 0 0 0
215 7 0 0 0 0 0 14 0 0
216 7 0 0 0 0 0 14 0 0
217 7 0 0 0 0 0 14 0 0
218 7 0 0 0 0 0 14 0 0
219 7 0 0 0 0 0 14 1 1
220 7 0 0 0 0 0 0 0 0
fn=memmove
77 40 1 1 0 0 0 0 0 0
78 40 0 0 0 0 0 0 0 0
79 40 0 0 0 0 0 0 0 0
80 40 0 0 0 0 0 0 0 0
fl=/build/glibc-FcXrgv/glibc-2.31/string/../sysdeps/aarch64/multiarch/../strlen.S
fn=__GI_strlen
94 94168 22560 1685 0 0 0 0 0 0
95 94168 0 0 0 0 0 0 0 0
96 94168 0 0 0 0 0 0 0 0
97 94168 0 0 0 0 0 0 0 0
98 94091 0 0 188182 45654 19167 0 0 0
107 94091 0 0 0 0 0 0 0 0
108 94091 0 0 0 0 0 0 0 0
109 94091 0 0 0 0 0 0 0 0
110 94091 0 0 0 0 0 0 0 0
111 94091 0 0 0 0 0 0 0 0
112 94091 0 0 0 0 0 0 0 0
113 94091 0 0 0 0 0 0 0 0
114 94091 0 0 0 0 0 0 0 0
117 51813 0 0 0 0 0 0 0 0
118 51813 0 0 0 0 0 0 0 0
119 51813 0 0 0 0 0 0 0 0
120 51813 10064 228 0 0 0 0 0 0
121 51813 0 0 0 0 0 0 0 0
122 51813 0 0 0 0 0 0 0 0
123 51813 0 0 0 0 0 0 0 0
130 42278 11966 993 0 0 0 0 0 0
131 42278 0 0 0 0 0 0 0 0
133 63129 0 0 126258 5463 4822 0 0 0
135 63206 2 0 0 0 0 0 0 0
136 63206 0 0 0 0 0 0 0 0
137 63206 0 0 0 0 0 0 0 0
138 63206 0 0 0 0 0 0 0 0
139 63206 0 0 0 0 0 0 0 0
140 52633 0 0 105266 11761 5412 0 0 0
141 52633 0 0 0 0 0 0 0 0
142 52633 0 0 0 0 0 0 0 0
143 52633 0 0 0 0 0 0 0 0
144 52633 14929 982 0 0 0 0 0 0
145 52633 0 0 0 0 0 0 0 0
146 31782 0 0 0 0 0 0 0 0
149 42355 2685 219 0 0 0 0 0 0
150 42355 0 0 0 0 0 0 0 0
151 42355 0 0 0 0 0 0 0 0
152 42355 0 0 0 0 0 0 0 0
153 42355 0 0 0 0 0 0 0 0
154 42355 0 0 0 0 0 0 0 0
169 42355 0 0 0 0 0 0 0 0
171 42355 0 0 0 0 0 0 0 0
172 42355 0 0 0 0 0 0 0 0
173 42355 0 0 0 0 0 0 0 0
174 42355 0 0 0 0 0 0 0 0
175 42355 0 0 0 0 0 0 0 0
176 42355 0 0 0 0 0 0 0 0
177 42355 17499 1864 0 0 0 0 0 0
180 81 4 0 162 41 26 0 0 0
181 81 0 0 0 0 0 0 0 0
182 81 0 0 0 0 0 0 0 0
183 81 0 0 0 0 0 0 0 0
184 81 0 0 0 0 0 0 0 0
185 81 0 0 0 0 0 0 0 0
186 81 0 0 0 0 0 0 0 0
187 81 0 0 0 0 0 0 0 0
188 81 0 0 0 0 0 0 0 0
189 41 0 0 82 0 0 0 0 0
190 41 0 0 0 0 0 0 0 0
191 41 0 0 0 0 0 0 0 0
192 41 0 0 0 0 0 0 0 0
193 41 0 0 0 0 0 0 0 0
194 41 0 0 0 0 0 0 0 0
195 41 2 1 0 0 0 0 0 0
196 41 0 0 0 0 0 0 0 0
197 41 0 0 0 0 0 0 0 0
198 3 0 0 0 0 0 0 0 0
204 77 62 47 0 0 0 0 0 0
205 77 0 0 154 10 8 0 0 0
206 77 0 0 0 0 0 0 0 0
207 77 0 0 0 0 0 0 0 0
213 77 0 0 0 0 0 0 0 0
215 77 0 0 0 0 0 0 0 0
216 77 0 0 0 0 0 0 0 0
217 77 0 0 0 0 0 0 0 0
218 77 0 0 0 0 0 0 0 0
219 77 0 0 0 0 0 0 0 0
220 77 0 0 0 0 0 0 0 0
221 77 0 0 0 0 0 0 0 0
fn=strlen
94 171 26 24 0 0 0 0 0 0
95 171 0 0 0 0 0 0 0 0
96 171 0 0 0 0 0 0 0 0
97 171 0 0 0 0 0 0 0 0
98 170 0 0 340 14 6 0 0 0
107 170 0 0 0 0 0 0 0 0
108 170 0 0 0 0 0 0 0 0
109 170 0 0 0 0 0 0 0 0
110 170 0 0 0 0 0 0 0 0
111 170 0 0 0 0 0 0 0 0
112 170 0 0 0 0 0 0 0 0
113 170 0 0 0 0 0 0 0 0
114 170 0 0 0 0 0 0 0 0
117 37 0 0 0 0 0 0 0 0
118 37 0 0 0 0 0 0 0 0
119 37 0 0 0 0 0 0 0 0
120 37 9 0 0 0 0 0 0 0
121 37 0 0 0 0 0 0 0 0
122 37 0 0 0 0 0 0 0 0
123 37 0 0 0 0 0 0 0 0
130 133 26 23 0 0 0 0 0 0
131 133 0 0 0 0 0 0 0 0
133 257 0 0 514 11 0 0 0 0
135 258 1 1 0 0 0 0 0 0
136 258 0 0 0 0 0 0 0 0
137 258 0 0 0 0 0 0 0 0
138 258 0 0 0 0 0 0 0 0
139 258 0 0 0 0 0 0 0 0
140 228 0 0 456 6 2 0 0 0
141 228 0 0 0 0 0 0 0 0
142 228 0 0 0 0 0 0 0 0
143 228 0 0 0 0 0 0 0 0
144 228 40 23 0 0 0 0 0 0
145 228 0 0 0 0 0 0 0 0
146 104 0 0 0 0 0 0 0 0
149 134 2 1 0 0 0 0 0 0
150 134 0 0 0 0 0 0 0 0
151 134 0 0 0 0 0 0 0 0
152 134 0 0 0 0 0 0 0 0
153 134 0 0 0 0 0 0 0 0
154 134 0 0 0 0 0 0 0 0
169 134 0 0 0 0 0 0 0 0
171 134 0 0 0 0 0 0 0 0
172 134 0 0 0 0 0 0 0 0
173 134 0 0 0 0 0 0 0 0
174 134 0 0 0 0 0 0 0 0
175 134 0 0 0 0 0 0 0 0
176 134 0 0 0 0 0 0 0 0
177 134 35 24 0 0 0 0 0 0
204 1 1 1 0 0 0 0 0 0
205 1 0 0 2 0 0 0 0 0
206 1 0 0 0 0 0 0 0 0
207 1 0 0 0 0 0 0 0 0
213 1 0 0 0 0 0 0 0 0
215 1 0 0 0 0 0 0 0 0
216 1 0 0 0 0 0 0 0 0
217 1 0 0 0 0 0 0 0 0
218 1 0 0 0 0 0 0 0 0
219 1 0 0 0 0 0 0 0 0
220 1 0 0 0 0 0 0 0 0
221 1 0 0 0 0 0 0 0 0
fl=/build/glibc-FcXrgv/glibc-2.31/string/../sysdeps/aarch64/multiarch/memchr.c
fn=memchr
34 54 10 10 12 5 1 0 0 0
fl=/build/glibc-FcXrgv/glibc-2.31/string/../sysdeps/aarch64/multiarch/memcpy.c
fn=memcpy
37 475 96 96 50 24 5 0 0 0
fl=/build/glibc-FcXrgv/glibc-2.31/string/../sysdeps/aarch64/multiarch/memmove.c
fn=memmove
37 221 31 29 26 7 1 0 0 0
fl=/build/glibc-FcXrgv/glibc-2.31/string/../sysdeps/aarch64/multiarch/memset.c
fn=memset
36 352 41 41 66 16 0 0 0 0
fl=/build/glibc-FcXrgv/glibc-2.31/string/../sysdeps/aarch64/multiarch/strlen.c
fn=strlen
36 165 20 18 30 7 0 0 0 0
fl=/build/glibc-FcXrgv/glibc-2.31/string/../sysdeps/aarch64/rawmemchr.S
fn=rawmemchr
28 1 1 1 0 0 0 0 0 0
33 1 0 0 0 0 0 0 0 0
35 1 0 0 0 0 0 0 0 0
36 1 0 0 0 0 0 0 0 0
37 1 0 0 0 0 0 0 0 0
38 1 0 0 0 0 0 0 0 0
fl=/build/glibc-FcXrgv/glibc-2.31/string/../sysdeps/aarch64/strchr.S
fn=index
66 17808 12708 3156 0 0 0 0 0 0
67 17808 0 0 0 0 0 0 0 0
68 17808 0 0 0 0 0 0 0 0
69 17808 0 0 0 0 0 0 0 0
70 17808 13682 1647 0 0 0 0 0 0
71 17808 0 0 0 0 0 0 0 0
72 17808 0 0 0 0 0 0 0 0
73 17808 0 0 0 0 0 0 0 0
79 17557 0 0 35114 12017 6102 0 0 0
80 17557 0 0 0 0 0 0 0 0
81 17557 0 0 0 0 0 0 0 0
82 17557 0 0 0 0 0 0 0 0
83 17557 0 0 0 0 0 0 0 0
84 17557 0 0 0 0 0 0 0 0
85 17557 0 0 0 0 0 0 0 0
86 17557 0 0 0 0 0 0 0 0
87 17557 0 0 0 0 0 0 0 0
88 17557 0 0 0 0 0 0 0 0
89 17557 0 0 0 0 0 0 0 0
90 17557 0 0 0 0 0 0 0 0
91 17557 12750 1060 0 0 0 0 0 0
92 17557 0 0 0 0 0 0 0 0
93 17557 0 0 0 0 0 0 0 0
94 17557 0 0 0 0 0 0 0 0
95 17557 0 0 0 0 0 0 0 0
97 17557 0 0 0 0 0 0 0 0
98 17557 0 0 0 0 0 0 0 0
99 17557 0 0 0 0 0 0 0 0
102 703 127 12 1406 76 37 0 0 0
103 703 0 0 0 0 0 0 0 0
104 703 0 0 0 0 0 0 0 0
105 703 0 0 0 0 0 0 0 0
106 703 0 0 0 0 0 0 0 0
108 703 0 0 0 0 0 0 0 0
109 703 0 0 0 0 0 0 0 0
110 703 0 0 0 0 0 0 0 0
111 703 223 37 0 0 0 0 0 0
112 703 0 0 0 0 0 0 0 0
113 703 0 0 0 0 0 0 0 0
117 535 0 0 0 0 0 0 0 0
118 535 0 0 0 0 0 0 0 0
119 535 0 0 0 0 0 0 0 0
120 535 0 0 0 0 0 0 0 0
121 535 0 0 0 0 0 0 0 0
122 535 0 0 0 0 0 0 0 0
123 535 0 0 0 0 0 0 0 0
124 535 0 0 0 0 0 0 0 0
126 535 0 0 0 0 0 0 0 0
128 17808 12768 2339 0 0 0 0 0 0
129 17808 0 0 0 0 0 0 0 0
130 17808 0 0 0 0 0 0 0 0
133 17808 0 0 0 0 0 0 0 0
134 17808 12694 1326 0 0 0 0 0 0
135 17808 0 0 0 0 0 0 0 0
136 17808 0 0 0 0 0 0 0 0
fl=/build/glibc-FcXrgv/glibc-2.31/string/../sysdeps/aarch64/strchrnul.S
fn=strchrnul
66 7559 1258 713 0 0 0 0 0 0
67 7559 0 0 0 0 0 0 0 0
68 7559 0 0 0 0 0 0 0 0
69 7559 0 0 0 0 0 0 0 0
70 7559 1506 703 0 0 0 0 0 0
71 7559 0 0 0 0 0 0 0 0
72 7559 0 0 0 0 0 0 0 0
78 5589 0 0 11178 993 721 0 0 0
79 5589 0 0 0 0 0 0 0 0
80 5589 0 0 0 0 0 0 0 0
81 5589 0 0 0 0 0 0 0 0
82 5589 0 0 0 0 0 0 0 0
83 5589 0 0 0 0 0 0 0 0
84 5589 0 0 0 0 0 0 0 0
85 5589 0 0 0 0 0 0 0 0
86 5589 0 0 0 0 0 0 0 0
87 5589 0 0 0 0 0 0 0 0
88 5589 0 0 0 0 0 0 0 0
89 5589 0 0 0 0 0 0 0 0
90 5589 0 0 0 0 0 0 0 0
91 5589 1042 597 0 0 0 0 0 0
92 5589 0 0 0 0 0 0 0 0
94 5589 0 0 0 0 0 0 0 0
95 5589 0 0 0 0 0 0 0 0
96 5589 0 0 0 0 0 0 0 0
99 1995 273 17 3990 770 583 0 0 0
100 1995 0 0 0 0 0 0 0 0
101 1995 0 0 0 0 0 0 0 0
102 1995 0 0 0 0 0 0 0 0
103 1995 0 0 0 0 0 0 0 0
105 1995 0 0 0 0 0 0 0 0
106 1995 0 0 0 0 0 0 0 0
107 1995 0 0 0 0 0 0 0 0
108 1995 0 0 0 0 0 0 0 0
109 1995 0 0 0 0 0 0 0 0
110 1995 0 0 0 0 0 0 0 0
114 1994 260 16 0 0 0 0 0 0
115 1994 0 0 0 0 0 0 0 0
116 1994 0 0 0 0 0 0 0 0
117 1994 0 0 0 0 0 0 0 0
119 1994 0 0 0 0 0 0 0 0
122 7559 1046 354 0 0 0 0 0 0
124 7559 0 0 0 0 0 0 0 0
125 7559 0 0 0 0 0 0 0 0
127 7559 0 0 0 0 0 0 0 0
128 7559 0 0 0 0 0 0 0 0
fl=/build/glibc-FcXrgv/glibc-2.31/string/../sysdeps/aarch64/strcmp.S
fn=strcmp
54 49467 16196 498 0 0 0 0 0 0
55 49467 0 0 0 0 0 0 0 0
56 49467 0 0 0 0 0 0 0 0
57 49467 0 0 0 0 0 0 0 0
58 38627 0 0 0 0 0 0 0 0
59 38627 0 0 0 0 0 0 0 0
64 76208 0 0 76208 4952 1186 0 0 0
65 76208 0 0 76208 2098 1380 0 0 0
67 78791 0 0 0 0 0 0 0 0
68 78791 0 0 0 0 0 0 0 0
69 78791 0 0 0 0 0 0 0 0
70 78791 0 0 0 0 0 0 0 0
71 78791 0 0 0 0 0 0 0 0
72 78791 0 0 0 0 0 0 0 0
77 44954 0 0 0 0 0 0 0 0
78 44954 0 0 0 0 0 0 0 0
83 44954 11215 487 0 0 0 0 0 0
84 44954 0 0 0 0 0 0 0 0
85 44954 0 0 0 0 0 0 0 0
86 44954 0 0 0 0 0 0 0 0
89 44954 0 0 0 0 0 0 0 0
90 44954 0 0 0 0 0 0 0 0
91 44954 0 0 0 0 0 0 0 0
130 2583 14 3 0 0 0 0 0 0
131 2583 0 0 0 0 0 0 0 0
132 2583 0 0 0 0 0 0 0 0
133 2583 0 0 2583 912 384 0 0 0
134 2583 0 0 0 0 0 0 0 0
135 2583 0 0 2583 65 8 0 0 0
136 2583 0 0 0 0 0 0 0 0
142 2583 0 0 0 0 0 0 0 0
144 2583 0 0 0 0 0 0 0 0
145 2583 6 4 0 0 0 0 0 0
146 2583 0 0 0 0 0 0 0 0
152 10840 218 59 0 0 0 0 0 0
153 10840 0 0 0 0 0 0 0 0
155 25188 0 0 25188 3489 2476 0 0 0
156 25188 0 0 25188 1534 57 0 0 0
157 25188 0 0 0 0 0 0 0 0
158 25188 0 0 0 0 0 0 0 0
159 25188 0 0 0 0 0 0 0 0
160 20675 0 0 0 0 0 0 0 0
161 20675 0 0 0 0 0 0 0 0
166 11405 0 0 0 0 0 0 0 0
167 11405 0 0 0 0 0 0 0 0
168 11405 0 0 0 0 0 0 0 0
169 11351 0 0 11351 1440 1117 0 0 0
170 11351 0 0 11351 592 357 0 0 0
172 11351 168 61 0 0 0 0 0 0
173 11351 0 0 0 0 0 0 0 0
174 11351 0 0 0 0 0 0 0 0
175 11351 0 0 0 0 0 0 0 0
176 11351 0 0 0 0 0 0 0 0
177 11351 0 0 0 0 0 0 0 0
178 6327 0 0 0 0 0 0 0 0
181 4513 21 7 0 0 0 0 0 0
182 4513 0 0 0 0 0 0 0 0
fl=/build/glibc-FcXrgv/glibc-2.31/string/../sysdeps/aarch64/strcpy.S
fn=stpcpy
112 786 617 202 0 0 0 0 0 0
113 786 0 0 0 0 0 0 0 0
114 786 0 0 0 0 0 0 0 0
115 786 0 0 0 0 0 0 0 0
116 786 0 0 0 0 0 0 0 0
121 786 0 0 0 0 0 0 0 0
124 786 0 0 1572 0 0 0 0 0
140 786 0 0 0 0 0 0 0 0
141 786 0 0 0 0 0 0 0 0
142 786 0 0 0 0 0 0 0 0
143 786 0 0 0 0 0 0 0 0
144 674 0 0 0 0 0 0 0 0
145 674 0 0 0 0 0 0 0 0
147 674 0 0 0 0 0 0 0 0
148 674 0 0 0 0 0 0 0 0
154 666 0 0 0 0 0 0 0 0
155 666 612 197 0 0 0 0 0 0
156 666 0 0 0 0 0 0 0 0
157 666 0 0 0 0 0 0 0 0
158 666 0 0 0 0 0 0 0 0
162 666 0 0 0 0 0 0 0 0
164 666 0 0 0 0 0 666 0 0
165 666 0 0 0 0 0 666 0 0
167 666 0 0 0 0 0 0 0 0
169 666 0 0 0 0 0 0 0 0
172 112 3 1 0 0 0 0 0 0
173 112 0 0 0 0 0 0 0 0
174 112 0 0 0 0 0 0 0 0
175 112 0 0 0 0 0 0 0 0
176 112 0 0 0 0 0 0 0 0
183 34 0 0 0 0 0 0 0 0
186 34 0 0 0 0 0 34 6 4
187 34 0 0 0 0 0 34 0 0
189 34 0 0 0 0 0 0 0 0
191 34 0 0 0 0 0 0 0 0
193 78 2 1 0 0 0 0 0 0
198 78 0 0 0 0 0 78 0 0
202 78 0 0 0 0 0 78 0 0
204 78 0 0 0 0 0 0 0 0
206 78 0 0 0 0 0 0 0 0
211 8 2 2 0 0 0 0 0 0
212 8 0 0 0 0 0 16 0 0
213 8 0 0 0 0 0 0 0 0
214 8 0 0 0 0 0 0 0 0
215 8 0 0 0 0 0 0 0 0
222 10 0 0 0 0 0 10 0 0
224 18 0 0 18 0 0 0 0 0
225 18 0 0 0 0 0 0 0 0
226 18 4 3 0 0 0 0 0 0
227 18 0 0 0 0 0 0 0 0
236 8 0 0 0 0 0 0 0 0
237 8 0 0 0 0 0 0 0 0
238 8 0 0 0 0 0 0 0 0
239 8 0 0 0 0 0 0 0 0
240 8 0 0 0 0 0 0 0 0
241 8 0 0 0 0 0 0 0 0
242 8 0 0 0 0 0 0 0 0
243 8 0 0 0 0 0 0 0 0
244 8 0 0 0 0 0 0 0 0
245 8 0 0 0 0 0 0 0 0
246 8 0 0 0 0 0 0 0 0
247 8 0 0 0 0 0 0 0 0
248 8 0 0 8 0 0 0 0 0
249 8 0 0 0 0 0 8 2 1
251 8 3 3 0 0 0 0 0 0
253 8 0 0 0 0 0 0 0 0
fn=strcpy
112 2057 300 58 0 0 0 0 0 0
113 2057 0 0 0 0 0 0 0 0
114 2057 0 0 0 0 0 0 0 0
115 2057 0 0 0 0 0 0 0 0
116 2057 0 0 0 0 0 0 0 0
121 2057 0 0 0 0 0 0 0 0
124 2057 0 0 4114 15 15 0 0 0
140 2057 0 0 0 0 0 0 0 0
141 2057 0 0 0 0 0 0 0 0
142 2057 0 0 0 0 0 0 0 0
143 2057 0 0 0 0 0 0 0 0
144 1776 0 0 0 0 0 0 0 0
145 1776 0 0 0 0 0 0 0 0
147 1776 0 0 0 0 0 0 0 0
148 1776 0 0 0 0 0 0 0 0
154 438 0 0 0 0 0 0 0 0
155 438 14 3 0 0 0 0 0 0
156 438 0 0 0 0 0 0 0 0
157 438 0 0 0 0 0 0 0 0
158 438 0 0 0 0 0 0 0 0
162 438 0 0 0 0 0 0 0 0
164 438 0 0 0 0 0 438 0 0
165 438 0 0 0 0 0 438 0 0
169 438 0 0 0 0 0 0 0 0
172 281 184 65 0 0 0 0 0 0
173 281 0 0 0 0 0 0 0 0
174 281 0 0 0 0 0 0 0 0
175 281 0 0 0 0 0 0 0 0
176 281 0 0 0 0 0 0 0 0
183 153 0 0 0 0 0 0 0 0
186 153 0 0 0 0 0 153 0 0
187 153 0 0 0 0 0 153 0 0
191 153 119 44 0 0 0 0 0 0
193 128 66 18 0 0 0 0 0 0
198 128 0 0 0 0 0 128 0 0
202 128 0 0 0 0 0 128 0 0
206 128 0 0 0 0 0 0 0 0
211 1338 121 2 0 0 0 0 0 0
212 1338 0 0 0 0 0 2676 1 0
213 1338 0 0 0 0 0 0 0 0
214 1338 0 0 0 0 0 0 0 0
215 1338 0 0 0 0 0 0 0 0
222 1271 0 0 0 0 0 1271 10 4
224 2609 0 0 2609 0 0 0 0 0
225 2609 0 0 0 0 0 0 0 0
226 2609 0 0 0 0 0 0 0 0
227 2609 0 0 0 0 0 0 0 0
236 1338 0 0 0 0 0 0 0 0
237 1338 117 4 0 0 0 0 0 0
238 1338 0 0 0 0 0 0 0 0
239 1338 0 0 0 0 0 0 0 0
240 1338 0 0 0 0 0 0 0 0
241 1338 0 0 0 0 0 0 0 0
242 1338 0 0 0 0 0 0 0 0
243 1338 0 0 0 0 0 0 0 0
244 1338 0 0 0 0 0 0 0 0
245 1338 0 0 0 0 0 0 0 0
246 1338 0 0 0 0 0 0 0 0
247 1338 0 0 0 0 0 0 0 0
248 1338 0 0 1338 0 0 0 0 0
249 1338 0 0 0 0 0 1338 3 1
253 1338 0 0 0 0 0 0 0 0
fl=/build/glibc-FcXrgv/glibc-2.31/string/../sysdeps/aarch64/strncmp.S
fn=strncmp
58 746 299 56 0 0 0 0 0 0
59 746 0 0 0 0 0 0 0 0
60 746 0 0 0 0 0 0 0 0
61 746 0 0 0 0 0 0 0 0
62 746 0 0 0 0 0 0 0 0
63 746 0 0 0 0 0 0 0 0
64 282 0 0 0 0 0 0 0 0
66 223 0 0 0 0 0 0 0 0
67 223 0 0 0 0 0 0 0 0
74 260 194 30 260 119 86 0 0 0
75 260 0 0 260 13 4 0 0 0
77 319 4 1 0 0 0 0 0 0
78 319 0 0 0 0 0 0 0 0
79 319 0 0 0 0 0 0 0 0
80 319 0 0 0 0 0 0 0 0
81 319 0 0 0 0 0 0 0 0
82 319 0 0 0 0 0 0 0 0
83 319 0 0 0 0 0 0 0 0
84 319 0 0 0 0 0 0 0 0
88 282 0 0 0 0 0 0 0 0
91 169 0 0 0 0 0 0 0 0
92 169 0 0 0 0 0 0 0 0
94 154 0 0 0 0 0 0 0 0
95 154 0 0 0 0 0 0 0 0
99 154 0 0 0 0 0 0 0 0
101 154 77 19 0 0 0 0 0 0
102 154 0 0 0 0 0 0 0 0
105 154 0 0 0 0 0 0 0 0
108 291 104 10 0 0 0 0 0 0
111 291 0 0 0 0 0 0 0 0
112 291 0 0 0 0 0 0 0 0
117 291 0 0 0 0 0 0 0 0
118 291 0 0 0 0 0 0 0 0
119 291 0 0 0 0 0 0 0 0
120 291 0 0 0 0 0 0 0 0
123 291 0 0 0 0 0 0 0 0
124 291 0 0 0 0 0 0 0 0
125 291 0 0 0 0 0 0 0 0
166 59 1 1 0 0 0 0 0 0
167 59 0 0 0 0 0 0 0 0
168 59 0 0 59 0 0 0 0 0
169 59 2 2 0 0 0 0 0 0
170 59 0 0 59 0 0 0 0 0
171 59 0 0 0 0 0 0 0 0
172 59 0 0 0 0 0 0 0 0
178 59 0 0 0 0 0 0 0 0
180 59 0 0 0 0 0 0 0 0
181 59 0 0 0 0 0 0 0 0
183 59 0 0 0 0 0 0 0 0
184 59 0 0 0 0 0 0 0 0
185 59 0 0 0 0 0 0 0 0
186 59 0 0 0 0 0 0 0 0
187 59 0 0 0 0 0 0 0 0
188 59 0 0 0 0 0 0 0 0
193 464 161 44 0 0 0 0 0 0
194 464 0 0 0 0 0 0 0 0
198 1380 0 0 1380 96 84 0 0 0
199 1380 0 0 1380 73 20 0 0 0
200 1380 0 0 0 0 0 0 0 0
201 1380 0 0 0 0 0 0 0 0
202 1380 0 0 0 0 0 0 0 0
203 1380 0 0 0 0 0 0 0 0
205 453 0 0 0 0 0 0 0 0
206 453 0 0 0 0 0 0 0 0
211 63 0 0 0 0 0 0 0 0
212 63 0 0 0 0 0 0 0 0
214 58 0 0 0 0 0 0 0 0
215 58 0 0 0 0 0 0 0 0
216 58 0 0 0 0 0 0 0 0
217 58 0 0 0 0 0 0 0 0
220 82 6 3 82 26 14 0 0 0
221 82 0 0 82 0 0 0 0 0
222 82 0 0 0 0 0 0 0 0
223 82 0 0 0 0 0 0 0 0
224 82 0 0 0 0 0 0 0 0
225 30 0 0 0 0 0 0 0 0
226 30 0 0 0 0 0 0 0 0
232 11 5 5 0 0 0 0 0 0
233 11 0 0 0 0 0 0 0 0
234 11 0 0 0 0 0 0 0 0
236 16 0 0 0 0 0 0 0 0
237 16 0 0 0 0 0 0 0 0
238 16 0 0 0 0 0 0 0 0
240 16 0 0 16 4 4 0 0 0
241 16 0 0 16 0 0 0 0 0
242 16 0 0 0 0 0 0 0 0
243 16 8 6 0 0 0 0 0 0
244 16 0 0 0 0 0 0 0 0
245 16 0 0 0 0 0 0 0 0
246 16 0 0 0 0 0 0 0 0
247 16 0 0 0 0 0 0 0 0
248 8 0 0 0 0 0 0 0 0
249 8 0 0 0 0 0 0 0 0
253 3 0 0 0 0 0 0 0 0
254 3 0 0 0 0 0 0 0 0
256 2 0 0 0 0 0 0 0 0
257 2 0 0 0 0 0 0 0 0
258 2 0 0 2 0 0 0 0 0
259 2 0 0 2 0 0 0 0 0
260 2 0 0 0 0 0 0 0 0
261 2 0 0 0 0 0 0 0 0
262 2 0 0 0 0 0 0 0 0
263 2 2 2 0 0 0 0 0 0
264 2 0 0 0 0 0 0 0 0
265 2 0 0 0 0 0 0 0 0
268 2 0 0 0 0 0 0 0 0
269 2 0 0 0 0 0 0 0 0
fl=/build/glibc-FcXrgv/glibc-2.31/string/../sysdeps/aarch64/strnlen.S
fn=strnlen
61 21507 8510 979 0 0 0 0 0 0
62 21492 0 0 0 0 0 0 0 0
63 21492 0 0 0 0 0 0 0 0
64 21492 0 0 0 0 0 0 0 0
65 21492 0 0 0 0 0 0 0 0
67 17011 0 0 0 0 0 0 0 0
68 17011 0 0 0 0 0 0 0 0
80 17011 10679 996 34022 12626 2986 0 0 0
82 21492 685 33 0 0 0 0 0 0
83 21492 0 0 0 0 0 0 0 0
84 21492 0 0 0 0 0 0 0 0
85 21492 0 0 0 0 0 0 0 0
86 21492 0 0 0 0 0 0 0 0
87 21492 0 0 0 0 0 0 0 0
88 21492 0 0 0 0 0 0 0 0
89 21492 0 0 0 0 0 0 0 0
90 21492 0 0 0 0 0 0 0 0
91 21492 0 0 0 0 0 0 0 0
94 19398 0 0 0 0 0 0 0 0
95 19398 0 0 0 0 0 0 0 0
101 17292 0 0 0 0 0 0 0 0
102 17292 0 0 0 0 0 0 0 0
106 2359 0 0 0 0 0 0 0 0
107 2359 1902 86 0 0 0 0 0 0
119 17292 6957 959 0 0 0 0 0 0
120 17292 0 0 0 0 0 0 0 0
121 17292 0 0 0 0 0 0 0 0
122 17292 0 0 0 0 0 0 0 0
123 17292 0 0 0 0 0 0 0 0
124 17292 0 0 0 0 0 0 0 0
125 17292 0 0 0 0 0 0 0 0
128 2099 1972 34 2099 0 0 0 0 0
129 2099 0 0 0 0 0 0 0 0
130 2099 0 0 0 0 0 0 0 0
131 2099 0 0 0 0 0 0 0 0
132 2099 0 0 0 0 0 0 0 0
133 2099 0 0 0 0 0 0 0 0
134 621 0 0 621 0 0 0 0 0
135 621 0 0 0 0 0 0 0 0
136 621 609 195 0 0 0 0 0 0
137 621 0 0 0 0 0 0 0 0
138 621 0 0 0 0 0 0 0 0
139 621 0 0 0 0 0 0 0 0
143 2094 1381 49 0 0 0 0 0 0
156 1984 0 0 0 0 0 0 0 0
157 1984 0 0 0 0 0 0 0 0
158 1984 0 0 0 0 0 0 0 0
159 1984 0 0 0 0 0 0 0 0
160 1984 0 0 0 0 0 0 0 0
161 1984 0 0 0 0 0 0 0 0
162 1984 0 0 0 0 0 0 0 0
163 1984 0 0 0 0 0 0 0 0
164 1984 0 0 0 0 0 0 0 0
165 1984 0 0 0 0 0 0 0 0
166 1984 0 0 0 0 0 0 0 0
167 1984 10 1 0 0 0 0 0 0
168 1984 0 0 0 0 0 0 0 0
169 1984 0 0 0 0 0 0 0 0
170 1984 0 0 0 0 0 0 0 0
181 4481 2100 260 0 0 0 0 0 0
182 4481 0 0 0 0 0 0 0 0
183 4481 0 0 0 0 0 0 0 0
185 4481 0 0 0 0 0 0 0 0
186 4481 0 0 0 0 0 0 0 0
187 4481 0 0 0 0 0 0 0 0
189 4481 0 0 8962 32 32 0 0 0
190 4481 0 0 0 0 0 0 0 0
191 4481 0 0 0 0 0 0 0 0
198 4481 0 0 0 0 0 0 0 0
200 4481 0 0 0 0 0 0 0 0
202 4481 0 0 0 0 0 0 0 0
203 4481 2056 231 0 0 0 0 0 0
205 4481 0 0 0 0 0 0 0 0
206 4481 0 0 0 0 0 0 0 0
207 4481 0 0 0 0 0 0 0 0
210 2231 53 29 0 0 0 0 0 0
211 2231 0 0 0 0 0 0 0 0
fl=/build/glibc-FcXrgv/glibc-2.31/string/../sysdeps/aarch64/strrchr.S
fn=rindex
72 557 353 126 0 0 0 0 0 0
76 557 0 0 0 0 0 0 0 0
77 557 0 0 0 0 0 0 0 0
78 557 0 0 0 0 0 0 0 0
79 557 0 0 0 0 0 0 0 0
80 557 0 0 0 0 0 0 0 0
81 557 0 0 0 0 0 0 0 0
82 557 0 0 0 0 0 0 0 0
83 557 0 0 0 0 0 0 0 0
84 557 0 0 0 0 0 0 0 0
90 448 0 0 896 305 184 0 0 0
91 448 0 0 0 0 0 0 0 0
92 448 0 0 0 0 0 0 0 0
93 448 0 0 0 0 0 0 0 0
94 448 0 0 0 0 0 0 0 0
95 448 0 0 0 0 0 0 0 0
96 448 416 116 0 0 0 0 0 0
97 448 0 0 0 0 0 0 0 0
98 448 0 0 0 0 0 0 0 0
99 448 0 0 0 0 0 0 0 0
100 448 0 0 0 0 0 0 0 0
101 448 0 0 0 0 0 0 0 0
102 448 0 0 0 0 0 0 0 0
103 448 0 0 0 0 0 0 0 0
104 448 0 0 0 0 0 0 0 0
105 448 0 0 0 0 0 0 0 0
106 448 0 0 0 0 0 0 0 0
107 448 0 0 0 0 0 0 0 0
108 448 0 0 0 0 0 0 0 0
110 448 0 0 0 0 0 0 0 0
111 448 0 0 0 0 0 0 0 0
112 448 0 0 0 0 0 0 0 0
115 171 150 32 0 0 0 0 0 0
116 171 0 0 0 0 0 0 0 0
117 171 0 0 0 0 0 0 0 0
119 280 95 26 560 138 71 0 0 0
120 280 0 0 0 0 0 0 0 0
121 280 0 0 0 0 0 0 0 0
122 280 0 0 0 0 0 0 0 0
123 280 0 0 0 0 0 0 0 0
124 280 0 0 0 0 0 0 0 0
125 280 0 0 0 0 0 0 0 0
126 280 0 0 0 0 0 0 0 0
127 280 0 0 0 0 0 0 0 0
128 280 0 0 0 0 0 0 0 0
129 280 0 0 0 0 0 0 0 0
130 280 0 0 0 0 0 0 0 0
131 280 0 0 0 0 0 0 0 0
132 280 240 45 0 0 0 0 0 0
134 276 0 0 0 0 0 0 0 0
135 276 0 0 0 0 0 0 0 0
136 276 0 0 0 0 0 0 0 0
137 276 0 0 0 0 0 0 0 0
138 276 0 0 0 0 0 0 0 0
142 557 267 43 0 0 0 0 0 0
143 557 0 0 0 0 0 0 0 0
144 557 0 0 0 0 0 0 0 0
146 557 0 0 0 0 0 0 0 0
147 557 0 0 0 0 0 0 0 0
150 557 0 0 0 0 0 0 0 0
154 557 0 0 0 0 0 0 0 0
155 557 0 0 0 0 0 0 0 0
157 557 0 0 0 0 0 0 0 0
158 557 0 0 0 0 0 0 0 0
160 557 408 106 0 0 0 0 0 0
fl=/build/glibc-FcXrgv/glibc-2.31/string/_strerror.c
fn=strerror_r
38 7956 1224 393 1224 866 112 5508 736 226
39 3672 0 0 612 598 198 0 0 0
40 1836 0 0 612 612 199 0 0 0
71 2448 611 197 0 0 0 0 0 0
72 6732 0 0 6732 0 0 0 0 0
fl=/build/glibc-FcXrgv/glibc-2.31/string/memmem.c
fn=memmem
55 60 2 1 12 0 0 42 0 0
59 24 6 1 0 0 0 6 0 0
61 18 0 0 0 0 0 0 0 0
65 18 0 0 0 0 0 12 0 0
68 12 0 0 0 0 0 0 0 0
70 12 0 0 0 0 0 0 0 0
75 18 0 0 18 0 0 0 0 0
79 18 0 0 0 0 0 12 0 0
84 6 0 0 0 0 0 0 0 0
85 6 0 0 0 0 0 0 0 0
87 30 3 1 0 0 0 0 0 0
88 54 0 0 0 0 0 0 0 0
89 60 0 0 24 2 0 12 0 0
92 42 6 1 18 0 0 0 0 0
93 6 0 0 0 0 0 6 0 0
95 30 4 1 12 0 0 0 0 0
100 12 0 0 0 0 0 0 0 0
101 60 6 1 36 0 0 0 0 0
103 36 0 0 0 0 0 0 0 0
107 6 0 0 0 0 0 0 0 0
108 12 0 0 0 0 0 0 0 0
119 6 0 0 0 0 0 0 0 0
126 60 6 1 54 0 0 0 0 0
fl=/build/glibc-FcXrgv/glibc-2.31/string/mempcpy.c
fn=mempcpy
34 8028 1799 239 0 0 0 6021 2 2
35 2007 0 0 0 0 0 0 0 0
36 8028 1902 241 6021 0 0 0 0 0
fl=/build/glibc-FcXrgv/glibc-2.31/string/strcasecmp.c
fn=strcasecmp
47 77 2 2 0 0 0 0 0 0
55 154 0 0 0 0 0 0 0 0
56 57 1 1 0 0 0 0 0 0
58 1436 1 1 708 15 9 0 0 0
59 162 0 0 0 0 0 0 0 0
63 77 0 0 0 0 0 0 0 0
fl=/build/glibc-FcXrgv/glibc-2.31/string/strcat.c
fn=strcat
29 430 98 26 0 0 0 344 0 0
30 344 0 0 0 0 0 0 0 0
32 344 0 0 344 0 0 0 0 0
fl=/build/glibc-FcXrgv/glibc-2.31/string/strcspn.c
fn=strcspn
32 4 0 0 0 0 0 3 2 2
33 2 0 0 1 1 1 0 0 0
34 2 1 1 1 0 0 0 0 0
39 5 0 0 0 0 0 8 1 1
40 4 0 0 0 0 0 8 0 0
41 4 1 1 0 0 0 8 1 1
42 4 0 0 0 0 0 8 1 1
44 3 0 0 2 0 0 0 0 0
47 10 0 0 0 0 0 3 0 0
48 3 0 0 0 0 0 0 0 0
51 4 0 0 2 0 0 0 0 0
52 4 1 1 2 0 0 0 0 0
53 4 0 0 2 0 0 0 0 0
54 4 0 0 2 0 0 0 0 0
56 2 0 0 0 0 0 0 0 0
62 32 1 1 32 0 0 0 0 0
63 16 0 0 16 0 0 0 0 0
64 32 0 0 32 0 0 0 0 0
65 16 0 0 16 0 0 0 0 0
67 112 0 0 32 0 0 0 0 0
69 1 0 0 0 0 0 0 0 0
70 5 0 0 0 0 0 0 0 0
71 3 0 0 3 0 0 0 0 0
fl=/build/glibc-FcXrgv/glibc-2.31/string/strdup.c
fn=strdup
40 208 38 27 0 0 0 208 1 1
41 104 0 0 0 0 0 0 0 0
42 104 37 24 0 0 0 0 0 0
44 52 7 4 0 0 0 0 0 0
47 156 0 0 0 0 0 0 0 0
48 104 0 0 208 0 0 0 0 0
fl=/build/glibc-FcXrgv/glibc-2.31/string/strerror.c
fn=strerror
30 2448 1224 393 0 0 0 2448 0 0
31 1836 0 0 0 0 0 0 0 0
34 612 0 0 0 0 0 0 0 0
43 1836 0 0 2448 0 0 0 0 0
fl=/build/glibc-FcXrgv/glibc-2.31/string/strerror_l.c
fn=__strerror_thread_freeres
62 35 7 2 14 0 0 0 0 0
fl=/build/glibc-FcXrgv/glibc-2.31/string/strncpy.c
fn=strncpy
28 144564 6353 1047 0 0 0 123912 4774 44
29 82608 9396 1066 0 0 0 0 0 0
30 41304 0 0 0 0 0 0 0 0
31 66848 0 0 0 0 0 0 0 0
32 82608 0 0 0 0 0 0 0 0
33 61956 0 0 123912 0 0 0 0 0
fl=/build/glibc-FcXrgv/glibc-2.31/string/strndup.c
fn=strndup
41 4 1 1 0 0 0 4 0 0
42 2 0 0 0 0 0 0 0 0
43 2 1 1 0 0 0 0 0 0
45 1 0 0 0 0 0 0 0 0
48 1 0 0 0 0 0 1 0 0
49 3 0 0 0 0 0 0 0 0
50 2 0 0 4 0 0 0 0 0
fl=/build/glibc-FcXrgv/glibc-2.31/string/strstr.c
fn=strstr
77 39 3 3 6 0 0 33 5 5
82 6 3 3 3 3 3 0 0 0
84 9 0 0 0 0 0 0 0 0
85 3 0 0 0 0 0 0 0 0
129 3 3 3 0 0 0 0 0 0
161 39 0 0 39 0 0 0 0 0
fl=/build/glibc-FcXrgv/glibc-2.31/sunrpc/rpc_thread.c
fn=__rpc_thread_destroy
21 28 6 1 0 0 0 35 0 0
22 28 0 0 14 7 7 0 0 0
24 7 0 0 0 0 0 0 0 0
39 28 1 1 35 0 0 0 0 0
fl=/build/glibc-FcXrgv/glibc-2.31/termios/../sysdeps/unix/sysv/linux/tcgetattr.c
fn=tcgetattr
34 6848 1712 1700 1712 0 0 2568 0 0
38 11092 1700 1697 850 1 0 850 72 0
40 856 0 0 0 0 0 0 0 0
44 18 0 0 18 0 0 12 0 0
46 12 0 0 6 0 0 6 0 0
51 12 0 0 0 0 0 0 0 0
58 6 0 0 0 0 0 12 0 0
63 54 6 1 18 0 0 36 0 0
77 6848 0 0 4280 0 0 0 0 0
fl=/build/glibc-FcXrgv/glibc-2.31/time/../bits/byteswap.h
fn=__tzfile_read
52 30 1 1 18 0 0 0 0 0
73 472 1 1 236 0 0 0 0 0
fl=/build/glibc-FcXrgv/glibc-2.31/time/../include/alloc_buffer.h
fn=__tzfile_read
126 3 0 0 2 0 0 0 0 0
fl=/build/glibc-FcXrgv/glibc-2.31/time/../include/stdio.h
fn=__tzfile_read
255 156 3 3 87 0 0 25 0 0
fl=/build/glibc-FcXrgv/glibc-2.31/time/../sysdeps/unix/sysv/linux/clock_gettime.c
fn=clock_gettime@@GLIBC_2.17
31 35 10 10 0 0 0 28 0 0
38 77 5 5 14 8 8 0 0 0
73 21 0 0 28 0 0 0 0 0
fl=/build/glibc-FcXrgv/glibc-2.31/time/../sysdeps/unix/sysv/linux/dl-vdso.h
fn=gettimeofday
40 12 4 4 8 7 2 0 0 0
41 4 0 0 0 0 0 0 0 0
fl=/build/glibc-FcXrgv/glibc-2.31/time/../sysdeps/unix/sysv/linux/gettimeofday.c
fn=gettimeofday
41 12 4 4 0 0 0 0 0 0
fl=/build/glibc-FcXrgv/glibc-2.31/time/../time/time.c
fn=time
24 27 6 6 6 1 0 15 0 0
26 9 0 0 0 0 0 0 0 0
28 3 0 0 0 0 0 0 0 0
29 3 0 0 3 0 0 0 0 0
31 27 3 3 21 0 0 0 0 0
fl=/build/glibc-FcXrgv/glibc-2.31/time/localtime.c
fn=localtime_r
30 8 1 1 2 0 0 0 0 0
fl=/build/glibc-FcXrgv/glibc-2.31/time/offtime.c
fn=__offtime
30 10 0 0 0 0 0 12 0 0
34 14 1 1 0 0 0 0 0 0
35 6 1 1 0 0 0 0 0 0
37 4 0 0 0 0 0 0 0 0
42 8 2 1 0 0 0 0 0 0
47 16 0 0 0 0 0 2 0 0
48 8 0 0 0 0 0 0 0 0
49 16 1 1 0 0 0 2 0 0
50 10 0 0 0 0 0 2 0 0
52 34 0 0 0 0 0 2 0 0
55 6 0 0 0 0 0 0 0 0
60 60 3 2 0 0 0 0 0 0
63 30 1 1 0 0 0 0 0 0
66 6 0 0 0 0 0 0 0 0
67 89 5 5 0 0 0 0 0 0
68 83 0 0 0 0 0 0 0 0
69 3 0 0 0 0 0 0 0 0
71 4 0 0 0 0 0 2 0 0
72 6 0 0 0 0 0 0 0 0
78 2 1 1 0 0 0 2 0 0
79 15 1 1 0 0 0 0 0 0
80 33 0 0 7 2 2 0 0 0
82 2 0 0 0 0 0 0 0 0
83 2 0 0 0 0 0 4 0 0
84 2 0 0 0 0 0 0 0 0
85 2 0 0 0 0 0 0 0 0
86 16 1 1 12 0 0 0 0 0
fl=/build/glibc-FcXrgv/glibc-2.31/time/tzfile.c
fn=__tzfile_compute
582 14 1 1 0 0 0 14 0 0
585 2 0 0 0 0 0 0 0 0
587 6 2 1 2 0 0 4 0 0
588 2 0 0 0 0 0 4 0 0
590 22 2 1 6 0 0 4 0 0
620 8 0 0 2 0 0 0 0 0
657 2 0 0 0 0 0 0 0 0
664 18 1 1 0 0 0 4 0 0
665 4 0 0 0 0 0 0 0 0
667 10 0 0 0 0 0 2 0 0
668 8 0 0 2 0 0 0 0 0
670 12 0 0 2 0 0 0 0 0
673 8 1 1 2 0 0 0 0 0
707 2 0 0 2 0 0 0 0 0
708 22 2 2 14 0 0 2 0 0
710 8 0 0 4 0 0 0 0 0
713 6 1 1 4 0 0 0 0 0
716 10 0 0 4 0 0 0 0 0
718 10 0 0 4 0 0 2 0 0
720 10 1 1 6 0 0 0 0 0
727 6 0 0 4 0 0 0 0 0
730 8 0 0 8 0 0 0 0 0
733 2 0 0 0 0 0 0 0 0
734 14 1 1 6 0 0 2 0 0
735 8 0 0 2 0 0 2 0 0
737 2 0 0 0 0 0 0 0 0
744 6 0 0 4 0 0 0 0 0
747 4 0 0 2 0 0 2 0 0
748 18 1 1 8 0 0 0 0 0
749 2 0 0 0 0 0 4 0 0
750 10 0 0 14 0 0 0 0 0
754 8 1 1 2 0 0 2 0 0
755 2 0 0 0 0 0 2 0 0
758 2 0 0 0 0 0 0 0 0
760 4 0 0 0 0 0 0 0 0
769 2 1 1 0 0 0 0 0 0
780 8 0 0 12 0 0 0 0 0
fn=__tzfile_read
102 13 2 2 2 0 0 11 0 0
109 2 0 0 1 1 1 0 0 0
110 4 1 1 0 0 0 3 0 0
111 1 0 0 0 0 0 1 0 0
116 1 0 0 0 0 0 1 0 0
118 1 0 0 0 0 0 0 0 0
121 3 0 0 1 0 0 0 0 0
130 4 1 1 2 2 2 0 0 0
131 1 0 0 0 0 0 0 0 0
140 1 1 1 0 0 0 0 0 0
154 1 1 1 0 0 0 0 0 0
162 5 1 1 0 0 0 0 0 0
163 1 0 0 0 0 0 0 0 0
167 8 0 0 0 0 0 1 0 0
170 2 1 1 1 1 1 0 0 0
171 1 0 0 0 0 0 1 0 0
174 2 0 0 0 0 0 0 0 0
175 3 0 0 2 0 0 1 0 0
176 2 0 0 1 0 0 2 1 1
179 5 0 0 1 0 0 2 0 0
182 14 1 1 0 0 0 0 0 0
184 10 0 0 2 0 0 0 0 0
187 3 0 0 0 0 0 0 0 0
188 4 0 0 0 0 0 4 0 0
189 2 0 0 0 0 0 0 0 0
190 4 0 0 0 0 0 2 0 0
191 2 0 0 0 0 0 0 0 0
192 2 0 0 0 0 0 0 0 0
194 10 0 0 0 0 0 0 0 0
197 8 1 1 3 0 0 0 0 0
200 2 0 0 0 0 0 1 0 0
203 5 0 0 0 0 0 1 0 0
204 2 0 0 0 0 0 0 0 0
209 5 1 1 0 0 0 0 0 0
218 4 1 1 1 0 0 0 0 0
220 4 1 1 1 0 0 1 0 0
221 4 0 0 0 0 0 0 0 0
222 1 0 0 0 0 0 0 0 0
223 3 1 1 2 0 0 0 0 0
224 1 0 0 0 0 0 0 0 0
226 1 0 0 0 0 0 0 0 0
229 7 0 0 1 0 0 0 0 0
230 3 0 0 0 0 0 0 0 0
232 1 1 1 0 0 0 0 0 0
233 3 0 0 1 0 0 0 0 0
236 5 0 0 0 0 0 0 0 0
238 1 0 0 0 0 0 0 0 0
239 3 0 0 0 0 0 1 0 0
243 2 0 0 0 0 0 1 0 0
269 6 0 0 1 0 0 2 0 0
271 2 0 0 0 0 0 0 0 0
275 4 1 1 0 0 0 1 0 0
276 1 0 0 0 0 0 0 0 0
278 1 0 0 0 0 0 2 0 0
283 6 0 0 0 0 0 1 0 0
284 9 1 1 1 0 0 1 0 0
285 7 1 1 1 0 0 1 0 0
286 7 0 0 1 0 0 1 0 0
287 6 0 0 0 0 0 1 0 0
288 4 0 0 2 0 0 0 0 0
289 8 1 1 2 0 0 1 1 1
292 1 0 0 0 0 0 0 0 0
294 3 1 1 1 0 0 1 0 0
297 12 0 0 4 0 0 0 0 0
300 7 1 1 2 0 0 0 0 0
306 714 0 0 3 0 0 0 0 0
307 708 0 0 236 0 0 0 0 0
310 3 0 0 1 0 0 0 0 0
324 474 0 0 1 0 0 0 0 0
325 236 0 0 0 0 0 236 0 0
328 24 0 0 6 0 0 0 0 0
332 48 1 1 0 0 0 12 0 0
337 12 0 0 0 0 0 0 0 0
339 27 0 0 6 0 0 6 0 0
341 12 0 0 0 0 0 0 0 0
344 18 0 0 6 0 0 6 0 0
345 6 0 0 0 0 0 6 0 0
348 11 1 1 2 0 0 1 0 0
351 2 0 0 1 0 0 0 0 0
367 20 0 0 0 0 0 0 0 0
372 32 1 1 6 0 0 6 0 0
374 5 1 1 1 0 0 0 0 0
375 3 0 0 1 0 0 0 0 0
377 15 1 1 0 0 0 0 0 0
382 39 0 0 6 0 0 6 0 0
384 5 2 2 1 0 0 0 0 0
385 3 0 0 1 0 0 0 0 0
388 4 0 0 1 0 0 0 0 0
390 2 0 0 1 0 0 0 0 0
392 2 0 0 0 0 0 0 0 0
393 11 2 2 2 0 0 0 0 0
397 2 0 0 1 0 0 1 0 0
401 3 0 0 1 0 0 0 0 0
404 2 0 0 0 0 0 0 0 0
407 31 1 1 7 0 0 0 0 0
408 42 0 0 18 0 0 0 0 0
414 2 0 0 1 0 0 0 0 0
415 1 0 0 0 0 0 2 0 0
416 3 0 0 1 0 0 0 0 0
418 4 0 0 4 0 0 0 0 0
419 8 0 0 4 0 0 0 0 0
421 7 1 1 4 0 0 0 0 0
425 10 1 1 4 0 0 2 0 0
427 7 0 0 2 0 0 0 0 0
431 3 0 0 2 0 0 0 0 0
438 3 0 0 2 0 0 0 0 0
441 5 0 0 2 0 0 0 0 0
446 1 0 0 0 0 0 0 0 0
447 1 0 0 0 0 0 2 0 0
448 1 1 1 0 0 0 0 0 0
451 9 1 1 4 0 0 0 0 0
453 1 0 0 0 0 0 1 0 0
454 2 0 0 1 0 0 0 0 0
456 12 1 1 3 0 0 0 0 0
458 2 0 0 0 0 0 0 0 0
459 2 1 1 1 0 0 0 0 0
461 6 0 0 2 0 0 0 0 0
464 3 0 0 0 0 0 0 0 0
467 9 1 1 0 0 0 2 0 0
470 9 0 0 5 0 0 1 0 0
471 5 0 0 1 0 0 1 0 0
474 2 0 0 0 0 0 1 0 0
475 2 1 1 1 0 0 0 0 0
476 1 0 0 0 0 0 0 0 0
484 12 1 0 13 0 0 0 0 0
fl=/build/glibc-FcXrgv/glibc-2.31/time/tzset.c
fn=__tz_convert
568 26 4 2 4 0 0 18 0 0
572 14 1 1 0 0 0 0 0 0
577 12 0 0 0 0 0 0 0 0
579 6 0 0 2 0 0 0 0 0
580 12 1 1 0 0 0 0 0 0
592 14 0 0 0 0 0 0 0 0
594 2 0 0 0 0 0 0 0 0
596 4 0 0 2 0 0 0 0 0
603 12 2 1 2 0 0 0 0 0
604 10 0 0 4 0 0 2 0 0
609 2 0 0 0 0 0 0 0 0
610 22 2 1 22 0 0 0 0 0
fn=__tzstring
120 48 1 1 0 0 0 36 0 0
121 48 0 0 0 0 0 0 0 0
122 24 0 0 36 0 0 0 0 0
fn=__tzstring_len
83 84 1 1 0 0 0 84 0 0
89 78 0 0 33 0 0 0 0 0
90 84 1 1 28 0 0 0 0 0
92 106 0 0 0 0 0 0 0 0
93 140 0 0 0 0 0 0 0 0
98 15 1 1 0 0 0 0 0 0
99 5 0 0 0 0 0 0 0 0
103 5 0 0 0 0 0 10 0 0
104 25 2 2 0 0 0 0 0 0
105 10 0 0 0 0 0 5 0 0
108 4 0 0 0 0 0 4 0 0
110 1 0 0 0 0 0 1 0 0
113 72 0 0 84 0 0 0 0 0
fn=tzset_internal
368 8 2 1 0 0 0 12 0 0
372 16 0 0 2 0 0 0 0 0
374 2 1 1 0 0 0 1 0 0
377 4 0 0 0 0 0 0 0 0
378 1 0 0 0 0 0 0 0 0
397 1 0 0 0 0 0 1 0 0
398 1 0 0 0 0 0 1 1 1
401 2 1 1 1 1 1 0 0 0
402 6 0 0 0 0 0 1 0 0
405 4 0 0 0 0 0 0 0 0
406 4 2 1 1 0 0 0 0 0
424 8 1 1 12 0 0 0 0 0
fl=/build/glibc-FcXrgv/glibc-2.31/wcsmbs/./wcsmbsload.h
fn=btowc
70 256 0 0 128 1 1 0 0 0
72 512 1 1 0 0 0 0 0 0
73 384 0 0 0 0 0 0 0 0
fn=wcsrtombs
70 6 0 0 3 2 1 0 0 0
72 4 1 1 0 0 0 0 0 0
74 3 0 0 1 0 0 0 0 0
76 1 0 0 0 0 0 0 0 0
fl=/build/glibc-FcXrgv/glibc-2.31/wcsmbs/btowc.c
fn=btowc
33 2304 1 1 512 0 0 1280 0 0
38 1024 1 1 0 0 0 0 0 0
39 256 0 0 0 0 0 0 0 0
43 768 0 0 0 0 0 0 0 0
47 768 1 1 384 1 1 256 0 0
48 256 0 0 256 2 2 0 0 0
50 256 0 0 128 1 1 0 0 0
55 640 0 0 128 0 0 0 0 0
58 768 0 0 384 0 0 0 0 0
99 2304 1 1 1792 0 0 0 0 0
fl=/build/glibc-FcXrgv/glibc-2.31/wcsmbs/mbsrtowcs.c
fn=mbsrtowcs
29 12204 613 199 2712 0 0 0 0 0
fl=/build/glibc-FcXrgv/glibc-2.31/wcsmbs/mbsrtowcs_l.c
fn=__mbsrtowcs_l
42 20340 1226 391 2712 0 0 17628 1074 345
52 1356 0 0 0 0 0 1356 0 0
53 2712 0 0 0 0 0 1356 0 0
54 1356 0 0 0 0 0 1356 0 0
57 1356 0 0 1356 595 198 0 0 0
60 1356 0 0 1356 612 196 0 0 0
61 1356 0 0 1356 612 199 0 0 0
63 2712 0 0 1356 1 0 0 0 0
68 2712 0 0 1356 0 0 0 0 0
72 614 0 0 0 0 0 614 0 0
73 4298 1225 392 0 0 0 0 0 0
75 1842 0 0 1228 0 0 614 0 0
76 1228 0 0 0 0 0 614 0 0
78 614 0 0 0 0 0 0 0 0
79 2456 0 0 0 0 0 614 0 0
82 614 0 0 0 0 0 614 0 0
84 6754 613 193 0 0 0 0 0 0
87 1842 0 0 614 0 0 0 0 0
89 1228 612 198 0 0 0 0 0 0
91 1228 0 0 0 0 0 0 0 0
94 1228 0 0 614 0 0 0 0 0
96 4912 0 0 0 0 0 0 0 0
104 742 0 0 0 0 0 742 0 0
108 1484 613 197 0 0 0 1484 0 0
112 3710 0 0 0 0 0 0 0 0
116 2968 613 198 0 0 0 0 0 0
118 8162 0 0 0 0 0 0 0 0
120 2968 0 0 1484 0 0 0 0 0
121 742 613 199 0 0 0 0 0 0
123 1228 0 0 0 0 0 0 0 0
125 1228 0 0 614 0 0 0 0 0
132 742 0 0 0 0 0 742 0 0
134 1484 0 0 0 0 0 0 0 0
138 1484 0 0 0 0 0 0 0 0
139 1842 0 0 614 0 0 0 0 0
141 614 0 0 0 0 0 0 0 0
142 1842 0 0 1228 0 0 0 0 0
143 3684 0 0 0 0 0 614 0 0
144 1228 0 0 0 0 0 0 0 0
150 1740 614 199 0 0 0 0 0 0
155 1356 612 198 0 0 0 0 0 0
156 4068 0 0 0 0 0 0 0 0
158 128 0 0 0 0 0 0 0 0
159 640 0 0 128 0 0 128 0 0
163 18984 1 1 20340 0 0 0 0 0
fl=/build/glibc-FcXrgv/glibc-2.31/wcsmbs/wcscat.c
fn=wcscat
28 40 1 1 0 0 0 32 0 0
29 32 1 0 0 0 0 0 0 0
31 32 0 0 32 0 0 0 0 0
fl=/build/glibc-FcXrgv/glibc-2.31/wcsmbs/wcschr.c
fn=wcschr
43 758 1 1 154 6 0 0 0 0
46 12 0 0 0 0 0 0 0 0
fl=/build/glibc-FcXrgv/glibc-2.31/wcsmbs/wcscmp.c
fn=wcscmp
30 1542 44 8 0 0 0 0 0 0
35 6915 0 0 6915 76 14 0 0 0
36 6915 0 0 6915 86 13 0 0 0
37 13830 0 0 0 0 0 0 0 0
38 384 0 0 0 0 0 0 0 0
40 13446 0 0 0 0 0 0 0 0
42 774 0 0 0 0 0 0 0 0
43 771 0 0 0 0 0 0 0 0
fl=/build/glibc-FcXrgv/glibc-2.31/wcsmbs/wcscpy.c
fn=wcscpy
30 45 2 1 0 0 0 36 0 0
32 63 0 0 0 0 0 0 0 0
50 18 0 0 36 0 0 0 0 0
fl=/build/glibc-FcXrgv/glibc-2.31/wcsmbs/wcslen.c
fn=wcslen
28 277 55 12 0 0 0 0 0 0
29 547 0 0 0 0 0 0 0 0
31 3478 0 0 1604 97 50 0 0 0
33 4437 56 15 1479 0 0 0 0 0
35 4539 0 0 1423 7 4 0 0 0
37 4371 0 0 1367 0 0 0 0 0
39 1485 0 0 0 0 0 0 0 0
43 277 0 0 0 0 0 0 0 0
fl=/build/glibc-FcXrgv/glibc-2.31/wcsmbs/wcsmbsload.c
fn=__wcsmbs_getfct
84 18 2 2 4 0 0 10 0 0
92 10 0 0 0 0 0 0 0 0
112 6 0 0 4 0 0 0 0 0
120 2 0 0 0 0 0 2 0 0
123 18 0 0 14 0 0 0 0 0
fn=__wcsmbs_load_conv
153 12 1 1 2 0 0 9 0 0
155 12 2 2 4 3 0 0 0 0
159 2 0 0 1 0 0 0 0 0
168 4 0 0 0 0 0 0 0 0
169 1 0 0 0 0 0 0 0 0
173 1 0 0 1 1 0 0 0 0
180 88 5 5 18 6 0 9 0 0
186 7 0 0 0 0 0 1 0 0
188 1 1 1 0 0 0 0 0 0
189 5 0 0 0 0 0 1 0 0
195 1 0 0 0 0 0 0 0 0
207 1 0 0 0 0 0 2 0 0
208 2 0 0 0 0 0 0 0 0
212 11 1 1 4 0 0 0 0 0
213 12 1 1 11 0 0 0 0 0
fl=/build/glibc-FcXrgv/glibc-2.31/wcsmbs/wcsmbsload.h
fn=__mbsrtowcs_l
70 2712 0 0 1356 587 199 0 0 0
72 528 2 2 0 0 0 0 0 0
73 396 0 0 0 0 0 0 0 0
fl=/build/glibc-FcXrgv/glibc-2.31/wcsmbs/wcsncpy.c
fn=wcsncpy
28 168 4 4 0 0 0 144 5 0
29 96 0 0 0 0 0 0 0 0
30 48 0 0 0 0 0 0 0 0
31 8 0 0 0 0 0 0 0 0
32 96 0 0 0 0 0 0 0 0
33 72 2 2 144 2 0 0 0 0
fl=/build/glibc-FcXrgv/glibc-2.31/wcsmbs/wcsnlen.c
fn=wcsnlen
28 135 2 2 0 0 0 108 6 0
29 81 0 0 0 0 0 0 0 0
31 81 0 0 0 0 0 0 0 0
33 108 0 0 108 0 0 0 0 0
fl=/build/glibc-FcXrgv/glibc-2.31/wcsmbs/wcsrchr.c
fn=wcsrchr
29 1 1 1 0 0 0 0 0 0
30 1 0 0 0 0 0 0 0 0
44 380 0 0 76 0 0 0 0 0
47 1 0 0 0 0 0 0 0 0
fl=/build/glibc-FcXrgv/glibc-2.31/wcsmbs/wcsrtombs.c
fn=wcsrtombs
39 45 6 5 6 0 0 39 2 0
48 3 0 0 0 0 0 3 0 0
49 6 0 0 0 0 0 3 0 0
50 15 0 0 0 0 0 3 0 0
53 15 0 0 9 7 2 0 0 0
56 3 0 0 3 1 1 0 0 0
57 3 0 0 3 0 0 0 0 0
59 6 0 0 3 2 1 0 0 0
64 6 3 2 3 0 0 0 0 0
104 21 0 0 3 0 0 3 0 0
108 6 0 0 0 0 0 6 0 0
110 33 3 2 0 0 0 0 0 0
115 6 0 0 3 0 0 0 0 0
119 6 0 0 0 0 0 0 0 0
120 6 0 0 3 0 0 0 0 0
122 6 0 0 0 0 0 0 0 0
123 9 3 2 6 0 0 0 0 0
124 3 0 0 0 0 0 3 0 0
125 6 0 0 0 0 0 0 0 0
137 12 0 0 0 0 0 0 0 0
144 42 6 4 45 0 0 0 0 0
fl=/build/glibc-FcXrgv/glibc-2.31/wcsmbs/wctob.c
fn=wctob
31 1152 1 1 256 0 0 640 0 0
40 256 0 0 0 0 0 0 0 0
45 256 1 1 0 0 0 0 0 0
46 128 0 0 0 0 0 0 0 0
82 1152 0 0 896 0 0 0 0 0
fl=/build/glibc-FcXrgv/glibc-2.31/wcsmbs/wmemchr.c
fn=wmemchr
27 27 0 0 0 0 0 0 0 0
29 192 7 2 0 0 0 0 0 0
31 222 8 2 74 3 1 0 0 0
33 222 0 0 74 0 0 0 0 0
34 3 2 0 0 0 0 0 0 0
35 213 0 0 71 0 0 0 0 0
36 1 1 0 0 0 0 0 0 0
37 210 0 0 70 0 0 0 0 0
38 1 1 1 0 0 0 0 0 0
39 69 0 0 0 0 0 0 0 0
40 74 0 0 0 0 0 0 0 0
43 22 0 0 0 0 0 0 0 0
45 80 0 0 20 0 0 0 0 0
50 40 0 0 0 0 0 0 0 0
52 36 0 0 12 0 0 0 0 0
54 16 0 0 0 0 0 0 0 0
57 24 0 0 0 0 0 0 0 0
58 8 0 0 8 0 0 0 0 0
61 34 5 1 0 0 0 0 0 0
62 27 1 1 0 0 0 0 0 0
fl=/build/glibc-FcXrgv/glibc-2.31/wcsmbs/wmemcpy.c
fn=wmemcpy
26 66 7 2 0 0 0 0 0 0
fl=/build/glibc-FcXrgv/glibc-2.31/wcsmbs/wmemset.c
fn=wmemset
28 2 2 2 0 0 0 0 0 0
30 4070 2 2 0 0 0 0 0 0
33 2027 0 0 0 0 0 4054 507 490
35 2027 0 0 0 0 0 4054 0 0
36 2027 0 0 0 0 0 0 0 0
37 2027 0 0 0 0 0 0 0 0
40 2 0 0 0 0 0 0 0 0
42 1 0 0 0 0 0 1 0 0
44 2 0 0 0 0 0 0 0 0
54 2 0 0 0 0 0 0 0 0
fl=/build/glibc-FcXrgv/glibc-2.31/wctype/wctype_l.c
fn=wctype_l
27 70 2 2 0 0 0 80 0 0
30 20 0 0 0 0 0 0 0 0
33 20 0 0 20 1 1 0 0 0
34 68 0 0 0 0 0 0 0 0
36 174 1 1 0 0 0 0 0 0
38 361 0 0 0 0 0 0 0 0
41 96 0 0 0 0 0 0 0 0
42 96 0 0 48 0 0 0 0 0
46 20 0 0 10 1 1 0 0 0
47 20 0 0 10 2 2 0 0 0
48 50 1 1 80 0 0 0 0 0
fl=???
fn=???
0 758192597 14071043 2220099 215973928 16071376 6227057 122159803 1820140 673289
fn=BOOL_copyswap
0 48 12 12 12 0 0 12 2 2
fn=BOOL_logical_and
0 270 60 57 120 0 0 50 9 0
fn=BOOL_setitem
0 504 48 48 132 0 0 72 0 0
fn=BigInt_DivideWithRemainder_MaxQuotient9
0 1170847 58 12 233756 473 0 115511 0 0
fn=BigInt_Multiply
0 1978188 96 7 591559 279 108 197559 13 1
fn=BigInt_ShiftLeft
0 47402 35 8 4843 93 0 4853 8 1
fn=CONF_modules_finish
0 38 3 3 14 1 1 12 0 0
fn=CONF_modules_unload
0 20 3 3 9 0 0 7 0 0
fn=CRYPTO_THREAD_cleanup_local
0 8 0 0 3 0 0 2 0 0
fn=CRYPTO_THREAD_get_local
0 2 1 1 1 1 1 0 0 0
fn=CRYPTO_THREAD_init_local
0 7 0 0 2 0 0 2 0 0
fn=CRYPTO_THREAD_lock_free
0 40 1 1 6 0 0 6 0 0
fn=CRYPTO_THREAD_lock_new
0 36 2 2 8 0 0 8 0 0
fn=CRYPTO_THREAD_run_once
0 959 2 2 274 0 0 274 0 0
fn=CRYPTO_THREAD_set_local
0 8 1 1 3 0 0 2 0 0
fn=CRYPTO_THREAD_unlock
0 931 0 0 266 0 0 266 0 0
fn=CRYPTO_THREAD_write_lock
0 931 2 2 266 0 0 266 0 0
fn=CRYPTO_clear_free
0 102 12 2 30 0 0 30 0 0
fn=CRYPTO_free
0 1216 3 3 304 15 2 0 0 0
fn=CRYPTO_malloc
0 2087 9 4 447 9 4 1 0 0
fn=CRYPTO_mem_ctrl
0 4 1 1 0 0 0 0 0 0
fn=CRYPTO_realloc
0 12 0 0 2 1 1 0 0 0
fn=CRYPTO_secure_malloc_done
0 17 2 2 5 1 1 5 0 0
fn=CRYPTO_zalloc
0 224 7 2 64 0 0 64 0 0
fn=CountVisitor::CountVisitor()
0 2630 526 508 526 526 517 1052 0 0
fn=CountVisitor::visitData(SpatialIndex::IData const&)
0 8 0 0 2 0 0 2 0 0
fn=CountVisitor::visitNode(SpatialIndex::INode const&)
0 465 465 456 0 0 0 0 0 0
fn=CountVisitor::~CountVisitor()
0 5260 61 61 1578 0 0 1578 0 0
fn=DOUBLE_add
0 55776 7968 5096 16932 1110 65 7470 591 90
fn=DOUBLE_ceil
0 462 77 77 66 0 0 11 7 0
fn=DOUBLE_copyswap
0 77935 8432 132 15587 548 92 15587 1990 1161
fn=DOUBLE_divide
0 53814 6090 4245 9096 602 101 1398 586 55
fn=DOUBLE_dot
0 22912 2864 2108 2148 0 0 2864 0 0
fn=DOUBLE_getitem
0 13629 2478 132 4956 0 0 0 0 0
fn=DOUBLE_isfinite
0 420 20 20 80 1 0 30 9 8
fn=DOUBLE_less
0 58 6 6 11 1 0 3 1 0
fn=DOUBLE_log
0 24 3 3 14 1 0 9 0 0
fn=DOUBLE_log10
0 24 2 2 14 1 0 9 1 0
fn=DOUBLE_maximum
0 657 81 81 117 8 0 36 11 3
fn=DOUBLE_minimum
0 657 81 72 117 9 0 36 10 0
fn=DOUBLE_multiply
0 39342 4482 4465 5478 602 102 996 479 0
fn=DOUBLE_nextafter
0 60 6 6 38 2 0 22 0 0
fn=DOUBLE_power
0 31 2 2 19 1 0 11 0 0
fn=DOUBLE_setitem
0 280869 19645 1434 88476 1605 509 44694 0 0
fn=DOUBLE_sqrt
0 51072 7296 2748 7296 0 0 1216 1214 111
fn=DOUBLE_square
0 27888 2988 2897 3486 202 0 996 217 8
fn=DOUBLE_subtract
0 83232 9792 6298 13464 849 57 2448 1203 906
fn=Dragon4
0 2676859 693 138 509669 642 5 377611 1526 133
fn=Dragon4_Positional_LongDouble
0 30 4 1 6 0 0 24 0 0
fn=Dragon4_Positional_LongDouble_opt
0 74 16 8 20 4 0 18 4 0
fn=Dragon4_Scientific_LongDouble
0 240 32 6 32 7 0 192 0 0
fn=Dragon4_Scientific_LongDouble_opt
0 800 80 14 128 16 8 176 32 0
fn=ENGINE_finish
0 108 9 3 48 0 0 48 0 0
fn=ENGINE_get_digest_engine
0 24 6 1 0 0 0 0 0 0
fn=EVP_DigestInit_ex
0 306 23 8 96 12 10 60 0 0
fn=EVP_MD_CTX_clear_flags
0 36 6 1 6 0 0 6 0 0
fn=EVP_MD_CTX_free
0 72 0 0 18 0 0 18 0 0
fn=EVP_MD_CTX_md_data
0 12 6 1 6 0 0 0 0 0
fn=EVP_MD_CTX_new
0 30 6 1 0 0 0 0 0 0
fn=EVP_MD_CTX_reset
0 246 13 3 72 0 0 18 0 0
fn=EVP_MD_CTX_test_flags
0 36 0 0 12 0 0 0 0 0
fn=EVP_MD_do_all
0 29 3 2 9 2 0 8 1 0
fn=EVP_MD_type
0 42 1 1 21 13 0 0 0 0
fn=EVP_PBE_cleanup
0 12 1 1 4 1 0 4 0 0
fn=EVP_PKEY_CTX_free
0 12 12 2 0 0 0 0 0 0
fn=EVP_add_digest
0 660 4 4 178 22 21 84 0 0
fn=EVP_blake2b512
0 3 1 1 0 0 0 0 0 0
fn=EVP_blake2s256
0 3 1 1 0 0 0 0 0 0
fn=EVP_md4
0 3 1 1 0 0 0 0 0 0
fn=EVP_md5
0 6 2 2 0 0 0 0 0 0
fn=EVP_md5_sha1
0 3 1 1 0 0 0 0 0 0
fn=EVP_ripemd160
0 3 1 1 0 0 0 0 0 0
fn=EVP_sha1
0 6 2 2 0 0 0 0 0 0
fn=EVP_sha224
0 8 2 2 0 0 0 0 0 0
fn=EVP_sha256
0 8 0 0 0 0 0 0 0 0
fn=EVP_sha384
0 8 2 2 0 0 0 0 0 0
fn=EVP_sha3_224
0 3 1 1 0 0 0 0 0 0
fn=EVP_sha3_256
0 4 0 0 0 0 0 0 0 0
fn=EVP_sha3_384
0 4 0 0 0 0 0 0 0 0
fn=EVP_sha3_512
0 4 0 0 0 0 0 0 0 0
fn=EVP_sha512
0 8 0 0 0 0 0 0 0 0
fn=EVP_sha512_224
0 4 0 0 0 0 0 0 0 0
fn=EVP_sha512_256
0 4 0 0 0 0 0 0 0 0
fn=EVP_shake128
0 4 1 1 0 0 0 0 0 0
fn=EVP_shake256
0 4 0 0 0 0 0 0 0 0
fn=EVP_sm3
0 3 1 1 0 0 0 0 0 0
fn=EVP_whirlpool
0 3 1 1 0 0 0 0 0 0
fn=Error_GetErrorCount
0 25296 2108 578 8432 4215 1349 4216 0 0
fn=FLOAT_absolute
0 50 9 9 6 0 0 1 1 1
fn=FLOAT_copyswap
0 225 62 4 45 2 0 45 12 1
fn=FLOAT_dot
0 32 4 4 3 0 0 4 0 0
fn=FLOAT_exp2
0 72 9 3 42 0 0 27 2 0
fn=FLOAT_getitem
0 72 6 1 24 0 0 0 0 0
fn=FLOAT_log10
0 24 3 3 14 1 0 9 1 0
fn=FLOAT_nextafter
0 31 3 3 19 1 0 11 0 0
fn=FLOAT_power
0 30 2 2 19 1 0 11 0 0
fn=FLOAT_setitem
0 1121 93 13 332 6 1 174 0 0
fn=Format_floatbits.constprop.0.isra.0
0 2969 303 81 379 14 0 443 55 0
fn=GetDefaults()
0 4440 329 166 668 116 53 884 7 4
fn=HALF_copyswap
0 190 19 1 38 0 0 38 9 0
fn=HALF_exp2
0 54 4 2 28 0 0 18 1 0
fn=HALF_getitem
0 90 12 2 36 0 0 12 0 0
fn=HALF_log10
0 27 2 2 14 1 0 9 1 0
fn=HALF_nextafter
0 30 3 3 19 1 0 11 0 0
fn=HALF_setitem
0 980 69 6 307 9 0 168 0 0
fn=INT_copyswap
0 10 1 0 2 0 0 2 1 0
fn=INT_setitem
0 50 6 6 16 1 0 10 0 0
fn=IdVisitor::IdVisitor()
0 603 67 67 67 67 67 335 0 0
fn=IdVisitor::visitData(SpatialIndex::IData const&)
0 462 34 34 168 39 17 105 0 0
fn=IdVisitor::visitNode(SpatialIndex::INode const&)
0 62 62 62 0 0 0 0 0 0
fn=IdVisitor::~IdVisitor()
0 1139 5 5 335 54 0 268 0 0
fn=Index::CreateIndex()
0 30 4 4 10 0 0 8 0 0
fn=Index::CreateIndexBuffer(SpatialIndex::IStorageManager&)
0 24 2 2 10 0 0 8 0 0
fn=Index::CreateStorage()
0 206 24 24 44 4 0 38 0 0
fn=Index::GetIndexStorage()
0 228 10 10 48 2 0 48 0 0
fn=Index::GetIndexType()
0 118 8 8 24 2 0 24 0 0
fn=Index::GetResultSetLimit()
0 5192 440 440 1056 264 88 1056 13 0
fn=Index::GetResultSetOffset()
0 5016 440 440 968 88 88 1056 0 0
fn=Index::Index(Tools::PropertySet const&)
0 120 8 6 32 6 0 28 2 2
fn=Index::Initialize()
0 32 4 2 6 2 0 12 0 0
fn=Index::Setup()
0 6 2 2 0 0 0 6 0 0
fn=Index::~Index()
0 46 6 3 24 13 6 6 0 0
fn=IndexItem_GetData
0 1995 171 169 570 113 38 456 77 0
fn=IndexProperty_Create
0 44 8 3 12 0 0 12 0 0
fn=IndexProperty_Destroy
0 20 8 6 8 8 5 0 0 0
fn=IndexProperty_GetDimension
0 79532 8088 2351 16176 4211 536 16176 800 2
fn=IndexProperty_GetIndexType
0 39884 3380 2316 8112 2028 1104 8112 399 179
fn=IndexProperty_SetDimension
0 122 10 10 24 4 0 28 0 0
fn=IndexProperty_SetIndexStorage
0 122 10 10 22 4 0 26 1 0
fn=Index_Create
0 28 6 2 8 1 0 8 0 0
fn=Index_Destroy
0 20 4 2 8 2 0 8 3 0
fn=Index_DestroyObjResults
0 828 63 63 297 89 30 126 0 0
fn=Index_Free
0 252 126 88 0 0 0 0 0 0
fn=Index_InsertData
0 4320 250 237 1320 544 225 540 9 0
fn=Index_Intersects_count
0 24196 2104 2068 9468 3429 2537 4734 526 14
fn=Index_Intersects_id
0 4020 335 268 1407 338 139 804 0 0
fn=Index_NearestNeighbors_obj
0 1281 105 105 462 141 58 252 2 0
fn=IsAligned
0 333850 31807 1477 108595 1 0 0 0 0
fn=IsUintAligned
0 24662 1016 1016 7032 554 508 0 0 0
fn=LONGDOUBLE_copyswap
0 345 69 0 138 1 0 138 0 0
fn=LONGDOUBLE_nextafter
0 90 9 9 57 4 0 33 0 0
fn=LONGDOUBLE_setitem
0 3508 315 17 948 34 3 488 0 0
fn=LONGLONG_copyswap
0 30 3 2 6 0 0 6 3 2
fn=LONGLONG_setitem
0 144 15 10 45 1 0 27 0 0
fn=LONG_copyswap
0 20470 3276 1563 4094 605 66 4094 1197 530
fn=LONG_setitem
0 134166 5425 2868 42648 33 0 25026 0 0
fn=MD5_Init
0 18 2 2 0 0 0 12 0 0
fn=NpyIter_AdvancedNew
0 405384 35052 29845 82804 0 0 51308 2583 1439
fn=NpyIter_Deallocate
0 59436 4572 4572 14732 2 0 7620 0 0
fn=NpyIter_GetDataPtrArray
0 7112 508 508 1016 0 0 0 0 0
fn=NpyIter_GetInnerFixedStrideArray
0 25400 2540 2540 2540 0 0 1016 0 0
fn=NpyIter_GetInnerLoopSizePtr
0 7112 1016 1016 1016 0 0 0 0 0
fn=NpyIter_GetInnerStrideArray
0 7620 1016 1016 1016 0 0 0 0 0
fn=NpyIter_GetIterNext
0 10160 1016 1016 2540 0 0 1016 0 0
fn=NpyIter_GetIterSize
0 2032 508 508 1016 0 0 0 0 0
fn=NpyIter_GetNOp
0 1016 0 0 508 0 0 0 0 0
fn=NpyIter_GetOperandArray
0 3556 508 67 508 0 0 0 0 0
fn=NpyIter_IterationNeedsAPI
0 1524 508 508 508 0 0 0 0 0
fn=NpyIter_Reset
0 12700 2032 1274 3556 0 0 2540 0 0
fn=NumPyOS_ascii_strtold
0 1100 138 11 168 18 5 140 0 0
fn=OBJ_NAME_add
0 3892 5 5 1155 0 0 1155 0 0
fn=OBJ_NAME_cleanup
0 86 3 3 32 1 1 24 0 0
fn=OBJ_NAME_do_all
0 27 3 3 8 0 0 7 0 0
fn=OBJ_NAME_init
0 1862 6 4 532 0 0 399 1 0
fn=OBJ_NAME_remove
0 2912 5 5 952 0 0 616 1 0
fn=OBJ_nid2ln
0 1435 6 4 451 4 0 205 0 0
fn=OBJ_nid2sn
0 1224 5 3 396 33 33 180 0 0
fn=OBJ_sigid_free
0 16 2 2 6 0 0 6 0 0
fn=OPENSSL_LH_delete
0 2821 6 6 1015 1 0 622 1 1
fn=OPENSSL_LH_doall
0 1149 2 2 420 51 44 21 0 0
fn=OPENSSL_LH_doall_arg
0 526 2 2 179 16 0 8 0 0
fn=OPENSSL_LH_error
0 112 1 1 56 0 0 0 0 0
fn=OPENSSL_LH_free
0 170 3 3 37 0 0 7 0 0
fn=OPENSSL_LH_get_down_load
0 6 1 1 3 1 1 0 0 0
fn=OPENSSL_LH_insert
0 5071 61 9 1721 7 0 1212 4 0
fn=OPENSSL_LH_new
0 42 4 4 8 2 1 13 0 0
fn=OPENSSL_LH_set_down_load
0 10 0 0 0 0 0 5 0 0
fn=OPENSSL_cleanse
0 684 12 2 0 0 0 151 0 0
fn=OPENSSL_cleanup
0 74 6 6 21 5 4 15 0 0
fn=OPENSSL_init_crypto
0 68 8 8 12 2 1 7 0 0
fn=OPENSSL_sk_free
0 6 2 2 0 0 0 0 0 0
fn=OPENSSL_sk_num
0 12 1 1 0 0 0 0 0 0
fn=OPENSSL_sk_pop_free
0 38 1 1 0 0 0 0 0 0
fn=ObjVisitor::ObjVisitor()
0 189 21 21 21 0 0 105 0 0
fn=ObjVisitor::visitData(SpatialIndex::IData const&)
0 1710 63 42 570 102 21 315 6 1
fn=ObjVisitor::visitNode(SpatialIndex::INode const&)
0 21 21 21 0 0 0 0 0 0
fn=ObjVisitor::~ObjVisitor()
0 1116 61 42 459 34 0 168 0 0
fn=Page_ResultSet_Ids(IdVisitor&, long**, long, long, unsigned long*)
0 1904 235 210 641 79 0 691 223 29
fn=Page_ResultSet_Obj(ObjVisitor&, SpatialIndex_IData***, long, long, unsigned long*)
0 1647 84 84 579 45 0 330 41 2
fn=PyAST_Check
0 1053 162 40 243 0 0 243 0 0
fn=PyAST_CompileObject
0 13625 1297 595 3456 629 120 3891 32 0
fn=PyAST_FromNodeObject
0 6214 476 284 1639 72 0 1240 12 0
fn=PyArena_AddPyObject
0 950 12 5 368 3 1 264 6 3
fn=PyArena_Free
0 2376 216 73 864 247 5 540 0 0
fn=PyArena_Malloc
0 13892 217 102 6040 0 0 3624 7 0
fn=PyArena_New
0 2160 216 79 432 0 0 648 60 7
fn=PyArg_ParseTuple
0 401728 18764 1873 62770 2994 0 263634 9580 671
fn=PyArg_ParseTupleAndKeywords
0 366347 28028 5745 45938 3856 3 217360 7370 144
fn=PyArg_UnpackTuple
0 1459325 114385 12464 249410 4418 0 693076 3370 41
fn=PyArg_ValidateKeywordArguments
0 5306 363 260 1895 2 0 1137 0 0
fn=PyArrayIdentityHash_Dealloc
0 750 4 4 300 26 22 225 0 0
fn=PyArrayIdentityHash_GetItem
0 418918 27072 1590 92353 15680 8711 54240 1133 189
fn=PyArrayIdentityHash_New
0 2599 226 4 565 44 2 791 6 0
fn=PyArrayIdentityHash_SetItem
0 6816 358 112 1563 19 3 994 0 0
fn=PyArrayMethod_FromSpec
0 552 17 3 192 1 0 60 0 0
fn=PyArrayMethod_FromSpec_int
0 329721 9845 39 101633 38 4 66325 1732 1683
fn=PyArray_AdaptDescriptorToArray
0 105380 9580 3157 35925 0 0 26345 0 0
fn=PyArray_AddCastingImplementation
0 9466 4 3 5792 46 9 1122 0 0
fn=PyArray_AddCastingImplementation_FromSpec
0 4476 4 4 2232 37 2 632 0 0
fn=PyArray_AddLegacyWrapping_CastingImpl
0 3850 3 3 1100 13 2 1980 0 0
fn=PyArray_AssignArray
0 134410 17283 3255 57741 393 4 16158 37 2
fn=PyArray_AssignFromCache_Recursive
0 205136 12589 2963 87639 9 0 28241 0 0
fn=PyArray_AssignRawScalar
0 23724 3200 540 7809 31 0 3656 52 0
fn=PyArray_AxisConverter
0 2814 335 335 603 76 0 335 0 0
fn=PyArray_BoolConverter
0 1330 96 96 285 0 0 380 0 0
fn=PyArray_Broadcast
0 5050 191 108 1450 4 0 640 20 10
fn=PyArray_CanCastArrayTo
0 268473 14729 3586 99301 5344 1826 51272 514 11
fn=PyArray_CanCastTypeTo
0 63726 4807 2483 21801 66 10 13416 41 1
fn=PyArray_CastDescrToDType
0 132725 10832 572 58230 1283 2 43493 4 0
fn=PyArray_CastRawArrays
0 126 12 12 32 1 1 20 0 0
fn=PyArray_CastToType
0 64158 3774 361 18870 9 0 13209 0 0
fn=PyArray_CastingConverter
0 46 5 5 11 1 0 8 0 0
fn=PyArray_CheckAnyScalarExact
0 8860 1903 622 0 0 0 0 0 0
fn=PyArray_CheckCastSafety
0 340 30 23 98 8 7 68 0 0
fn=PyArray_CheckFromAny
0 24640 1619 1064 6160 1 0 6160 418 0
fn=PyArray_CheckLegacyResultType
0 62266 5980 5948 17437 0 0 9967 822 2
fn=PyArray_CommonDType
0 10290 980 980 3920 980 2 2450 0 0
fn=PyArray_CompareLists
0 22620 3480 103 3480 555 56 0 0 0
fn=PyArray_ConcatenateArrays
0 11424 884 867 2856 49 0 1428 0 0
fn=PyArray_ConcatenateInto
0 7752 680 594 1428 15 0 1360 0 0
fn=PyArray_Converter
0 26 3 3 5 0 0 5 1 0
fn=PyArray_CopyConverter
0 74 10 5 20 3 1 16 2 0
fn=PyArray_CopyInto
0 5661 1887 576 0 0 0 0 0 0
fn=PyArray_CreateMultiSortedStridePerm
0 1224 204 203 0 0 0 68 0 0
fn=PyArray_CreateSortedStridePerm
0 210 24 13 12 0 0 24 0 0
fn=PyArray_DTypeFromObject
0 22944 1434 1034 4302 0 0 4302 385 0
fn=PyArray_DescrConverter
0 5720 373 108 1320 1 1 1100 0 0
fn=PyArray_DescrConverter2
0 2119 246 9 492 7 0 411 9 0
fn=PyArray_DescrFromScalar
0 25515 2715 451 6561 0 0 2916 0 0
fn=PyArray_DescrFromScalar.part.0
0 34580 3705 210 9880 1 0 4940 0 0
fn=PyArray_DescrFromType
0 205411 18452 2116 58633 10527 2215 43962 179 1
fn=PyArray_DescrFromTypeObject
0 38862 5114 465 10795 0 0 10795 19 2
fn=PyArray_DescrHash
0 764 54 8 166 15 10 134 0 0
fn=PyArray_DescrNew
0 2068 235 200 1081 47 19 799 0 0
fn=PyArray_DiscoverDTypeAndShape
0 395629 28768 469 108254 0 0 127361 2423 1
fn=PyArray_DiscoverDTypeAndShape_Recursive
0 1597921 86496 17376 451954 22833 5178 322538 4954 525
fn=PyArray_Empty
0 6360 567 180 1272 0 0 1484 0 0
fn=PyArray_EnsureArray
0 190 30 30 60 0 0 50 0 0
fn=PyArray_EquivTypes
0 47646 5580 632 13761 15 6 12429 0 0
fn=PyArray_ExtractDTypeAndDescriptor
0 134829 17115 2583 39530 834 22 49381 3901 905
fn=PyArray_FailUnlessWriteable
0 42570 5682 1208 19350 1 0 15480 22 1
fn=PyArray_FillWithScalar
0 22352 1524 1178 8128 1016 847 4572 0 0
fn=PyArray_FindConcatenationDescriptor
0 204 136 99 0 0 0 0 0 0
fn=PyArray_FromAny
0 756675 57835 12431 221969 7 0 143907 8883 1235
fn=PyArray_FromArray
0 105758 7927 3216 25976 24 0 19472 0 0
fn=PyArray_FromArrayAttr_int
0 102561 5884 1307 40220 0 0 12066 0 0
fn=PyArray_FromInterface
0 104572 5168 2174 36198 0 0 10055 2613 1
fn=PyArray_FromScalar
0 66690 8645 487 17290 0 0 7410 0 0
fn=PyArray_FromStructInterface
0 104572 7312 1649 36198 8084 1314 10055 0 0
fn=PyArray_GenericBinaryFunction
0 7 1 1 0 0 0 0 0 0
fn=PyArray_GetCastInfo
0 144522 13347 1940 51282 2098 1187 37296 2655 552
fn=PyArray_GetCastingImpl
0 252128 9134 340 107298 10216 3070 83454 2112 898
fn=PyArray_GetDTypeTransferFunction
0 21144 2553 378 5286 0 0 5286 1980 903
fn=PyArray_GetEndianness
0 42 10 2 0 0 0 0 0 0
fn=PyArray_GetNDArrayCFeatureVersion
0 20 10 9 0 0 0 0 0 0
fn=PyArray_GetNDArrayCVersion
0 30 10 9 0 0 0 0 0 0
fn=PyArray_GetPriority
0 96200 4580 416 28281 0 0 8496 3 0
fn=PyArray_GetStridedCopyFn
0 9173 3117 2791 0 0 0 0 0 0
fn=PyArray_GetStridedNumericCastFn
0 33700 691 355 2592 25 15 0 0 0
fn=PyArray_GetSubType
0 3196 340 320 1224 2 0 816 0 0
fn=PyArray_InitializeCasts
0 42232 60 27 9014 454 14 8192 3 0
fn=PyArray_InitializeDatetimeCasts
0 1195 29 23 131 19 0 148 3 2
fn=PyArray_IntTupleFromIntp
0 1037 123 36 321 0 0 321 0 0
fn=PyArray_IntpConverter
0 12652 996 242 3194 132 68 3120 163 18
fn=PyArray_IntpFromIndexSequence
0 3186 387 93 1225 79 10 820 41 0
fn=PyArray_MatrixProduct2
0 50190 5736 4258 9321 126 0 8604 2 0
fn=PyArray_MinCastSafety
0 46482 5861 88 0 0 0 0 0 0
fn=PyArray_MultiIndexGetItem
0 14796 2466 130 8631 1789 130 0 0 0
fn=PyArray_MultiIterNew
0 1130 91 48 90 0 0 330 0 0
fn=PyArray_MultiplyList
0 154911 15979 905 11978 3409 285 0 0 0
fn=PyArray_New
0 31548 2151 576 9321 0 0 10038 0 0
fn=PyArray_NewCopy
0 1596 156 23 336 0 0 336 0 0
fn=PyArray_NewFlagsObject
0 50 4 3 16 1 1 14 0 0
fn=PyArray_NewFromDescr
0 102456 17066 1237 17076 0 0 42690 2 0
fn=PyArray_NewFromDescrAndBase
0 13849 1286 156 3777 0 0 6295 424 0
fn=PyArray_NewFromDescr_int
0 1737380 165192 4370 366633 3600 382 471337 23792 3821
fn=PyArray_NewLegacyWrappingArrayMethod
0 115813 1789 16 37458 1346 11 25861 18 0
fn=PyArray_NewLikeArray
0 420 84 11 0 0 0 0 0 0
fn=PyArray_NewLikeArrayWithShape
0 4908 560 116 1240 28 1 916 48 1
fn=PyArray_Newshape
0 74010 6946 5291 20350 819 0 11905 1923 44
fn=PyArray_ObjectType
0 43020 2151 580 11472 717 1 7887 0 0
fn=PyArray_OrderConverter
0 37952 3274 2507 9413 2 0 6276 782 52
fn=PyArray_OutputConverter
0 8636 1524 1039 3048 0 0 3048 0 0
fn=PyArray_OverflowMultiplyList
0 360 20 10 20 0 0 0 0 0
fn=PyArray_Pack
0 628054 32021 2090 202161 10206 3136 258697 426 65
fn=PyArray_PrepareOneRawArrayIter
0 24134 3859 2299 7725 0 0 11582 1411 461
fn=PyArray_PrepareTwoRawArrayIter
0 74154 8036 3254 33618 0 0 30228 6224 2486
fn=PyArray_PromoteDTypeSequence
0 38519 5144 5087 12066 524 1 9143 853 139
fn=PyArray_PromoteTypes
0 138217 7274 1532 56601 810 231 35707 717 178
fn=PyArray_PyIntAsIntp
0 156648 3577 376 52216 198 54 26108 0 0
fn=PyArray_PyIntAsIntp_ErrMsg
0 5508 685 307 1836 72 55 1020 0 0
fn=PyArray_PythonPyIntFromInt
0 32 3 3 7 1 0 6 0 0
fn=PyArray_Ravel
0 22192 3132 1227 6264 94 0 7830 0 0
fn=PyArray_RawIterBaseInit
0 3150 100 50 950 0 0 1050 390 350
fn=PyArray_Reshape
0 1533 126 22 438 0 0 292 0 0
fn=PyArray_ResolveWritebackIfCopy
0 9321 1434 1055 3585 0 0 2868 0 0
fn=PyArray_ResultType
0 84571 8008 7820 23233 205 0 15444 545 11
fn=PyArray_Return
0 161893 15142 1867 49041 68 0 30288 0 0
fn=PyArray_Scalar
0 574930 29300 3892 198260 5706 505 109061 2950 6
fn=PyArray_SetBaseObject
0 54755 5290 1253 19709 1 0 15320 0 0
fn=PyArray_TypestrConvert
0 893 188 106 47 47 24 0 0 0
fn=PyArray_UpdateFlags
0 397812 23066 979 110252 0 0 94018 3 0
fn=PyArray_View
0 2228 296 276 818 11 0 592 0 0
fn=PyArray_Zeros
0 62 6 3 12 0 0 14 0 0
fn=PyArray_typeinfo
0 517 5 4 88 0 0 143 0 0
fn=PyArray_typeinforanged
0 795 11 4 150 0 0 255 0 0
fn=PyAsyncGen_ClearFreeLists
0 100 15 15 45 10 10 25 1 0
fn=PyAsyncGen_New
0 30 2 2 4 0 0 10 0 0
fn=PyBool_FromLong
0 97076 8122 2690 13868 4760 0 13868 0 0
fn=PyBuffer_FillInfo
0 31 3 3 2 0 0 13 0 0
fn=PyBuffer_IsContiguous
0 10716 868 868 2679 0 0 0 0 0
fn=PyBuffer_Release
0 29914 2556 1918 12737 2283 399 8584 8 0
fn=PyBuffer_ToContiguous
0 129 12 12 45 6 0 18 0 0
fn=PyByteArray_FromStringAndSize
0 41234 449 223 13013 298 19 11028 296 152
fn=PyByteArray_Resize
0 7217 526 139 1988 0 0 1984 158 45
fn=PyBytes_AsString
0 167 31 8 68 11 3 6 0 0
fn=PyBytes_AsStringAndSize
0 1006 144 78 330 7 0 267 0 0
fn=PyBytes_Fini
0 1354 7 7 286 58 58 54 0 0
fn=PyBytes_FromFormat
0 58 6 3 12 0 0 52 0 0
fn=PyBytes_FromFormatV
0 342 20 10 74 2 0 46 0 0
fn=PyBytes_FromObject
0 1053 109 23 271 43 2 187 0 0
fn=PyBytes_FromString
0 1551 140 25 282 0 0 376 15 1
fn=PyBytes_FromStringAndSize
0 3563236 62222 10119 859825 49839 5281 848067 50014 35078
fn=PyBytes_Size
0 340 62 48 204 149 69 0 0 0
fn=PyCArgObject_new
0 83520 5835 44 20880 626 0 48720 5551 1353
fn=PyCArrayType_from_ctype
0 67836 2533 1859 19528 886 520 16441 0 0
fn=PyCData_FromBaseObj
0 3951 487 279 1216 190 80 1513 0 0
fn=PyCData_get
0 2013 222 142 723 74 30 624 0 0
fn=PyCData_set
0 279036 8088 2805 84924 255 0 48528 0 0
fn=PyCField_FromDesc
0 490 4 4 161 5 1 175 0 0
fn=PyCFunction_Call
0 1099659 82766 8934 456988 24924 4769 247548 515 91
fn=PyCFunction_ClearFreeList
0 24078 42 42 6905 964 832 3513 12 8
fn=PyCFunction_GetFunction
0 24 6 6 9 3 3 0 0 0
fn=PyCFunction_NewEx
0 32602 2286 562 7910 659 93 10146 124 54
fn=PyCStructUnionType_update_stgdict
0 1004 47 22 236 14 2 140 0 0
fn=PyCallable_Check
0 5742 901 102 1914 507 26 0 0 0
fn=PyCapsule_GetPointer
0 742400 14147 715 178176 582 16 89088 264 1
fn=PyCapsule_Import
0 67 8 8 11 1 1 11 0 0
fn=PyCapsule_IsValid
0 1292 32 20 340 59 50 136 0 0
fn=PyCapsule_New
0 3150 100 68 1050 45 38 1500 13 9
fn=PyCell_Set
0 8925 1050 847 2625 76 1 2100 0 0
fn=PyClassMethod_New
0 96 9 6 24 0 0 30 0 0
fn=PyCode_Addr2Line
0 115 3 3 30 4 3 4 0 0
fn=PyCode_New
0 390 9 9 117 0 0 130 0 0
fn=PyCode_NewWithPosOnlyArgs
0 13307901 89602 37846 3536878 220995 16425 1164610 56425 53201
fn=PyCode_Optimize
0 89739 3572 1434 8303 30 0 4853 0 0
fn=PyCodec_LookupError
0 138 4 3 54 8 7 30 0 0
fn=PyCodec_Register
0 17 2 2 6 1 0 4 0 0
fn=PyCodec_RegisterError
0 160 2 2 56 3 0 40 0 0
fn=PyComplex_FromCComplex
0 95 8 7 25 0 0 35 2 1
fn=PyConfig_Clear
0 350 24 19 105 15 15 110 1 1
fn=PyConfig_InitPythonConfig
0 46 6 3 12 6 2 20 0 0
fn=PyConfig_Read
0 553 43 41 139 9 5 88 3 1
fn=PyConfig_SetBytesArgv
0 11 1 1 2 0 0 6 0 0
fn=PyConfig_SetString
0 978 8 3 287 0 0 410 1 0
fn=PyContextVar_Get
0 443820 36618 2613 177528 26669 845 118352 0 0
fn=PyContextVar_New
0 36 4 4 10 0 0 10 0 0
fn=PyContext_ClearFreeList
0 60 5 5 30 5 5 20 0 0
fn=PyCoro_New
0 44 4 4 12 2 2 10 0 0
fn=PyDataMem_GetHandler
0 192322 6918 695 73970 10122 228 29588 2352 825
fn=PyDataMem_UserFREE
0 429026 23129 2019 133146 1297 12 88764 676 2
fn=PyDataMem_UserNEW
0 428968 30354 604 133128 8148 272 88752 0 0
fn=PyDataMem_UserNEW_ZEROED
0 70 8 5 20 4 1 14 0 0
fn=PyDescr_NewClassMethod
0 728 78 12 208 3 2 208 0 0
fn=PyDescr_NewGetSet
0 84 6 6 24 0 0 24 0 0
fn=PyDict_Clear
0 313330 1781 697 91059 28176 15616 44033 72 5
fn=PyDict_ClearFreeList
0 14336 52 52 3689 596 484 1959 46 29
fn=PyDict_Contains
0 472807 35442 4798 140790 14080 1617 74440 270 45
fn=PyDict_Copy
0 894888 30052 8763 270624 69156 3222 164390 4855 2623
fn=PyDict_DelItem
0 22232 1205 883 6124 145 16 4331 8 0
fn=PyDict_DelItemString
0 88 9 9 20 0 0 20 0 0
fn=PyDict_GetItem
0 2802993 94451 9864 1000530 70296 8207 539191 5978 282
fn=PyDict_GetItemProxy
0 31176 1646 1176 11872 4155 2083 2992 0 0
fn=PyDict_GetItemString
0 4560 290 108 1064 72 0 760 0 0
fn=PyDict_GetItemWithError
0 334617 15647 2238 115328 11886 5851 46288 396 8
fn=PyDict_Items
0 30560 404 10 8346 1456 1240 5414 0 0
fn=PyDict_Keys
0 452806 8974 2867 141862 17553 1749 77774 105 0
fn=PyDict_MergeFromSeq2
0 7579 296 22 2191 3 0 1071 0 0
fn=PyDict_New
0 481740 34337 6188 132898 23406 1854 174421 9729 1346
fn=PyDict_Next
0 39510 622 167 10251 755 705 3067 0 0
fn=PyDict_SetDefault
0 10714790 55246 19295 3105451 286640 221814 1402060 17159 10505
fn=PyDict_SetItem
0 9986333 147003 30334 3234853 82668 18641 1992988 17659 3512
fn=PyDict_SetItemProxy
0 688 48 44 160 32 0 192 26 0
fn=PyDict_SetItemString
0 171861 4171 1173 49576 1771 401 27216 358 54
fn=PyDict_Update
0 3684 953 73 0 0 0 0 0 0
fn=PyErr_CheckSignals
0 58435 3025 1024 20150 4592 582 8060 0 0
fn=PyErr_Clear
0 1043273 38153 4069 451234 1031 282 355144 448 0
fn=PyErr_ExceptionMatches
0 154914 14460 3677 68478 5465 1562 24144 60 9
fn=PyErr_Fetch
0 12024 1941 903 4008 1 1 6012 18 5
fn=PyErr_Format
0 2530887 97028 11639 920698 29880 7810 1152988 8185 330
fn=PyErr_GivenExceptionMatches
0 753070 60497 2899 314697 16607 3434 96879 10 0
fn=PyErr_NewException
0 2417 222 84 513 65 11 389 0 0
fn=PyErr_NewExceptionWithDoc
0 47 5 4 10 1 0 10 0 0
fn=PyErr_Occurred
0 336618 19692 1305 112206 832 190 0 0 0
fn=PyErr_Restore
0 42174 3683 1567 17253 0 0 15336 6 5
fn=PyErr_SetFromErrno
0 12 4 2 0 0 0 0 0 0
fn=PyErr_SetFromErrnoWithFilenameObject
0 1216 608 195 0 0 0 0 0 0
fn=PyErr_SetFromErrnoWithFilenameObjects
0 38544 3672 987 8568 61 0 6732 0 0
fn=PyErr_SetImportError
0 8 2 2 1 1 1 0 0 0
fn=PyErr_SetImportErrorSubclass
0 65 5 5 13 0 0 10 0 0
fn=PyErr_SetNone
0 672 108 54 112 0 0 0 0 0
fn=PyErr_SetObject
0 3290 610 168 470 1 0 0 0 0
fn=PyErr_SetString
0 6452 492 260 2341 226 95 1364 47 4
fn=PyEval_CallObjectWithKeywords
0 9 1 1 4 1 0 2 0 0
fn=PyEval_EvalCode
0 14807 2577 1960 1742 823 259 7839 0 0
fn=PyEval_EvalCodeEx
0 228 36 22 60 12 0 108 0 0
fn=PyEval_EvalFrameEx
0 21 3 2 9 3 0 0 0 0
fn=PyEval_GetBuiltins
0 13052 1740 1735 5221 872 570 2610 0 0
fn=PyEval_GetGlobals
0 6084 871 139 2535 471 43 1014 0 0
fn=PyEval_GetLocals
0 19 2 2 7 1 1 4 0 0
fn=PyEval_InitThreads
0 27 5 5 5 1 1 3 0 0
fn=PyEval_MergeCompilerFlags
0 2332 187 51 848 107 5 318 0 0
fn=PyEval_RestoreThread
0 781800 44355 4328 195450 15155 420 143330 597 0
fn=PyEval_SaveThread
0 482110 27664 2546 117270 8311 375 117270 603 16
fn=PyException_SetCause
0 72 24 14 12 0 0 24 0 0
fn=PyFile_NewStdPrinter
0 22 2 2 5 0 0 4 0 0
fn=PyFile_OpenCodeObject
0 28696 4220 2532 6752 1428 7 4220 0 0
fn=PyFile_WriteObject
0 720 21 16 128 0 0 128 0 0
fn=PyFile_WriteString
0 192 12 12 40 0 0 40 0 0
fn=PyFloat_AsDouble
0 65252 2776 1275 20356 723 0 12240 0 0
fn=PyFloat_ClearFreeList
0 918 10 10 247 167 162 40 3 2
fn=PyFloat_FromDouble
0 58671 5084 1416 15951 3638 1265 15951 208 54
fn=PyFloat_FromString
0 4564 145 117 1270 0 0 2159 1 0
fn=PyFloat_GetInfo
0 50 4 4 3 0 0 14 0 0
fn=PyFrame_BlockPop
0 36 8 5 4 0 0 4 0 0
fn=PyFrame_ClearFreeList
0 89 11 11 38 6 5 27 0 0
fn=PyFrame_FastToLocalsWithError
0 2278 201 134 1407 231 81 670 4 2
fn=PyFrame_GetLineNumber
0 6 1 1 3 1 1 0 0 0
fn=PyFrame_LocalsToFast
0 3828 317 217 2178 212 1 1320 0 0
fn=PyFrame_New
0 48 6 4 15 2 1 18 0 0
fn=PyFrozenSet_New
0 752 177 70 0 0 0 0 0 0
fn=PyFunction_NewWithQualName
0 5785251 207203 19695 1815093 270912 51766 1567377 80305 44398
fn=PyFuture_FromASTObject
0 3576 378 214 1273 47 0 1080 0 0
fn=PyGC_Collect
0 26 2 2 9 3 3 6 0 0
fn=PyGrammar_AddAccelerators
0 899863 40 40 149817 818 283 17760 880 850
fn=PyGrammar_RemoveAccelerators
0 15998 10 10 4120 485 374 2045 260 250
fn=PyImport_AddModule
0 477 41 35 115 1 0 115 0 0
fn=PyImport_Cleanup
0 49905 148 33 11881 3338 2945 2176 2 2
fn=PyImport_GetImporter
0 85 11 6 13 4 0 11 0 0
fn=PyImport_GetMagicNumber
0 30 3 3 7 0 0 6 0 0
fn=PyImport_GetModule
0 241 22 21 85 15 6 36 0 0
fn=PyImport_GetModuleDict
0 1036 138 63 444 176 46 0 0 0
fn=PyImport_Import
0 189272 13721 8625 63022 5001 1847 24614 1 0
fn=PyImport_ImportFrozenModule
0 16 3 3 5 0 0 5 0 0
fn=PyImport_ImportFrozenModuleObject
0 48 6 4 11 4 2 8 0 0
fn=PyImport_ImportModule
0 23862 3953 1867 6635 72 8 6635 4 0
fn=PyImport_ImportModuleLevel
0 270 27 10 72 0 0 72 0 0
fn=PyImport_ImportModuleLevelObject
0 2340717 188655 43550 614332 110335 12880 256875 4 0
fn=PyInit__abc
0 16 2 2 3 1 0 4 0 0
fn=PyInit__ast
0 725 48 47 119 15 5 6 0 0
fn=PyInit__bisect
0 5 1 1 0 0 0 0 0 0
fn=PyInit__blake2
0 204 20 14 22 1 0 22 3 2
fn=PyInit__bounded_integers
0 4 0 0 0 0 0 0 0 0
fn=PyInit__bz2
0 40 4 3 8 2 0 8 0 0
fn=PyInit__codecs
0 5 1 1 0 0 0 0 0 0
fn=PyInit__collections
0 87 12 6 12 1 1 13 1 1
fn=PyInit__common
0 4 1 0 0 0 0 0 0 0
fn=PyInit__contextvars
0 45 4 3 10 5 3 7 0 0
fn=PyInit__csv
0 137 11 9 23 3 2 11 1 0
fn=PyInit__ctypes
0 307 35 20 43 22 5 42 26 16
fn=PyInit__datetime
0 493 38 32 52 9 1 57 5 2
fn=PyInit__decimal
0 1141 95 44 253 59 31 165 43 10
fn=PyInit__functools
0 71 8 4 13 3 1 11 1 1
fn=PyInit__generator
0 4 1 1 0 0 0 0 0 0
fn=PyInit__hashlib
0 49 5 4 9 2 0 9 2 1
fn=PyInit__heapq
0 24 4 3 3 1 0 3 0 0
fn=PyInit__imp
0 35 4 3 7 1 1 6 1 0
fn=PyInit__io
0 471 42 31 54 11 8 62 12 8
fn=PyInit__json
0 42 5 3 8 2 0 8 0 0
fn=PyInit__locale
0 354 7 6 117 16 15 5 1 1
fn=PyInit__lzma
0 268 21 18 8 1 0 10 3 0
fn=PyInit__mt19937
0 4 0 0 0 0 0 0 0 0
fn=PyInit__multiarray_tests
0 66 7 5 15 4 4 9 2 0
fn=PyInit__multiarray_umath
0 986 110 71 76 22 19 118 59 48
fn=PyInit__opcode
0 5 2 2 0 0 0 0 0 0
fn=PyInit__operator
0 52 7 4 8 1 0 8 1 0
fn=PyInit__pcg64
0 4 0 0 0 0 0 0 0 0
fn=PyInit__philox
0 4 0 0 0 0 0 0 0 0
fn=PyInit__pickle
0 243 27 16 30 6 1 32 4 0
fn=PyInit__pocketfft_internal
0 61 7 5 14 4 3 8 1 0
fn=PyInit__posixsubprocess
0 4 1 1 0 0 0 0 0 0
fn=PyInit__random
0 27 4 3 6 1 0 6 0 0
fn=PyInit__sfc64
0 4 0 0 0 0 0 0 0 0
fn=PyInit__sha3
0 114 13 8 12 0 0 18 3 3
fn=PyInit__sha512
0 43 5 3 8 3 0 10 2 2
fn=PyInit__signal
0 1467 35 25 208 5 2 211 20 17
fn=PyInit__socket
0 1722 123 109 19 7 2 21 7 4
fn=PyInit__sre
0 95 11 7 10 1 0 10 0 0
fn=PyInit__stat
0 319 25 21 3 1 0 3 0 0
fn=PyInit__string
0 4 1 1 0 0 0 0 0 0
fn=PyInit__struct
0 463 8 6 111 25 22 22 7 5
fn=PyInit__thread
0 112 10 7 15 8 2 16 5 0
fn=PyInit__umath_linalg
0 796 83 10 314 70 18 117 4 1
fn=PyInit__uuid
0 18 2 1 3 0 0 3 0 0
fn=PyInit__weakref
0 51 5 4 9 3 2 9 0 0
fn=PyInit_atexit
0 4 1 1 0 0 0 0 0 0
fn=PyInit_binascii
0 4 1 1 0 0 0 0 0 0
fn=PyInit_bit_generator
0 4 0 0 0 0 0 0 0 0
fn=PyInit_errno
0 851 55 54 9 1 0 9 0 0
fn=PyInit_grp
0 34 4 3 7 2 1 7 0 0
fn=PyInit_itertools
0 350 45 4 46 18 0 26 1 1
fn=PyInit_math
0 54 5 4 6 3 2 3 0 0
fn=PyInit_mtrand
0 4 0 0 0 0 0 0 0 0
fn=PyInit_posix
0 2142 85 66 133 19 11 99 10 3
fn=PyInit_pwd
0 34 4 3 7 1 0 7 0 0
fn=PyInit_select
0 182 14 12 8 2 2 8 1 1
fn=PyInit_time
0 74 9 6 8 2 1 8 0 0
fn=PyInit_zlib
0 159 15 11 4 1 0 5 1 1
fn=PyInterpreterState_Clear
0 6 1 1 0 0 0 0 0 0
fn=PyInterpreterState_Delete
0 40 3 3 14 1 1 6 0 0
fn=PyInterpreterState_GetID
0 27 9 9 9 9 2 0 0 0
fn=PyInterpreterState_Main
0 3 1 1 1 1 0 0 0 0
fn=PyInterpreterState_New
0 50 4 4 9 0 0 15 0 0
fn=PyIter_Next
0 38314 4424 702 17990 521 0 8412 10 0
fn=PyList_Append
0 3771092 75362 7338 1342611 17462 578 1049652 16086 6652
fn=PyList_AsTuple
0 154485 13007 9543 48606 4651 1847 39632 275 43
fn=PyList_ClearFreeList
0 2052 9 9 689 47 43 352 0 0
fn=PyList_GetItem
0 103452 117 4 60347 263 18 17242 0 0
fn=PyList_Insert
0 8 2 2 4 4 2 0 0 0
fn=PyList_New
0 1271279 79482 5034 337438 59696 4997 441091 25246 3439
fn=PyList_Reverse
0 6066 1220 932 1974 605 1 96 0 0
fn=PyList_SetItem
0 1080 162 136 432 8 3 216 0 0
fn=PyList_SetSlice
0 1252 288 106 626 86 2 0 0 0
fn=PyList_Size
0 6895 256 51 4137 141 6 0 0 0
fn=PyList_Sort
0 21488 2248 529 6320 356 3 3792 0 0
fn=PyLong_AsDouble
0 13076 1537 1194 4183 509 4 1566 31 0
fn=PyLong_AsLong
0 198729 5501 2697 88769 905 845 46484 2 0
fn=PyLong_AsLongAndOverflow
0 57533 5078 2287 18839 277 3 11944 1481 173
fn=PyLong_AsLongLong
0 45230 2991 2748 20821 197 0 12353 9 0
fn=PyLong_AsSsize_t
0 48312 5754 4285 21960 10 0 7564 1 0
fn=PyLong_AsUnsignedLong
0 20973 222 12 4908 1 1 1470 0 0
fn=PyLong_AsUnsignedLongMask
0 35104 2919 621 17552 529 0 8776 0 0
fn=PyLong_AsVoidPtr
0 1836 204 4 612 99 3 306 0 0
fn=PyLong_Fini
0 17 2 2 4 0 0 4 0 0
fn=PyLong_FromDouble
0 1359 136 76 249 0 0 246 13 2
fn=PyLong_FromLong
0 1073258 63339 8835 289383 27044 3764 278659 6877 1104
fn=PyLong_FromLongLong
0 84476 3352 1355 23381 1544 26 23428 18 0
fn=PyLong_FromSize_t
0 7714 3822 448 8 0 0 16 0 0
fn=PyLong_FromSsize_t
0 29432 2367 593 7725 20 3 7742 663 0
fn=PyLong_FromString
0 333241 5744 1191 65312 1177 272 11871 261 7
fn=PyLong_FromUnicodeObject
0 11292 863 94 4006 10 5 2750 22 2
fn=PyLong_FromUnsignedLong
0 224421 18685 5535 44735 3885 83 56821 1348 257
fn=PyLong_FromUnsignedLongLong
0 174 11 11 31 3 3 39 0 0
fn=PyLong_FromVoidPtr
0 947 460 194 0 0 0 0 0 0
fn=PyLong_GetInfo
0 20 2 2 3 0 0 5 0 0
fn=PyMapping_Check
0 7016 877 874 2631 1737 227 0 0 0
fn=PyMapping_Items
0 2864 490 128 341 0 0 0 0 0
fn=PyMapping_Keys
0 17634 1792 308 1770 0 0 0 0 0
fn=PyMapping_SetItemString
0 2100 252 144 504 0 0 504 0 0
fn=PyMapping_Size
0 14025 692 444 5610 43 0 1870 0 0
fn=PyMarshal_Init
0 19 3 2 3 0 0 3 0 0
fn=PyMarshal_ReadObjectFromString
0 87 9 8 18 4 1 33 0 0
fn=PyMem_Calloc
0 800562 47495 10831 229962 22191 1423 159293 4590 615
fn=PyMem_Free
0 957408 36022 6853 263155 28299 4896 177370 5004 943
fn=PyMem_GetAllocator
0 170 13 9 85 6 2 85 0 0
fn=PyMem_Malloc
0 932051 53173 7056 300819 29443 3239 214512 9316 2734
fn=PyMem_RawFree
0 90243 5427 138 10027 3432 563 0 0 0
fn=PyMem_RawMalloc
0 7672 292 69 1918 349 49 0 0 0
fn=PyMem_RawRealloc
0 1377 163 32 306 52 0 0 0 0
fn=PyMem_Realloc
0 1757105 119554 14878 563972 69893 4562 365903 5316 968
fn=PyMem_SetAllocator
0 340 5 4 170 2 0 170 1 0
fn=PyMember_SetOne
0 88804 4429 783 34157 4110 635 23197 324 11
fn=PyMemoryView_FromBuffer
0 48 4 4 20 1 0 24 2 0
fn=PyMethod_ClearFreeList
0 504 14 14 173 43 40 117 3 2
fn=PyModuleDef_Init
0 1588 130 107 444 126 100 560 25 17
fn=PyModule_AddFunctions
0 1150 57 45 300 13 0 300 0 0
fn=PyModule_AddIntConstant
0 122640 476 300 30870 333 111 17593 179 7
fn=PyModule_AddObject
0 7134 249 76 1968 108 1 1476 11 0
fn=PyModule_AddStringConstant
0 171 15 14 45 0 0 45 0 0
fn=PyModule_Create2
0 676 104 97 260 21 7 208 7 2
fn=PyModule_ExecDef
0 1467 170 145 492 103 10 315 1 0
fn=PyModule_FromDefAndSpec2
0 876 96 78 194 35 5 121 0 0
fn=PyModule_GetDef
0 2821 101 57 1085 26 12 651 12 1
fn=PyModule_GetDict
0 3588 193 123 1380 63 44 828 2 0
fn=PyModule_GetFilenameObject
0 25 2 2 6 0 0 3 0 0
fn=PyModule_GetName
0 840 60 55 240 0 0 240 11 0
fn=PyModule_GetNameObject
0 2750 326 194 880 32 0 440 9 0
fn=PyModule_GetState
0 68497 755 144 26345 551 65 15807 387 0
fn=PyModule_New
0 864 54 44 270 0 0 270 0 0
fn=PyModule_NewObject
0 1794 205 188 276 0 0 483 13 4
fn=PyModule_SetDocString
0 1012 104 72 220 0 0 220 0 0
fn=PyNode_Free
0 1296 117 40 324 8 0 324 0 0
fn=PyNode_New
0 3638 115 47 642 0 0 1926 42 5
fn=PyNumber_Add
0 436652 21828 4762 190687 10047 286 124808 0 0
fn=PyNumber_And
0 56 8 2 16 0 0 16 0 0
fn=PyNumber_AsOff_t
0 29938 3411 3102 10277 25 0 6848 0 0
fn=PyNumber_AsSsize_t
0 454965 16377 6070 197504 1480 35 122616 512 12
fn=PyNumber_Check
0 11069 1702 1700 4257 1690 859 0 0 0
fn=PyNumber_Float
0 22798 2501 1716 8734 1020 498 6226 10 0
fn=PyNumber_InPlaceAdd
0 119405 11085 3166 47057 9165 1335 28685 0 0
fn=PyNumber_InPlaceAnd
0 555 60 53 0 0 0 0 0 0
fn=PyNumber_InPlaceFloorDivide
0 20 8 2 0 0 0 0 0 0
fn=PyNumber_InPlaceOr
0 18826 812 459 8048 352 73 5536 3 0
fn=PyNumber_Index
0 37620 4215 2629 15048 160 10 10032 14 0
fn=PyNumber_Invert
0 2849 393 99 605 0 0 0 0 0
fn=PyNumber_Long
0 66040 2059 1526 26416 36 17 23114 137 1
fn=PyNumber_Lshift
0 42 6 6 12 0 0 12 0 0
fn=PyNumber_Multiply
0 205893 16645 4192 81950 11743 5091 41023 21 1
fn=PyNumber_Negative
0 9632 1052 231 2989 252 16 1149 6 0
fn=PyNumber_Or
0 42 6 6 12 0 0 12 0 0
fn=PyNumber_Positive
0 80 3 2 30 11 0 0 0 0
fn=PyNumber_Subtract
0 213990 20706 4248 88859 8623 1018 57707 253 0
fn=PyNumber_Xor
0 2148 27 4 0 0 0 0 0 0
fn=PyOS_FSPath
0 7431 930 35 2787 1 0 927 0 0
fn=PyOS_double_to_string
0 174858 7695 47 27906 54 8 22210 5 0
fn=PyOS_getsig
0 642 2 2 190 0 0 128 0 0
fn=PyOS_setsig
0 72 5 5 16 0 0 20 0 0
fn=PyOS_snprintf
0 2295 128 98 408 0 0 1785 113 9
fn=PyOS_string_to_double
0 3997 142 118 1153 0 0 1023 48 37
fn=PyOS_strtol
0 209 4 2 55 0 0 33 0 0
fn=PyOS_strtoul
0 844 7 7 153 9 6 18 0 0
fn=PyObject_Call
0 662080 62265 16227 233726 12579 3569 133203 1917 10
fn=PyObject_CallFinalizerFromDealloc
0 270 31 18 108 2 0 63 1 0
fn=PyObject_CallFunction
0 181017 19176 10807 46208 3837 1031 72263 2461 13
fn=PyObject_CallFunctionObjArgs
0 1079079 47012 2531 208854 3723 2 905034 17199 381
fn=PyObject_CallMethod
0 9770 764 177 1872 8 5 5616 16 0
fn=PyObject_CallMethodObjArgs
0 791828 21622 12809 248118 17528 15061 223070 2719 31
fn=PyObject_CallObject
0 37463 5602 467 14646 1588 141 5970 0 0
fn=PyObject_ClearWeakRefs
0 3456 47 35 1728 143 96 864 3 0
fn=PyObject_DelItem
0 128796 13576 4613 35292 1665 76 16768 1 0
fn=PyObject_Dir
0 37514 4363 832 8726 1261 1 5236 0 0
fn=PyObject_Format
0 3360 318 73 1120 0 0 960 0 0
fn=PyObject_Free
0 4541051 72366 4820 1261791 89644 14324 859764 3164 1267
fn=PyObject_GC_Del
0 1535339 45807 7562 345479 24651 2086 174132 299 74
fn=PyObject_GC_Track
0 8176 793 322 2336 166 11 2336 67 2
fn=PyObject_GC_UnTrack
0 27047 1796 456 8328 1465 1033 8252 874 494
fn=PyObject_GenericGetAttr
0 435588 29290 9488 170237 20604 3336 74639 3968 205
fn=PyObject_GenericGetDict
0 20463 1162 175 6564 262 5 5137 4 1
fn=PyObject_GenericSetAttr
0 14630 4895 408 0 0 0 0 0 0
fn=PyObject_GetAttr
0 26019049 394335 17091 9905590 925956 181710 4484367 50136 3872
fn=PyObject_GetAttrString
0 81693 3367 490 19719 921 181 14085 35 2
fn=PyObject_GetBuffer
0 9366 1306 955 4014 2229 939 0 0 0
fn=PyObject_GetItem
0 1602858 46617 2392 590014 59792 8894 337004 129 6
fn=PyObject_GetIter
0 861795 55624 2079 302632 46332 6160 129543 226 7
fn=PyObject_Hash
0 269800 29652 2462 161880 8058 802 107920 476 87
fn=PyObject_HashNotImplemented
0 13 2 2 5 1 0 2 0 0
fn=PyObject_Init
0 241094 12241 1035 70910 3880 207 70910 3 2
fn=PyObject_InitVar
0 814 74 4 222 0 0 296 38 30
fn=PyObject_IsInstance
0 636665 26138 2730 187855 9456 858 128507 1801 15
fn=PyObject_IsSubclass
0 152549 9053 2553 39835 236 58 27240 332 2
fn=PyObject_IsTrue
0 2584531 184183 4363 427888 52124 6018 134214 911 264
fn=PyObject_LengthHint
0 273453 19788 6100 96274 21146 3996 38452 29 12
fn=PyObject_Malloc
0 3152908 130704 7353 1016125 80821 11160 724924 35677 11943
fn=PyObject_Realloc
0 50202 6393 5285 15985 2941 1152 8152 27 18
fn=PyObject_Repr
0 2508 135 108 988 78 10 380 0 0
fn=PyObject_RichCompare
0 5577547 246636 9243 2053185 38516 5855 1328352 7254 605
fn=PyObject_RichCompareBool
0 3863494 45708 8303 1164360 13117 4948 741248 267 0
fn=PyObject_SelfIter
0 29772 6736 1522 7443 0 0 7443 0 0
fn=PyObject_SetAttr
0 10720152 312037 41603 3559623 220245 51705 1535666 8977 1329
fn=PyObject_SetAttrString
0 1215 61 36 360 48 1 270 0 0
fn=PyObject_SetItem
0 578816 33639 3281 213248 14390 2398 121856 320 1
fn=PyObject_Size
0 10215 905 805 3405 11 4 0 0 0
fn=PyObject_Str
0 17248 1113 156 5970 466 18 2258 25 0
fn=PyObject_Type
0 23280 496 245 7760 48 3 3880 0 0
fn=PyObject_stgdict
0 246816 12617 116 106284 23129 3426 0 0 0
fn=PyParser_ASTFromFileObject
0 54 6 4 10 4 0 10 0 0
fn=PyParser_ASTFromStringObject
0 5564 440 162 1176 193 43 1070 0 0
fn=PyParser_Delete
0 1188 6 0 432 0 0 324 0 0
fn=PyParser_New
0 3566 325 143 864 109 47 1404 82 42
fn=PyParser_ParseFileObject
0 57 4 4 16 0 0 18 0 0
fn=PyParser_ParseStringObject
0 5884 428 145 1498 25 15 1712 0 0
fn=PyPreConfig_InitPythonConfig
0 24 2 1 6 2 1 10 0 0
fn=PyRun_AnyFileExFlags
0 21 2 2 6 0 0 6 0 0
fn=PyRun_SimpleFileExFlags
0 133 11 11 18 3 3 17 0 0
fn=PyRun_StringFlags
0 1144 130 47 234 32 18 234 0 0
fn=PySeqIter_New
0 29456 1820 677 7364 0 0 10520 207 23
fn=PySequence_Check
0 29349 5053 898 13044 4997 1314 0 0 0
fn=PySequence_DelItem
0 425 50 49 175 50 6 100 0 0
fn=PySequence_Fast
0 83180 5936 968 24934 3 0 20780 908 0
fn=PySequence_GetItem
0 25146 1986 503 11176 871 101 6985 0 0
fn=PySequence_List
0 1113881 32262 5700 281374 14736 196 225766 11131 2339
fn=PySequence_SetItem
0 64704 2696 1179 28308 2474 1332 16176 0 0
fn=PySequence_Size
0 65252 7482 416 29660 4069 147 11864 326 0
fn=PySequence_Tuple
0 139881 14119 4796 43032 1301 9 36739 166 0
fn=PySet_Add
0 289832 2631 1600 97885 3725 207 72062 5 0
fn=PySet_Clear
0 598 31 10 184 36 14 138 0 0
fn=PySet_Contains
0 263995 15433 2542 87090 8824 1632 49726 0 0
fn=PySet_Discard
0 5940 9 8 1215 1 1 1080 0 0
fn=PySet_Fini
0 5 2 2 1 1 0 0 0 0
fn=PySet_New
0 140584 3047 1641 40658 2775 1101 37692 562 320
fn=PySet_Size
0 2592 155 74 1008 0 0 720 0 0
fn=PySlice_AdjustIndices
0 222111 16848 5002 28582 0 0 7719 0 0
fn=PySlice_Fini
0 5 0 0 1 1 1 1 0 0
fn=PySlice_New
0 655154 22338 4148 182920 13710 2834 243888 6784 2312
fn=PySlice_Unpack
0 666112 41871 12637 267648 10506 471 169471 345 10
fn=PyState_FindModule
0 107174 1285 126 40828 3072 306 0 0 0
fn=PyStaticMethod_New
0 1008 126 95 252 0 0 315 0 0
fn=PyStructSequence_InitType2
0 1797 102 45 352 100 59 285 66 65
fn=PyStructSequence_New
0 719577 69139 13667 224319 55841 12413 87451 10824 3678
fn=PyStructSequence_NewType
0 1043 58 8 174 38 17 210 4 0
fn=PySymtable_BuildObject
0 12754 987 434 2291 233 49 2269 38 28
fn=PySymtable_Free
0 3024 216 133 972 194 0 648 0 0
fn=PySymtable_Lookup
0 3458 242 143 931 45 0 798 0 0
fn=PySys_Audit
0 1972188 56737 3950 602606 28430 1706 1095674 31622 488
fn=PySys_GetObject
0 159516 4303 3713 49185 5127 3165 18275 36 10
fn=PySys_SetObject
0 90 8 4 36 4 0 18 2 0
fn=PyThreadState_Clear
0 50 4 4 21 5 5 10 0 0
fn=PyThreadState_Get
0 29440 1819 101 5888 2 0 0 0 0
fn=PyThreadState_GetDict
0 1035 86 60 430 2 0 259 1 0
fn=PyThreadState_New
0 2 1 1 0 0 0 0 0 0
fn=PyThreadState_Swap
0 12 2 2 2 2 0 2 0 0
fn=PyThread_GetInfo
0 47 5 4 5 1 1 7 0 0
fn=PyThread_acquire_lock
0 48667 5131 2558 10252 0 0 10252 91 0
fn=PyThread_acquire_lock_timed
0 264 20 14 48 0 0 48 0 0
fn=PyThread_allocate_lock
0 19210 1728 1718 5238 866 1 2620 0 0
fn=PyThread_free_lock
0 13808 866 860 4315 68 4 2589 1 0
fn=PyThread_get_thread_ident
0 25710 868 855 10284 230 1 7713 1 0
fn=PyThread_get_thread_native_id
0 10 2 2 3 0 0 2 0 0
fn=PyThread_init_thread
0 8 2 2 2 1 0 0 0 0
fn=PyThread_release_lock
0 15414 865 855 5138 0 0 5138 1 0
fn=PyThread_tss_create
0 15 1 1 4 0 0 4 0 0
fn=PyThread_tss_delete
0 12 1 1 5 1 1 4 0 0
fn=PyThread_tss_get
0 2 1 1 1 0 0 0 0 0
fn=PyThread_tss_set
0 8 0 0 3 0 0 2 0 0
fn=PyToken_TwoChars
0 8967 297 206 0 0 0 0 0 0
fn=PyTokenizer_Free
0 2703 216 88 1081 123 0 432 0 0
fn=PyTokenizer_FromFile
0 28 3 3 7 0 0 14 0 0
fn=PyTokenizer_FromString
0 377 6 6 89 0 0 20 0 0
fn=PyTokenizer_FromUTF8
0 4028 318 165 742 106 40 1590 0 0
fn=PyTraceBack_Here
0 822653 41330 14161 271477 28938 7549 170885 4781 1113
fn=PyTraceMalloc_Track
0 221910 37826 2542 118352 0 0 103558 0 0
fn=PyTraceMalloc_Untrack
0 192322 21358 1119 88764 94 1 73970 1389 9
fn=PyTuple_ClearFreeList
0 770061 55 55 195409 42091 37068 101037 2264 1075
fn=PyTuple_Fini
0 9 1 1 2 2 0 2 0 0
fn=PyTuple_GetItem
0 129623 2456 45 59826 957 78 19942 0 0
fn=PyTuple_GetSlice
0 20664 1966 471 2952 122 0 0 0 0
fn=PyTuple_New
0 6119431 269866 5588 1595959 188530 20462 1554919 31094 7235
fn=PyTuple_Pack
0 908281 66874 14165 207878 15123 3961 310907 2526 60
fn=PyTuple_Size
0 5685 627 81 3411 61 0 0 0 0
fn=PyType_ClearCache
0 50975 3 3 9401 2089 1916 16391 517 513
fn=PyType_FromSpecWithBases
0 2182 64 11 486 20 1 231 0 0
fn=PyType_GenericAlloc
0 2373219 124621 14759 734642 45289 10508 565767 21577 8057
fn=PyType_GenericNew
0 2188215 81060 12452 642786 29649 4039 490621 11857 9427
fn=PyType_GetFlags
0 36 9 9 18 18 18 0 0 0
fn=PyType_IsSubtype
0 2528065 43003 4573 505863 36925 3906 0 0 0
fn=PyType_Modified
0 672 433 118 224 10 3 0 0 0
fn=PyType_Ready
0 5080421 121263 54089 1626551 189215 71044 119766 410 17
fn=PyType_stgdict
0 262826 9597 65 119424 32971 12581 0 0 0
fn=PyUFuncOverride_GetNonDefaultArrayUfunc
0 210708 18106 1324 72066 5843 606 42841 3158 1023
fn=PyUFunc_AddLoop
0 225941 2932 15 30111 1413 10 12430 0 0
fn=PyUFunc_AddLoopFromSpec
0 972 6 6 264 12 0 180 0 0
fn=PyUFunc_AdditionTypeResolver
0 27 4 4 15 1 0 9 0 0
fn=PyUFunc_CheckOverride
0 357368 37885 2138 95224 1554 1 113736 10723 1764
fn=PyUFunc_DefaultLegacyInnerLoopSelector
0 1020538 26720 2537 275658 17670 7461 64992 1074 29
fn=PyUFunc_DefaultTypeResolver
0 285 21 10 60 0 0 0 0 0
fn=PyUFunc_FromFuncAndDataAndSignature
0 336 25 1 120 16 0 144 0 0
fn=PyUFunc_FromFuncAndDataAndSignatureAndIdentity
0 108923 2102 71 21372 872 67 19043 288 251
fn=PyUFunc_GenericReduction
0 173258 20828 19024 37592 2812 863 38100 3450 1408
fn=PyUFunc_GetPyValues
0 153 18 10 54 0 0 54 0 0
fn=PyUFunc_MultiplicationTypeResolver
0 11454 1494 603 5976 0 0 2988 0 0
fn=PyUFunc_ReduceWrapper
0 82296 8636 7811 20320 508 0 15240 0 0
fn=PyUFunc_SimpleBinaryComparisonTypeResolver
0 62 5 5 15 2 0 11 0 0
fn=PyUFunc_SimpleUniformOperationTypeResolver
0 53318 3521 3498 12575 1 0 6539 4 3
fn=PyUFunc_SubtractionTypeResolver
0 60 8 8 32 0 0 16 0 0
fn=PyUFunc_TrueDivisionTypeResolver
0 35942 3493 1495 12975 499 499 4992 0 0
fn=PyUFunc_ValidateCasting
0 61122 5010 2587 17034 1 0 10020 5 4
fn=PyUFunc_ValidateOutCasting
0 290 30 30 110 0 0 80 0 0
fn=PyUFunc_ee_e_As_ff_f
0 42 4 4 21 1 0 13 0 0
fn=PyUFunc_g_g
0 319 33 9 165 3 0 110 9 2
fn=PyUFunc_gg_g
0 99 9 6 60 2 0 36 0 0
fn=PyUnicode_Append
0 114 21 21 48 3 0 27 0 0
fn=PyUnicode_AppendAndDel
0 39 6 6 12 0 0 12 0 0
fn=PyUnicode_AsASCIIString
0 3244 369 138 1190 190 101 785 13 9
fn=PyUnicode_AsEncodedString
0 151746 6499 4592 35110 3535 42 13224 65 0
fn=PyUnicode_AsUCS4
0 8 2 2 0 0 0 0 0 0
fn=PyUnicode_AsUTF8
0 4404 1522 752 0 0 0 0 0 0
fn=PyUnicode_AsUTF8AndSize
0 187005 15392 2916 77421 4757 2628 50028 1269 44
fn=PyUnicode_AsUTF8String
0 40 20 2 0 0 0 0 0 0
fn=PyUnicode_AsWideCharString
0 1368 120 14 440 9 0 318 28 7
fn=PyUnicode_Compare
0 77976 3759 2400 33714 859 0 11238 3 0
fn=PyUnicode_CompareWithASCIIString
0 133 7 7 40 1 1 32 0 0
fn=PyUnicode_Concat
0 456 32 4 120 15 0 56 0 0
fn=PyUnicode_Contains
0 883331 24717 4315 237946 10574 2896 84528 3 0
fn=PyUnicode_Decode
0 4412 180 177 912 122 25 420 5 2
fn=PyUnicode_DecodeASCII
0 2697 20 20 550 2 2 817 2 2
fn=PyUnicode_DecodeFSDefault
0 290 17 17 87 0 0 87 0 0
fn=PyUnicode_DecodeFSDefaultAndSize
0 320 25 23 139 22 7 15 0 0
fn=PyUnicode_DecodeLocale
0 11016 1224 396 3060 0 0 3060 0 0
fn=PyUnicode_DecodeUTF8
0 1302 432 177 0 0 0 0 0 0
fn=PyUnicode_DecodeUTF8Stateful
0 4 4 3 0 0 0 0 0 0
fn=PyUnicode_EncodeFSDefault
0 184 23 23 92 23 0 0 0 0
fn=PyUnicode_FSConverter
0 36832 3421 3373 13698 877 8 6858 5 0
fn=PyUnicode_FSDecoder
0 3240 324 176 1134 83 20 567 68 14
fn=PyUnicode_FindChar
0 197849 19607 4382 36298 0 0 24126 2687 548
fn=PyUnicode_Format
0 290299 5488 682 67082 589 185 48168 59 0
fn=PyUnicode_FromEncodedObject
0 80 12 12 28 1 0 16 0 0
fn=PyUnicode_FromFormat
0 108924 7387 1686 22536 0 0 97656 646 5
fn=PyUnicode_FromFormatV
0 18103158 471236 68241 4613969 99012 11469 1457879 35564 3715
fn=PyUnicode_FromKindAndData
0 10306 171 9 1640 0 0 1640 0 0
fn=PyUnicode_FromOrdinal
0 696 79 4 174 0 0 174 1 0
fn=PyUnicode_FromString
0 46752 5985 1991 11688 0 0 11688 176 2
fn=PyUnicode_FromStringAndSize
0 5430 507 231 0 0 0 0 0 0
fn=PyUnicode_FromWideChar
0 159782 6837 2221 30293 2 0 10145 0 0
fn=PyUnicode_GetLength
0 377 52 48 203 9 3 87 0 0
fn=PyUnicode_InternFromString
0 121761 1011 250 29338 1844 832 15181 6 1
fn=PyUnicode_InternInPlace
0 2839121 8790 4701 954562 50985 33361 523206 1407 42
fn=PyUnicode_IsIdentifier
0 21678 175 113 5527 273 160 423 0 0
fn=PyUnicode_Join
0 312 27 15 108 2 1 60 0 0
fn=PyUnicode_New
0 2440988 86501 13156 613194 49392 1389 649816 36949 10420
fn=PyUnicode_Partition
0 6178 496 13 1685 68 2 1266 37 0
fn=PyUnicode_RichCompare
0 5517311 76749 9456 1854982 77924 34519 672784 2175 475
fn=PyUnicode_Split
0 4240 424 179 1060 0 0 1060 0 0
fn=PyUnicode_Splitlines
0 25855 10 10 8659 73 4 61 0 0
fn=PyUnicode_Substring
0 513896 26688 7607 136140 1915 243 85410 188 158
fn=PyUnicode_Tailmatch
0 27 2 2 7 0 0 7 0 0
fn=PyVectorcall_Call
0 67454 6388 5454 27215 3306 1334 16006 563 49
fn=PyWeakref_GetObject
0 4743 101 76 1953 258 177 1116 0 0
fn=PyWeakref_NewProxy
0 960 144 143 240 11 0 256 2 2
fn=PyWeakref_NewRef
0 534884 26870 8583 182928 13416 4831 152156 3604 2867
fn=PyWideStringList_Append
0 35 1 1 15 0 0 10 0 0
fn=PyWideStringList_Insert
0 205 3 3 60 0 0 80 0 0
fn=Py_BuildValue
0 22650 1877 618 4530 0 0 19630 0 0
fn=Py_BytesMain
0 11 2 2 2 1 1 6 0 0
fn=Py_CompileStringObject
0 3240 324 62 729 85 1 648 0 0
fn=Py_DecodeLocale
0 192 6 4 48 0 0 36 0 0
fn=Py_FdIsInteractive
0 13 1 1 4 1 1 3 0 0
fn=Py_FinalizeEx
0 90 13 10 16 6 5 10 2 0
fn=Py_GetBuildInfo
0 240 20 20 30 0 0 30 1 0
fn=Py_GetVersion
0 210 20 20 30 0 0 30 1 0
fn=Py_InitializeFromConfig
0 187 25 15 38 4 0 27 4 4
fn=Py_MakePendingCalls
0 8 2 2 2 0 0 2 0 0
fn=Py_ReprEnter
0 689 76 48 176 0 0 151 0 0
fn=Py_ReprLeave
0 850 75 66 275 0 0 75 0 0
fn=Py_RunMain
0 162 18 15 39 15 9 19 4 1
fn=Py_UniversalNewlineFgets
0 20095 64 12 4414 58 18 3031 33 1
fn=SHA1_Init
0 20 2 2 0 0 0 13 0 0
fn=SHA224_Init
0 28 3 3 0 0 0 15 0 0
fn=SHA256_Init
0 28 3 2 0 0 0 15 0 0
fn=SHA384_Init
0 42 4 4 0 0 0 11 0 0
fn=SHA512_Init
0 42 3 2 0 0 0 11 0 0
fn=SHORT_copyswap
0 10 1 1 2 0 0 2 1 0
fn=SHORT_setitem
0 51 7 7 16 1 0 10 0 0
fn=SIDX_Version
0 314 24 24 90 18 17 90 2 0
fn=SpatialIndex::Point::Point(double const*, unsigned int)
0 210 20 20 60 10 10 90 1 0
fn=SpatialIndex::Point::~Point()
0 100 20 20 20 4 0 20 0 0
fn=SpatialIndex::RTree::Data::Data(unsigned int, unsigned char*, SpatialIndex::Region&, long)
0 7366 132 115 2032 39 0 3048 87 38
fn=SpatialIndex::RTree::Data::clone()
0 1824 21 21 798 26 0 456 0 0
fn=SpatialIndex::RTree::Data::getData(unsigned int&, unsigned char**) const
0 969 114 78 399 57 38 399 0 0
fn=SpatialIndex::RTree::Data::getIdentifier() const
0 42 17 17 21 0 0 0 0 0
fn=SpatialIndex::RTree::Data::~Data()
0 6143 164 99 1963 104 34 1963 0 0
fn=SpatialIndex::RTree::Leaf::Leaf(SpatialIndex::RTree::RTree*, long)
0 60 8 6 20 3 0 20 0 0
fn=SpatialIndex::RTree::Leaf::chooseSubtree(SpatialIndex::Region const&, unsigned int, std::stack<long, std::deque<long, std::allocator<long> > >&)
0 480 60 60 60 0 0 240 0 0
fn=SpatialIndex::RTree::Leaf::~Leaf()
0 42 6 4 10 2 0 14 0 0
fn=SpatialIndex::RTree::Node::Node(SpatialIndex::RTree::RTree*, long, unsigned int, unsigned int)
0 2108 28 22 56 8 7 900 199 197
fn=SpatialIndex::RTree::Node::insertData(unsigned int, unsigned char*, SpatialIndex::Region&, long, std::stack<long, std::deque<long, std::allocator<long> > >&, unsigned char*)
0 2535 335 335 1070 97 0 720 0 0
fn=SpatialIndex::RTree::Node::insertEntry(unsigned int, unsigned char*, SpatialIndex::Region&, long)
0 5100 540 473 2156 104 62 1918 25 20
fn=SpatialIndex::RTree::Node::loadFromByteArray(unsigned char const*)
0 3613696 8119 5472 1533954 50413 34084 640947 11973 10467
fn=SpatialIndex::RTree::Node::storeToByteArray(unsigned char**, unsigned int&)
0 52736 430 364 21312 1972 0 3466 223 85
fn=SpatialIndex::RTree::Node::~Node()
0 5916 26 20 1740 122 111 208 10 10
fn=SpatialIndex::RTree::RTree::RTree(SpatialIndex::IStorageManager&, Tools::PropertySet&)
0 420 32 30 56 10 6 180 19 15
fn=SpatialIndex::RTree::RTree::initNew(Tools::PropertySet&)
0 1160 74 74 218 32 1 264 11 0
fn=SpatialIndex::RTree::RTree::insertData(unsigned int, unsigned char const*, SpatialIndex::IShape const&, long)
0 5160 455 419 1856 539 309 1078 47 2
fn=SpatialIndex::RTree::RTree::insertData_impl(unsigned int, unsigned char*, SpatialIndex::Region&, long)
0 5520 420 420 1800 353 194 1260 21 0
fn=SpatialIndex::RTree::RTree::intersectsWithQuery(SpatialIndex::IShape const&, SpatialIndex::IVisitor&)
0 13046 1186 667 4744 1186 1135 2965 0 0
fn=SpatialIndex::RTree::RTree::nearestNeighborQuery(unsigned int, SpatialIndex::IShape const&, SpatialIndex::IVisitor&)
0 651 63 63 252 102 60 147 0 0
fn=SpatialIndex::RTree::RTree::nearestNeighborQuery(unsigned int, SpatialIndex::IShape const&, SpatialIndex::IVisitor&, SpatialIndex::INearestNeighborComparator&)
0 17849 456 439 6211 390 126 2069 26 6
fn=SpatialIndex::RTree::RTree::rangeQuery(SpatialIndex::RTree::RangeQueryType, SpatialIndex::IShape const&, SpatialIndex::IVisitor&)
0 562130 5705 3801 222714 36139 600 21369 805 0
fn=SpatialIndex::RTree::RTree::readNode(long)
0 58676 4722 4264 21572 8135 3944 21586 1663 155
fn=SpatialIndex::RTree::RTree::storeHeader()
0 248 18 13 88 14 10 68 2 1
fn=SpatialIndex::RTree::RTree::writeNode(SpatialIndex::RTree::Node*)
0 2624 310 305 1250 361 3 502 0 0
fn=SpatialIndex::RTree::RTree::~RTree()
0 1208 36 24 474 83 63 86 1 0
fn=SpatialIndex::RTree::Statistics::Statistics()
0 30 4 4 8 2 2 14 3 3
fn=SpatialIndex::RTree::Statistics::reset()
0 24 2 2 4 0 0 14 0 0
fn=SpatialIndex::RTree::Statistics::~Statistics()
0 16 2 1 4 4 1 2 2 2
fn=SpatialIndex::RTree::returnRTree(SpatialIndex::IStorageManager&, Tools::PropertySet&)
0 30 6 4 8 1 0 8 0 0
fn=SpatialIndex::Region::Region()
0 612 126 125 68 45 1 340 36 23
fn=SpatialIndex::Region::Region(SpatialIndex::Region const&)
0 4081 83 78 1484 82 0 1855 95 72
fn=SpatialIndex::Region::Region(double const*, double const*, unsigned int)
0 6066 674 74 674 673 668 3370 331 17
fn=SpatialIndex::Region::combineRegion(SpatialIndex::Region const&)
0 3970 240 142 1080 0 0 220 0 0
fn=SpatialIndex::Region::containsRegion(SpatialIndex::Region const&) const
0 2431 120 120 1052 124 0 0 0 0
fn=SpatialIndex::Region::getMinimumDistance(SpatialIndex::Region const&) const
0 5547 63 63 1202 10 0 0 0 0
fn=SpatialIndex::Region::initialize(double const*, double const*, unsigned int)
0 31350 2024 1719 10450 8 0 9405 1 0
fn=SpatialIndex::Region::intersectsRegion(SpatialIndex::Region const&) const
0 547196 1776 1758 251008 33492 0 0 0 0
fn=SpatialIndex::Region::makeInfinite(unsigned int)
0 354 20 15 78 4 3 90 2 2
fn=SpatialIndex::Region::operator=(SpatialIndex::Region const&)
0 942358 2696 2563 412152 9799 6622 147415 604 0
fn=SpatialIndex::Region::~Region()
0 26118 2018 1767 8706 746 32 7593 1110 52
fn=SpatialIndex::StorageManager::Buffer::Buffer(SpatialIndex::IStorageManager&, Tools::PropertySet&)
0 250 18 18 42 4 2 66 1 0
fn=SpatialIndex::StorageManager::Buffer::flush()
0 130 8 4 56 19 4 18 0 0
fn=SpatialIndex::StorageManager::Buffer::loadByteArray(long, unsigned int&, unsigned char**)
0 27634 3370 3173 12806 1392 1263 7414 261 0
fn=SpatialIndex::StorageManager::Buffer::storeByteArray(long&, unsigned int, unsigned char const*)
0 4278 380 368 1438 202 11 982 27 0
fn=SpatialIndex::StorageManager::Buffer::~Buffer()
0 42 4 2 16 2 1 10 0 0
fn=SpatialIndex::StorageManager::MemoryStorageManager::MemoryStorageManager(Tools::PropertySet&)
0 86 8 8 18 2 2 52 3 2
fn=SpatialIndex::StorageManager::MemoryStorageManager::storeByteArray(long&, unsigned int, unsigned char const*)
0 368 18 13 128 15 2 100 2 0
fn=SpatialIndex::StorageManager::MemoryStorageManager::~MemoryStorageManager()
0 130 10 5 46 7 4 18 0 0
fn=SpatialIndex::StorageManager::RandomEvictionsBuffer::RandomEvictionsBuffer(SpatialIndex::IStorageManager&, Tools::PropertySet&)
0 30 2 2 8 2 2 8 0 0
fn=SpatialIndex::StorageManager::RandomEvictionsBuffer::addEntry(long, SpatialIndex::StorageManager::Buffer::Entry*)
0 76 6 4 28 1 0 28 0 0
fn=SpatialIndex::StorageManager::RandomEvictionsBuffer::~RandomEvictionsBuffer()
0 28 4 3 8 4 1 8 0 0
fn=SpatialIndex::StorageManager::returnMemoryStorageManager(Tools::PropertySet&)
0 26 4 4 6 0 0 6 0 0
fn=SpatialIndex::StorageManager::returnRandomEvictionsBuffer(SpatialIndex::IStorageManager&, Tools::PropertySet&)
0 30 4 4 8 0 0 8 0 0
fn=Tools::PoolPointer<SpatialIndex::RTree::Node>::release()
0 332643 5405 2623 141072 4683 0 28088 1438 1
fn=Tools::PropertySet::PropertySet()
0 36 4 2 4 4 2 24 3 1
fn=Tools::PropertySet::getProperty(std::string) const
0 233072 9810 3093 71656 25320 10489 22400 0 0
fn=Tools::PropertySet::setProperty(std::string, Tools::Variant const&)
0 2978 22 4 1108 0 0 888 1 0
fn=Tools::PropertySet::~PropertySet()
0 770 30 15 174 46 20 66 2 0
fn=Tools::Variant::Variant()
0 6942 2118 657 0 0 0 2314 1 0
fn=UINT_copyswap
0 6315 4 1 1263 38 0 1263 45 0
fn=UINT_setitem
0 34068 41 7 10104 0 0 6308 1 0
fn=_GLOBAL__sub_I_Ball.cc
0 15 1 1 4 0 0 3 0 0
fn=_GLOBAL__sub_I_BoundsQuery.cc
0 15 2 1 4 2 1 3 0 0
fn=_GLOBAL__sub_I_Buffer.cc
0 15 1 1 4 0 0 3 0 0
fn=_GLOBAL__sub_I_BulkLoader.cc
0 15 1 1 4 0 0 3 0 0
fn=_GLOBAL__sub_I_CountVisitor.cc
0 15 1 1 4 0 0 3 0 0
fn=_GLOBAL__sub_I_CustomStorage.cc
0 15 1 1 4 0 0 3 0 0
fn=_GLOBAL__sub_I_DataStream.cc
0 15 1 1 4 0 0 3 0 0
fn=_GLOBAL__sub_I_DiskStorageManager.cc
0 15 1 1 4 0 0 3 0 0
fn=_GLOBAL__sub_I_Error.cc
0 15 1 1 4 0 0 3 0 0
fn=_GLOBAL__sub_I_IdVisitor.cc
0 15 1 1 4 0 0 3 0 0
fn=_GLOBAL__sub_I_Index.cc
0 60 4 4 16 0 0 12 0 0
fn=_GLOBAL__sub_I_Leaf.cc
0 45 3 3 12 0 0 9 0 0
fn=_GLOBAL__sub_I_LeafQuery.cc
0 15 1 1 4 0 0 3 0 0
fn=_GLOBAL__sub_I_LineSegment.cc
0 15 1 1 4 0 0 3 0 0
fn=_GLOBAL__sub_I_MVRTree.cc
0 15 1 1 4 0 0 3 0 0
fn=_GLOBAL__sub_I_MemoryStorageManager.cc
0 15 1 1 4 0 0 3 0 0
fn=_GLOBAL__sub_I_MovingPoint.cc
0 15 1 1 4 0 0 3 0 0
fn=_GLOBAL__sub_I_MovingRegion.cc
0 15 1 1 4 0 0 3 0 0
fn=_GLOBAL__sub_I_Node.cc
0 45 3 3 12 0 0 9 0 0
fn=_GLOBAL__sub_I_ObjVisitor.cc
0 15 1 1 4 0 0 3 0 0
fn=_GLOBAL__sub_I_Point.cc
0 15 1 1 4 0 0 3 0 0
fn=_GLOBAL__sub_I_RTree.cc
0 15 1 1 4 0 0 3 0 0
fn=_GLOBAL__sub_I_RandomEvictionsBuffer.cc
0 15 1 1 4 0 0 3 0 0
fn=_GLOBAL__sub_I_Region.cc
0 15 1 1 4 0 0 3 0 0
fn=_GLOBAL__sub_I_SpatialIndexImpl.cc
0 15 1 1 4 0 0 3 0 0
fn=_GLOBAL__sub_I_Statistics.cc
0 45 3 3 12 0 0 9 0 0
fn=_GLOBAL__sub_I_TPRTree.cc
0 15 1 1 4 0 0 3 0 0
fn=_GLOBAL__sub_I_TimePoint.cc
0 15 1 1 4 0 0 3 0 0
fn=_GLOBAL__sub_I_TimeRegion.cc
0 15 1 1 4 0 0 3 0 0
fn=_GLOBAL__sub_I_Tools.cc
0 15 1 1 4 0 0 3 0 0
fn=_GLOBAL__sub_I_Utility.cc
0 15 1 1 4 0 0 3 0 0
fn=_GLOBAL__sub_I_sidx_api.cc
0 15 1 1 4 0 0 3 0 0
fn=_GLOBAL__sub_I_umath_linalg.cpp
0 48 3 3 14 5 2 12 3 1
fn=_PyAST_GetDocString
0 1647 79 25 549 56 0 0 0 0
fn=_PyAST_Optimize
0 1512 297 103 432 0 0 216 0 0
fn=_PyAccu_Accumulate
0 162368 10 8 60888 29 1 30444 32 0
fn=_PyAccu_Destroy
0 44 3 2 20 0 0 12 0 0
fn=_PyAccu_Finish
0 20 2 1 7 0 0 6 0 0
fn=_PyAccu_FinishAsList
0 66 6 6 21 2 1 21 0 0
fn=_PyAccu_Init
0 52 8 7 12 0 0 20 0 0
fn=_PyArg_CheckPositional
0 91 14 12 14 0 0 14 0 0
fn=_PyArg_Fini
0 73 2 2 15 11 10 15 0 0
fn=_PyArg_ParseStack_SizeT
0 31 3 3 2 0 0 20 0 0
fn=_PyArg_ParseTupleAndKeywords_SizeT
0 122786 10513 2714 15800 2058 1 72409 2184 31
fn=_PyArg_ParseTuple_SizeT
0 554240 18614 3707 86600 8524 1 363720 16839 736
fn=_PyArg_UnpackKeywords
0 318965 4438 948 112361 2589 341 82643 180 0
fn=_PyArg_UnpackStack
0 357 28 21 56 0 0 161 1 0
fn=_PyArgv_AsWstrList
0 124 8 4 44 1 0 40 0 0
fn=_PyArray_MapPyTypeToDType
0 776 77 5 307 53 2 182 0 0
fn=_PyArray_SetNumericOps
0 670 53 53 83 6 6 83 0 0
fn=_PyBuiltin_Init
0 267 21 18 12 2 0 9 1 0
fn=_PyBuiltins_AddExceptions
0 476 30 30 79 39 35 15 2 0
fn=_PyBytesWriter_Alloc
0 14 2 2 0 0 0 4 0 0
fn=_PyBytesWriter_Finish
0 449 60 16 149 1 1 89 1 1
fn=_PyBytesWriter_Init
0 8 2 2 0 0 0 10 2 0
fn=_PyBytesWriter_Prepare
0 670 58 14 167 0 0 134 5 0
fn=_PyBytesWriter_Resize
0 70 6 6 26 0 0 18 1 0
fn=_PyBytesWriter_WriteBytes
0 76 6 3 20 0 0 20 0 0
fn=_PyBytes_Resize
0 49956 4433 3732 16000 395 84 13896 25 22
fn=_PyCode_ConstantKey
0 1290 8 3 258 5 0 215 0 0
fn=_PyCode_InitOpcache
0 20353 243 200 3171 61 23 800 9 1
fn=_PyCodecInfo_GetIncrementalDecoder
0 12 4 4 0 0 0 0 0 0
fn=_PyCodecInfo_GetIncrementalEncoder
0 9 3 1 0 0 0 0 0 0
fn=_PyCodec_Lookup
0 2065 128 93 592 121 54 290 1 1
fn=_PyCodec_LookupTextEncoding
0 245 28 20 56 0 0 42 0 0
fn=_PyConfig_Copy
0 372 24 12 116 3 0 52 0 0
fn=_PyConfig_InitCompatConfig
0 78 2 1 15 2 1 33 0 0
fn=_PyConfig_InitPathConfig
0 249 11 10 49 2 0 41 1 0
fn=_PyConfig_SetPyArgv
0 19 2 2 6 0 0 5 0 0
fn=_PyConfig_Write
0 188 7 7 44 1 0 42 4 2
fn=_PyConfig_WritePathConfig
0 8 1 1 2 0 0 2 0 0
fn=_PyContext_Fini
0 14 2 2 4 2 1 4 0 0
fn=_PyContext_Init
0 39 7 4 6 1 0 5 0 0
fn=_PyDictView_New
0 51388 3541 417 15948 4 0 15948 192 16
fn=_PyDict_DelItemId
0 6636 553 433 1659 0 0 1659 0 0
fn=_PyDict_DelItem_KnownHash
0 2434262 51869 10318 637705 8918 301 415499 480 14
fn=_PyDict_FromKeys
0 13138 678 257 2873 1 0 1259 0 0
fn=_PyDict_GetItemId
0 1532 246 148 652 124 77 528 36 2
fn=_PyDict_GetItemIdWithError
0 3306780 83527 1715 1458976 253218 23432 489920 14363 464
fn=_PyDict_GetItemStringWithError
0 1248 7 6 364 9 0 260 1 1
fn=_PyDict_GetItem_KnownHash
0 21210 1099 432 10605 581 85 3030 1 0
fn=_PyDict_HasOnlyStringKeys
0 5685 682 159 1895 336 251 1516 0 0
fn=_PyDict_LoadGlobal
0 26660628 448645 3138 8217935 954222 189725 4733025 68782 6154
fn=_PyDict_NewPresized
0 343252 20131 4021 88552 10056 251 117421 5275 965
fn=_PyDict_Next
0 5812 87 78 1610 40 0 600 0 0
fn=_PyDict_SetItemId
0 546921 19497 13548 191580 11370 5612 110665 1384 573
fn=_PyDict_SetItem_KnownHash
0 1584 131 82 396 0 0 0 0 0
fn=_PyErr_ChainExceptions
0 5957 851 773 1702 0 0 4255 0 0
fn=_PyErr_CheckSignals
0 6 1 1 1 0 0 0 0 0
fn=_PyErr_Clear
0 484 107 38 0 0 0 0 0 0
fn=_PyErr_ExceptionMatches
0 360 120 47 120 0 0 0 0 0
fn=_PyErr_Format
0 174 18 6 36 0 0 144 0 0
fn=_PyErr_GetTopmostException
0 34 8 8 9 2 0 0 0 0
fn=_PyErr_Init
0 18 3 2 4 1 1 7 1 1
fn=_PyErr_NormalizeException
0 172330 14495 5562 72868 61 1 54042 29 1
fn=_PyErr_Restore
0 16050 1832 628 7275 13 0 7130 56 0
fn=_PyErr_SetObject
0 445617 47686 7693 178015 20556 4903 107660 230 0
fn=_PyEval_EvalCodeWithName
0 28240988 1038676 82518 9302868 716891 179713 5814969 157804 51797
fn=_PyEval_EvalFrameDefault
0 313073763 4823506 260407 119943088 4867481 795072 37838719 668380 89363
fn=_PyEval_FiniThreads
0 10 2 2 5 1 1 4 0 0
fn=_PyEval_GetBuiltinId
0 21 3 3 7 1 1 6 0 0
fn=_PyEval_Initialize
0 9 2 2 0 0 0 4 1 1
fn=_PyEval_SliceIndex
0 26265 1642 198 10125 175 6 5950 20 1
fn=_PyExc_Fini
0 131 2 2 70 19 19 21 0 0
fn=_PyExc_Init
0 1236 101 61 305 122 94 127 5 0
fn=_PyFaulthandler_Fini
0 43 4 4 13 1 1 10 1 0
fn=_PyFaulthandler_Init
0 41 4 4 8 1 0 17 2 2
fn=_PyFloat_Init
0 37 4 3 6 1 1 8 1 1
fn=_PyFloat_Unpack8
0 3424 132 95 1070 119 79 642 4 0
fn=_PyFrame_New_NoTrack
0 433 33 27 114 22 7 111 6 4
fn=_PyFunction_FastCallDict
0 113 17 16 42 10 9 38 0 0
fn=_PyFunction_Vectorcall
0 26011801 815750 32622 9562219 932079 224166 7887786 313633 94479
fn=_PyGC_CollectIfEnabled
0 1 1 1 0 0 0 0 0 0
fn=_PyGC_CollectNoFail
0 34 6 6 8 4 4 10 0 0
fn=_PyGC_DumpShutdownStats
0 14 2 2 7 2 2 4 1 1
fn=_PyGC_Fini
0 17 2 2 6 3 2 5 0 0
fn=_PyGC_Initialize
0 24 2 2 0 0 0 10 0 0
fn=_PyGILState_Fini
0 10 2 2 3 0 0 4 0 0
fn=_PyGILState_Init
0 17 1 1 5 0 0 6 0 0
fn=_PyGen_Finalize
0 45338 9552 1824 24432 33 5 19004 11 9
fn=_PyGen_yf
0 1506 193 96 606 17 4 0 0 0
fn=_PyHamt_Fini
0 12 1 1 5 0 0 3 0 0
fn=_PyHamt_Init
0 34 9 3 4 1 0 4 0 0
fn=_PyIOBase_check_readable
0 20352 1696 1696 5088 848 605 4240 0 0
fn=_PyIOBase_check_seekable
0 72 9 3 18 1 0 15 0 0
fn=_PyIOBase_check_writable
0 72 6 4 18 3 1 15 0 0
fn=_PyIOBase_finalize
0 46179 1711 1468 20523 235 12 11974 332 1
fn=_PyIO_find_line_ending
0 33478 5 5 8521 418 0 1616 2 0
fn=_PyIO_get_locale_module
0 19 5 5 5 2 2 5 1 1
fn=_PyIO_get_module_state
0 10 2 2 2 0 0 2 0 0
fn=_PyImportHooks_Init
0 51 4 4 8 0 0 12 0 0
fn=_PyImportZip_Init
0 48 5 5 10 2 1 13 3 3
fn=_PyImport_AddModuleObject
0 760 57 43 182 38 22 134 0 0
fn=_PyImport_FindExtensionObjectEx
0 2249 191 157 638 67 8 504 0 0
fn=_PyImport_FindSharedFuncptr
0 748 88 62 154 13 1 132 1 0
fn=_PyImport_Fini
0 20 2 2 6 3 3 6 0 0
fn=_PyImport_Fini2
0 16 1 1 4 1 1 4 0 0
fn=_PyImport_FixupBuiltin
0 50 6 3 12 1 0 12 0 0
fn=_PyImport_FixupExtensionObject
0 3275 260 230 721 62 3 514 12 0
fn=_PyImport_GetModuleId
0 6 1 1 2 0 0 2 0 0
fn=_PyImport_Init
0 14 2 2 5 2 0 9 2 1
fn=_PyImport_LoadDynamicModuleWithSpec
0 3470 315 287 506 107 16 475 19 7
fn=_PyImport_SetModuleString
0 11 1 1 4 0 0 4 0 0
fn=_PyIncrementalNewlineDecoder_decode
0 39499 43 37 4377 49 2 4300 70 66
fn=_PyInterpreterState_Enable
0 12 2 2 4 0 0 8 1 0
fn=_PyInterpreterState_Get
0 950 168 139 380 29 20 190 3 1
fn=_PyLong_AsByteArray
0 617 51 32 28 3 0 44 2 1
fn=_PyLong_AsInt
0 267282 22131 2627 100644 7177 23 53480 8 0
fn=_PyLong_Format
0 480 4 2 96 0 0 64 0 0
fn=_PyLong_FormatAdvancedWriter
0 4960 345 11 992 4 2 576 10 0
fn=_PyLong_FormatWriter
0 2304 2 2 0 0 0 0 0 0
fn=_PyLong_Frexp
0 392 23 15 47 7 5 24 0 0
fn=_PyLong_FromBytes
0 7392 156 46 2016 0 0 2016 4 0
fn=_PyLong_FromNbIndexOrNbInt
0 23772 1698 1697 9339 862 9 4245 208 0
fn=_PyLong_FromNbInt
0 21296 1827 1722 7744 0 0 3872 14 0
fn=_PyLong_FromUid
0 16 2 2 0 0 0 0 0 0
fn=_PyLong_Init
0 4267 8 7 541 133 132 1060 1 1
fn=_PyLong_New
0 828060 19933 8187 238750 5743 970 196752 2981 667
fn=_PyLong_NumBits
0 54 6 4 6 2 1 0 0 0
fn=_PyLong_Sign
0 2079 297 61 297 0 0 0 0 0
fn=_PyMem_RawStrdup
0 115 6 3 35 1 0 25 0 0
fn=_PyMem_RawWcsdup
0 1539 17 8 399 4 0 285 0 0
fn=_PyMem_SetDefaultAllocator
0 51 6 4 0 0 0 0 0 0
fn=_PyMem_Strdup
0 2622 171 107 798 0 0 570 0 0
fn=_PyModule_Clear
0 489 215 4 163 0 0 0 0 0
fn=_PyModule_ClearDict
0 1329836 895 144 345223 35151 17355 65179 3 1
fn=_PyModule_CreateInitialized
0 2372 344 182 709 88 34 439 3 0
fn=_PyNamespace_New
0 20 2 2 5 0 0 4 0 0
fn=_PyNode_FinalizeEndPos
0 96843 232 112 39741 696 0 27975 796 20
fn=_PyOS_GetOpt
0 124 12 4 64 4 1 44 0 0
fn=_PyOS_ResetGetOpt
0 48 3 1 0 0 0 16 5 2
fn=_PyOS_URandom
0 156 104 104 0 0 0 0 0 0
fn=_PyOS_URandomNonblock
0 3 1 1 0 0 0 0 0 0
fn=_PyObject_CallFunction_SizeT
0 160179 13888 8517 40709 5224 3337 69241 198 1
fn=_PyObject_CallMethodId
0 308135 13139 1879 90834 4583 864 130069 7643 326
fn=_PyObject_CallMethodIdObjArgs
0 175065 16284 6590 47470 8708 2853 82504 527 87
fn=_PyObject_CallMethodId_SizeT
0 182390 14198 10145 51157 8104 4959 66085 160 3
fn=_PyObject_CallMethod_SizeT
0 679 70 8 135 26 0 405 0 0
fn=_PyObject_Call_Prepend
0 6228 605 188 1903 88 6 1903 0 0
fn=_PyObject_FastCallDict
0 105250 11002 2131 40419 3484 162 17437 8 0
fn=_PyObject_FastCall_Prepend
0 2214 239 155 492 34 0 574 1 0
fn=_PyObject_GC_New
0 2434516 92540 9053 750181 81714 8046 615982 27465 11671
fn=_PyObject_GC_NewVar
0 278096 18397 7175 82127 14174 4944 70553 4737 4068
fn=_PyObject_GC_Resize
0 76481 5423 2373 19269 2942 849 9445 108 3
fn=_PyObject_GenericGetAttrWithDict
0 1310049 83455 8894 490699 52743 11500 201007 1795 69
fn=_PyObject_GenericSetAttrWithDict
0 1210450 89785 10249 399741 32178 7191 184204 1691 224
fn=_PyObject_GetAttrId
0 640092 55765 7484 249427 57422 8902 110759 3416 184
fn=_PyObject_GetDictPtr
0 5159 390 41 1474 0 0 0 0 0
fn=_PyObject_GetMethod
0 17003939 504961 15240 7010444 811768 116693 3463542 28906 2486
fn=_PyObject_HasLen
0 70 10 9 30 0 0 0 0 0
fn=_PyObject_IsAbstract
0 11821 247 96 4039 1 0 3346 2 0
fn=_PyObject_LookupAttr
0 514515 37215 12447 204831 23411 9377 114729 3879 325
fn=_PyObject_LookupAttrId
0 1757103 89357 13790 668845 64405 12189 340114 3592 471
fn=_PyObject_LookupSpecial
0 2427412 81583 8422 956740 159514 38997 334961 2388 115
fn=_PyObject_MakeTpCall
0 14162989 529875 9912 4464275 228839 14713 3128330 21442 565
fn=_PyObject_New
0 608967 21329 2058 208619 25443 2294 153878 3356 2153
fn=_PyObject_SetAttrId
0 216401 17241 9945 72330 10370 4524 38018 182 134
fn=_PyPathConfig_Calculate
0 76 6 5 15 1 0 29 0 0
fn=_PyPathConfig_ClearGlobal
0 13 2 2 2 0 0 2 0 0
fn=_PyPathConfig_ComputeSysPath0
0 59 6 5 8 2 2 7 4 3
fn=_PyPreCmdline_Clear
0 9 2 1 3 0 0 3 0 0
fn=_PyPreCmdline_Read
0 169 16 6 53 0 0 50 2 0
fn=_PyPreCmdline_SetConfig
0 23 1 1 8 0 0 11 0 0
fn=_PyPreConfig_GetConfig
0 16 1 1 4 0 0 3 0 0
fn=_PyPreConfig_InitCompatConfig
0 48 1 1 12 10 2 18 1 0
fn=_PyPreConfig_InitFromPreConfig
0 88 7 1 28 0 0 60 0 0
fn=_PyPreConfig_Read
0 242 20 14 65 2 1 57 2 0
fn=_PyPreConfig_Write
0 49 8 4 16 1 0 14 3 2
fn=_PyRuntimeState_Fini
0 38 2 2 10 1 1 8 0 0
fn=_PyRuntimeState_Init
0 54 4 4 10 1 1 23 3 0
fn=_PyRuntime_Finalize
0 9 1 1 2 0 0 3 0 0
fn=_PyRuntime_Initialize
0 20 1 1 4 1 1 7 0 0
fn=_PySequence_BytesToCharpArray
0 278 5 5 42 0 0 36 0 0
fn=_PySet_NextEntry
0 23094 493 148 5661 148 128 3519 0 0
fn=_PySignal_Init
0 20 3 3 3 1 1 3 1 1
fn=_PySlice_GetLongIndices
0 17424 1210 295 4598 0 0 4598 0 0
fn=_PyStack_AsDict
0 325983 24259 13430 102496 12978 3560 66184 1478 281
fn=_PyStack_UnpackDict
0 316503 19856 10093 88797 280 8 58870 990 30
fn=_PyState_AddModule
0 2253 162 149 948 141 70 379 0 0
fn=_PyState_ClearModules
0 1398 4 4 427 173 160 96 0 0
fn=_PyStructSequence_Init
0 18 2 2 3 0 0 3 0 0
fn=_PySys_ClearAuditHooks
0 26 2 2 7 2 1 4 0 0
fn=_PySys_Create
0 1481 45 39 236 29 20 126 8 6
fn=_PySys_GetObjectId
0 96 8 7 36 10 7 0 0 0
fn=_PySys_InitMain
0 229 16 16 36 3 2 27 2 0
fn=_PySys_ReadPreinitWarnOptions
0 17 2 2 6 1 1 9 0 0
fn=_PySys_ReadPreinitXOptions
0 18 2 2 6 0 0 9 0 0
fn=_PySys_SetObjectId
0 45 6 2 18 0 0 9 0 0
fn=_PySys_SetPreliminaryStderr
0 34 3 3 7 1 0 10 1 0
fn=_PyThreadState_UncheckedGet
0 120 20 16 30 0 0 0 0 0
fn=_PyThread_cond_init
0 6 1 1 2 1 0 0 0 0
fn=_PyTime_AsSecondsDouble
0 52 4 4 4 0 0 4 0 0
fn=_PyTime_GetSystemClock
0 10 1 1 3 0 0 2 0 0
fn=_PyTime_Init
0 19 2 2 2 0 0 2 0 0
fn=_PyTime_localtime
0 32 4 2 6 0 0 10 1 1
fn=_PyTraceMalloc_Init
0 2 1 1 0 0 0 0 0 0
fn=_PyTuple_FromArray
0 47030 5294 1322 13735 1080 4 13360 0 0
fn=_PyTuple_Resize
0 49726 2070 314 12926 123 0 8136 8 0
fn=_PyType_CalculateMetaclass
0 28764 2601 1217 8267 774 74 0 0 0
fn=_PyType_Fini
0 1025 3 3 280 161 149 188 1 1
fn=_PyType_GetDocFromInternalDoc
0 422 53 10 158 0 0 106 0 0
fn=_PyType_Lookup
0 2273 112 81 785 143 85 350 13 11
fn=_PyType_Name
0 286 2 2 88 1 0 66 1 0
fn=_PyTypes_Init
0 273 77 18 3 0 0 7 1 1
fn=_PyUnicodeWriter_Finish
0 26757 2916 1811 9438 9 3 5298 310 13
fn=_PyUnicodeWriter_Init
0 175 25 24 0 0 0 200 0 0
fn=_PyUnicodeWriter_PrepareInternal
0 621109 58523 12230 159200 11492 1485 140230 7907 1250
fn=_PyUnicodeWriter_WriteASCIIString
0 67725 1910 1656 25155 0 0 11610 0 0
fn=_PyUnicodeWriter_WriteStr
0 220525 5058 3188 66783 898 693 49653 1634 1252
fn=_PyUnicode_AsASCIIString
0 493 54 52 232 7 6 87 1 0
fn=_PyUnicode_AsUTF8String
0 1 1 1 0 0 0 0 0 0
fn=_PyUnicode_ClearStaticStrings
0 2308 2 2 617 313 236 617 1 0
fn=_PyUnicode_EqualToASCIIId
0 24159 1789 279 8303 1065 198 3996 49 0
fn=_PyUnicode_EqualToASCIIString
0 8839 587 243 3536 23 13 2652 21 8
fn=_PyUnicode_FindMaxChar
0 2219 364 53 410 0 0 0 0 0
fn=_PyUnicode_Fini
0 2345 8 8 523 218 213 521 0 0
fn=_PyUnicode_FormatAdvancedWriter
0 29216 1717 1190 9130 5 3 7304 759 95
fn=_PyUnicode_FormatLong
0 58151 348 48 10293 19 16 6131 0 0
fn=_PyUnicode_FromASCII
0 624288 13674 4248 144663 3163 230 150464 8132 7089
fn=_PyUnicode_FromId
0 10926 964 571 5979 300 90 4791 1 1
fn=_PyUnicode_Init
0 98 4 4 18 3 2 14 1 1
fn=_PyUnicode_InitEncodings
0 51 6 5 17 3 0 14 2 2
fn=_PyUnicode_InsertThousandsGrouping
0 4192 100 6 1088 13 2 992 0 0
fn=_PyUnicode_IsAlpha
0 90 2 2 15 8 8 0 0 0
fn=_PyUnicode_IsDecimalDigit
0 36 2 2 6 0 0 0 0 0
fn=_PyUnicode_IsDigit
0 3474 197 8 579 265 13 0 0 0
fn=_PyUnicode_IsLowercase
0 216 24 2 36 36 1 0 0 0
fn=_PyUnicode_IsNumeric
0 18 1 1 3 0 0 0 0 0
fn=_PyUnicode_JoinArray
0 602584 3234 363 126095 12564 10149 10219 0 0
fn=_PyUnicode_ToDecimalDigit
0 6194 248 36 1016 276 47 0 0 0
fn=_PyUnicode_ToLowerFull
0 49896 522 522 9240 253 247 3696 7 0
fn=_PyUnicode_ToLowercase
0 8200 228 18 1640 178 52 0 0 0
fn=_PyUnicode_ToUppercase
0 4074 187 18 776 0 0 0 0 0
fn=_PyUnicode_TransformDecimalAndSpaceToASCII
0 738 78 76 328 40 40 164 0 0
fn=_PyUnicode_XStrip
0 2977 280 56 795 28 1 385 0 0
fn=_PyWarnings_Init
0 187 15 13 49 9 4 31 1 0
fn=_PyWeakref_ClearRef
0 22 2 2 10 0 0 12 4 4
fn=_PyWideStringList_AsList
0 138 3 3 48 4 3 24 0 0
fn=_PyWideStringList_Clear
0 766 11 6 348 11 8 276 0 0
fn=_PyWideStringList_Copy
0 443 10 3 155 4 0 127 1 0
fn=_PyWideStringList_Extend
0 34 2 2 14 0 0 20 0 0
fn=_Py_Assign
0 480 7 6 144 0 0 272 18 18
fn=_Py_Attribute
0 378 8 6 126 0 0 182 13 13
fn=_Py_BinOp
0 324 27 12 81 0 0 126 8 1
fn=_Py_BuildValue_SizeT
0 13410 1261 219 2682 0 0 11622 43 8
fn=_Py_Call
0 1170 101 55 351 0 0 663 33 29
fn=_Py_CheckFunctionResult
0 422250 48244 2312 140750 176 0 84450 354 1
fn=_Py_ClearArgcArgv
0 14 1 1 2 0 0 2 0 0
fn=_Py_ClearFileSystemEncoding
0 36 4 4 14 2 2 8 0 0
fn=_Py_ClearStandardStreamEncoding
0 36 4 4 10 3 3 6 0 0
fn=_Py_CoerceLegacyLocale
0 126 9 5 20 3 1 18 1 0
fn=_Py_Compare
0 90 9 6 27 0 0 51 3 3
fn=_Py_Constant
0 600 18 12 225 0 0 300 19 19
fn=_Py_Dealloc
0 511324 37670 1327 255662 24274 1741 0 0 0
fn=_Py_DecodeLocaleEx
0 335 18 8 123 0 0 108 0 0
fn=_Py_DecodeUTF8Ex
0 19868 51 32 5324 0 0 6035 1 0
fn=_Py_EncodeLocaleEx
0 152 38 5 0 0 0 0 0 0
fn=_Py_EncodeLocaleRaw
0 22 0 0 0 0 0 0 0 0
fn=_Py_EncodeUTF8Ex
0 16338 486 97 2392 0 0 2512 21 20
fn=_Py_ExceptHandler
0 58 2 2 18 0 0 34 2 2
fn=_Py_Expr
0 224 7 4 56 0 0 80 12 9
fn=_Py_Expression
0 1215 162 58 243 0 0 405 25 7
fn=_Py_FinishPendingCalls
0 21 2 2 10 0 0 7 0 0
fn=_Py_FreeCharPArray
0 48 2 2 18 1 0 8 0 0
fn=_Py_FunctionDef
0 900 75 50 325 0 0 525 44 27
fn=_Py_GetEnv
0 72 3 2 16 0 0 16 0 0
fn=_Py_GetErrorHandler
0 11628 1224 386 1836 0 0 1836 0 0
fn=_Py_HashDouble
0 30149 609 224 1239 0 0 826 0 0
fn=_Py_HashPointer
0 181020 33284 1393 0 0 0 0 0 0
fn=_Py_HashRandomization_Fini
0 9 1 1 4 1 1 3 0 0
fn=_Py_HashRandomization_Init
0 24 2 2 6 0 0 9 0 0
fn=_Py_If
0 90 6 6 27 0 0 51 4 4
fn=_Py_Import
0 26 2 2 7 0 0 10 1 1
fn=_Py_ImportFrom
0 116 2 2 36 0 0 68 5 5
fn=_Py_Index
0 1380 42 27 276 0 0 460 27 9
fn=_Py_LegacyLocaleDetected
0 19 2 2 2 0 0 2 0 0
fn=_Py_List
0 30 2 2 8 0 0 12 1 1
fn=_Py_Mangle
0 4148 160 108 1473 3 0 825 0 0
fn=_Py_Module
0 405 27 24 108 0 0 189 22 14
fn=_Py_Pass
0 44 3 2 12 0 0 16 2 2
fn=_Py_PreInitializeFromConfig
0 945 4 2 360 2 0 450 0 0
fn=_Py_PreInitializeFromPyArgv
0 46 5 4 13 2 1 13 1 0
fn=_Py_PyAtExit
0 11 2 2 4 0 0 6 1 1
fn=_Py_Return
0 650 75 75 175 0 0 250 32 24
fn=_Py_SetFileSystemEncoding
0 22 2 2 4 0 0 8 0 0
fn=_Py_SetLocaleFromEnv
0 20 4 2 4 0 0 6 1 1
fn=_Py_SourceAsString
0 2862 318 131 1060 0 0 848 0 0
fn=_Py_Subscript
0 1376 126 58 387 0 0 731 43 14
fn=_Py_Try
0 60 6 3 22 0 0 38 2 2
fn=_Py_Tuple
0 1560 142 115 416 0 0 624 38 23
fn=_Py_alias
0 126 2 2 36 0 0 54 2 2
fn=_Py_arg
0 3668 50 50 1179 0 0 2096 91 78
fn=_Py_arguments
0 675 75 72 225 0 0 400 17 14
fn=_Py_asdl_int_seq_new
0 84 5 4 15 0 0 18 0 0
fn=_Py_asdl_seq_new
0 10180 198 106 3255 59 1 2320 9 0
fn=_Py_bytes_endswith
0 30 0 0 0 0 0 0 0 0
fn=_Py_bytes_maketrans
0 954 6 6 52 3 3 44 3 0
fn=_Py_bytes_rfind
0 22 4 4 4 0 0 4 0 0
fn=_Py_bytes_startswith
0 30 12 2 0 0 0 0 0 0
fn=_Py_bytes_upper
0 468 48 2 72 29 2 36 0 0
fn=_Py_convert_optional_to_ssize_t
0 72 9 7 24 8 4 15 0 0
fn=_Py_device_encoding
0 11 2 2 3 0 0 3 0 0
fn=_Py_dg_dtoa
0 4630119 25688 326 881069 562 25 391502 559 19
fn=_Py_dg_freedtoa
0 19418 347 10 2774 0 0 5548 0 0
fn=_Py_dg_infinity
0 266 36 36 0 0 0 0 0 0
fn=_Py_dg_stdnan
0 4 1 1 0 0 0 0 0 0
fn=_Py_dg_strtod
0 57828 963 281 8104 14 6 4197 28 2
fn=_Py_fstat_noraise
0 6800 1700 845 0 0 0 0 0 0
fn=_Py_get_env_flag
0 77 2 2 21 0 0 21 0 0
fn=_Py_get_xoption
0 144 4 2 72 0 0 64 0 0
fn=_Py_keyword
0 14 2 1 4 0 0 6 0 0
fn=_Py_normalize_encoding
0 276 3 3 41 6 6 15 0 0
fn=_Py_parse_inf_or_nan
0 2028 150 148 546 111 84 117 0 0
fn=_Py_read
0 166208 5943 5929 42400 3 0 37312 3 0
fn=_Py_set_inheritable
0 2553 848 848 0 0 0 0 0 0
fn=_Py_string_to_number_with_underscores
0 2921 254 117 1016 0 0 1016 1 0
fn=_Py_wfopen
0 117 7 7 12 0 0 12 0 0
fn=_Py_wreadlink
0 106 7 7 20 1 0 19 4 4
fn=_Py_wrealpath
0 42 3 3 7 1 0 6 0 0
fn=__Pyx_BufFmt_CheckString
0 118 6 6 38 2 2 26 0 0
fn=__Pyx_BufFmt_ProcessTypeChunk
0 212 14 14 70 3 2 36 0 0
fn=__Pyx_BufFmt_TypeCharToAlignment.constprop.0
0 60 4 4 0 0 0 0 0 0
fn=__Pyx_CalculateMetaclass
0 60 8 5 22 1 1 16 0 0
fn=__Pyx_Coroutine_SendEx.constprop.0
0 810 60 60 270 0 0 260 0 0
fn=__Pyx_Coroutine_clear.isra.0
0 860 70 70 360 0 0 240 0 0
fn=__Pyx_Coroutine_dealloc
0 150 10 10 50 0 0 30 0 0
fn=__Pyx_Coroutine_patch_module.constprop.0
0 58 7 6 10 4 0 7 0 0
fn=__Pyx_CyFunction_New.constprop.0
0 106 6 3 26 4 4 60 4 3
fn=__Pyx_CyFunction_clear
0 145 8 8 51 14 14 32 0 0
fn=__Pyx_CyFunction_dealloc
0 26 2 2 8 0 0 6 0 0
fn=__Pyx_CyFunction_descr_get
0 5 1 1 1 0 0 1 0 0
fn=__Pyx_CyFunction_traverse
0 1428 42 42 492 60 48 168 0 0
fn=__Pyx_ExportFunction
0 756 6 4 198 4 0 180 0 0
fn=__Pyx_ExportFunction.constprop.0
0 389 7 4 92 0 0 82 0 0
fn=__Pyx_ExportVoidPtr
0 138 6 6 39 1 0 29 0 0
fn=__Pyx_Generator_Next
0 200 20 20 100 0 0 40 0 0
fn=__Pyx_GetBuiltinName
0 884 18 18 364 21 5 208 0 0
fn=__Pyx_Import
0 748 51 27 172 24 8 154 0 0
fn=__Pyx_Import.constprop.0
0 205 15 8 44 5 1 39 0 0
fn=__Pyx_ImportFrom
0 112 13 9 48 0 0 32 0 0
fn=__Pyx_ImportFunction_0_29_35
0 1584 30 18 396 0 0 440 16 10
fn=__Pyx_ImportType_0_29_35.constprop.0
0 5256 194 51 1914 154 129 1218 0 0
fn=__Pyx_ImportVoidPtr_0_29_35
0 648 33 29 156 0 0 180 10 4
fn=__Pyx_InitCachedConstants
0 423 28 28 94 16 3 89 8 2
fn=__Pyx_Py3ClassCreate.constprop.0
0 48 6 2 10 0 0 10 0 0
fn=__Pyx_Py3MetaclassPrepare.constprop.0
0 130 12 6 28 4 1 20 0 0
fn=__Pyx_PyCFunction_FastCall
0 110 20 19 40 0 0 0 0 0
fn=__Pyx_PyFunction_FastCallDict.constprop.1
0 948 94 67 327 56 36 216 0 0
fn=__Pyx_PyFunction_FastCallNoKw
0 168 13 8 42 0 0 35 2 1
fn=__Pyx_PyInt_As_uint32_t
0 12636 5 3 5460 0 0 2496 0 0
fn=__Pyx_PyInt_As_uint64_t
0 17 2 2 7 0 0 4 0 0
fn=__Pyx_PyObject_Call
0 672 41 18 210 35 5 140 0 0
fn=__Pyx_PyObject_Call2Args
0 20 5 5 6 0 0 6 0 0
fn=__Pyx_PyObject_CallNoArg
0 714 67 66 224 21 5 108 0 0
fn=__Pyx_PyObject_CallOneArg
0 286 39 15 92 29 5 61 0 0
fn=__Pyx_PyObject_GetAttrStr
0 555 26 7 222 16 2 0 0 0
fn=__Pyx_PyObject_GetAttrStrNoError
0 192 20 4 84 4 0 48 0 0
fn=__Pyx_SetVtable
0 120 15 6 30 2 0 25 0 0
fn=__Pyx_TypeTest
0 90 20 20 30 1 0 20 0 0
fn=__Pyx__ExceptionSave.isra.0
0 24 2 2 9 1 1 4 0 0
fn=__Pyx__GetBufferAndValidate.constprop.0
0 104 6 6 24 2 2 34 0 0
fn=__Pyx__GetModuleGlobalName
0 2871 80 23 1188 59 17 990 15 14
fn=__Pyx__PyObject_CallOneArg
0 1416 108 57 384 39 6 288 0 0
fn=__Pyx_copy_spec_to_module
0 927 40 25 261 10 0 252 0 0
fn=__Pyx_setup_reduce
0 714 80 26 215 17 1 105 0 0
fn=__Pyx_setup_reduce_is_named
0 44 2 1 12 1 0 10 0 0
fn=__aarch64_cas4_acq
0 1880308 39121 5185 341877 41445 3083 170948 0 0
fn=__aarch64_cas4_rel
0 21774 620 200 3959 0 0 1980 0 0
fn=__aarch64_cas8_acq
0 148400 11018 885 26985 4692 809 13489 0 0
fn=__aarch64_cas8_rel
0 166017 11724 1418 30185 4097 12 15093 0 0
fn=__aarch64_ldadd4_acq
0 18860 1244 412 3772 13 8 1886 0 0
fn=__aarch64_ldadd4_acq_rel
0 25160 4259 195 5032 2320 629 2516 0 0
fn=__aarch64_ldadd4_rel
0 140 0 0 28 1 0 14 0 0
fn=__aarch64_ldadd4_relax
0 140 5 5 28 0 0 14 0 0
fn=__aarch64_ldadd8_acq
0 400 27 20 80 25 21 40 0 0
fn=__aarch64_ldclr4_rel
0 70 1 1 14 0 0 7 0 0
fn=__aarch64_ldeor8_rel
0 70 1 1 14 0 0 7 0 0
fn=__aarch64_ldset4_acq
0 1500 5 3 300 6 0 150 0 0
fn=__aarch64_ldset4_rel
0 70 1 1 14 0 0 7 0 0
fn=__aarch64_ldset4_relax
0 70 1 1 14 0 0 7 0 0
fn=__aarch64_swp4_acq
0 135 7 5 30 7 7 15 0 0
fn=__aarch64_swp4_rel
0 1479111 46371 5599 328694 81 16 164351 0 0
fn=__aarch64_swp4_relax
0 1359 8 5 302 0 0 151 0 0
fn=__aarch64_swp8_acq
0 12690 141 113 2820 40 20 1410 0 0
fn=__addtf3
0 12468 255 57 973 0 0 675 0 0
fn=__cxa_guard_acquire
0 19 2 2 6 1 1 4 0 0
fn=__cxa_guard_release
0 14 2 2 4 0 0 3 0 0
fn=__cxxabiv1::__si_class_type_info::__do_dyncast(long, __cxxabiv1::__class_type_info::__sub_kind, __cxxabiv1::__class_type_info const*, void const*, __cxxabiv1::__class_type_info const*, void const*, __cxxabiv1::__class_type_info::__dyncast_result&) const
0 5610 72 69 2380 0 0 2550 20 0
fn=__cxxabiv1::__si_class_type_info::__do_find_public_src(long, void const*, __cxxabiv1::__class_type_info const*, void const*) const
0 385710 1226 791 154284 625 448 102856 0 0
fn=__cxxabiv1::__vmi_class_type_info::__do_dyncast(long, __cxxabiv1::__class_type_info::__sub_kind, __cxxabiv1::__class_type_info const*, void const*, __cxxabiv1::__class_type_info const*, void const*, __cxxabiv1::__class_type_info::__dyncast_result&) const
0 1353444 3837 3643 596610 129 68 466918 8 1
fn=__cxxabiv1::__vmi_class_type_info::__do_find_public_src(long, void const*, __cxxabiv1::__class_type_info const*, void const*) const
0 1208558 3065 2951 437138 1321 1176 257140 0 0
fn=__divtf3
0 3080 118 76 134 0 0 94 0 0
fn=__dynamic_cast
0 2040892 3749 3524 646570 12016 3410 284714 2 0
fn=__eqtf2
0 1408 99 14 324 0 0 216 0 0
fn=__extenddftf2
0 93 19 6 0 0 0 0 0 0
fn=__fixtfsi
0 363 44 4 55 0 0 44 0 0
fn=__fixunstfdi
0 132 15 7 15 0 0 12 0 0
fn=__floatditf
0 72 9 2 0 0 0 0 0 0
fn=__floatsitf
0 340 28 2 0 0 0 0 0 0
fn=__floatunditf
0 57 12 7 0 0 0 0 0 0
fn=__getf2
0 1600 148 38 300 0 0 200 0 0
fn=__gnu_cxx::stdio_sync_filebuf<char, std::char_traits<char> >::sync()
0 6 1 1 3 2 2 0 0 0
fn=__gnu_cxx::stdio_sync_filebuf<wchar_t, std::char_traits<wchar_t> >::sync()
0 6 0 0 3 1 1 0 0 0
fn=__letf2
0 2160 159 21 408 0 0 272 0 0
fn=__libc_csu_init
0 31 3 3 9 1 0 8 0 0
fn=__multf3
0 26865 185 72 1728 0 0 1354 3 1
fn=__pyx_MemviewEnum___init__
0 130 2 2 55 9 4 50 0 0
fn=__pyx_f_5numpy_6random_13bit_generator_12SeedSequence_get_assembled_entropy
0 260 32 28 77 19 4 34 2 0
fn=__pyx_f_5numpy_6random_13bit_generator_12SeedSequence_mix_entropy
0 606 17 17 142 2 0 46 2 0
fn=__pyx_f_5numpy_6random_6mtrand_11RandomState__initialize_bit_generator
0 84 6 6 29 4 4 21 1 1
fn=__pyx_f_5numpy_6random_6mtrand_11RandomState__reset_gauss
0 9 2 2 2 1 1 3 0 0
fn=__pyx_f_5numpy_6random_7_common_check_output
0 200 40 40 80 20 10 100 0 0
fn=__pyx_f_5numpy_6random_7_common_cont
0 1729 161 147 538 102 51 469 30 0
fn=__pyx_f_5numpy_6random_7_common_cont_broadcast_2
0 5882 432 397 2137 343 174 809 24 9
fn=__pyx_f_5numpy_6random_7_common_validate_output_shape
0 1360 120 119 370 66 61 400 17 17
fn=__pyx_f_5numpy_6random_8_mt19937_mt19937_double
0 1414 41 37 211 23 22 180 0 0
fn=__pyx_gb_5numpy_6random_7_common_21validate_output_shape_2generator
0 730 50 50 330 23 12 250 0 0
fn=__pyx_getprop_5numpy_6random_13bit_generator_12BitGenerator_capsule
0 6 1 1 3 1 1 1 0 0
fn=__pyx_getprop_5numpy_6random_13bit_generator_12BitGenerator_lock
0 6 2 2 3 1 0 1 0 0
fn=__pyx_pw_5numpy_6random_13bit_generator_12BitGenerator_1__init__
0 201 25 22 64 19 11 36 0 0
fn=__pyx_pw_5numpy_6random_13bit_generator_12SeedSequence_1__init__
0 386 44 40 117 30 13 63 1 0
fn=__pyx_pw_5numpy_6random_13bit_generator_12SeedSequence_5generate_state
0 52099 69 60 11352 50 11 3802 1 0
fn=__pyx_pw_5numpy_6random_13bit_generator_1_int_to_uint32_array
0 699 63 32 175 14 2 72 1 0
fn=__pyx_pw_5numpy_6random_13bit_generator_3_coerce_to_uint32_array
0 333 34 26 94 19 6 40 0 0
fn=__pyx_pw_5numpy_6random_6mtrand_11RandomState_1__init__
0 61 9 9 19 7 6 10 0 0
fn=__pyx_pw_5numpy_6random_6mtrand_11RandomState_37uniform
0 3810 433 350 1064 317 162 527 10 0
fn=__pyx_pw_5numpy_6random_8_mt19937_7MT19937_1__init__
0 38843 36 32 9278 31 9 1911 42 21
fn=__pyx_pymod_create
0 702 66 63 90 27 7 72 0 0
fn=__pyx_pymod_exec__bounded_integers
0 2314 75 69 621 67 11 150 38 25
fn=__pyx_pymod_exec__common
0 4082 139 122 1165 148 38 256 78 38
fn=__pyx_pymod_exec__generator
0 11027 141 125 3622 324 219 584 331 107
fn=__pyx_pymod_exec__mt19937
0 1972 66 59 557 64 10 129 26 3
fn=__pyx_pymod_exec__pcg64
0 1585 65 53 401 51 15 108 22 13
fn=__pyx_pymod_exec__philox
0 1809 72 64 475 61 11 120 26 2
fn=__pyx_pymod_exec__sfc64
0 1411 57 45 365 42 7 90 16 0
fn=__pyx_pymod_exec_bit_generator
0 4829 170 157 1416 184 71 347 80 29
fn=__pyx_pymod_exec_mtrand
0 13014 300 286 4255 380 317 808 309 110
fn=__pyx_tp_clear_5numpy_6random_6mtrand_RandomState
0 36 3 3 13 4 3 11 0 0
fn=__pyx_tp_dealloc_5numpy_6random_13bit_generator_BitGenerator
0 54 5 5 17 4 4 13 0 0
fn=__pyx_tp_dealloc_5numpy_6random_13bit_generator_SeedSequence
0 40 4 4 13 4 4 9 0 0
fn=__pyx_tp_dealloc_5numpy_6random_6mtrand_RandomState
0 30 3 3 11 3 3 7 0 0
fn=__pyx_tp_dealloc_5numpy_6random_7_common___pyx_scope_struct_1_genexpr
0 270 30 30 80 0 0 70 1 1
fn=__pyx_tp_dealloc_5numpy_6random_7_common___pyx_scope_struct____pyx_f_5numpy_6random_7_common_validate_output_shape
0 140 10 9 30 0 0 20 0 0
fn=__pyx_tp_dealloc_5numpy_6random_8_mt19937_MT19937
0 20 2 2 7 3 3 3 0 0
fn=__pyx_tp_new_5numpy_6random_13bit_generator_BitGenerator
0 18 2 2 6 2 1 8 0 0
fn=__pyx_tp_new_5numpy_6random_13bit_generator_SeedSequence
0 20 2 2 7 3 2 7 0 0
fn=__pyx_tp_new_5numpy_6random_6mtrand_RandomState
0 19 2 2 7 0 0 6 0 0
fn=__pyx_tp_new_5numpy_6random_7_common___pyx_scope_struct_1_genexpr
0 323 30 30 88 30 30 130 9 9
fn=__pyx_tp_new_5numpy_6random_7_common___pyx_scope_struct____pyx_f_5numpy_6random_7_common_validate_output_shape
0 286 29 28 88 30 29 103 18 18
fn=__pyx_tp_new_5numpy_6random_8_mt19937_MT19937
0 14 2 1 6 2 0 4 0 0
fn=__pyx_tp_new_Enum
0 80 2 2 30 3 0 20 0 0
fn=__pyx_tp_traverse_5numpy_6random_13bit_generator_BitGenerator
0 420 22 22 120 12 11 60 0 0
fn=__pyx_tp_traverse_5numpy_6random_13bit_generator_SeedSequence
0 300 16 16 96 11 10 60 0 0
fn=__pyx_tp_traverse_5numpy_6random_6mtrand_RandomState
0 240 14 14 84 12 11 60 0 0
fn=__pyx_tp_traverse_5numpy_6random_8_mt19937_MT19937
0 120 7 7 24 22 14 0 0 0
fn=__pyx_tp_traverse_Enum
0 360 6 6 60 12 9 0 0 0
fn=__sfp_handle_exceptions
0 2448 33 12 0 0 0 0 0 0
fn=__subtf3
0 9723 279 100 684 0 0 466 0 0
fn=__unordtf2
0 1474 80 12 396 0 0 264 21 0
fn=_aligned_cast_float_to_double
0 16 2 2 6 0 0 1 1 1
fn=_aligned_cast_long_to_double
0 7840 904 169 2788 28 19 528 453 75
fn=_aligned_cast_long_to_float
0 32 4 4 12 0 0 2 0 0
fn=_aligned_cast_long_to_half
0 24 2 2 13 0 0 8 0 0
fn=_aligned_cast_long_to_longdouble
0 78 9 6 39 0 0 24 0 0
fn=_aligned_contig_cast_long_to_double
0 42021 4347 1383 7245 1319 142 2898 1580 983
fn=_aligned_strided_to_contig_size16_srcstride0
0 357 36 5 105 15 0 21 10 0
fn=_aligned_strided_to_contig_size2_srcstride0
0 105 28 4 28 7 0 7 3 0
fn=_aligned_strided_to_contig_size4_srcstride0
0 128 27 9 33 7 0 9 5 1
fn=_aligned_strided_to_contig_size8_srcstride0
0 105 18 5 28 6 0 7 3 0
fn=_aligned_strided_to_strided_size16_srcstride0
0 252 36 6 108 18 4 36 10 0
fn=_aligned_strided_to_strided_size1_srcstride0
0 160 20 20 50 0 0 10 10 10
fn=_aligned_strided_to_strided_size2_srcstride0
0 84 6 1 30 6 0 6 6 0
fn=_aligned_strided_to_strided_size4_srcstride0
0 84 6 1 30 5 1 6 1 0
fn=_aligned_strided_to_strided_size8_srcstride0
0 7560 1008 998 2520 6 0 504 503 90
fn=_apply_array_wrap
0 48744 6434 256 21664 0 0 21664 5 0
fn=_array_descr_walk
0 1634 89 25 238 2 1 126 0 0
fn=_array_fill_strides
0 219309 23309 1318 23504 0 0 15665 0 0
fn=_array_from_array_like
0 86473 7122 1654 26143 1263 0 18099 0 0
fn=_buffer_format_string
0 192 13 13 58 1 1 36 0 0
fn=_buffer_get_info
0 200 11 11 58 3 0 46 1 0
fn=_buffer_info_free
0 50984 15668 231 12 2 2 8 0 0
fn=_cast_double_to_longdouble
0 28 2 2 13 0 0 9 0 0
fn=_check_ufunc_fperr
0 113736 15750 376 32496 0 0 37912 0 0
fn=_contig_to_contig
0 1764 80 74 1176 0 0 294 0 0
fn=_convert_from_any.part.0
0 10803 1548 454 4597 486 116 3091 171 3
fn=_convert_from_str
0 8598 996 391 1391 33 12 775 0 0
fn=_ctypes_alloc_format_string
0 2194 234 60 435 0 0 435 0 0
fn=_ctypes_alloc_format_string_with_shape
0 1035 90 88 165 5 0 165 0 0
fn=_ctypes_callproc
0 1329875 86289 12421 256154 26514 2541 161757 4586 9
fn=_ctypes_get_ffi_type
0 43360 7472 517 10916 0 0 10764 1235 0
fn=_ctypes_get_fielddesc
0 922185 30723 1571 235758 70589 8001 28526 1 1
fn=_ctypes_simple_instance
0 94482 4123 541 31494 2366 14 15747 0 0
fn=_extract_pyvals
0 549 36 19 153 26 5 99 0 0
fn=_find_array_method
0 572828 27503 3221 193686 6209 0 127608 0 0
fn=_get_bufsize_errmask
0 129984 21664 328 32496 3659 565 37912 778 8
fn=_get_cast_safety_from_castingimpl
0 42237 2530 2520 15162 0 0 10830 0 0
fn=_get_dtype.part.0
0 156 18 5 60 6 0 36 0 0
fn=_get_fixed_signature
0 49428 14726 1059 19704 1 0 19686 2480 401
fn=_npy_parse_arguments
0 287056 24686 7944 63752 2300 1701 82565 6551 2360
fn=_npy_stride_sort_item_comparator
0 84 12 5 24 0 0 0 0 0
fn=_reload_guard
0 24 2 2 7 2 0 5 0 0
fn=_set_madvise_hugepage
0 19 3 3 7 3 1 6 0 0
fn=_try_convert_from_ctypes_type
0 680 82 5 120 33 1 94 0 0
fn=_try_convert_from_dtype_attr
0 312 78 5 104 31 3 65 4 0
fn=_typenum_fromtypeobj
0 142871 7688 827 14951 6397 601 0 0 0
fn=add_and_return_legacy_wrapping_ufunc_loop
0 89614 423 13 19912 23 1 18684 0 0
fn=add_other_to_and_from_string_cast
0 2088 4 4 492 19 1 722 0 0
fn=add_scalarmath
0 179 11 11 38 5 2 55 17 17
fn=alloc_mmap
0 343 13 8 42 2 2 56 5 2
fn=alloc_mmap_free
0 84 2 2 35 0 0 28 0 0
fn=arr_add_docstring
0 21191 2066 56 7413 2596 340 2414 5 0
fn=array_add
0 14940 2490 1992 3984 406 0 1992 0 0
fn=array_array
0 109939 9988 4923 25490 119 10 28204 108 0
fn=array_asanyarray
0 5092 452 257 1742 43 0 1608 4 0
fn=array_asarray
0 27208 3580 2727 9308 559 0 8592 590 0
fn=array_assign_subscript
0 68712 1951 404 17178 481 0 20859 218 0
fn=array_concatenate
0 3196 476 281 680 6 0 748 0 0
fn=array_copy
0 2160 222 4 288 0 0 504 0 0
fn=array_copyto
0 55 6 6 11 0 0 12 0 0
fn=array_dealloc
0 879838 26812 1973 419652 6537 422 101892 756 1
fn=array_descr_get
0 8622 1436 502 4311 892 0 1437 0 0
fn=array_dot
0 26529 2868 2088 3585 17 0 7170 0 0
fn=array_empty
0 14840 1215 507 3180 72 6 5088 0 0
fn=array_flags_get
0 2 1 1 0 0 0 0 0 0
fn=array_float
0 540 54 2 234 13 3 90 0 0
fn=array_getbuffer
0 153 6 6 42 0 0 40 0 0
fn=array_implement_array_function
0 51372 6801 1295 17124 2238 1 5708 13 0
fn=array_implement_array_function_internal
0 121301 11017 3558 31396 1301 2 24262 464 0
fn=array_interface_get
0 236 18 9 46 5 0 26 0 0
fn=array_item
0 86048 1152 1120 19180 66 12 17036 3 0
fn=array_item_asarray
0 198 21 21 36 0 0 54 0 0
fn=array_iter
0 2061 686 579 687 64 13 0 0 0
fn=array_length
0 4180 1501 1282 2508 443 76 0 0 0
fn=array_multiply
0 20478 3015 2517 4644 1024 45 2019 0 0
fn=array_ndim_get
0 1772 886 570 886 22 2 0 0 0
fn=array_power
0 15654 1524 1512 4536 12 4 2520 0 0
fn=array_ravel
0 24273 2349 1778 3132 0 0 5481 0 0
fn=array_richcompare
0 30 7 5 7 2 1 6 0 0
fn=array_scalar
0 5781 282 144 1551 0 0 705 0 0
fn=array_set_typeDict
0 28 3 3 8 2 1 6 0 0
fn=array_setflags
0 96 10 5 32 0 0 22 0 0
fn=array_shape_get
0 84 20 3 42 3 0 0 0 0
fn=array_shape_set
0 3240 329 28 1020 0 0 766 2 0
fn=array_size_get
0 252 36 1 144 19 0 72 0 0
fn=array_str
0 322 38 6 146 19 3 110 1 0
fn=array_subscript
0 277722 12222 982 67282 1362 203 83540 3056 1
fn=array_subtract
0 36420 7204 1111 9712 1575 519 4856 0 0
fn=array_toscalar
0 38223 3892 260 14796 0 0 11097 0 0
fn=array_true_divide
0 34470 4098 2193 9096 1926 565 3600 9 0
fn=array_view
0 240 29 6 44 2 0 64 0 0
fn=array_zeros
0 140 14 9 30 1 1 48 1 0
fn=arraydescr_dealloc
0 1551 235 123 658 20 0 235 0 0
fn=arraydescr_names_get
0 45 10 2 15 8 0 5 0 0
fn=arraydescr_new
0 11097 1210 384 2230 370 88 1962 6 1
fn=arraydescr_protocol_descr_get
0 56 8 4 12 1 0 14 0 0
fn=arraydescr_protocol_typestr_get
0 116 8 3 36 0 0 16 0 0
fn=arraydescr_reduce
0 6431 708 649 1357 354 52 1180 7 0
fn=arraydescr_richcompare
0 160 16 12 36 0 0 28 0 0
fn=arraydescr_setstate
0 6439 846 595 1833 50 19 1128 13 0
fn=arraydescr_subdescr_get
0 8 1 1 3 0 0 1 0 0
fn=arrayflags_dealloc
0 34 4 2 14 0 0 8 0 0
fn=arrayflags_writeable_set
0 66 7 3 16 1 1 8 0 0
fn=arrayiter_dealloc
0 700 40 20 250 34 0 200 0 0
fn=arraymethod_dealloc
0 8970 102 10 4784 645 629 2392 0 0
fn=arraymultiter_dealloc
0 970 30 30 290 27 9 130 0 0
fn=arraymultiter_shape_get
0 60 20 10 20 0 0 0 0 0
fn=arrays_overlap
0 48 6 6 12 0 0 12 0 0
fn=binop_should_defer
0 89958 6930 3405 25728 2480 0 9330 176 0
fn=binop_should_defer.constprop.0
0 33046 2418 408 8866 1772 306 2015 0 0
fn=blas_get_cpu_number
0 5 1 1 2 1 1 0 0 0
fn=blas_get_cpu_number.part.0
0 35 4 4 7 0 0 7 1 0
fn=blas_memory_alloc
0 782 16 16 180 15 14 107 12 12
fn=blas_memory_free
0 343 3 3 56 11 6 35 2 2
fn=blas_shutdown
0 1127 5 5 23 3 3 392 128 128
fn=blas_thread_init
0 10 2 2 4 0 0 2 0 0
fn=blas_thread_init.part.0
0 213 7 7 32 3 1 27 8 7
fn=blas_thread_server
0 215542547 24 16 22688740 14 14 63 0 0
fn=blas_thread_shutdown_
0 317 11 11 52 9 7 30 1 0
fn=bool std::has_facet<std::ctype<char> >(std::locale const&)
0 224 6 4 80 13 9 24 0 0
fn=bool std::has_facet<std::ctype<wchar_t> >(std::locale const&)
0 112 3 3 40 1 0 12 0 0
fn=bool std::has_facet<std::num_get<char, std::istreambuf_iterator<char, std::char_traits<char> > > >(std::locale const&)
0 224 6 6 80 2 2 24 0 0
fn=bool std::has_facet<std::num_get<wchar_t, std::istreambuf_iterator<wchar_t, std::char_traits<wchar_t> > > >(std::locale const&)
0 112 2 2 40 0 0 12 0 0
fn=bool std::has_facet<std::num_put<char, std::ostreambuf_iterator<char, std::char_traits<char> > > >(std::locale const&)
0 224 6 5 80 5 2 24 0 0
fn=bool std::has_facet<std::num_put<wchar_t, std::ostreambuf_iterator<wchar_t, std::char_traits<wchar_t> > > >(std::locale const&)
0 112 3 3 40 0 0 12 0 0
fn=bool_arrtype_new
0 121 9 8 30 6 6 22 0 0
fn=bool_arrtype_nonzero
0 20304 1422 771 0 0 0 0 0 0
fn=boundarraymethod_dealloc
0 93880 2726 6 35068 152 1 14566 0 0
fn=broadcast_strides
0 61941 6382 4031 15015 0 0 11745 0 0
fn=call_weak_fn
0 60 16 16 15 15 2 0 0 0
fn=can_cast_scalar_to
0 16215 1462 575 4425 0 0 4405 0 0
fn=can_elide_temp_unary
0 2490 498 498 498 0 0 0 0 0
fn=cast_raw_scalar_item
0 62 6 6 16 0 0 13 0 0
fn=cblas_ddot64_
0 7160 1432 1002 2148 2148 1578 0 0 0
fn=cblas_matrixproduct
0 119739 14340 7893 39435 1604 1 13623 0 0
fn=cblas_sdot64_
0 10 2 2 3 3 3 0 0 0
fn=compare_types
0 444 1 1 148 7 7 0 0 0
fn=convert_datetimestruct_to_datetime
0 117 14 2 13 0 0 13 0 0
fn=convert_pyobject_to_datetime
0 676 42 5 195 0 0 156 0 0
fn=convert_pyobject_to_datetime_metadata
0 1014 78 3 260 0 0 182 0 0
fn=convert_pyobject_to_timedelta
0 767 78 6 273 1 0 156 0 0
fn=convert_to_double
0 210535 15113 3433 78151 3395 684 65452 835 29
fn=convert_to_float
0 58 6 4 20 0 0 16 0 0
fn=convert_to_long
0 50310 4291 571 14094 16 0 10074 13 0
fn=convert_to_longdouble
0 120 8 4 48 1 0 48 0 0
fn=copy_and_swap
0 1700 215 4 680 0 0 680 0 0
fn=datetime_arrtype_new
0 494 16 4 91 0 0 78 0 0
fn=default_builtin_common_dtype
0 14702 2020 1267 5074 996 991 2537 14 3
fn=default_calloc
0 49 7 4 11 1 1 10 0 0
fn=default_free
0 236297 15981 1335 14793 1425 67 29388 0 0
fn=default_malloc
0 296269 20386 739 88609 5039 988 73817 0 0
fn=define_cast_for_descrs
0 240607 23087 2058 74034 736 3 81964 13952 4656
fn=discover_descriptor_from_pyfloat
0 816 407 72 0 0 0 0 0 0
fn=discover_descriptor_from_pyint
0 29628 1692 1059 7404 0 0 7404 0 0
fn=double_absolute
0 6030 402 53 2010 0 0 1608 0 0
fn=double_add
0 57270 5262 430 15492 46 0 12132 45 0
fn=double_arrtype_new
0 54 4 2 24 4 1 18 0 0
fn=double_getbuffer
0 7848 981 154 981 654 118 2943 0 0
fn=double_int
0 24 12 12 12 0 0 0 0 0
fn=double_multiply
0 51044 5854 3824 13900 179 157 10728 2 0
fn=double_negative
0 15 2 2 5 0 0 4 0 0
fn=double_richcompare
0 159567 8551 6166 37070 1767 318 26960 47 1
fn=double_subtract
0 68858 3829 324 18725 22 0 14496 402 0
fn=double_true_divide
0 1232 121 66 330 18 0 264 9 0
fn=dtypemeta_is_gc
0 54680 99 40 21872 207 66 0 0 0
fn=dtypemeta_wrap_legacy_descriptor
0 2676 52 13 442 126 55 514 47 0
fn=ensure_native_byteorder
0 148603 12763 661 42458 8 1 21229 0 0
fn=fast_scalar_power
0 35208 4524 4025 8562 1207 498 5034 322 0
fn=ffi_call
0 10764 5379 181 0 0 0 0 0 0
fn=ffi_prep_cif
0 32292 3277 24 0 0 0 0 0 0
fn=find_descriptor_from_array
0 40432 3959 511 17024 1038 0 19152 1700 562
fn=float_arrtype_new
0 441 44 14 105 0 0 70 1 0
fn=float_int
0 3 1 1 1 0 0 0 0 0
fn=float_negative
0 15 2 1 5 0 0 4 0 0
fn=float_richcompare
0 36 5 4 9 3 1 7 0 0
fn=float_subtract
0 56 6 6 15 0 0 12 0 0
fn=generic_wrapped_legacy_loop
0 81240 5422 88 32496 0 0 16248 0 0
fn=gentype_alloc
0 388864 14422 331 124992 2525 492 83328 578 48
fn=gentype_dealloc
0 55552 3727 179 27776 258 37 0 0 0
fn=gentype_free
0 13888 4333 649 0 0 0 0 0 0
fn=gentype_item
0 53019 3882 206 9864 0 0 8631 0 0
fn=gentype_reduce
0 22236 1962 295 4251 51 0 3597 228 0
fn=gentype_richcompare
0 107 11 9 28 5 0 10 0 0
fn=gentype_true_divide
0 9648 804 118 3618 366 0 1608 0 0
fn=gentype_typedescr_get
0 327 327 59 0 0 0 0 0 0
fn=gentype_view
0 42 5 5 9 0 0 8 0 0
fn=get_array_function
0 60261 5098 2346 22334 5147 697 11163 926 0
fn=get_array_memory_extents
0 768 24 23 240 0 0 60 0 0
fn=get_byteswap_loop
0 23520 2651 2332 9555 0 0 4410 0 0
fn=get_global_ext_obj
0 99 18 8 36 0 0 18 0 0
fn=get_implementing_args_and_methods
0 92215 8361 3523 32471 55 0 26207 1724 2
fn=get_item_pointer
0 153369 2666 204 36999 467 49 10584 0 0
fn=get_item_pointer.constprop.0
0 64218 1810 1633 21612 1131 529 7410 62 0
fn=get_new_loop_data
0 97494 10649 170 27081 585 0 37915 5191 586
fn=get_num_procs
0 34 3 3 7 0 0 7 0 0
fn=get_view_from_index
0 137030 9373 657 39998 1567 82 24918 1292 1
fn=get_view_from_index.constprop.0
0 1604 89 24 503 7 0 313 5 0
fn=get_wrapped_legacy_ufunc_loop
0 254552 20458 469 86656 955 508 59576 853 12
fn=gotoblas_corename
0 10 2 2 3 0 0 0 0 0
fn=gotoblas_dynamic_init
0 112 14 13 26 6 6 17 1 1
fn=gotoblas_dynamic_quit
0 4 1 1 1 1 1 1 1 1
fn=gotoblas_init
0 29 4 2 8 4 4 4 1 0
fn=gotoblas_quit
0 13 1 1 4 1 1 4 0 0
fn=half_arrtype_new
0 378 33 7 90 0 0 60 0 0
fn=half_int
0 6 1 1 3 0 0 2 0 0
fn=half_negative
0 16 2 2 5 0 0 4 0 0
fn=init_have_lse_atomics
0 54 5 3 12 0 0 18 4 3
fn=init_parameter
0 20 2 2 1 0 0 8 5 5
fn=init_string_ufuncs
0 450 32 31 70 3 2 80 0 0
fn=initialize_and_map_pytypes_to_dtypes
0 78 9 6 18 6 2 15 7 6
fn=initialize_casting_tables
0 6149 11 11 700 11 11 613 11 11
fn=initialize_keywords
0 2770 162 110 596 25 23 447 10 2
fn=initialize_numeric_types
0 688 43 43 47 2 1 294 129 129
fn=initscalarmath
0 6 2 2 2 0 0 2 0 0
fn=initumath
0 4188 323 262 302 51 15 1087 227 150
fn=install_logical_ufunc_promoter
0 144 3 3 24 0 0 24 0 0
fn=int_arrtype_new
0 63 7 7 15 0 0 10 0 0
fn=is_anyscalar_exact
0 451247 7318 1174 44413 8920 2615 0 0 0
fn=legacy_array_method_auxdata_free
0 59576 10832 467 5416 0 0 10832 0 0
fn=legacy_promote_using_legacy_type_resolver
0 174617 11109 5534 46419 543 1 29269 2 1
fn=legacy_same_dtype_resolve_descriptors
0 24990 1969 1549 9555 0 0 6615 0 0
fn=linear_search_type_resolver
0 147180 7086 5627 30748 1018 1007 31277 2 1
fn=long_add
0 8442 1005 330 2613 201 67 2010 1 0
fn=long_arrtype_new
0 63 7 7 15 0 0 10 0 0
fn=long_richcompare
0 141 7 5 33 1 1 24 0 0
fn=long_subtract
0 28944 2747 394 8241 0 0 6030 4 0
fn=long_true_divide
0 17286 2814 327 4824 747 134 3216 0 0
fn=longdouble_arrtype_new
0 1197 130 12 285 0 0 190 4 0
fn=longdouble_bool
0 9 2 2 3 0 0 2 0 0
fn=longdouble_int
0 6 3 2 3 0 0 0 0 0
fn=longdouble_multiply
0 114 14 12 30 0 0 24 0 0
fn=longdouble_negative
0 54 6 4 21 0 0 15 0 0
fn=longdouble_subtract
0 112 14 14 30 0 0 24 0 0
fn=longdouble_true_divide
0 112 14 14 30 0 0 24 0 0
fn=longdoubletype_str
0 1080 88 12 290 72 9 198 17 0
fn=longlong_arrtype_new
0 189 21 21 45 0 0 30 0 0
fn=main
0 1 1 1 0 0 0 0 0 0
fn=min_scalar_type_num
0 14968 2969 2967 3009 500 1 2009 176 0
fn=mpd_setminalloc
0 15 2 2 4 1 0 4 1 0
fn=mpd_version
0 3 1 1 0 0 0 0 0 0
fn=mt19937_gen
0 2536 6 6 477 41 41 159 0 0
fn=multiiter_new_impl
0 4020 162 99 910 5 0 580 30 30
fn=new_array_for_sum
0 29397 2868 1059 7887 0 0 7887 0 0
fn=nonparametric_default_descr
0 17760 785 7 8880 11 10 2960 0 0
fn=nonparametric_discover_descr_from_pyobject
0 36300 3772 71 18150 2211 892 6050 0 0
fn=npy__cpu_try_disable_env
0 11 2 2 2 0 0 2 1 0
fn=npy__set_promotion_state
0 34 3 3 7 0 0 5 1 0
fn=npy_alloc_cache_dim
0 219053 18121 1569 56944 6918 951 47437 1453 316
fn=npy_clear_floatstatus_barrier
0 104970 8194 592 31491 0 0 31491 0 0
fn=npy_cpu_baseline_list
0 38 2 2 7 0 0 7 0 0
fn=npy_cpu_dispatch_list
0 31 3 3 6 0 0 6 0 0
fn=npy_cpu_features_dict
0 574 3 3 160 23 20 8 0 0
fn=npy_cpu_init
0 40 4 4 8 1 0 12 0 0
fn=npy_default_get_strided_loop
0 58857 7157 1860 21988 1 1 5727 0 0
fn=npy_double_to_half
0 14 4 1 0 0 0 0 0 0
fn=npy_doublebits_to_halfbits
0 238 25 6 33 0 0 33 0 0
fn=npy_float_to_half
0 10 4 0 0 0 0 0 0 0
fn=npy_floatbits_to_halfbits
0 160 24 7 20 0 0 20 0 0
fn=npy_free_cache_dim
0 211613 13032 2380 9507 1313 6 18834 1792 24
fn=npy_free_coercion_cache
0 40152 2151 1373 14340 0 0 12906 0 0
fn=npy_get_floatstatus_barrier
0 303628 15633 764 78440 6 0 78440 118 10
fn=npy_half_eq_nonan
0 8 1 1 0 0 0 0 0 0
fn=npy_half_isinf
0 40 7 1 0 0 0 0 0 0
fn=npy_half_isnan
0 18 2 1 0 0 0 0 0 0
fn=npy_half_iszero
0 3 0 0 0 0 0 0 0 0
fn=npy_half_nextafter
0 32 4 4 5 0 0 5 0 0
fn=npy_half_to_double
0 42 7 1 14 0 0 14 0 0
fn=npy_half_to_float
0 30 8 2 10 0 0 10 0 0
fn=npy_halfbits_to_doublebits
0 98 14 2 0 0 0 0 0 0
fn=npy_halfbits_to_floatbits
0 65 8 1 0 0 0 0 0 0
fn=npy_longdouble_from_PyLong
0 955 98 9 211 0 0 191 19 0
fn=npy_longdouble_to_PyLong
0 333 27 22 81 3 3 78 3 0
fn=npy_nextafter
0 2 0 0 0 0 0 0 0 0
fn=npy_nextafterf
0 1 0 0 0 0 0 0 0 0
fn=npy_nextafterl
0 3 0 0 0 0 0 0 0 0
fn=npy_powf
0 1 1 1 0 0 0 0 0 0
fn=npy_powl
0 3 3 3 0 0 0 0 0 0
fn=npy_unlink_coercion_cache
0 96255 6662 1458 33480 0 0 29295 0 0
fn=npyiter_allocate_buffers
0 23876 2032 1552 8128 0 0 6096 0 0
fn=npyiter_buffered_reduce_iternext_iters2
0 17272 2032 2032 6604 0 0 4572 176 0
fn=npyiter_copy_from_buffers
0 80264 4572 4504 21336 167 0 20828 1005 681
fn=npyiter_copy_to_buffers
0 90424 8128 7650 20828 0 0 16256 0 0
fn=npyiter_fill_axisdata
0 116332 12700 12318 25400 1 0 17780 2034 899
fn=npyiter_goto_iterindex
0 37084 3556 3547 2540 0 0 2032 0 0
fn=npyiter_new_temp_array.constprop.0
0 49276 5588 4176 6604 0 0 4064 0 0
fn=npyiter_replace_axisdata
0 34544 3556 2572 4064 0 0 2540 0 0
fn=numpy_pydatetime_import
0 10 2 2 2 0 0 3 1 1
fn=openblas_fork_handler
0 10 1 1 3 1 1 2 0 0
fn=openblas_goto_num_threads_env
0 3 0 0 1 0 0 0 0 0
fn=openblas_num_threads_env
0 3 1 1 1 0 0 0 0 0
fn=openblas_omp_num_threads_env
0 3 0 0 1 0 0 0 0 0
fn=openblas_read_env
0 55 6 6 3 0 0 10 1 1
fn=openblas_thread_timeout
0 3 0 0 1 0 0 0 0 0
fn=openblas_verbose
0 9 1 1 3 0 0 0 0 0
fn=openblas_warning
0 33 1 1 12 0 0 12 0 0
fn=operator delete(void*)
0 38145 2790 550 0 0 0 0 0 0
fn=operator delete[](void*)
0 32175 756 564 0 0 0 0 0 0
fn=operator new(unsigned long)
0 419595 5563 1185 114435 0 0 114435 666 1
fn=operator new[](unsigned long)
0 32175 735 671 0 0 0 0 0 0
fn=parse_datetime_extended_unit_from_string
0 1474 6 6 298 0 0 350 0 0
fn=parse_datetime_unit_from_string
0 554 64 6 142 0 0 104 0 0
fn=parse_iso_8601_datetime
0 663 44 6 221 2 2 234 0 0
fn=prepare_index
0 888681 16279 1442 252312 813 117 220767 3294 148
fn=prepare_ufunc_output
0 34356 9816 1949 4908 2 0 0 0 0
fn=promote_and_get_ufuncimpl
0 644462 60132 3054 186329 23156 12207 138353 3896 1135
fn=promote_types
0 1710 1014 1013 27 9 9 0 0 0
fn=pthread_atfork
0 5 2 2 1 0 0 0 0 0
fn=python_builtins_are_known_scalar_types
0 75936 3468 133 18984 4801 24 0 0 0
fn=random_uniform
0 420 20 18 180 10 10 120 0 0
fn=raw_array_assign_array
0 304118 25492 6124 88105 1597 280 53664 4907 2120
fn=raw_array_assign_scalar
0 141355 12000 6405 37090 933 587 19300 736 76
fn=raw_array_is_aligned
0 86342 2563 1634 6642 0 0 0 0 0
fn=reduce_loop
0 32004 3048 3048 10668 0 0 9652 0 0
fn=reducelike_promote_and_resolve
0 83900 7112 6900 20848 1027 518 14732 1 0
fn=resolve_descriptors
0 511064 26881 2960 113920 4923 2155 89740 1592 337
fn=resolve_implementation_info.constprop.0
0 20830 325 107 9054 1510 1044 994 3 2
fn=scalar_value
0 178304 12428 1452 55710 0 0 44568 0 0
fn=sdot_k_ARMV8
0 34 5 5 4 0 0 0 0 0
fn=set_matmul_flags
0 12 2 2 3 1 1 3 2 1
fn=set_typeinfo
0 3394 253 228 554 82 6 268 8 1
fn=set_ufunc_loop_data_types.isra.0
0 43472 3034 2568 16155 0 0 6577 4 0
fn=short_arrtype_new
0 63 7 7 15 0 0 10 0 0
fn=should_use_min_scalar
0 4518 1002 502 0 0 0 0 0 0
fn=should_use_min_scalar.part.0
0 120240 4008 1999 28056 1061 500 0 0 0
fn=should_use_min_scalar_weak_literals
0 93 6 6 15 2 2 0 0 0
fn=signed_integers_is_known_scalar_types
0 66933 2553 145 14874 57 0 0 0 0
fn=simple_cast_resolve_descriptors
0 175659 7216 1419 85168 1656 1549 47907 0 0
fn=simple_legacy_resolve_descriptors
0 359930 33412 1300 126609 1408 20 63225 58 0
fn=solve_may_share_memory
0 195 18 3 42 0 0 60 4 0
fn=std::_Deque_base<SpatialIndex::RTree::Node*, std::allocator<SpatialIndex::RTree::Node*> >::_M_initialize_map(unsigned long)
0 204 8 8 48 0 0 80 0 0
fn=std::_Deque_base<Tools::PoolPointer<SpatialIndex::RTree::Node>, std::allocator<Tools::PoolPointer<SpatialIndex::RTree::Node> > >::_M_initialize_map(unsigned long) [clone .constprop.0]
0 16604 1186 1177 4151 0 0 9488 196 190
fn=std::_Deque_base<long, std::allocator<long> >::_M_initialize_map(unsigned long)
0 3060 240 240 720 0 0 1200 56 0
fn=std::_Rb_tree<long, std::pair<long const, SpatialIndex::StorageManager::Buffer::Entry*>, std::_Select1st<std::pair<long const, SpatialIndex::StorageManager::Buffer::Entry*> >, std::less<long>, std::allocator<std::pair<long const, SpatialIndex::StorageManager::Buffer::Entry*> > >::_M_erase(std::_Rb_tree_node<std::pair<long const, SpatialIndex::StorageManager::Buffer::Entry*> >*)
0 38 4 2 20 0 0 16 0 0
fn=std::_Rb_tree<std::string, std::pair<std::string const, Tools::Variant>, std::_Select1st<std::pair<std::string const, Tools::Variant> >, std::less<std::string>, std::allocator<std::pair<std::string const, Tools::Variant> > >::_M_erase(std::_Rb_tree_node<std::pair<std::string const, Tools::Variant> >*)
0 3902 66 33 1394 131 76 616 0 0
fn=std::_Rb_tree_decrement(std::_Rb_tree_node_base*)
0 632 22 6 264 0 0 0 0 0
fn=std::_Rb_tree_increment(std::_Rb_tree_node_base*)
0 42 4 2 16 4 1 0 0 0
fn=std::_Rb_tree_insert_and_rebalance(bool, std::_Rb_tree_node_base*, std::_Rb_tree_node_base*, std::_Rb_tree_node_base&)
0 4732 64 25 1124 5 0 1188 2 0
fn=std::_Rb_tree_node<std::pair<std::string const, Tools::Variant> >* std::_Rb_tree<std::string, std::pair<std::string const, Tools::Variant>, std::_Select1st<std::pair<std::string const, Tools::Variant> >, std::less<std::string>, std::allocator<std::pair<std::string const, Tools::Variant> > >::_M_copy<std::_Rb_tree<std::string, std::pair<std::string const, Tools::Variant>, std::_Select1st<std::pair<std::string const, Tools::Variant> >, std::less<std::string>, std::allocator<std::pair<std::string const, Tools::Variant> > >::_Alloc_node>(std::_Rb_tree_node<std::pair<std::string const, Tools::Variant> > const*, std::_Rb_tree_node_base*, std::_Rb_tree<std::string, std::pair<std::string const, Tools::Variant>, std::_Select1st<std::pair<std::string const, Tools::Variant> >, std::less<std::string>, std::allocator<std::pair<std::string const, Tools::Variant> > >::_Alloc_node&) [clone .isra.0]
0 1462 10 10 500 23 2 602 5 0
fn=std::_V2::error_category::~error_category()
0 3 0 0 0 0 0 0 0 0
fn=std::__cxx11::messages<char>::messages(unsigned long)
0 18 2 2 4 0 0 7 1 1
fn=std::__cxx11::messages<wchar_t>::messages(unsigned long)
0 18 2 2 4 0 0 7 0 0
fn=std::__cxx11::moneypunct<char, false>::_M_initialize_moneypunct(__locale_struct*, char const*)
0 114 5 5 35 1 1 29 0 0
fn=std::__cxx11::moneypunct<char, true>::_M_initialize_moneypunct(__locale_struct*, char const*)
0 115 4 4 35 0 0 29 0 0
fn=std::__cxx11::moneypunct<wchar_t, false>::_M_initialize_moneypunct(__locale_struct*, char const*)
0 106 4 4 28 1 0 29 0 0
fn=std::__cxx11::moneypunct<wchar_t, true>::_M_initialize_moneypunct(__locale_struct*, char const*)
0 105 6 6 28 0 0 29 0 0
fn=std::__cxx11::numpunct<char>::_M_initialize_numpunct(__locale_struct*)
0 475 7 7 136 3 3 75 0 0
fn=std::__cxx11::numpunct<wchar_t>::_M_initialize_numpunct(__locale_struct*)
0 348 4 4 72 0 0 74 3 3
fn=std::__timepunct<char>::_M_initialize_timepunct(__locale_struct*)
0 124 9 9 7 0 0 53 0 0
fn=std::__timepunct<char>::__timepunct(std::__timepunct_cache<char>*, unsigned long)
0 20 2 2 4 0 0 8 0 0
fn=std::__timepunct<wchar_t>::_M_initialize_timepunct(__locale_struct*)
0 124 9 9 7 0 0 53 0 0
fn=std::__timepunct<wchar_t>::__timepunct(std::__timepunct_cache<wchar_t>*, unsigned long)
0 20 2 2 4 1 0 8 0 0
fn=std::basic_ios<char, std::char_traits<char> >::_M_cache_locale(std::locale const&)
0 232 9 9 32 0 0 56 0 0
fn=std::basic_ios<char, std::char_traits<char> >::init(std::basic_streambuf<char, std::char_traits<char> >*)
0 144 6 4 32 0 0 72 0 0
fn=std::basic_ios<wchar_t, std::char_traits<wchar_t> >::_M_cache_locale(std::locale const&)
0 116 3 3 16 0 0 28 0 0
fn=std::basic_ios<wchar_t, std::char_traits<wchar_t> >::init(std::basic_streambuf<wchar_t, std::char_traits<wchar_t> >*)
0 76 2 2 16 0 0 40 0 0
fn=std::basic_ostream<char, std::char_traits<char> >& std::__ostream_insert<char, std::char_traits<char> >(std::basic_ostream<char, std::char_traits<char> >&, char const*, long)
0 122 12 12 60 2 2 28 0 0
fn=std::basic_ostream<wchar_t, std::char_traits<wchar_t> >::flush()
0 54 2 2 27 10 10 12 0 0
fn=std::basic_streambuf<char, std::char_traits<char> >::xsputn(char const*, long)
0 106 8 8 34 2 2 18 0 0
fn=std::basic_string<char, std::char_traits<char>, std::allocator<char> >::basic_string(std::allocator<char> const&)
0 48 2 2 12 0 0 16 0 0
fn=std::basic_string<char, std::char_traits<char>, std::allocator<char> >::basic_string(std::string const&)
0 5670 36 6 2106 127 13 972 12 0
fn=std::basic_stringbuf<char, std::char_traits<char>, std::allocator<char> >::_M_pbump(char*, char*, long)
0 18 4 4 0 0 0 6 0 0
fn=std::basic_stringbuf<char, std::char_traits<char>, std::allocator<char> >::_M_sync(char*, unsigned long, unsigned long)
0 46 6 6 16 0 0 14 0 0
fn=std::basic_stringbuf<char, std::char_traits<char>, std::allocator<char> >::overflow(int)
0 202 16 16 74 2 1 32 0 0
fn=std::codecvt<char, char, __mbstate_t>::codecvt(unsigned long)
0 16 1 1 5 0 0 7 1 1
fn=std::codecvt<wchar_t, char, __mbstate_t>::codecvt(unsigned long)
0 16 1 1 5 0 0 7 1 0
fn=std::ctype<char> const& std::use_facet<std::ctype<char> >(std::locale const&)
0 192 6 4 80 0 0 24 0 0
fn=std::ctype<char>::ctype(unsigned short const*, bool, unsigned long)
0 41 4 4 9 3 3 14 4 4
fn=std::ctype<wchar_t> const& std::use_facet<std::ctype<wchar_t> >(std::locale const&)
0 96 3 3 40 0 0 12 0 0
fn=std::ctype<wchar_t>::_M_convert_to_wmask(unsigned short) const
0 156 5 5 10 0 0 0 0 0
fn=std::ctype<wchar_t>::_M_initialize_ctype()
0 2715 5 5 9 0 0 417 20 20
fn=std::ctype<wchar_t>::ctype(unsigned long)
0 18 2 2 5 1 0 8 0 0
fn=std::deque<Tools::PoolPointer<SpatialIndex::RTree::Node>, std::allocator<Tools::PoolPointer<SpatialIndex::RTree::Node> > >::~deque()
0 30243 4151 3799 16604 1068 0 9488 0 0
fn=std::error_category::error_category()
0 10 1 1 2 1 1 2 0 0
fn=std::error_category::~error_category()
0 2 1 1 0 0 0 0 0 0
fn=std::future_category()
0 24 3 3 5 1 1 4 0 0
fn=std::ios_base::Init::Init()
0 874 23 21 312 7 5 322 12 11
fn=std::ios_base::Init::~Init()
0 551 3 3 170 7 7 82 0 0
fn=std::ios_base::_M_call_callbacks(std::ios_base::event)
0 16 4 4 10 0 0 8 0 0
fn=std::ios_base::_M_dispose_callbacks()
0 24 4 4 14 0 0 14 0 0
fn=std::ios_base::_M_init()
0 372 6 4 108 2 2 96 0 0
fn=std::ios_base::ios_base()
0 490 6 6 10 2 2 260 33 30
fn=std::ios_base::~ios_base()
0 40 4 4 10 1 0 8 0 0
fn=std::locale::_Impl::_Impl(unsigned long)
0 681 43 43 98 25 18 283 38 37
fn=std::locale::_Impl::_M_install_facet(std::locale::id const*, std::locale::facet const*)
0 10528 8 8 2080 0 0 352 0 0
fn=std::locale::facet::_S_create_c_locale(__locale_struct*&, char const*, __locale_struct*)
0 11 1 1 3 0 0 4 0 0
fn=std::locale::facet::_S_get_c_locale()
0 210 2 2 98 1 1 28 1 1
fn=std::locale::facet::_S_get_c_name()
0 21 1 1 7 1 0 0 0 0
fn=std::locale::id::_M_id() const
0 1964 6 4 680 10 5 402 0 0
fn=std::locale::locale()
0 600 9 9 300 2 1 240 6 2
fn=std::locale::locale(std::locale::_Impl*)
0 2 1 1 0 0 0 1 0 0
fn=std::locale::operator=(std::locale const&)
0 264 9 7 120 0 0 72 0 0
fn=std::locale::~locale()
0 192 6 4 96 0 0 48 0 0
fn=std::messages<char>::messages(unsigned long)
0 18 2 2 4 0 0 7 1 1
fn=std::messages<wchar_t>::messages(unsigned long)
0 18 2 2 4 0 0 7 0 0
fn=std::moneypunct<char, false>::_M_initialize_moneypunct(__locale_struct*, char const*)
0 114 5 5 35 0 0 29 0 0
fn=std::moneypunct<char, true>::_M_initialize_moneypunct(__locale_struct*, char const*)
0 115 4 4 35 0 0 29 0 0
fn=std::moneypunct<wchar_t, false>::_M_initialize_moneypunct(__locale_struct*, char const*)
0 106 4 4 28 0 0 29 1 1
fn=std::moneypunct<wchar_t, true>::_M_initialize_moneypunct(__locale_struct*, char const*)
0 105 6 6 28 0 0 29 0 0
fn=std::num_get<char, std::istreambuf_iterator<char, std::char_traits<char> > > const& std::use_facet<std::num_get<char, std::istreambuf_iterator<char, std::char_traits<char> > > >(std::locale const&)
0 192 6 4 80 0 0 24 0 0
fn=std::num_get<wchar_t, std::istreambuf_iterator<wchar_t, std::char_traits<wchar_t> > > const& std::use_facet<std::num_get<wchar_t, std::istreambuf_iterator<wchar_t, std::char_traits<wchar_t> > > >(std::locale const&)
0 96 2 2 40 0 0 12 0 0
fn=std::num_put<char, std::ostreambuf_iterator<char, std::char_traits<char> > > const& std::use_facet<std::num_put<char, std::ostreambuf_iterator<char, std::char_traits<char> > > >(std::locale const&)
0 192 6 4 80 0 0 24 0 0
fn=std::num_put<wchar_t, std::ostreambuf_iterator<wchar_t, std::char_traits<wchar_t> > > const& std::use_facet<std::num_put<wchar_t, std::ostreambuf_iterator<wchar_t, std::char_traits<wchar_t> > > >(std::locale const&)
0 96 2 2 40 0 0 12 0 0
fn=std::numpunct<char>::_M_initialize_numpunct(__locale_struct*)
0 475 5 5 136 0 0 75 1 0
fn=std::numpunct<wchar_t>::_M_initialize_numpunct(__locale_struct*)
0 348 5 5 72 0 0 74 0 0
fn=std::ostream::flush()
0 54 2 2 27 10 10 12 0 0
fn=std::ostream::sentry::sentry(std::ostream&)
0 36 6 6 16 0 0 14 0 0
fn=std::pair<std::_Rb_tree_iterator<std::pair<long const, SpatialIndex::StorageManager::Buffer::Entry*> >, bool> std::_Rb_tree<long, std::pair<long const, SpatialIndex::StorageManager::Buffer::Entry*>, std::_Select1st<std::pair<long const, SpatialIndex::StorageManager::Buffer::Entry*> >, std::less<long>, std::allocator<std::pair<long const, SpatialIndex::StorageManager::Buffer::Entry*> > >::_M_emplace_unique<std::pair<long, SpatialIndex::StorageManager::Buffer::Entry*> >(std::pair<long, SpatialIndex::StorageManager::Buffer::Entry*>&&)
0 172 10 10 58 0 0 44 2 0
fn=std::pair<std::_Rb_tree_iterator<std::pair<std::string const, Tools::Variant> >, bool> std::_Rb_tree<std::string, std::pair<std::string const, Tools::Variant>, std::_Select1st<std::pair<std::string const, Tools::Variant> >, std::less<std::string>, std::allocator<std::pair<std::string const, Tools::Variant> > >::_M_emplace_unique<std::pair<std::string, Tools::Variant> >(std::pair<std::string, Tools::Variant>&&)
0 14328 108 24 3816 106 0 1976 10 4
fn=std::string::_M_mutate(unsigned long, unsigned long, unsigned long)
0 118 12 12 44 0 0 32 0 0
fn=std::string::_M_replace_safe(unsigned long, unsigned long, char const*, unsigned long)
0 46 4 4 14 0 0 12 0 0
fn=std::string::_Rep::_M_clone(std::allocator<char> const&, unsigned long)
0 52 6 6 16 0 0 14 0 0
fn=std::string::_Rep::_M_destroy(std::allocator<char> const&)
0 2354 2122 671 0 0 0 0 0 0
fn=std::string::_Rep::_M_dispose(std::allocator<char> const&) [clone .part.0]
0 536 6 6 150 10 0 120 0 0
fn=std::string::_Rep::_S_create(unsigned long, unsigned long, std::allocator<char> const&)
0 58850 4163 759 7062 0 0 11770 447 29
fn=std::string::_S_construct(unsigned long, char, std::allocator<char> const&)
0 24 4 4 4 0 0 0 0 0
fn=std::string::replace(unsigned long, unsigned long, char const*, unsigned long)
0 80 6 6 26 0 0 14 0 0
fn=std::string::reserve(unsigned long)
0 84 6 6 32 0 0 16 0 0
fn=std::string::swap(std::string&)
0 44 4 4 16 2 2 8 0 0
fn=timedelta_arrtype_new
0 494 5 4 91 0 0 78 0 0
fn=try_binary_elide
0 75640 8778 2219 27330 4 0 24030 875 0
fn=try_trivial_single_output_loop
0 972136 80729 4728 279626 6983 600 143728 95 0
fn=typeinfo_init_structsequences
0 34 5 3 6 1 0 6 0 0
fn=ufunc_dealloc
0 3264 17 11 1289 302 296 307 0 0
fn=ufunc_generic_fastcall
0 3285437 354136 34755 863522 31601 6095 536313 46706 8206
fn=ufunc_generic_vectorcall
0 14724 3050 147 0 0 0 0 0 0
fn=ufunc_get_doc
0 1666 204 9 452 111 2 352 1 0
fn=ufunc_get_name
0 200 100 2 100 0 0 0 0 0
fn=ufunc_get_name_cstr
0 6060 1010 505 1010 0 0 0 0 0
fn=ufunc_get_nin
0 152 50 2 76 0 0 0 0 0
fn=ufunc_get_nout
0 200 26 0 100 0 0 0 0 0
fn=ufunc_get_signature
0 400 50 2 150 100 49 50 0 0
fn=ufunc_geterr
0 396 17 7 108 15 6 90 0 0
fn=ufunc_loop_matches
0 103751 4554 4368 30012 0 0 25897 826 5
fn=ufunc_reduce
0 1016 508 0 0 0 0 0 0 0
fn=ufunc_seterr
0 306 27 15 90 10 3 27 0 0
fn=ufunc_update_use_defaults
0 358 32 17 87 9 3 71 0 0
fn=uint_arrtype_new
0 252 22 7 60 0 0 40 0 0
fn=uint_int
0 2494 6 1 1247 1 0 0 0 0
fn=unpack_indices
0 157726 2583 237 65546 1820 172 52400 1513 70
fn=virtual thunk to SpatialIndex::Point::getDimension() const
0 50 10 10 30 10 10 0 0 0
fn=virtual thunk to SpatialIndex::Point::getMBR(SpatialIndex::Region&) const
0 260 30 30 110 19 18 50 2 0
fn=virtual thunk to SpatialIndex::Point::~Point()
0 120 10 10 50 0 0 30 0 0
fn=virtual thunk to SpatialIndex::Region::getDimension() const
0 3425 664 631 2055 664 616 0 0 0
fn=virtual thunk to SpatialIndex::Region::getMBR(SpatialIndex::Region&) const
0 1865 201 201 854 159 145 255 0 0
fn=virtual thunk to SpatialIndex::Region::getMinimumDistance(SpatialIndex::IShape const&) const
0 3393 42 42 1521 80 43 819 0 0
fn=virtual thunk to SpatialIndex::Region::intersectsShape(SpatialIndex::IShape const&) const
0 742313 1809 1768 332761 2683 1632 179179 0 0
fn=virtual thunk to SpatialIndex::Region::~Region()
0 2004 71 71 835 0 0 501 0 0
fn=void std::__adjust_heap<__gnu_cxx::__normal_iterator<SpatialIndex::RTree::RTree::NNEntry**, std::vector<SpatialIndex::RTree::RTree::NNEntry*, std::allocator<SpatialIndex::RTree::RTree::NNEntry*> > >, long, SpatialIndex::RTree::RTree::NNEntry*, __gnu_cxx::__ops::_Iter_comp_iter<SpatialIndex::RTree::RTree::nearestNeighborQuery(unsigned int, SpatialIndex::IShape const&, SpatialIndex::IVisitor&, SpatialIndex::INearestNeighborComparator&)::{lambda(SpatialIndex::RTree::RTree::NNEntry const*, SpatialIndex::RTree::RTree::NNEntry const*)#1}> >(__gnu_cxx::__normal_iterator<SpatialIndex::RTree::RTree::NNEntry**, std::vector<SpatialIndex::RTree::RTree::NNEntry*, std::allocator<SpatialIndex::RTree::RTree::NNEntry*> > >, long, __gnu_cxx::__normal_iterator<SpatialIndex::RTree::RTree::NNEntry**, std::vector<SpatialIndex::RTree::RTree::NNEntry*, std::allocator<SpatialIndex::RTree::RTree::NNEntry*> > >, SpatialIndex::RTree::RTree::NNEntry*, __gnu_cxx::__ops::_Iter_comp_iter<SpatialIndex::RTree::RTree::nearestNeighborQuery(unsigned int, SpatialIndex::IShape const&, SpatialIndex::IVisitor&, SpatialIndex::INearestNeighborComparator&)::{lambda(SpatialIndex::RTree::RTree::NNEntry const*, SpatialIndex::RTree::RTree::NNEntry const*)#1}>) [clone .constprop.0]
0 4366 116 105 614 18 0 254 0 0
fn=void std::vector<SpatialIndex::IData*, std::allocator<SpatialIndex::IData*> >::_M_realloc_insert<SpatialIndex::IData* const&>(__gnu_cxx::__normal_iterator<SpatialIndex::IData**, std::vector<SpatialIndex::IData*, std::allocator<SpatialIndex::IData*> > >, SpatialIndex::IData* const&)
0 2226 105 105 588 0 0 630 3 3
fn=void std::vector<SpatialIndex::RTree::RTree::NNEntry*, std::allocator<SpatialIndex::RTree::RTree::NNEntry*> >::_M_realloc_insert<SpatialIndex::RTree::RTree::NNEntry*>(__gnu_cxx::__normal_iterator<SpatialIndex::RTree::RTree::NNEntry**, std::vector<SpatialIndex::RTree::RTree::NNEntry*, std::allocator<SpatialIndex::RTree::RTree::NNEntry*> > >, SpatialIndex::RTree::RTree::NNEntry*&&)
0 4018 128 105 1036 0 0 1110 9 5
fn=void std::vector<SpatialIndex::StorageManager::MemoryStorageManager::Entry*, std::allocator<SpatialIndex::StorageManager::MemoryStorageManager::Entry*> >::_M_realloc_insert<SpatialIndex::StorageManager::MemoryStorageManager::Entry* const&>(__gnu_cxx::__normal_iterator<SpatialIndex::StorageManager::MemoryStorageManager::Entry**, std::vector<SpatialIndex::StorageManager::MemoryStorageManager::Entry*, std::allocator<SpatialIndex::StorageManager::MemoryStorageManager::Entry*> > >, SpatialIndex::StorageManager::MemoryStorageManager::Entry* const&)
0 212 10 10 56 0 0 60 0 0
fn=void std::vector<unsigned int, std::allocator<unsigned int> >::_M_realloc_insert<unsigned int>(__gnu_cxx::__normal_iterator<unsigned int*, std::vector<unsigned int, std::allocator<unsigned int> > >, unsigned int&&)
0 100 10 10 28 0 0 30 0 0
fn=void std::vector<unsigned long, std::allocator<unsigned long> >::_M_realloc_insert<unsigned long>(__gnu_cxx::__normal_iterator<unsigned long*, std::vector<unsigned long, std::allocator<unsigned long> > >, unsigned long&&)
0 1074 68 64 294 0 0 315 0 0
fn=zlibVersion
0 3 1 1 0 0 0 0 0 0
summary: 1797733889 34698846 4834639 518479022 33123856 10097693 262069441 5707683 2402137
